<?xml version="1.0"?>
<law><law_id>802</law_id><section_number>1-1026</section_number><catch_line>ORDER OF BUSINESS.</catch_line><history/><order_by>1-1026</order_by><metadata/><url>/1-1026/</url><token>1-1026</token><structure><unit label="division" level="1" identifier="II">Division II - Planning and Development</unit><unit label="part" level="3" identifier="1">PART 1 - GENERAL GOVERNMENT</unit><unit label="chapter" level="4" identifier="1">CHAPTER 1. - MAYOR AND COUNCIL</unit><unit label="article" level="2" identifier="C">ARTICLE C. - COUNCIL MEETINGS AND PROCEDURE</unit></structure><referred_to_by/><text><section id="2355" prefix="(a)"><text/><type>section</type><prefixes><section>(a)</section></prefixes><entire_prefix>(a)</entire_prefix><prefix_anchor>(a)</prefix_anchor><level>1</level></section><section id="2356" prefix="(1)"><text>	Consent agenda.
</text><type>section</type><prefixes><section>(a)</section><section>(1)</section></prefixes><entire_prefix>(a)(1)</entire_prefix><prefix_anchor>(a)(1)</prefix_anchor><level>2</level></section><section id="2357" prefix="(2)"><text>	Planning Commission report.
</text><type>section</type><prefixes><section>(a)</section><section>(2)</section></prefixes><entire_prefix>(a)(2)</entire_prefix><prefix_anchor>(a)(2)</prefix_anchor><level>2</level></section><section id="2358" prefix="(3)"><text>	Special items.
</text><type>section</type><prefixes><section>(a)</section><section>(3)</section></prefixes><entire_prefix>(a)(3)</entire_prefix><prefix_anchor>(a)(3)</prefix_anchor><level>2</level></section><section id="2359" prefix="(4)"><text>	Report and recommendation of the City Manager. 
</text><type>section</type><prefixes><section>(a)</section><section>(4)</section></prefixes><entire_prefix>(a)(4)</entire_prefix><prefix_anchor>(a)(4)</prefix_anchor><level>2</level></section><section id="2360" prefix="(5)"><text>	Citizen committee reports.
</text><type>section</type><prefixes><section>(a)</section><section>(5)</section></prefixes><entire_prefix>(a)(5)</entire_prefix><prefix_anchor>(a)(5)</prefix_anchor><level>2</level></section><section id="2361" prefix="(6)"><text>	Requests and petitions of citizens.
</text><type>section</type><prefixes><section>(a)</section><section>(6)</section></prefixes><entire_prefix>(a)(6)</entire_prefix><prefix_anchor>(a)(6)</prefix_anchor><level>2</level></section><section id="2362" prefix="(7)"><text>	Public hearings.
</text><type>section</type><prefixes><section>(a)</section><section>(7)</section></prefixes><entire_prefix>(a)(7)</entire_prefix><prefix_anchor>(a)(7)</prefix_anchor><level>2</level></section><section id="2363" prefix="(8)"><text>	Council committee reports. 
</text><type>section</type><prefixes><section>(a)</section><section>(8)</section></prefixes><entire_prefix>(a)(8)</entire_prefix><prefix_anchor>(a)(8)</prefix_anchor><level>2</level></section><section id="2364" prefix="(9)"><text>	Report of Mayor and Council Members. 
(10)	Appointments.
</text><type>section</type><prefixes><section>(a)</section><section>(9)</section></prefixes><entire_prefix>(a)(9)</entire_prefix><prefix_anchor>(a)(9)</prefix_anchor><level>2</level></section><section id="2365" prefix="(11"><text>	Report and recommendation of City Attorney. 
</text><type>section</type><prefixes><section>(a)</section><section>(11</section></prefixes><entire_prefix>(a)(11</entire_prefix><prefix_anchor>(a)(11</prefix_anchor><level>2</level></section><section id="2366" prefix="(12"><text>	Report and recommendation of City Clerk. 
</text><type>section</type><prefixes><section>(a)</section><section>(12</section></prefixes><entire_prefix>(a)(12</entire_prefix><prefix_anchor>(a)(12</prefix_anchor><level>2</level></section><section id="2367" prefix="(b)"><text>The order of business may not be departed from except by consent of a majority of the Council present. 
(Ord. No. 1993-224, &#xA7;1, 7-6-93; Ord. No. 1998-454, &#xA7;1, 11-4-98) 
Charter references: Quorum and conduct of business, &#xA7;2.5; adoption of rules of procedure, &#xA7;2.6 
State law reference: Meetings of public deliberative bodies, G.S. 143-318.1 et seq.</text><type>section</type><prefixes><section>(b)</section></prefixes><entire_prefix>(b)</entire_prefix><prefix_anchor>(b)</prefix_anchor><level>1</level></section></text></law>
