<?xml version="1.0"?>
<law><law_id>103</law_id><section_number>1-1035</section_number><catch_line>COUNCIL COMMITTEES; APPOINTING AUTHORITY.</catch_line><history/><order_by>1-1035</order_by><metadata/><url>/1-1035/</url><token>1-1035</token><structure><unit label="division" level="1" identifier="II">Division II - Planning and Development</unit><unit label="part" level="3" identifier="1">PART 1 - GENERAL GOVERNMENT</unit><unit label="chapter" level="4" identifier="1">CHAPTER 1. - MAYOR AND COUNCIL</unit><unit label="article" level="2" identifier="C">ARTICLE C. - COUNCIL MEETINGS AND PROCEDURE</unit></structure><referred_to_by><reference>1-1001</reference></referred_to_by><text><section id="251" prefix=""><text>All committees shall be appointed by the presiding officer, unless otherwise directed by the Council. 
(Code 1959 , &#xA7;2-15)</text><type>section</type><prefixes><section/></prefixes><entire_prefix/><prefix_anchor/><level>1</level></section></text></law>
