<?xml version="1.0"?>
<law><law_id>913</law_id><section_number>1-1027</section_number><catch_line>MINUTES&#x2014;KEEPING, RECORDING, PRESENTING FOR APPROVAL, CORRECTION.</catch_line><history/><order_by>1-1027</order_by><metadata/><url>/1-1027/</url><token>1-1027</token><structure><unit label="division" level="1" identifier="II">Division II - Planning and Development</unit><unit label="part" level="3" identifier="1">PART 1 - GENERAL GOVERNMENT</unit><unit label="chapter" level="4" identifier="1">CHAPTER 1. - MAYOR AND COUNCIL</unit><unit label="article" level="2" identifier="C">ARTICLE C. - COUNCIL MEETINGS AND PROCEDURE</unit></structure><referred_to_by/><text><section id="2716" prefix=""><text>Minutes of all Council meetings shall be kept and recorded by the City Clerk in a permanent minute book. They shall be presented to the Council for approval. Correction of minutes of preceding meetings may be made only by a majority vote of the members of the Council present. 
(Code 1959 , &#xA7;2-7)</text><type>section</type><prefixes><section/></prefixes><entire_prefix/><prefix_anchor/><level>1</level></section></text></law>
