<?xml version="1.0"?>
<law><law_id>225</law_id><section_number>1-1051</section_number><catch_line/><history/><order_by>1-1051</order_by><text><section id="647" prefix="(a)"><text>Definition: 
A state of emergency shall be deemed to exist whenever, during times of great public crisis, disaster, rioting, catastrophe, or similar public emergency, for any reason, municipal public safety authorities are unable to maintain public order or afford adequate protection for lives, safety or property.</text><type>section</type><prefixes><section>(a)</section></prefixes><entire_prefix>(a)</entire_prefix><prefix_anchor>(a)</prefix_anchor><level>1</level></section><section id="648" prefix="(b)"><text>Proclamation: 
In the event of an existing or threatened state of emergency endangering the lives, safety, health and welfare of the people within the City, or threatening danger to or destruction of property, the Mayor is hereby authorized and empowered to issue a public proclamation declaring to all persons the existence of such a state of emergency, and, in order to more effectively protect the lives and property of people within the City, to place in effect any or all of the restrictions hereinafter authorized.</text><type>section</type><prefixes><section>(b)</section></prefixes><entire_prefix>(b)</entire_prefix><prefix_anchor>(b)</prefix_anchor><level>1</level></section><section id="649" prefix="(c)"><text/><type>section</type><prefixes><section>(c)</section></prefixes><entire_prefix>(c)</entire_prefix><prefix_anchor>(c)</prefix_anchor><level>1</level></section><section id="650" prefix="(d)"><text>End of State of Emergency: 
The Mayor shall proclaim the end of such state of emergency or all or any part of the restrictions imposed as soon as circumstances warrant or when directed to do so by the Council.</text><type>section</type><prefixes><section>(d)</section></prefixes><entire_prefix>(d)</entire_prefix><prefix_anchor>(d)</prefix_anchor><level>1</level></section><section id="651" prefix="(e)"><text/><type>section</type><prefixes><section>(e)</section></prefixes><entire_prefix>(e)</entire_prefix><prefix_anchor>(e)</prefix_anchor><level>1</level></section><section id="652" prefix="(1)"><text/><type>section</type><prefixes><section>(e)</section><section>(1)</section></prefixes><entire_prefix>(e)(1)</entire_prefix><prefix_anchor>(e)(1)</prefix_anchor><level>2</level></section><section id="653" prefix="(2)"><text/><type>section</type><prefixes><section>(e)</section><section>(2)</section></prefixes><entire_prefix>(e)(2)</entire_prefix><prefix_anchor>(e)(2)</prefix_anchor><level>2</level></section><section id="654" prefix="(3)"><text>	Prohibit or regulate any demonstration, parade, march, vigil or participation therein when taking place on any of the public ways or upon any public property. 
</text><type>section</type><prefixes><section>(e)</section><section>(3)</section></prefixes><entire_prefix>(e)(3)</entire_prefix><prefix_anchor>(e)(3)</prefix_anchor><level>2</level></section><section id="655" prefix="(4)"><text>	Prohibit or regulate the sale of gasoline, kerosene, naphtha or any other explosive or flammable fluids or substances.
</text><type>section</type><prefixes><section>(e)</section><section>(4)</section></prefixes><entire_prefix>(e)(4)</entire_prefix><prefix_anchor>(e)(4)</prefix_anchor><level>2</level></section><section id="656" prefix="(5)"><text>	Prohibit or regulate travel upon any public street, alley or roadway or upon any other public property and to except those in search of medical assistance, food or other commodity or service necessary to sustain the well-being of themselves or their families or some member thereof. 
</text><type>section</type><prefixes><section>(e)</section><section>(5)</section></prefixes><entire_prefix>(e)(5)</entire_prefix><prefix_anchor>(e)(5)</prefix_anchor><level>2</level></section><section id="657" prefix="(6)"><text>	Prohibit or regulate the participation in or carrying on of any business activity, and prohibit or regulate the keeping open of places of business, places of entertainment, and any other public assembly of any nature whatsoever. 
</text><type>section</type><prefixes><section>(e)</section><section>(6)</section></prefixes><entire_prefix>(e)(6)</entire_prefix><prefix_anchor>(e)(6)</prefix_anchor><level>2</level></section><section id="658" prefix="(f)"><text>Subsequent Proclamation: 
Any proclamation may be extended, altered or repealed in any particular during the continued or threatened existence of a state of emergency by the issuance of a subsequent proclamation.</text><type>section</type><prefixes><section>(f)</section></prefixes><entire_prefix>(f)</entire_prefix><prefix_anchor>(f)</prefix_anchor><level>1</level></section><section id="659" prefix="(g)"><text>Unlawful Acts: 
During the existence of a proclaimed state of emergency, it shall be unlawful for any person to violate any provision of any restriction imposed by any proclamation authorized by this section.</text><type>section</type><prefixes><section>(g)</section></prefixes><entire_prefix>(g)</entire_prefix><prefix_anchor>(g)</prefix_anchor><level>1</level></section><section id="660" prefix="(h)"><text/><type>section</type><prefixes><section>(h)</section></prefixes><entire_prefix>(h)</entire_prefix><prefix_anchor>(h)</prefix_anchor><level>1</level></section></text><metadata/><url>/1-1051/</url><token>1-1051</token><structure><unit label="division" level="1" identifier="II">Division II - Planning and Development</unit><unit label="part" level="3" identifier="1">PART 1 - GENERAL GOVERNMENT</unit><unit label="chapter" level="4" identifier="1">CHAPTER 1. - MAYOR AND COUNCIL</unit><unit label="article" level="2" identifier="D">ARTICLE D. - EMERGENCY PROVISIONS</unit></structure><referred_to_by><reference>1-1001</reference><reference>1-1051</reference></referred_to_by></law>
