<?xml version="1.0"?>
<law><law_id>148</law_id><section_number>1-1039</section_number><catch_line>COMMITTEES; RULES OF PROCEDURE APPLICABLE.</catch_line><history/><order_by>1-1039</order_by><metadata/><url>/1-1039/</url><token>1-1039</token><structure><unit label="division" level="1" identifier="II">Division II - Planning and Development</unit><unit label="part" level="3" identifier="1">PART 1 - GENERAL GOVERNMENT</unit><unit label="chapter" level="4" identifier="1">CHAPTER 1. - MAYOR AND COUNCIL</unit><unit label="article" level="2" identifier="C">ARTICLE C. - COUNCIL MEETINGS AND PROCEDURE</unit></structure><referred_to_by/><text><section id="487" prefix=""><text>The rules contained in this article, so far as they are applicable, shall be followed at meetings of the Council committees. 
(Code 1959 , &#xA7;2-18)</text><type>section</type><prefixes><section/></prefixes><entire_prefix/><prefix_anchor/><level>1</level></section></text></law>
