<?xml version="1.0"?>
<law><law_id>358</law_id><section_number>1-1022</section_number><catch_line>SPECIAL MEETINGS, CALLING, NOTICE, PUBLICIZING.</catch_line><history/><order_by>1-1022</order_by><metadata/><url>/1-1022/</url><token>1-1022</token><structure><unit label="division" level="1" identifier="II">Division II - Planning and Development</unit><unit label="part" level="3" identifier="1">PART 1 - GENERAL GOVERNMENT</unit><unit label="chapter" level="4" identifier="1">CHAPTER 1. - MAYOR AND COUNCIL</unit><unit label="article" level="2" identifier="C">ARTICLE C. - COUNCIL MEETINGS AND PROCEDURE</unit></structure><referred_to_by/><text><section id="1049" prefix=""><text>Special meetings of the Council may be called at any time by the Mayor, the Mayor Pro Tem, or by any two (2) members of the Council, by causing a written notice, setting the time, place and purpose of holding such meeting and signed by the person or persons calling the meeting, to be served as provided in &#xA7;2.4 of the Charter. The City Clerk shall prepare or cause to be prepared written notices of all special meetings of the Council, upon appropriate request; and at the time of making delivery of such notices to the members of the Council, a copy of such notice of special meetings shall be delivered to representatives of the news media in order that the citizens of the City may be advised of all such special meetings. 
(Code 1959 , &#xA7;2-2) 
Charter reference: Meetings of the Council, &#xA7;2.4 
State law reference: Procedures for the holding of regular and special meetings, G.S. 160A-71.</text><type>section</type><prefixes><section/></prefixes><entire_prefix/><prefix_anchor/><level>1</level></section></text></law>
