<?xml version="1.0"?>
<law><law_id>136</law_id><section_number>1-1012</section_number><catch_line>RESERVED.</catch_line><history/><order_by>1-1012</order_by><metadata/><url>/1-1012/</url><token>1-1012</token><structure><unit label="division" level="1" identifier="II">Division II - Planning and Development</unit><unit label="part" level="3" identifier="1">PART 1 - GENERAL GOVERNMENT</unit><unit label="chapter" level="4" identifier="1">CHAPTER 1. - MAYOR AND COUNCIL</unit><unit label="article" level="2" identifier="B">ARTICLE B. - THE COUNCIL [2]</unit></structure><referred_to_by/><text><section id="438" prefix=""><text/><type>section</type><prefixes><section/></prefixes><entire_prefix/><prefix_anchor/><level>1</level></section></text></law>
