<?xml version="1.0"?>
<law><law_id>580</law_id><section_number>1-1024</section_number><catch_line>COMPENSATION AND ALLOWANCES OF THE MAYOR AND MEMBERS OF THE COUNCIL.</catch_line><history/><order_by>1-1024</order_by><metadata/><url>/1-1024/</url><token>1-1024</token><structure><unit label="division" level="1" identifier="II">Division II - Planning and Development</unit><unit label="part" level="3" identifier="1">PART 1 - GENERAL GOVERNMENT</unit><unit label="chapter" level="4" identifier="1">CHAPTER 1. - MAYOR AND COUNCIL</unit><unit label="article" level="2" identifier="C">ARTICLE C. - COUNCIL MEETINGS AND PROCEDURE</unit></structure><referred_to_by/><text><section id="1614" prefix="(a)"><text>The Mayor shall be paid a salary of sixteen thousand dollars ($16,000.00) annually in monthly payments of one thousand three hundred thirty-three dollars and thirty-three cents ($1,333.33) with actual travel expenses paid through voucher request and shall be paid an additional sum of one hundred dollars ($100.00) per month, and said sum shall be an allowance for in-City expenses.</text><type>section</type><prefixes><section>(a)</section></prefixes><entire_prefix>(a)</entire_prefix><prefix_anchor>(a)</prefix_anchor><level>1</level></section><section id="1615" prefix="(b)"><text>The Mayor Pro Tem shall be paid a salary of thirteen thousand dollars ($13,000.00) annually in monthly payments of one thousand eighty-three dollars and thirty-three cents ($1,083.33) with actual travel expenses paid through voucher request.</text><type>section</type><prefixes><section>(b)</section></prefixes><entire_prefix>(b)</entire_prefix><prefix_anchor>(b)</prefix_anchor><level>1</level></section><section id="1616" prefix="(c)"><text>The remaining Council members shall be paid a salary of eleven thousand dollars ($11,000.00) annually in monthly payments of nine hundred sixteen dollars and sixty-seven cents ($916.67) with actual travel expenses paid through voucher request.</text><type>section</type><prefixes><section>(c)</section></prefixes><entire_prefix>(c)</entire_prefix><prefix_anchor>(c)</prefix_anchor><level>1</level></section><section id="1617" prefix="(d)"><text/><type>section</type><prefixes><section>(d)</section></prefixes><entire_prefix>(d)</entire_prefix><prefix_anchor>(d)</prefix_anchor><level>1</level></section></text></law>
