<?xml version="1.0"?>
<law><law_id>247</law_id><section_number>1-1021</section_number><catch_line>REGULAR MEETINGS, TIME.</catch_line><history/><order_by>1-1021</order_by><text><section id="780" prefix=""><text>The Council (unless otherwise determined by the Council) shall hold regular meetings on the first and third Tuesdays of each month; and the Council shall further hold meetings (unless otherwise determined by the Council) during the months of January, March, May, July, September, and November for the purpose of amending Part 10 of this Code, the Comprehensive Plan of the City, and the official zoning map. 
(Code 1959 , &#xA7;2-1(a); Ord. No. 1995-760-TC-122, &#xA7;1, TC-20C-95, 11-21-95) 
Charter reference: Meetings of the Council, &#xA7;2.4</text><type>section</type><prefixes><section/></prefixes><entire_prefix/><prefix_anchor/><level>1</level></section></text><metadata/><url>/1-1021/</url><token>1-1021</token><structure><unit label="division" level="1" identifier="II">Division II - Planning and Development</unit><unit label="part" level="3" identifier="1">PART 1 - GENERAL GOVERNMENT</unit><unit label="chapter" level="4" identifier="1">CHAPTER 1. - MAYOR AND COUNCIL</unit><unit label="article" level="2" identifier="C">ARTICLE C. - COUNCIL MEETINGS AND PROCEDURE</unit></structure><referred_to_by><reference>8-2066</reference></referred_to_by></law>
