<?xml version="1.0"?>
<law><law_id>81</law_id><section_number>1-1033</section_number><catch_line>DECORUM; REQUIRED.</catch_line><history/><order_by>1-1033</order_by><metadata/><url>/1-1033/</url><token>1-1033</token><structure><unit label="division" level="1" identifier="II">Division II - Planning and Development</unit><unit label="part" level="3" identifier="1">PART 1 - GENERAL GOVERNMENT</unit><unit label="chapter" level="4" identifier="1">CHAPTER 1. - MAYOR AND COUNCIL</unit><unit label="article" level="2" identifier="C">ARTICLE C. - COUNCIL MEETINGS AND PROCEDURE</unit></structure><referred_to_by/><text><section id="143" prefix="(a)"><text>By Council Members: 
While the Council is in session, the members must preserve order and decorum; and a member shall neither, by conversation or otherwise, delay or interrupt the proceedings or the peace of the Council nor disturb any member while speaking or refuse to obey the orders of the Council or its presiding officer, except as otherwise herein provided.</text><type>section</type><prefixes><section>(a)</section></prefixes><entire_prefix>(a)</entire_prefix><prefix_anchor>(a)</prefix_anchor><level>1</level></section><section id="144" prefix="(b)"><text>By Other Persons: 
Any person making personal, impertinent, or slanderous remarks or who shall become boisterous while addressing the Council shall be forthwith, by the presiding officer, barred from further audience before the Council, unless permission to continue be granted by a majority vote of the Council. 
(Code 1959 , &#xA7;2-13)</text><type>section</type><prefixes><section>(b)</section></prefixes><entire_prefix>(b)</entire_prefix><prefix_anchor>(b)</prefix_anchor><level>1</level></section></text></law>
