<?xml version="1.0"?>
<law><law_id>37</law_id><section_number>1-1029</section_number><catch_line>RULES OF DEBATE.</catch_line><history/><order_by>1-1029</order_by><metadata/><url>/1-1029/</url><token>1-1029</token><structure><unit label="division" level="1" identifier="II">Division II - Planning and Development</unit><unit label="part" level="3" identifier="1">PART 1 - GENERAL GOVERNMENT</unit><unit label="chapter" level="4" identifier="1">CHAPTER 1. - MAYOR AND COUNCIL</unit><unit label="article" level="2" identifier="C">ARTICLE C. - COUNCIL MEETINGS AND PROCEDURE</unit></structure><referred_to_by/><text><section id="81" prefix="(a)"><text>Presiding officer may debate and vote, etc. 
The Mayor or such other member of the Council who may be presiding may move, second and debate from the chair, subject only to such limitations of debate as are by these rules imposed on all members and shall not be deprived of any rights and privileges of a Council member by reason of his acting as the presiding officer.</text><type>section</type><prefixes><section>(a)</section></prefixes><entire_prefix>(a)</entire_prefix><prefix_anchor>(a)</prefix_anchor><level>1</level></section><section id="82" prefix="(b)"><text>Getting the floor; improper references to be avoided. 
Every member desiring to speak shall address the chair and, upon recognition by the presiding officer, shall confine himself to the question under debate, avoiding all personalities and indecorous language.</text><type>section</type><prefixes><section>(b)</section></prefixes><entire_prefix>(b)</entire_prefix><prefix_anchor>(b)</prefix_anchor><level>1</level></section><section id="83" prefix="(c)"><text>Interruptions. 
A member, once recognized, shall not be interrupted when speaking unless it be to call the member to order, or as herein otherwise provided. If a member, while speaking, be called to order, the member shall cease speaking until the question of order be determined, and if in order, the member shall be permitted to proceed.</text><type>section</type><prefixes><section>(c)</section></prefixes><entire_prefix>(c)</entire_prefix><prefix_anchor>(c)</prefix_anchor><level>1</level></section><section id="84" prefix="(d)"><text>Privilege of closing debate. 
The Council member moving the adoption of an ordinance or resolution shall have the privilege of closing the debate.</text><type>section</type><prefixes><section>(d)</section></prefixes><entire_prefix>(d)</entire_prefix><prefix_anchor>(d)</prefix_anchor><level>1</level></section><section id="85" prefix="(e)"><text>Motion to reconsider. 
A motion to reconsider any action taken by the Council may be made only on the day such action was taken. It may be made either immediately during the same session or at a recessed or adjourned session thereof. Such motion must be made by one of the prevailing side but may be seconded by any member and may be made at any time and have precedence over all other motions or while a member has the floor; it shall be debatable. Nothing herein shall be construed to prevent any member of the Council from making or remaking the same or any other motion at a subsequent meeting of the Council.</text><type>section</type><prefixes><section>(e)</section></prefixes><entire_prefix>(e)</entire_prefix><prefix_anchor>(e)</prefix_anchor><level>1</level></section><section id="86" prefix="(f)"><text/><type>section</type><prefixes><section>(f)</section></prefixes><entire_prefix>(f)</entire_prefix><prefix_anchor>(f)</prefix_anchor><level>1</level></section></text></law>
