<?xml version="1.0"?>
<law><law_id>181</law_id><section_number>1-1042</section_number><catch_line>NO DEBATE ON MOTION TO ADJOURN.</catch_line><history/><order_by>1-1042</order_by><metadata/><url>/1-1042/</url><token>1-1042</token><structure><unit label="division" level="1" identifier="II">Division II - Planning and Development</unit><unit label="part" level="3" identifier="1">PART 1 - GENERAL GOVERNMENT</unit><unit label="chapter" level="4" identifier="1">CHAPTER 1. - MAYOR AND COUNCIL</unit><unit label="article" level="2" identifier="C">ARTICLE C. - COUNCIL MEETINGS AND PROCEDURE</unit></structure><referred_to_by/><text><section id="544" prefix=""><text>A motion to adjourn shall always be in order and decided without debate. 
(Code 1959 , &#xA7;2-22)</text><type>section</type><prefixes><section/></prefixes><entire_prefix/><prefix_anchor/><level>1</level></section></text></law>
