<?xml version="1.0"?>
<law><law_id>25</law_id><section_number>1-1011</section_number><catch_line>COUNCIL ELECTORAL DISTRICTS.</catch_line><history/><order_by>1-1011</order_by><text><section id="65" prefix="(a)"><text/><type>section</type><prefixes><section>(a)</section></prefixes><entire_prefix>(a)</entire_prefix><prefix_anchor>(a)</prefix_anchor><level>1</level></section><section id="66" prefix="(b)"><text>The map of the corporate limits and electoral districts of the City shall be the official map of such and shall so continue until officially revised by the Planning Director and Chief Engineer pursuant to appropriate action of the Council. The map and all revisions thereof shall be kept on file by the City Clerk for public inspection. 
(Code 1959 , &#xA7;1-6) 
Charter references: Mode of election of Council, &#xA7;2.2; elections generally, Art. IV. 
State law reference: Electoral districts, map requirements, G.S. 160A-23.</text><type>section</type><prefixes><section>(b)</section></prefixes><entire_prefix>(b)</entire_prefix><prefix_anchor>(b)</prefix_anchor><level>1</level></section></text><metadata/><url>/1-1011/</url><token>1-1011</token><structure><unit label="division" level="1" identifier="II">Division II - Planning and Development</unit><unit label="part" level="3" identifier="1">PART 1 - GENERAL GOVERNMENT</unit><unit label="chapter" level="4" identifier="1">CHAPTER 1. - MAYOR AND COUNCIL</unit><unit label="article" level="2" identifier="B">ARTICLE B. - THE COUNCIL [2]</unit></structure><referred_to_by/></law>
