<?xml version="1.0"?>
<law><law_id>691</law_id><section_number>1-1025</section_number><catch_line>AGENDA.</catch_line><history/><order_by>1-1025</order_by><metadata/><url>/1-1025/</url><token>1-1025</token><structure><unit label="division" level="1" identifier="II">Division II - Planning and Development</unit><unit label="part" level="3" identifier="1">PART 1 - GENERAL GOVERNMENT</unit><unit label="chapter" level="4" identifier="1">CHAPTER 1. - MAYOR AND COUNCIL</unit><unit label="article" level="2" identifier="C">ARTICLE C. - COUNCIL MEETINGS AND PROCEDURE</unit></structure><referred_to_by/><text><section id="2005" prefix=""><text>A written agenda with all necessary supporting materials shall be prepared under the direction of the City Manager and delivered to each Council member prior to each meeting of the Council.</text><type>section</type><prefixes><section/></prefixes><entire_prefix/><prefix_anchor/><level>1</level></section></text></law>
