<?xml version="1.0"?>
<law><law_id>170</law_id><section_number>1-1041</section_number><catch_line>ORDINANCES, RESOLUTIONS, MOTIONS AND CONTRACTS.</catch_line><history/><order_by>1-1041</order_by><metadata/><url>/1-1041/</url><token>1-1041</token><structure><unit label="division" level="1" identifier="II">Division II - Planning and Development</unit><unit label="part" level="3" identifier="1">PART 1 - GENERAL GOVERNMENT</unit><unit label="chapter" level="4" identifier="1">CHAPTER 1. - MAYOR AND COUNCIL</unit><unit label="article" level="2" identifier="C">ARTICLE C. - COUNCIL MEETINGS AND PROCEDURE</unit></structure><referred_to_by/><text><section id="525" prefix="(a)"><text>Preparation of Ordinances: 
All ordinances, except ordinances of a routine nature which are prepared by the City Clerk on forms which have been approved by the Council, shall be prepared by or have the approval as to form and legality of the City Attorney.</text><type>section</type><prefixes><section>(a)</section></prefixes><entire_prefix>(a)</entire_prefix><prefix_anchor>(a)</prefix_anchor><level>1</level></section><section id="526" prefix="(b)"><text>Prior Approval by Administrative Staff: 
All ordinances, resolutions and contract documents shall be prepared or approved as to form and legality by the City Attorney or his authorized representative, and shall have been reviewed by the City Manager or his authorized representative, where there are substantive matters of administration involved.</text><type>section</type><prefixes><section>(b)</section></prefixes><entire_prefix>(b)</entire_prefix><prefix_anchor>(b)</prefix_anchor><level>1</level></section><section id="527" prefix="(c)"><text>Introducing for Passage or Approval: 
Ordinances, resolutions and other matters or subjects requiring action by the Council must be introduced and sponsored by a member of the Council. 
Charter reference: Initiative and referendum by petition of citizens, &#xA7;2.16</text><type>section</type><prefixes><section>(c)</section></prefixes><entire_prefix>(c)</entire_prefix><prefix_anchor>(c)</prefix_anchor><level>1</level></section></text></law>
