<?xml version="1.0"?>
<law><law_id>26</law_id><section_number>1-1028</section_number><catch_line>SAME&#x2014;APPROVAL WITHOUT READING.</catch_line><history/><order_by>1-1028</order_by><metadata/><url>/1-1028/</url><token>1-1028</token><structure><unit label="division" level="1" identifier="II">Division II - Planning and Development</unit><unit label="part" level="3" identifier="1">PART 1 - GENERAL GOVERNMENT</unit><unit label="chapter" level="4" identifier="1">CHAPTER 1. - MAYOR AND COUNCIL</unit><unit label="article" level="2" identifier="C">ARTICLE C. - COUNCIL MEETINGS AND PROCEDURE</unit></structure><referred_to_by/><text><section id="67" prefix=""><text>Unless a reading of the minutes of a Council meeting is requested by a member of the Council, such minutes may be approved without reading if the City Clerk has previously furnished each member with a copy thereof. 
(Code 1959 , &#xA7;2-8)</text><type>section</type><prefixes><section/></prefixes><entire_prefix/><prefix_anchor/><level>1</level></section></text></law>
