<?xml version="1.0"?>
<law><law_id>24</law_id><section_number>1-1001</section_number><catch_line>RESERVED.</catch_line><history/><order_by>1-1001</order_by><text><section id="64" prefix=""><text/><type>section</type><prefixes><section/></prefixes><entire_prefix/><prefix_anchor/><level>1</level></section></text><metadata/><url>/1-1001/</url><token>1-1001</token><structure><unit label="division" level="1" identifier="II">Division II - Planning and Development</unit><unit label="part" level="3" identifier="1">PART 1 - GENERAL GOVERNMENT</unit><unit label="chapter" level="4" identifier="1">CHAPTER 1. - MAYOR AND COUNCIL</unit><unit label="article" level="2" identifier="A">ARTICLE A. - THE MAYOR [1]</unit></structure><referred_to_by/></law>
