<?xml version="1.0"?>
<law><law_id>92</law_id><section_number>1-1034</section_number><catch_line>ENFORCEMENT OF DECORUM REQUIREMENTS.</catch_line><history/><order_by>1-1034</order_by><metadata/><url>/1-1034/</url><token>1-1034</token><structure><unit label="division" level="1" identifier="II">Division II - Planning and Development</unit><unit label="part" level="3" identifier="1">PART 1 - GENERAL GOVERNMENT</unit><unit label="chapter" level="4" identifier="1">CHAPTER 1. - MAYOR AND COUNCIL</unit><unit label="article" level="2" identifier="C">ARTICLE C. - COUNCIL MEETINGS AND PROCEDURE</unit></structure><referred_to_by/><text><section id="185" prefix=""><text>Any person who violates the order and decorum of a Council meeting shall be guilty of a misdemeanor. When directed by the Council, the Chief of Police or such member or members of the Police Department as the Chief may designate shall be sergeant-at-arms of the Council meetings. The Chief or member of the Police Department, shall carry out all orders and instructions given by the presiding officer for the purpose of maintaining order and decorum at the Council meeting. Upon instructions of the presiding officer, it shall be the duty of the sergeant-at-arms, or any of them present, to place any person, other than the Mayor or a Council member, who violates the order and decorum of the meeting under arrest, and cause him to be prosecuted. The Mayor or a Council member may only be placed under arrest for breach of decorum by a vote of the Council. 
(Code 1959 , &#xA7;2-14; Ord. No. 1978-748, &#xA7;1, 3-14-78)</text><type>section</type><prefixes><section/></prefixes><entire_prefix/><prefix_anchor/><level>1</level></section></text></law>
