<?xml version="1.0"?>
<law><law_id>292</law_id><section_number>1-2021</section_number><catch_line>DUTIES AND RESPONSIBILITIES.</catch_line><history/><order_by>1-2021</order_by><text><section id="902" prefix="(a)"><text>Attend each meeting of the Council and to keep the minutes and records of all the proceedings of the Council in well-bound books provided for that purpose.</text><type>section</type><prefixes><section>(a)</section></prefixes><entire_prefix>(a)</entire_prefix><prefix_anchor>(a)</prefix_anchor><level>1</level></section><section id="903" prefix="(b)"><text>Preserve all books, papers and writings of all kinds submitted to the Clerk.</text><type>section</type><prefixes><section>(b)</section></prefixes><entire_prefix>(b)</entire_prefix><prefix_anchor>(b)</prefix_anchor><level>1</level></section><section id="904" prefix="(c)"><text>Maintain custody of all signed petitions with reference to public improvements, and all contracts made and entered into by the City and of all notices and affidavits of publishers with reference to publication of ordinances, budgets or other legal advertisements required to be made by the City.</text><type>section</type><prefixes><section>(c)</section></prefixes><entire_prefix>(c)</entire_prefix><prefix_anchor>(c)</prefix_anchor><level>1</level></section><section id="905" prefix="(d)"><text>Maintain custody of the official corporate seal of the City and attest and affix the official seal to all documents or instruments of the City required to be so attested and sealed.</text><type>section</type><prefixes><section>(d)</section></prefixes><entire_prefix>(d)</entire_prefix><prefix_anchor>(d)</prefix_anchor><level>1</level></section><section id="906" prefix="(e)"><text/><type>section</type><prefixes><section>(e)</section></prefixes><entire_prefix>(e)</entire_prefix><prefix_anchor>(e)</prefix_anchor><level>1</level></section><section id="907" prefix="(f)"><text/><type>section</type><prefixes><section>(f)</section></prefixes><entire_prefix>(f)</entire_prefix><prefix_anchor>(f)</prefix_anchor><level>1</level></section><section id="908" prefix="(g)"><text>The City Clerk is granted full discretion to advertise public hearings electronically in any manner and for any subject allowed by Chapter 161 of the Session Laws of 2003.</text><type>section</type><prefixes><section>(g)</section></prefixes><entire_prefix>(g)</entire_prefix><prefix_anchor>(g)</prefix_anchor><level>1</level></section><section id="909" prefix="(h)"><text>Perform such other duties as may be required by law or by the Council. 
(Ord. No. 2003-516, &#xA7;1, 9-16-03) 
Charter reference: Appointment, duties, &#xA7;&#xA7;5.2, 5.3 
State law references: Duties of the City Clerk, G.S. 160A-71; deputy Clerks, G.S. 160A-172.</text><type>section</type><prefixes><section>(h)</section></prefixes><entire_prefix>(h)</entire_prefix><prefix_anchor>(h)</prefix_anchor><level>1</level></section></text><metadata/><url>/1-2021/</url><token>1-2021</token><structure><unit label="division" level="1" identifier="II">Division II - Planning and Development</unit><unit label="part" level="3" identifier="1">PART 1 - GENERAL GOVERNMENT</unit><unit label="chapter" level="4" identifier="2">CHAPTER 2. - ADMINISTRATIVE OFFICES [3]</unit><unit label="article" level="2" identifier="C">ARTICLE C. - CITY CLERK</unit></structure><referred_to_by/></law>
