<?xml version="1.0"?>
<law><law_id>236</law_id><section_number>1-2001</section_number><catch_line>RESERVED.</catch_line><history/><order_by>1-2001</order_by><text><section id="732" prefix=""><text/><type>section</type><prefixes><section/></prefixes><entire_prefix/><prefix_anchor/><level>1</level></section></text><metadata/><url>/1-2001/</url><token>1-2001</token><structure><unit label="division" level="1" identifier="II">Division II - Planning and Development</unit><unit label="part" level="3" identifier="1">PART 1 - GENERAL GOVERNMENT</unit><unit label="chapter" level="4" identifier="2">CHAPTER 2. - ADMINISTRATIVE OFFICES [3]</unit><unit label="article" level="2" identifier="A">ARTICLE A. - CITY MANAGER [4]</unit></structure><referred_to_by/></law>
