<?xml version="1.0"?>
<law><law_id>248</law_id><section_number>1-2011</section_number><catch_line>DUTIES AND RESPONSIBILITIES.</catch_line><history/><order_by>1-2011</order_by><text><section id="781" prefix=""><text/><type>section</type><prefixes><section/></prefixes><entire_prefix/><prefix_anchor/><level>1</level></section></text><metadata/><url>/1-2011/</url><token>1-2011</token><structure><unit label="division" level="1" identifier="II">Division II - Planning and Development</unit><unit label="part" level="3" identifier="1">PART 1 - GENERAL GOVERNMENT</unit><unit label="chapter" level="4" identifier="2">CHAPTER 2. - ADMINISTRATIVE OFFICES [3]</unit><unit label="article" level="2" identifier="B">ARTICLE B. - CITY ATTORNEY</unit></structure><referred_to_by/></law>
