<?xml version="1.0"?>
<law><law_id>403</law_id><section_number>1-4011</section_number><catch_line>BOARD CREATED.</catch_line><history/><order_by>1-4011</order_by><text><section id="1119" prefix=""><text>There is hereby established an Environmental Advisory Board (hereinafter referred to as the Board) for the purpose of advising the City Council on maters related to the environment on which the Council deems it appropriate or necessary to receive advice. The Board will conduct only activities specifically referred to it by City Council. 
(Ord. No. 2006-56, &#xA7;1, 6-20-06)</text><type>section</type><prefixes><section/></prefixes><entire_prefix/><prefix_anchor/><level>1</level></section></text><metadata/><url>/1-4011/</url><token>1-4011</token><structure><unit label="division" level="1" identifier="II">Division II - Planning and Development</unit><unit label="part" level="3" identifier="1">PART 1 - GENERAL GOVERNMENT</unit><unit label="chapter" level="4" identifier="4">CHAPTER 4. - BOARDS AND COMMISSIONS</unit><unit label="article" level="2" identifier="B">ARTICLE B. - ENVIRONMENTAL ADVISORY BOARD</unit></structure><referred_to_by/></law>
