<?xml version="1.0"?>
<law><law_id>347</law_id><section_number>1-4002</section_number><catch_line>APPOINTMENTS.</catch_line><history/><order_by>1-4002</order_by><metadata/><url>/1-4002/</url><token>1-4002</token><structure><unit label="division" level="1" identifier="II">Division II - Planning and Development</unit><unit label="part" level="3" identifier="1">PART 1 - GENERAL GOVERNMENT</unit><unit label="chapter" level="4" identifier="4">CHAPTER 4. - BOARDS AND COMMISSIONS</unit><unit label="article" level="2" identifier="A">ARTICLE A. - GENERAL PROVISIONS</unit></structure><referred_to_by/><text><section id="1016" prefix="(a)"><text>All appointments made by the City Council to any commission shall be upon the basis of recommendations made by the Mayor or a member of the Council, and final appointments in all cases shall be made by the Council.</text><type>section</type><prefixes><section>(a)</section></prefixes><entire_prefix>(a)</entire_prefix><prefix_anchor>(a)</prefix_anchor><level>1</level></section><section id="1017" prefix="(b)"><text>Nominations for appointment of a citizen other than a member of the Council to any committee, commission or board shall be made openly at a regular Council meeting, and no such appointment shall be made except at a regular Council meeting held subsequent to the meeting at which nominations were received. If nominations to fill a vacancy are made at more than one (1) Council meeting, the appointment shall be made at a regular meeting subsequent to the last meeting at which nominations were made. All persons selected for membership on any committee, commission or board shall be residents of the City unless otherwise specified by the ordinance or resolution establishing the body. In cases where City residency is a requirement for membership, the member shall forfeit his seat upon removing his residence from the City.</text><type>section</type><prefixes><section>(b)</section></prefixes><entire_prefix>(b)</entire_prefix><prefix_anchor>(b)</prefix_anchor><level>1</level></section><section id="1018" prefix="(c)"><text>By majority vote of the members of the Council, the Council may declare nominations for an appointment to be closed at any regular meeting.</text><type>section</type><prefixes><section>(c)</section></prefixes><entire_prefix>(c)</entire_prefix><prefix_anchor>(c)</prefix_anchor><level>1</level></section><section id="1019" prefix="(d)"><text>If, by reason of the nature or number of vacancies on a committee, commission or board, an immediate appointment or appointments are required, the Council in its discretion may waive the requirements of this section by a majority vote of the members of the Council. Once a person has served six (6) years on any board or commission, they are not eligible for reappointment to that board or commission for a two-year period.</text><type>section</type><prefixes><section>(d)</section></prefixes><entire_prefix>(d)</entire_prefix><prefix_anchor>(d)</prefix_anchor><level>1</level></section><section id="1020" prefix="(e)"><text>The City Clerk shall inform the Council at least sixty (60) days prior to the expiration of a term on any committee, commission or board, and any member of a committee, commission or board resigning prior to the expiration of his term shall give written notice thereof to the Council through the Mayor or the City Clerk.</text><type>section</type><prefixes><section>(e)</section></prefixes><entire_prefix>(e)</entire_prefix><prefix_anchor>(e)</prefix_anchor><level>1</level></section><section id="1021" prefix="(f)"><text>A member of a committee, commission or board shall continue to serve upon expiration of his term until his successor is duly named and qualified, or unless he resigns.</text><type>section</type><prefixes><section>(f)</section></prefixes><entire_prefix>(f)</entire_prefix><prefix_anchor>(f)</prefix_anchor><level>1</level></section><section id="1022" prefix="(g)"><text>All appointments to every commission of the City shall be on the basis of a two-year term, except for the incumbent appointees whose reappointment for two (2) years would cause the six-year limitation set out in subsection (a) to be exceeded. Any such incumbents reappointed shall be reappointed for a period which, added to their previous service, shall constitute six (6) years. Appointments shall be staggered to the end that there shall always be one (1) or more incumbents upon any commission.</text><type>section</type><prefixes><section>(g)</section></prefixes><entire_prefix>(g)</entire_prefix><prefix_anchor>(g)</prefix_anchor><level>1</level></section><section id="1023" prefix="(h)"><text>Any City board or commission which desires to have bylaws shall first have the content of such bylaws approved by the City Council. Any amendments to previously approved bylaws shall also require City Council approval. The City Council shall not approve any bylaws which are in conflict with this article or any other section of this Code. Any bylaws in use on November 21, 1989, shall be submitted to the City Council for approval and shall become null and void if not approved by the City Council within ninety (90) days from November 21, 1989. 
(Code 1959 , &#xA7;2-18.1; Res. 1974-160A, &#xA7;2; Ord. No. 1979-76, 5-1-79; Ord. No. 1981-617, &#xA7;3, 3-17-81; Ord. No. 1984-392, &#xA7;1, 8-7-84; Ord. No. 1986-761, &#xA7;1, 4-1-86; Ord. No. 1989-462, &#xA7;1, 11-21-89; Ord. No. 1993-161, &#xA7;1, 4-6-93)</text><type>section</type><prefixes><section>(h)</section></prefixes><entire_prefix>(h)</entire_prefix><prefix_anchor>(h)</prefix_anchor><level>1</level></section></text></law>
