<?xml version="1.0"?>
<law><law_id>370</law_id><section_number>1-4004</section_number><catch_line>REMOVALS.</catch_line><history/><order_by>1-4004</order_by><metadata/><url>/1-4004/</url><token>1-4004</token><structure><unit label="division" level="1" identifier="II">Division II - Planning and Development</unit><unit label="part" level="3" identifier="1">PART 1 - GENERAL GOVERNMENT</unit><unit label="chapter" level="4" identifier="4">CHAPTER 4. - BOARDS AND COMMISSIONS</unit><unit label="article" level="2" identifier="A">ARTICLE A. - GENERAL PROVISIONS</unit></structure><referred_to_by/><text><section id="1063" prefix=""><text>Any member of any board who is absent without being excused from three (3) consecutive meetings of such board may, upon recommendation of the chairperson or otherwise designated officer of such board, be removed or replaced by the Council. 
(Res. 1976-18, &#xA7;3)</text><type>section</type><prefixes><section/></prefixes><entire_prefix/><prefix_anchor/><level>1</level></section></text></law>
