<?xml version="1.0"?>
<law><law_id>336</law_id><section_number>1-4001</section_number><catch_line>DEFINITIONS.</catch_line><history/><order_by>1-4001</order_by><text><section id="1004" prefix="(a)"><text>As used in this article, the term board or commission shall mean any committee, subcommittee, commission, board or authority, or other similar agency or group whether advisory, managerial or quasi-judicial, which is appointed or elected to serve the government of the City.</text><type>section</type><prefixes><section>(a)</section></prefixes><entire_prefix>(a)</entire_prefix><prefix_anchor>(a)</prefix_anchor><level>1</level></section><section id="1005" prefix="(b)"><text>As used in this article, the term member shall mean any person appointed, reappointed or confirmed as a member of a board. 
(Res. 1976-18, &#xA7;1; Ord. No. 1981-617, &#xA7;&#xA7;1, 2, 3-17-81)</text><type>section</type><prefixes><section>(b)</section></prefixes><entire_prefix>(b)</entire_prefix><prefix_anchor>(b)</prefix_anchor><level>1</level></section></text><metadata/><url>/1-4001/</url><token>1-4001</token><structure><unit label="division" level="1" identifier="II">Division II - Planning and Development</unit><unit label="part" level="3" identifier="1">PART 1 - GENERAL GOVERNMENT</unit><unit label="chapter" level="4" identifier="4">CHAPTER 4. - BOARDS AND COMMISSIONS</unit><unit label="article" level="2" identifier="A">ARTICLE A. - GENERAL PROVISIONS</unit></structure><referred_to_by/></law>
