<?xml version="1.0"?>
<law><law_id>414</law_id><section_number>1-4012</section_number><catch_line>MEMBERSHIP.</catch_line><history/><order_by>1-4012</order_by><metadata/><url>/1-4012/</url><token>1-4012</token><structure><unit label="division" level="1" identifier="II">Division II - Planning and Development</unit><unit label="part" level="3" identifier="1">PART 1 - GENERAL GOVERNMENT</unit><unit label="chapter" level="4" identifier="4">CHAPTER 4. - BOARDS AND COMMISSIONS</unit><unit label="article" level="2" identifier="B">ARTICLE B. - ENVIRONMENTAL ADVISORY BOARD</unit></structure><referred_to_by/><text><section id="1135" prefix=""><text>The Board created herein shall consist of nine (9) persons to be appointed by the City Council for a period of two (2) years. 
(Ord. No. 2006-56, &#xA7;1, 6-20-06; Ord. No. 2008-358, &#xA7;1, 3-4-08)</text><type>section</type><prefixes><section/></prefixes><entire_prefix/><prefix_anchor/><level>1</level></section></text></law>
