<?xml version="1.0"?>
<law><law_id>425</law_id><section_number>1-4013</section_number><catch_line>ORGANIZATION.</catch_line><history/><order_by>1-4013</order_by><metadata/><url>/1-4013/</url><token>1-4013</token><structure><unit label="division" level="1" identifier="II">Division II - Planning and Development</unit><unit label="part" level="3" identifier="1">PART 1 - GENERAL GOVERNMENT</unit><unit label="chapter" level="4" identifier="4">CHAPTER 4. - BOARDS AND COMMISSIONS</unit><unit label="article" level="2" identifier="B">ARTICLE B. - ENVIRONMENTAL ADVISORY BOARD</unit></structure><referred_to_by/><text><section id="1146" prefix=""><text>The Board shall organize and adopt administrative rules and procedures necessary to accomplish its purposes, and elect from its members a chairperson and a vice-chairperson. 
All regular and special meetings of the Board shall be open to the public as governed by North Carolina General Statute Section 143-318(1), Meetings of Governmental Bodies. Any person shall be entitled and encouraged to appear and be heard on any matter pertaining to environmental management issues referred by the Council to the Board. 
Regular Board meetings shall be held quarterly. The chairperson or, in his/her absence, the vice-chairperson may call a special meeting of the Board at any time giving oral or written notice, in compliance with North Carolina General Statutes governing meetings, to all members. Special meetings shall be scheduled upon request of four (4) or more Board members. Notice of special meetings shall comply with open meeting laws. 
(Ord. No. 2006-56, &#xA7;1, 6-20-06)</text><type>section</type><prefixes><section/></prefixes><entire_prefix/><prefix_anchor/><level>1</level></section></text></law>
