<?xml version="1.0"?>
<law><law_id>436</law_id><section_number>1-4014</section_number><catch_line>PURPOSE.</catch_line><history/><order_by>1-4014</order_by><metadata/><url>/1-4014/</url><token>1-4014</token><structure><unit label="division" level="1" identifier="II">Division II - Planning and Development</unit><unit label="part" level="3" identifier="1">PART 1 - GENERAL GOVERNMENT</unit><unit label="chapter" level="4" identifier="4">CHAPTER 4. - BOARDS AND COMMISSIONS</unit><unit label="article" level="2" identifier="B">ARTICLE B. - ENVIRONMENTAL ADVISORY BOARD</unit></structure><referred_to_by/><text><section id="1158" prefix="(1)"><text>Advise the Council regarding comments to other governmental units and agencies on the position of the City of Raleigh with regard to environmental matters.</text><type>section</type><prefixes><section>(1)</section></prefixes><entire_prefix>(1)</entire_prefix><prefix_anchor>(1)</prefix_anchor><level>1</level></section><section id="1159" prefix="(2)"><text>Advise the City Council on matters relating to fuel efficiency.</text><type>section</type><prefixes><section>(2)</section></prefixes><entire_prefix>(2)</entire_prefix><prefix_anchor>(2)</prefix_anchor><level>1</level></section><section id="1160" prefix="(3)"><text>Advise the City Council on matters relating to environmental education and awareness.</text><type>section</type><prefixes><section>(3)</section></prefixes><entire_prefix>(3)</entire_prefix><prefix_anchor>(3)</prefix_anchor><level>1</level></section><section id="1161" prefix="(4)"><text>Advise the City Council on matters relating to environmental awards and recognition programs.</text><type>section</type><prefixes><section>(4)</section></prefixes><entire_prefix>(4)</entire_prefix><prefix_anchor>(4)</prefix_anchor><level>1</level></section><section id="1162" prefix="(5)"><text>Advise the City Council on policies that the City of Raleigh should implement or amend as requested by Council.</text><type>section</type><prefixes><section>(5)</section></prefixes><entire_prefix>(5)</entire_prefix><prefix_anchor>(5)</prefix_anchor><level>1</level></section><section id="1163" prefix="(6)"><text>Advise the City Council on such other matters related to environmental quality and safety as the Council shall refer to said Board. 
(Ord. No. 2006-56, &#xA7;1, 6-20-06)</text><type>section</type><prefixes><section>(6)</section></prefixes><entire_prefix>(6)</entire_prefix><prefix_anchor>(6)</prefix_anchor><level>1</level></section></text></law>
