<?xml version="1.0"?>
<law><law_id>359</law_id><section_number>1-4003</section_number><catch_line>LIMITATION OF TERMS.</catch_line><history/><order_by>1-4003</order_by><metadata/><url>/1-4003/</url><token>1-4003</token><structure><unit label="division" level="1" identifier="II">Division II - Planning and Development</unit><unit label="part" level="3" identifier="1">PART 1 - GENERAL GOVERNMENT</unit><unit label="chapter" level="4" identifier="4">CHAPTER 4. - BOARDS AND COMMISSIONS</unit><unit label="article" level="2" identifier="A">ARTICLE A. - GENERAL PROVISIONS</unit></structure><referred_to_by/><text><section id="1050" prefix="(a)"><text>An appointee may serve on any one (1) commission no more than three (3) two-year terms in succession.</text><type>section</type><prefixes><section>(a)</section></prefixes><entire_prefix>(a)</entire_prefix><prefix_anchor>(a)</prefix_anchor><level>1</level></section><section id="1051" prefix="(b)"><text>No person shall serve on more than two (2) commissions at any one (1) time.</text><type>section</type><prefixes><section>(b)</section></prefixes><entire_prefix>(b)</entire_prefix><prefix_anchor>(b)</prefix_anchor><level>1</level></section><section id="1052" prefix="(c)"><text>The Council hereby establishes a policy of attempting to include on each commission a member less than twenty-one (21) years of age. 
(Res. 1974-160A, &#xA7;&#xA7;3&#x2014;5; Ord. No. 1981-699, &#xA7;1, 7-7-81; Ord. No. 1986-761, &#xA7;2, 4-1-86)</text><type>section</type><prefixes><section>(c)</section></prefixes><entire_prefix>(c)</entire_prefix><prefix_anchor>(c)</prefix_anchor><level>1</level></section></text></law>
