<?xml version="1.0"?>
<law><law_id>439</law_id><section_number>11-2132</section_number><catch_line>TRUCK ROUTES.</catch_line><history/><order_by>11-2132</order_by><metadata/><url>/11-2132/</url><token>11-2132</token><structure><unit label="division" level="1" identifier="II">Division II - Planning and Development</unit><unit label="part" level="3" identifier="11">PART 11 - TRANSPORTATION</unit><unit label="chapter" level="4" identifier="2">CHAPTER 2. - MOTOR VEHICLES AND TRAFFIC</unit><unit label="article" level="2" identifier="H">ARTICLE H. - MISCELLANEOUS DRIVING RULES</unit></structure><referred_to_by/><text><section id="1167" prefix="(a)"><text/><type>section</type><prefixes><section>(a)</section></prefixes><entire_prefix>(a)</entire_prefix><prefix_anchor>(a)</prefix_anchor><level>1</level></section><section id="1168" prefix="(1)"><text>	Trucks. 
The word truck or trucks shall mean any motor vehicle used or designed to be used for the transportation of cargo or passengers, including but not limited to the following: Trucks; intercity buses; truck-drawn trailers when the truck is equipped with dual rear wheels. The following motor vehicles are excluded from this meaning: Passenger automobiles; pickup trucks; vehicles not having dual rear wheels; motorcycles; motor scooters; school buses; charter buses; and other nonscheduled buses. 
</text><type>section</type><prefixes><section>(a)</section><section>(1)</section></prefixes><entire_prefix>(a)(1)</entire_prefix><prefix_anchor>(a)(1)</prefix_anchor><level>2</level></section><section id="1169" prefix="(2)"><text>	Through truck. 
The term through truck shall mean any truck having three (3) or more axles or any two-axle truck with dual rear wheels towing a trailer which passes through the City without stopping for the purpose of either collecting or discharging cargo or for the purpose of either collecting or discharging passengers. 
</text><type>section</type><prefixes><section>(a)</section><section>(2)</section></prefixes><entire_prefix>(a)(2)</entire_prefix><prefix_anchor>(a)(2)</prefix_anchor><level>2</level></section><section id="1170" prefix="(3)"><text>	Cargo. 
The word cargo shall mean any property transported by truck. 
</text><type>section</type><prefixes><section>(a)</section><section>(3)</section></prefixes><entire_prefix>(a)(3)</entire_prefix><prefix_anchor>(a)(3)</prefix_anchor><level>2</level></section><section id="1171" prefix="(4)"><text>	Operator. 
The word operator shall mean the person physically operating a truck or a person therein and directing its operation. 
</text><type>section</type><prefixes><section>(a)</section><section>(4)</section></prefixes><entire_prefix>(a)(4)</entire_prefix><prefix_anchor>(a)(4)</prefix_anchor><level>2</level></section><section id="1172" prefix="(5)"><text>	Intersection of routes. 
The term intersection of routes shall mean the point reached on a highway within the City at which a direction sign indicates that a turn should be made from one route to another. 
</text><type>section</type><prefixes><section>(a)</section><section>(5)</section></prefixes><entire_prefix>(a)(5)</entire_prefix><prefix_anchor>(a)(5)</prefix_anchor><level>2</level></section><section id="1173" prefix="(6)"><text>	Direction sign. 
The term direction sign shall mean the customary highway marker designating the highway route number or that a certain direction should be followed to reach a given destination. 
</text><type>section</type><prefixes><section>(a)</section><section>(6)</section></prefixes><entire_prefix>(a)(6)</entire_prefix><prefix_anchor>(a)(6)</prefix_anchor><level>2</level></section><section id="1174" prefix="(7)"><text>	Local truck. 
The term local truck shall mean any truck having three (3) or more axles or any two-axle truck with dual rear wheels towing a trailer and which enters, leaves or operates within the City for the purpose of either collecting or discharging cargo, or for the purpose of either collecting or discharging passengers within the City. 
</text><type>section</type><prefixes><section>(a)</section><section>(7)</section></prefixes><entire_prefix>(a)(7)</entire_prefix><prefix_anchor>(a)(7)</prefix_anchor><level>2</level></section><section id="1175" prefix="(8)"><text/><type>section</type><prefixes><section>(a)</section><section>(8)</section></prefixes><entire_prefix>(a)(8)</entire_prefix><prefix_anchor>(a)(8)</prefix_anchor><level>2</level></section><section id="1176" prefix="(9)"><text>	Local truck route. 
The term local truck route shall mean those routes or streets established in subsection (d) and designated by signs as local truck routes. 
(10)	Passenger. 
The word passenger shall mean any person transported by truck. 
</text><type>section</type><prefixes><section>(a)</section><section>(9)</section></prefixes><entire_prefix>(a)(9)</entire_prefix><prefix_anchor>(a)(9)</prefix_anchor><level>2</level></section><section id="1177" prefix="(11"><text>	Visiting truck. 
The term visiting truck shall mean any truck having three (3) or more axles or any two-axle truck with dual rear wheels towing a trailer which passes through the City for the purpose of collecting or discharging cargo at a single trip origin or destination. 
</text><type>section</type><prefixes><section>(a)</section><section>(11</section></prefixes><entire_prefix>(a)(11</entire_prefix><prefix_anchor>(a)(11</prefix_anchor><level>2</level></section><section id="1178" prefix="(b)"><text/><type>section</type><prefixes><section>(b)</section></prefixes><entire_prefix>(b)</entire_prefix><prefix_anchor>(b)</prefix_anchor><level>1</level></section><section id="1179" prefix="(c)"><text/><type>section</type><prefixes><section>(c)</section></prefixes><entire_prefix>(c)</entire_prefix><prefix_anchor>(c)</prefix_anchor><level>1</level></section><section id="1180" prefix="(1)"><text>	The operator of a through truck entering the City on any through trucking route shall proceed exclusively on a through truck route until he leaves the City. 
</text><type>section</type><prefixes><section>(c)</section><section>(1)</section></prefixes><entire_prefix>(c)(1)</entire_prefix><prefix_anchor>(c)(1)</prefix_anchor><level>2</level></section><section id="1181" prefix="(2)"><text>	The operator of a through truck entering the City by way of a route not a through truck route or local truck route shall, upon entering the City, proceed to the nearest through truck or local truck route, whichever is nearer. Upon reaching a local truck route, the operator of a through truck shall proceed along such local truck route or routes to the nearest through truck route. Upon reaching the through truck route, the operator of a through truck shall proceed exclusively upon a through truck route until he leaves the City. 
</text><type>section</type><prefixes><section>(c)</section><section>(2)</section></prefixes><entire_prefix>(c)(2)</entire_prefix><prefix_anchor>(c)(2)</prefix_anchor><level>2</level></section><section id="1182" prefix="(d)"><text/><type>section</type><prefixes><section>(d)</section></prefixes><entire_prefix>(d)</entire_prefix><prefix_anchor>(d)</prefix_anchor><level>1</level></section><section id="1183" prefix="(1)"><text>	Local trucks may travel over any street or highway within the area bounded by the following streets: Wade Avenue from West Street to Downtown Boulevard; Downtown Boulevard from Wade Avenue to Peace Street; Peace Street from Downtown Boulevard toPersonStreet;PersonStreet from Peace Street to Edenton Street; Edenton Street fromPersonStreet to East Street; East Street from Edenton Street to South Street; South Street from East Street to Boylan Avenue; Boylan Avenue from South Street to Peace Street; Peace Street from Boylan Avenue to West Street; West Street from Peace Street to Wade Avenue. 
</text><type>section</type><prefixes><section>(d)</section><section>(1)</section></prefixes><entire_prefix>(d)(1)</entire_prefix><prefix_anchor>(d)(1)</prefix_anchor><level>2</level></section><section id="1184" prefix="(2)"><text/><type>section</type><prefixes><section>(d)</section><section>(2)</section></prefixes><entire_prefix>(d)(2)</entire_prefix><prefix_anchor>(d)(2)</prefix_anchor><level>2</level></section><section id="1185" prefix="(e)"><text/><type>section</type><prefixes><section>(e)</section></prefixes><entire_prefix>(e)</entire_prefix><prefix_anchor>(e)</prefix_anchor><level>1</level></section><section id="1186" prefix="(1)"><text>	The operator of a local truck shall, upon leaving the origin of his trip, proceed by the shortest route to the nearest through truck route or local truck route. 
</text><type>section</type><prefixes><section>(e)</section><section>(1)</section></prefixes><entire_prefix>(e)(1)</entire_prefix><prefix_anchor>(e)(1)</prefix_anchor><level>2</level></section><section id="1187" prefix="(2)"><text>	The operator of a local truck proceeding on a local truck route or a through route shall proceed exclusively on such truck route or routes until he reaches a point on that route which allows him to proceed by the shortest route to his destination. 
</text><type>section</type><prefixes><section>(e)</section><section>(2)</section></prefixes><entire_prefix>(e)(2)</entire_prefix><prefix_anchor>(e)(2)</prefix_anchor><level>2</level></section><section id="1188" prefix="(3)"><text>	The operator of a local truck entering the City on a route other than a through truck route or local truck route shall, upon entering the City, proceed by the shortest route to the nearest local truck route or through truck route and shall proceed on such route until the point on such route nearest his destination is reached. 
</text><type>section</type><prefixes><section>(e)</section><section>(3)</section></prefixes><entire_prefix>(e)(3)</entire_prefix><prefix_anchor>(e)(3)</prefix_anchor><level>2</level></section><section id="1189" prefix="(4)"><text>	When the shortest route between the origin and the destination of a local truck is less than the distance between the origin and the nearest truck route, the operator of such local truck shall not be required to proceed to a through truck route or a local truck route before proceeding to his destination. 
</text><type>section</type><prefixes><section>(e)</section><section>(4)</section></prefixes><entire_prefix>(e)(4)</entire_prefix><prefix_anchor>(e)(4)</prefix_anchor><level>2</level></section><section id="1190" prefix="(5)"><text>	When the shortest route between the origin and destination of a local truck is less than the shortest route between the destination and the nearest local truck route or through truck route, the operator of a local truck shall not be required to proceed to the nearest local truck route or through truck route before proceeding to his destination. 
</text><type>section</type><prefixes><section>(e)</section><section>(5)</section></prefixes><entire_prefix>(e)(5)</entire_prefix><prefix_anchor>(e)(5)</prefix_anchor><level>2</level></section><section id="1191" prefix="(6)"><text>	When the shortest route between the point of entry into the City and the destination of a local truck is less than the shortest route from the point of entry into the City to the nearest through truck route, or local truck route, the operator of a local truck, upon entering the City, shall not be required to proceed to the nearest through truck route or local truck route before proceeding to his destination. 
</text><type>section</type><prefixes><section>(e)</section><section>(6)</section></prefixes><entire_prefix>(e)(6)</entire_prefix><prefix_anchor>(e)(6)</prefix_anchor><level>2</level></section><section id="1192" prefix="(f)"><text/><type>section</type><prefixes><section>(f)</section></prefixes><entire_prefix>(f)</entire_prefix><prefix_anchor>(f)</prefix_anchor><level>1</level></section><section id="1193" prefix="(1)"><text>	The operator of a visiting truck entering and passing through the City shall proceed exclusively on a through truck route or routes until he reaches a point on such route which allows him to proceed by the shortest route to his destination. 
</text><type>section</type><prefixes><section>(f)</section><section>(1)</section></prefixes><entire_prefix>(f)(1)</entire_prefix><prefix_anchor>(f)(1)</prefix_anchor><level>2</level></section><section id="1194" prefix="(2)"><text>	The operator of a visiting truck leaving the City shall proceed by the shortest route to a through truck route and shall proceed exclusively on such through truck route or routes until he leaves the City. 
</text><type>section</type><prefixes><section>(f)</section><section>(2)</section></prefixes><entire_prefix>(f)(2)</entire_prefix><prefix_anchor>(f)(2)</prefix_anchor><level>2</level></section><section id="1195" prefix="(g)"><text>Provisions mandatory; noncompliance declared unlawful. 
The provisions of this section and every subsection hereof are mandatory and not merely directory, and failure to comply with the provisions of this section or any subsection hereof is hereby declared to be unlawful and punishable as provided by law. 
(Code 1959 , &#xA7;21-22; Ord. No. 1980-526, &#xA7;1, 11-18-80; Ord. No. 1981-717, &#xA7;1, 8-4-81; Ord. No. 1984-261, &#xA7;1, 1-3-84; Ord. No. 1986-734, &#xA7;&#xA7;1&#x2014;3, 2-18-86; Ord. No. 1988-182, &#xA7;&#xA7;1, 2, 6-7-88; Ord. No. 1991-825, &#xA7;1, 7-16-91) 
Cross reference: Schedules incorporated by reference, &#xA7;11-2004</text><type>section</type><prefixes><section>(g)</section></prefixes><entire_prefix>(g)</entire_prefix><prefix_anchor>(g)</prefix_anchor><level>1</level></section></text></law>
