<?xml version="1.0"?>
<law><law_id>483</law_id><section_number>11-2206</section_number><catch_line>METER ZONES; PERIOD OF OPERATION.</catch_line><history/><order_by>11-2206</order_by><metadata/><url>/11-2206/</url><token>11-2206</token><structure><unit label="division" level="1" identifier="II">Division II - Planning and Development</unit><unit label="part" level="3" identifier="11">PART 11 - TRANSPORTATION</unit><unit label="chapter" level="4" identifier="2">CHAPTER 2. - MOTOR VEHICLES AND TRAFFIC</unit><unit label="article" level="2" identifier="K">ARTICLE K. - PARKING METERS</unit></structure><referred_to_by><reference>11-2175</reference></referred_to_by><text><section id="1345" prefix=""><text>Parking meters shall be operated in parking meter zones every day between the hours of 8:00 a.m. and 5:00 p.m., except Saturday, Sunday, Independence Day, Labor Day, Thanksgiving Day, Martin Luther King, Jr., Day (third Monday in January), and Christmas Day, and except at the central post office where parking shall be restricted in accordance with the provisions of this chapter and except on such other days and times excepted from time to time by the City Council, and noted on official Traffic Schedule No. 20; provided that the exceptions shall not apply to the fifteen-minute parking meter zone around the post office building. 
(Code 1959 , &#xA7;21-48(f); Ord. No. 1987-954, &#xA7;1, 4-7-87; Ord. No. 2006-998, &#xA7;2, 4-18-06)</text><type>section</type><prefixes><section/></prefixes><entire_prefix/><prefix_anchor/><level>1</level></section></text></law>
