<?xml version="1.0"?>
<law><law_id>371</law_id><section_number>11-2004</section_number><catch_line>SCHEDULE OF TRAFFIC AND PARKING REGULATIONS; INCORPORATION BY REFERENCE.</catch_line><history/><order_by>11-2004</order_by><metadata/><url>/11-2004/</url><token>11-2004</token><structure><unit label="division" level="1" identifier="II">Division II - Planning and Development</unit><unit label="part" level="3" identifier="11">PART 11 - TRANSPORTATION</unit><unit label="chapter" level="4" identifier="2">CHAPTER 2. - MOTOR VEHICLES AND TRAFFIC</unit><unit label="article" level="2" identifier="A">ARTICLE A. - GENERAL PROVISIONS</unit></structure><referred_to_by><reference>11-2054</reference><reference>11-2071</reference><reference>11-2072</reference><reference>11-2073</reference><reference>11-2074</reference><reference>11-2092</reference><reference>11-2093</reference><reference>11-2102</reference><reference>11-2103</reference><reference>11-2104</reference><reference>11-2105</reference><reference>11-2111</reference><reference>11-2132</reference><reference>11-2152</reference><reference>11-2172</reference><reference>11-2173</reference><reference>11-2174</reference><reference>11-2177</reference><reference>11-2178</reference></referred_to_by><text><section id="1064" prefix="(a)"><text>Whenever the provisions of this chapter establish specific traffic and parking regulations and restrictions which are effective only upon certain streets, parts of streets or street areas which are not generally identifiable, or at certain times or for periods of time which are not generally applicable, such traffic and parking regulations, and the locations and/or times where and when the same are effective shall be set out upon official traffic schedules, as amended from time to time by the City Council, and retained permanently in the office of the City Clerk.</text><type>section</type><prefixes><section>(a)</section></prefixes><entire_prefix>(a)</entire_prefix><prefix_anchor>(a)</prefix_anchor><level>1</level></section><section id="1065" prefix="(b)"><text/><type>section</type><prefixes><section>(b)</section></prefixes><entire_prefix>(b)</entire_prefix><prefix_anchor>(b)</prefix_anchor><level>1</level></section></text></law>
