<?xml version="1.0"?>
<law><law_id>420</law_id><section_number>11-2105</section_number><catch_line>RIGHT TURNS ON RED TRAFFIC CONTROL SIGNAL LIGHTS PROHIBITED.</catch_line><history/><order_by>11-2105</order_by><metadata/><url>/11-2105/</url><token>11-2105</token><structure><unit label="division" level="1" identifier="II">Division II - Planning and Development</unit><unit label="part" level="3" identifier="11">PART 11 - TRANSPORTATION</unit><unit label="chapter" level="4" identifier="2">CHAPTER 2. - MOTOR VEHICLES AND TRAFFIC</unit><unit label="article" level="2" identifier="F">ARTICLE F. - TURNING MOVEMENTS</unit></structure><referred_to_by><reference>11-2071</reference></referred_to_by><text><section id="1141" prefix=""><text>After authorized signs have been erected giving notice thereof, it shall be unlawful to proceed to turn right while facing a red traffic light at those locations specified in official Traffic Schedule No. 1, Electronic traffic control signals. 
Cross reference: Schedules incorporated by reference, &#xA7;11-2004</text><type>section</type><prefixes><section/></prefixes><entire_prefix/><prefix_anchor/><level>1</level></section></text></law>
