<?xml version="1.0"?>
<law><law_id>510</law_id><section_number>11-2243</section_number><catch_line>BUILDING MATERIALS ON STREET.</catch_line><history/><order_by>11-2243</order_by><metadata/><url>/11-2243/</url><token>11-2243</token><structure><unit label="division" level="1" identifier="II">Division II - Planning and Development</unit><unit label="part" level="3" identifier="11">PART 11 - TRANSPORTATION</unit><unit label="chapter" level="4" identifier="2">CHAPTER 2. - MOTOR VEHICLES AND TRAFFIC</unit><unit label="article" level="2" identifier="L">ARTICLE L. - SIGNING AND TRAFFIC ROUTING IN THE EVENT OF STREET OBSTRUCTION</unit></structure><referred_to_by/><text><section id="1424" prefix="(a)"><text>Every person permitted by the building inspector to use any portion of any street for the purpose of placing and storing any building material, equipment or supplies, or spoil material from a demolished structure, shall store such items and material on as small amount of space as is reasonably possible.</text><type>section</type><prefixes><section>(a)</section></prefixes><entire_prefix>(a)</entire_prefix><prefix_anchor>(a)</prefix_anchor><level>1</level></section><section id="1425" prefix="(b)"><text/><type>section</type><prefixes><section>(b)</section></prefixes><entire_prefix>(b)</entire_prefix><prefix_anchor>(b)</prefix_anchor><level>1</level></section></text></law>
