<?xml version="1.0"?>
<law><law_id>375</law_id><section_number>11-2008</section_number><catch_line>BICYCLES, MOTORCYCLES AND ANIMALS.</catch_line><history/><order_by>11-2008</order_by><metadata/><url>/11-2008/</url><token>11-2008</token><structure><unit label="division" level="1" identifier="II">Division II - Planning and Development</unit><unit label="part" level="3" identifier="11">PART 11 - TRANSPORTATION</unit><unit label="chapter" level="4" identifier="2">CHAPTER 2. - MOTOR VEHICLES AND TRAFFIC</unit><unit label="article" level="2" identifier="A">ARTICLE A. - GENERAL PROVISIONS</unit></structure><referred_to_by/><text><section id="1069" prefix=""><text>Every person riding a bicycle, motorcycle, or animal or driving an animal-drawn vehicle, or propelling a push cart upon a street, is subject to the provisions of the chapter, except those which are clearly inapplicable. 
Cross reference: Bicycles, &#xA7;11-3001 et seq.</text><type>section</type><prefixes><section/></prefixes><entire_prefix/><prefix_anchor/><level>1</level></section></text></law>
