<?xml version="1.0"?>
<law><law_id>419</law_id><section_number>11-2104</section_number><catch_line>TURNING AT OR BETWEEN INTERSECTIONS.</catch_line><history/><order_by>11-2104</order_by><metadata/><url>/11-2104/</url><token>11-2104</token><structure><unit label="division" level="1" identifier="II">Division II - Planning and Development</unit><unit label="part" level="3" identifier="11">PART 11 - TRANSPORTATION</unit><unit label="chapter" level="4" identifier="2">CHAPTER 2. - MOTOR VEHICLES AND TRAFFIC</unit><unit label="article" level="2" identifier="F">ARTICLE F. - TURNING MOVEMENTS</unit></structure><referred_to_by/><text><section id="1140" prefix=""><text>After authorized signs have been erected giving notice thereof, it shall be unlawful to make a left turn, right turn, or a straight-through movement, respectively, at the locations set out in official Traffic Schedule No. 8, Restricted turns at or between intersections. 
Cross reference: Schedules incorporated by reference, &#xA7;11-2004</text><type>section</type><prefixes><section/></prefixes><entire_prefix/><prefix_anchor/><level>1</level></section></text></law>
