<?xml version="1.0"?>
<law><law_id>383</law_id><section_number>11-2023</section_number><catch_line>TRAFFIC REGULATION AND PEDESTRIAN SAFETY.</catch_line><history/><order_by>11-2023</order_by><metadata/><url>/11-2023/</url><token>11-2023</token><structure><unit label="division" level="1" identifier="II">Division II - Planning and Development</unit><unit label="part" level="3" identifier="11">PART 11 - TRANSPORTATION</unit><unit label="chapter" level="4" identifier="2">CHAPTER 2. - MOTOR VEHICLES AND TRAFFIC</unit><unit label="article" level="2" identifier="B">ARTICLE B. - ADMINISTRATION AND ENFORCEMENT</unit></structure><referred_to_by/><text><section id="1077" prefix=""><text>In the event that it becomes immediately necessary to protect the safety of motorists and pedestrians, the law enforcement officers of the City may direct traffic as required and may place temporary official traffic-control devices without regard to the other provisions of this chapter. No person may refuse to comply with a lawful order of a law enforcement officer when the order is given under the authority of this section.</text><type>section</type><prefixes><section/></prefixes><entire_prefix/><prefix_anchor/><level>1</level></section></text></law>
