<?xml version="1.0"?>
<law><law_id>385</law_id><section_number>11-2025</section_number><catch_line>CIVIL PENALTIES.</catch_line><history/><order_by>11-2025</order_by><metadata/><url>/11-2025/</url><token>11-2025</token><structure><unit label="division" level="1" identifier="II">Division II - Planning and Development</unit><unit label="part" level="3" identifier="11">PART 11 - TRANSPORTATION</unit><unit label="chapter" level="4" identifier="2">CHAPTER 2. - MOTOR VEHICLES AND TRAFFIC</unit><unit label="article" level="2" identifier="B">ARTICLE B. - ADMINISTRATION AND ENFORCEMENT</unit></structure><referred_to_by><reference>2-2061</reference></referred_to_by><text><section id="1079" prefix="(a)"><text>Violations of Articles J and K of this chapter shall subject the offender to the civil penalties hereinafter enumerated. Pursuant to G.S. 160A-175, all criminal penalties for these violations as set out in G.S. 14-4 are hereby removed. Civil penalties may be recovered by the City in a civil action in the nature of debt or may be collected in such other amounts as prescribed herein within the prescribed time following the issuance of notice or citation for the violation.</text><type>section</type><prefixes><section>(a)</section></prefixes><entire_prefix>(a)</entire_prefix><prefix_anchor>(a)</prefix_anchor><level>1</level></section><section id="1080" prefix="(b)"><text>Notice to be affixed. 
Whenever a member of the Police Department of the City or other person charged by ordinance or Charter with the enforcement of the provisions of this chapter regulating the parking of vehicles shall find that any of those provisions are being, or have been, violated by the owner or operator of any vehicle, such officer or person shall notify the owner or operator of the vehicle of the violation by conspicuously attaching to the vehicle a parking violation notice or citation in such form as the Finance Director may direct.</text><type>section</type><prefixes><section>(b)</section></prefixes><entire_prefix>(b)</entire_prefix><prefix_anchor>(b)</prefix_anchor><level>1</level></section><section id="1081" prefix="(c)"><text>Same; contents. 
Such parking violation notice or citation shall, among other things, (i) state upon its face the amount of the penalty for the specific violation if the penalty is paid within twenty-one (21) days from and after the violation; (ii) notify the offender that a failure to pay the penalty within twenty-one (21) days from the violation shall subject the offender to an additional late penalty in the amount of twenty dollars ($20.00); (iii) notify the offender that a failure to pay the penalty within one hundred eighty (180) days from the violation shall subject the offender to a late penalty in the amount of ten dollars ($10.00), in addition to the one imposed for failure to pay within twenty-one (21) days of the violation (iv) notify the offender that a failure to pay the penalty within the prescribed time shall subject the offender to a civil action in the nature of debt for the stated penalty plus an additional penalty in the amount of ninety-five dollars ($95.00), together with the cost of the action to be taxed by the court; (v) further provide that the offender may answer the City parking citation by mailing the citation and the stated penalty to Citation Processing Center, P.O. Box 6649, Rockville, MD 20849-6649, or may pay the amount in person at 222 West Hargett Street, Revenue Service Lobby and that upon payment, the case or claim and right of action by the City will be deemed compromised and settled; (vi) that the penalty must be either paid or the failure to pay must be cleared within twenty-one (21) days of the issuance of the citation. The notice shall further state that if the parking violation citation is no</text><type>section</type><prefixes><section>(c)</section></prefixes><entire_prefix>(c)</entire_prefix><prefix_anchor>(c)</prefix_anchor><level>1</level></section><section id="1082" prefix="(d)"><text>Settlement of claim. 
The supervisor of the violations division is authorized to accept payments in full and final settlement of the claim or claims, right or rights of action which the City may have to enforce such penalty by civil action in the nature of debt. Acceptance of a penalty shall be deemed a full and final release of any and all claims, or right of action arising out of contended violations.</text><type>section</type><prefixes><section>(d)</section></prefixes><entire_prefix>(d)</entire_prefix><prefix_anchor>(d)</prefix_anchor><level>1</level></section><section id="1083" prefix="(e)"><text/><type>section</type><prefixes><section>(e)</section></prefixes><entire_prefix>(e)</entire_prefix><prefix_anchor>(e)</prefix_anchor><level>1</level></section><section id="1084" prefix="(1)"><text>	Parking, stopping or standing in certain places, designated in &#xA7;11-2171, to-wit: 
a.	Obstructing traffic (11-2171(a)).
b.	On a sidewalk (11-2171(b)(1)). 
c.	Within an intersection (11-2171(b)(2)). 
d.	Double stopping, standing or parking (11-2171(b)(9)). 
e.	Stopping, standing or parking in front of a fire hydrant or within a fire hydrant zone (11-2171(b)(10)). 
f.	Blocking, or parking within five (5) feet on either side of, a private road or driveway (11-2171(b)(11)). 
g.	Blocking or otherwise obstructing ingress to, egress from, or passage through City-owned, off-street parking areas for the general public, as provided in &#xA7;11-2171(b)(12) (paragraph 2): $30.00. 
</text><type>section</type><prefixes><section>(e)</section><section>(1)</section></prefixes><entire_prefix>(e)(1)</entire_prefix><prefix_anchor>(e)(1)</prefix_anchor><level>2</level></section><section id="1085" prefix="(2)"><text/><type>section</type><prefixes><section>(e)</section><section>(2)</section></prefixes><entire_prefix>(e)(2)</entire_prefix><prefix_anchor>(e)(2)</prefix_anchor><level>2</level></section><section id="1086" prefix="(3)"><text/><type>section</type><prefixes><section>(e)</section><section>(3)</section></prefixes><entire_prefix>(e)(3)</entire_prefix><prefix_anchor>(e)(3)</prefix_anchor><level>2</level></section><section id="1087" prefix="(4)"><text>	Unauthorized parking in municipal building parking areas as provided in &#xA7;11-2175: $30.00. 
</text><type>section</type><prefixes><section>(e)</section><section>(4)</section></prefixes><entire_prefix>(e)(4)</entire_prefix><prefix_anchor>(e)(4)</prefix_anchor><level>2</level></section><section id="1088" prefix="(5)"><text>	Unauthorized truck parking as provided in &#xA7;11-2176: $30.00. 
</text><type>section</type><prefixes><section>(e)</section><section>(5)</section></prefixes><entire_prefix>(e)(5)</entire_prefix><prefix_anchor>(e)(5)</prefix_anchor><level>2</level></section><section id="1089" prefix="(6)"><text>	Unauthorized parking in loading zones as provided in &#xA7;11-2177: $30.00. 
</text><type>section</type><prefixes><section>(e)</section><section>(6)</section></prefixes><entire_prefix>(e)(6)</entire_prefix><prefix_anchor>(e)(6)</prefix_anchor><level>2</level></section><section id="1090" prefix="(7)"><text/><type>section</type><prefixes><section>(e)</section><section>(7)</section></prefixes><entire_prefix>(e)(7)</entire_prefix><prefix_anchor>(e)(7)</prefix_anchor><level>2</level></section><section id="1091" prefix="(8)"><text>	Improper parking in a valet zone as provided in &#xA7;11-2186: $30.00. 
</text><type>section</type><prefixes><section>(e)</section><section>(8)</section></prefixes><entire_prefix>(e)(8)</entire_prefix><prefix_anchor>(e)(8)</prefix_anchor><level>2</level></section><section id="1092" prefix="(9)"><text>	All other parking, standing or stopping violations established under Articles J and K of this chapter: $20.00. 
</text><type>section</type><prefixes><section>(e)</section><section>(9)</section></prefixes><entire_prefix>(e)(9)</entire_prefix><prefix_anchor>(e)(9)</prefix_anchor><level>2</level></section><section id="1093" prefix="(f)"><text/><type>section</type><prefixes><section>(f)</section></prefixes><entire_prefix>(f)</entire_prefix><prefix_anchor>(f)</prefix_anchor><level>1</level></section><section id="1094" prefix="(1)"><text>	A delinquent penalty of twenty dollars ($20.00), in addition to the one imposed for payment within forty-eight (48) hours, shall apply in those cases in which the penalties prescribed in subsection (e) above have not been paid within twenty-one (21) days from the date of the violation. 
</text><type>section</type><prefixes><section>(f)</section><section>(1)</section></prefixes><entire_prefix>(f)(1)</entire_prefix><prefix_anchor>(f)(1)</prefix_anchor><level>2</level></section><section id="1095" prefix="(2)"><text>	A delinquent penalty of ten dollars ($10.00), in addition to the one imposed for failure to pay within twenty-one (21) days shall apply in those cases in which the penalties prescribed in subsection (e) above have not been paid within one hundred eighty (180) days from the date of the violation. 
</text><type>section</type><prefixes><section>(f)</section><section>(2)</section></prefixes><entire_prefix>(f)(2)</entire_prefix><prefix_anchor>(f)(2)</prefix_anchor><level>2</level></section><section id="1096" prefix="(3)"><text>	A penalty of thirty-five dollars ($35.00), in addition to the one imposed for payment within forty-eight (48) hours and the delinquent penalties, shall apply in those cases in which the penalties set forth above in subsection (e) have not been paid within the prescribed period of time, and in which a civil action shall have been instituted. 
</text><type>section</type><prefixes><section>(f)</section><section>(3)</section></prefixes><entire_prefix>(f)(3)</entire_prefix><prefix_anchor>(f)(3)</prefix_anchor><level>2</level></section><section id="1097" prefix="(g)"><text>Penalties, to general fund. 
All penalties paid to the violations division or as may be recovered in a civil action in the nature of debt as herein provided shall be paid into the general fund of the City at such time and under such regulations as may be prescribed by the Finance Director. 
(Code 1959 , &#xA7;21-12.1; Ord. No. 1986-774, &#xA7;&#xA7;2, 3, 4-15-86; Ord. No. 1989-456, &#xA7;1, 11-7-89; Ord. No. 1990-477, &#xA7;&#xA7;1, 2, 1-2-90; Ord. No. 1991-873, &#xA7;1, 11-19-91; Ord. No. 1992-887, &#xA7;&#xA7;1&#x2014;4, 12-3-91; Ord. No. 1994-436A, &#xA7;1, 6-28-94; Ord. No. 2003-396, &#xA7;1, 3-4-03; Ord. No. 2004-666A, &#xA7;&#xA7;1&#x2014;8, 6-29-04; Ord. No. 2007-268, &#xA7;&#xA7;1&#x2014;8, 7-24-07, eff. 10-1-07; Ord. No. 2010-724, &#xA7;1, 4-20-10, eff. 6-1-10; Ord. No. 2012-3, &#xA7;&#xA7;1, 2, 1-17-12; Ord. No. 2012-57, &#xA7;&#xA7;1, 2, 6-5-12, eff. 10-1-12)</text><type>section</type><prefixes><section>(g)</section></prefixes><entire_prefix>(g)</entire_prefix><prefix_anchor>(g)</prefix_anchor><level>1</level></section></text></law>
