<?xml version="1.0"?>
<law><law_id>382</law_id><section_number>11-2022</section_number><catch_line>ACCIDENT INVESTIGATION.</catch_line><history/><order_by>11-2022</order_by><metadata/><url>/11-2022/</url><token>11-2022</token><structure><unit label="division" level="1" identifier="II">Division II - Planning and Development</unit><unit label="part" level="3" identifier="11">PART 11 - TRANSPORTATION</unit><unit label="chapter" level="4" identifier="2">CHAPTER 2. - MOTOR VEHICLES AND TRAFFIC</unit><unit label="article" level="2" identifier="B">ARTICLE B. - ADMINISTRATION AND ENFORCEMENT</unit></structure><referred_to_by/><text><section id="1076" prefix=""><text>It is the duty of the law enforcement officers of the City to investigate traffic accidents and to obtain prosecution of those persons apparently guilty of violations of this chapter or state motor vehicle laws causing or contributing to those accidents. The owner or operator of any ambulance must arrange for the Wake County Emergency Communications Center to be notified before leaving to answer a call to the scene of a traffic accident.</text><type>section</type><prefixes><section/></prefixes><entire_prefix/><prefix_anchor/><level>1</level></section></text></law>
