<?xml version="1.0"?>
<law><law_id>372</law_id><section_number>11-2005</section_number><catch_line>PUBLIC EMPLOYEES.</catch_line><history/><order_by>11-2005</order_by><metadata/><url>/11-2005/</url><token>11-2005</token><structure><unit label="division" level="1" identifier="II">Division II - Planning and Development</unit><unit label="part" level="3" identifier="11">PART 11 - TRANSPORTATION</unit><unit label="chapter" level="4" identifier="2">CHAPTER 2. - MOTOR VEHICLES AND TRAFFIC</unit><unit label="article" level="2" identifier="A">ARTICLE A. - GENERAL PROVISIONS</unit></structure><referred_to_by><reference>11-2053</reference></referred_to_by><text><section id="1066" prefix=""><text>The provisions of this chapter apply to the driver of any vehicle owned by or used in the service of the United States government, this State, its counties or any political subdivision of this State, except persons and vehicles actually engaged in street surface work, including street cleaning, and in construction, repairs or maintenance, but not while traveling to or from such work. 
State law reference: Provisions as to liability for negligent operation of motor vehicles by City officers, employees or agents, G.S. &#xA7;160A-185 et seq.</text><type>section</type><prefixes><section/></prefixes><entire_prefix/><prefix_anchor/><level>1</level></section></text></law>
