<?xml version="1.0"?>
<law><law_id>368</law_id><section_number>11-2002</section_number><catch_line>DEFINITIONS SUPPLEMENTAL TO GENERAL STATUTES.</catch_line><history/><order_by>11-2002</order_by><metadata/><url>/11-2002/</url><token>11-2002</token><structure><unit label="division" level="1" identifier="II">Division II - Planning and Development</unit><unit label="part" level="3" identifier="11">PART 11 - TRANSPORTATION</unit><unit label="chapter" level="4" identifier="2">CHAPTER 2. - MOTOR VEHICLES AND TRAFFIC</unit><unit label="article" level="2" identifier="A">ARTICLE A. - GENERAL PROVISIONS</unit></structure><referred_to_by/><text><section id="1061" prefix=""><text>Words and phrases used in this chapter and not specifically defined in &#xA7;11-2001 above shall have the meaning respectively ascribed to them by Chapter 20 of the General Statutes of North Carolina. 
(Code 1950, &#xA7;29.1) 
State law reference: Definitions in state motor vehicle act, G.S. 20-4-01.</text><type>section</type><prefixes><section/></prefixes><entire_prefix/><prefix_anchor/><level>1</level></section></text></law>
