<?xml version="1.0"?>
<law><law_id>502</law_id><section_number>11-2236</section_number><catch_line>ALTERNATE WARNING DEVICES WHEN DURATION OF OBSTRUCTION 30 MINUTES OR LESS.</catch_line><history/><order_by>11-2236</order_by><metadata/><url>/11-2236/</url><token>11-2236</token><structure><unit label="division" level="1" identifier="II">Division II - Planning and Development</unit><unit label="part" level="3" identifier="11">PART 11 - TRANSPORTATION</unit><unit label="chapter" level="4" identifier="2">CHAPTER 2. - MOTOR VEHICLES AND TRAFFIC</unit><unit label="article" level="2" identifier="L">ARTICLE L. - SIGNING AND TRAFFIC ROUTING IN THE EVENT OF STREET OBSTRUCTION</unit></structure><referred_to_by/><text><section id="1416" prefix=""><text>In the event that the obstruction of the street will last no longer than thirty (30) minutes, the person, persons, agency or corporation obstructing the street may, in lieu of using the other warning devices provided for in this article, use only high level warning devices or may use rotary flashing lights mounted on each vehicle present at the obstruction which is being used in furtherance of the work being performed at the site of the obstruction. 
(Code 1959 , &#xA7;19-38)</text><type>section</type><prefixes><section/></prefixes><entire_prefix/><prefix_anchor/><level>1</level></section></text></law>
