<?xml version="1.0"?>
<law><law_id>442</law_id><section_number>11-2135</section_number><catch_line>GENERAL.</catch_line><history/><order_by>11-2135</order_by><metadata/><url>/11-2135/</url><token>11-2135</token><structure><unit label="division" level="1" identifier="II">Division II - Planning and Development</unit><unit label="part" level="3" identifier="11">PART 11 - TRANSPORTATION</unit><unit label="chapter" level="4" identifier="2">CHAPTER 2. - MOTOR VEHICLES AND TRAFFIC</unit><unit label="article" level="2" identifier="H">ARTICLE H. - MISCELLANEOUS DRIVING RULES</unit></structure><referred_to_by/><text><section id="1205" prefix="(a)"><text/><type>section</type><prefixes><section>(a)</section></prefixes><entire_prefix>(a)</entire_prefix><prefix_anchor>(a)</prefix_anchor><level>1</level></section><section id="1206" prefix="(b)"><text>The owner shall be responsible for a violation under this section, except when the owner can provide evidence that the vehicle was in the care, custody, or control of another person at the time of the violation as described in (c).</text><type>section</type><prefixes><section>(b)</section></prefixes><entire_prefix>(b)</entire_prefix><prefix_anchor>(b)</prefix_anchor><level>1</level></section><section id="1207" prefix="(c)"><text/><type>section</type><prefixes><section>(c)</section></prefixes><entire_prefix>(c)</entire_prefix><prefix_anchor>(c)</prefix_anchor><level>1</level></section><section id="1208" prefix="(1)"><text>	An affidavit stating the name and address of the person or entity who had the care, custody or control of the vehicle at the time of the violation. 
</text><type>section</type><prefixes><section>(c)</section><section>(1)</section></prefixes><entire_prefix>(c)(1)</entire_prefix><prefix_anchor>(c)(1)</prefix_anchor><level>2</level></section><section id="1209" prefix="(2)"><text>	An affidavit by the owner stating that at the time of the violation the vehicle involved was stolen. The affidavit must include supporting evidence, such as insurance or police report information. 
</text><type>section</type><prefixes><section>(c)</section><section>(2)</section></prefixes><entire_prefix>(c)(2)</entire_prefix><prefix_anchor>(c)(2)</prefix_anchor><level>2</level></section><section id="1210" prefix="(3)"><text>	An affidavit that the person who received the citation is not the owner of the vehicle and was not the driver of it, or a notarized statement that the person who received the citation was not driving any vehicle at the time and place designated in the citation. 
</text><type>section</type><prefixes><section>(c)</section><section>(3)</section></prefixes><entire_prefix>(c)(3)</entire_prefix><prefix_anchor>(c)(3)</prefix_anchor><level>2</level></section><section id="1211" prefix="(d)"><text>The Raleigh Transportation Department shall administer the traffic-control photographic system and program and shall maintain a list of system locations and shall see that all locations are marked as required by c.286, s.l.2001. 
(Ord. No. 2001-108, &#xA7;2, 11-7-01; ; Ord. No. 2003-434, &#xA7;1, 5-6-03; Ord. No. 2003-497, &#xA7;1, 9-2-03)</text><type>section</type><prefixes><section>(d)</section></prefixes><entire_prefix>(d)</entire_prefix><prefix_anchor>(d)</prefix_anchor><level>1</level></section></text></law>
