<?xml version="1.0"?>
<law><law_id>453</law_id><section_number>11-2171</section_number><catch_line>PARKING PROHIBITED IN CERTAIN PLACES.</catch_line><history/><order_by>11-2171</order_by><metadata/><url>/11-2171/</url><token>11-2171</token><structure><unit label="division" level="1" identifier="II">Division II - Planning and Development</unit><unit label="part" level="3" identifier="11">PART 11 - TRANSPORTATION</unit><unit label="chapter" level="4" identifier="2">CHAPTER 2. - MOTOR VEHICLES AND TRAFFIC</unit><unit label="article" level="2" identifier="J">ARTICLE J. - PARKING AND STANDING</unit></structure><referred_to_by><reference>11-2125</reference><reference>11-2182</reference></referred_to_by><text><section id="1233" prefix="(a)"><text>Obstructing traffic. 
It shall be unlawful for any person to stop, stand or park any vehicle upon a street, or alley, in such manner or under such conditions as to obstruct the free movement of vehicular traffic, except that a driver may stop temporarily during the actual unloading of passengers or when necessary to obey traffic regulations or signs or signals, or signals of a police officer.</text><type>section</type><prefixes><section>(a)</section></prefixes><entire_prefix>(a)</entire_prefix><prefix_anchor>(a)</prefix_anchor><level>1</level></section><section id="1234" prefix="(b)"><text/><type>section</type><prefixes><section>(b)</section></prefixes><entire_prefix>(b)</entire_prefix><prefix_anchor>(b)</prefix_anchor><level>1</level></section><section id="1235" prefix="(1)"><text>	On a sidewalk, in the area between the roadway and the sidewalk, in the area between the right-of-way line and the roadway or in the median area of a divided roadway. 
</text><type>section</type><prefixes><section>(b)</section><section>(1)</section></prefixes><entire_prefix>(b)(1)</entire_prefix><prefix_anchor>(b)(1)</prefix_anchor><level>2</level></section><section id="1236" prefix="(2)"><text>	On or within twelve (12) feet of a crosswalk. 
</text><type>section</type><prefixes><section>(b)</section><section>(2)</section></prefixes><entire_prefix>(b)(2)</entire_prefix><prefix_anchor>(b)(2)</prefix_anchor><level>2</level></section><section id="1237" prefix="(3)"><text>	Within an intersection. 
</text><type>section</type><prefixes><section>(b)</section><section>(3)</section></prefixes><entire_prefix>(b)(3)</entire_prefix><prefix_anchor>(b)(3)</prefix_anchor><level>2</level></section><section id="1238" prefix="(4)"><text>	Within twenty-five (25) feet upon the approach to any flashing beacon, stop sign or traffic-control signal located at the side of a street or roadway. 
</text><type>section</type><prefixes><section>(b)</section><section>(4)</section></prefixes><entire_prefix>(b)(4)</entire_prefix><prefix_anchor>(b)(4)</prefix_anchor><level>2</level></section><section id="1239" prefix="(5)"><text>	Underpass approaches. No vehicle shall park on either side of any street approaching a railroad underpass or overhead bridge within fifty (50) feet in any direction of the outer edge of such underpass or overhead bridge. 
</text><type>section</type><prefixes><section>(b)</section><section>(5)</section></prefixes><entire_prefix>(b)(5)</entire_prefix><prefix_anchor>(b)(5)</prefix_anchor><level>2</level></section><section id="1240" prefix="(6)"><text>	Grade crossing approaches. No vehicle shall park on either side of any street approaching a grade crossing within fifty (50) feet of the closest rail; provided, that where existing permanent structures are located along the street and closer than fifty (50) feet, parking may be permitted in front of such structures, unless otherwise prohibited, if the parking does not interfere with the view in either direction of an approaching locomotive or train. 
</text><type>section</type><prefixes><section>(b)</section><section>(6)</section></prefixes><entire_prefix>(b)(6)</entire_prefix><prefix_anchor>(b)(6)</prefix_anchor><level>2</level></section><section id="1241" prefix="(7)"><text>	Alongside or opposite any street excavation or obstruction when such stopping, standing or parking would obstruct traffic. 
</text><type>section</type><prefixes><section>(b)</section><section>(7)</section></prefixes><entire_prefix>(b)(7)</entire_prefix><prefix_anchor>(b)(7)</prefix_anchor><level>2</level></section><section id="1242" prefix="(8)"><text>	Upon any bridge or other elevated structure or within any underpass structure.
</text><type>section</type><prefixes><section>(b)</section><section>(8)</section></prefixes><entire_prefix>(b)(8)</entire_prefix><prefix_anchor>(b)(8)</prefix_anchor><level>2</level></section><section id="1243" prefix="(9)"><text>	On the roadway side of any vehicle stopped, standing or parked at the edge or curb of a street. 
(10)	Within fifteen (15) feet in either direction of a fire hydrant, unless a greater or lesser distance is designated by action of the Council and appropriate signs or markings are displayed. 
</text><type>section</type><prefixes><section>(b)</section><section>(9)</section></prefixes><entire_prefix>(b)(9)</entire_prefix><prefix_anchor>(b)(9)</prefix_anchor><level>2</level></section><section id="1244" prefix="(11"><text>	Within five (5) feet on either side from a private road or driveway, or in such a manner to block the passage of vehicles to or from such road or driveway. 
</text><type>section</type><prefixes><section>(b)</section><section>(11</section></prefixes><entire_prefix>(b)(11</entire_prefix><prefix_anchor>(b)(11</prefix_anchor><level>2</level></section><section id="1245" prefix="(12"><text>	City-owned parking areas. It shall be unlawful in any off-street lot or area owned by the City and provided for general public parking to park a motor vehicle, or for the registered owner of a motor vehicle to allow such vehicle to be parked, in any manner other than within properly designated parking spaces. 
Further, in any such off-street parking lot or area owned by the City and provided for general public parking, it shall be unlawful to park a motor vehicle or for the registered owner of a motor vehicle to allow such vehicle to be parked, in such a manner as would block or otherwise obstruct the reasonable ingress to or egress from such parking area or lot by other motor vehicles, or as would block or obstruct the passage of emergency vehicles through such parking area or lot. 
</text><type>section</type><prefixes><section>(b)</section><section>(12</section></prefixes><entire_prefix>(b)(12</entire_prefix><prefix_anchor>(b)(12</prefix_anchor><level>2</level></section><section id="1246" prefix="(13"><text>	In any parking place designated as a car share space unless the vehicle belongs to a car sharing agency or company approved by and listed with the City of Raleigh pursuant to &#xA7;11-2001 of this Code. 
(Code 1959 , &#xA7;21-34(a); Ord. No. 1982-821, &#xA7;1, 1-5-82; Ord. No. 1982-933, &#xA7;1, 6-29-82; Ord. No. 1990-591, &#xA7;1, 6-5-90; Ord. No. 2012-122, &#xA7;2, 11-20-12, eff. 11-27-12) 
Cross reference: Parking restrictions in City-owned parks, Part 9, Ch. 2, Art. B. 
State law reference: Stopping on highway prohibited, G.S. 20-161. 
</text><type>section</type><prefixes><section>(b)</section><section>(13</section></prefixes><entire_prefix>(b)(13</entire_prefix><prefix_anchor>(b)(13</prefix_anchor><level>2</level></section></text></law>
