<?xml version="1.0"?>
<law><law_id>512</law_id><section_number>11-2245</section_number><catch_line>VIOLATION AND NONCOMPLIANCE.</catch_line><history/><order_by>11-2245</order_by><metadata/><url>/11-2245/</url><token>11-2245</token><structure><unit label="division" level="1" identifier="II">Division II - Planning and Development</unit><unit label="part" level="3" identifier="11">PART 11 - TRANSPORTATION</unit><unit label="chapter" level="4" identifier="2">CHAPTER 2. - MOTOR VEHICLES AND TRAFFIC</unit><unit label="article" level="2" identifier="L">ARTICLE L. - SIGNING AND TRAFFIC ROUTING IN THE EVENT OF STREET OBSTRUCTION</unit></structure><referred_to_by/><text><section id="1427" prefix="(a)"><text>Any person, persons or corporation that wilfully violates any provision of this article shall be guilty of a misdemeanor.</text><type>section</type><prefixes><section>(a)</section></prefixes><entire_prefix>(a)</entire_prefix><prefix_anchor>(a)</prefix_anchor><level>1</level></section><section id="1428" prefix="(b)"><text>In the event that any person, persons, firm or corporation continually fails to comply with the provisions of this article, such continuing failure to comply shall be grounds for the Transportation Department or the Transportation Director to refuse to issue such person, persons, firm or corporation a permit to work on the public right-of-way.</text><type>section</type><prefixes><section>(b)</section></prefixes><entire_prefix>(b)</entire_prefix><prefix_anchor>(b)</prefix_anchor><level>1</level></section><section id="1429" prefix="(c)"><text>Site control superintendent, general contractors, or others responsible for subcontractors or their agents shall be held responsible for compliance with the provisions of this article. 
(Code 1959 , &#xA7;19-44; Ord. No. 1994-393, &#xA7;&#xA7;11, 12, 5-3-94; Ord. No. 1998-454, &#xA7;18, 11-4-98)</text><type>section</type><prefixes><section>(c)</section></prefixes><entire_prefix>(c)</entire_prefix><prefix_anchor>(c)</prefix_anchor><level>1</level></section></text></law>
