<?xml version="1.0"?>
<law><law_id>406</law_id><section_number>11-2074</section_number><catch_line>THROUGH STREETS.</catch_line><history/><order_by>11-2074</order_by><metadata/><url>/11-2074/</url><token>11-2074</token><structure><unit label="division" level="1" identifier="II">Division II - Planning and Development</unit><unit label="part" level="3" identifier="11">PART 11 - TRANSPORTATION</unit><unit label="chapter" level="4" identifier="2">CHAPTER 2. - MOTOR VEHICLES AND TRAFFIC</unit><unit label="article" level="2" identifier="D">ARTICLE D. - STOPS REQUIRED</unit></structure><referred_to_by/><text><section id="1127" prefix=""><text>It shall be unlawful for any person to fail to stop at a stop sign or yield at a yield sign, as required by Chapters 20-158 and 20-158.1 of the General Statutes and &#xA7;11-2072 and &#xA7;11-2073 above, before entering any of the streets or parts of streets listed in official Traffic Schedule No. 4, Through Street; provided, if any such intersections are controlled by traffic signals, stop signs, yield signs, or other traffic-control devices as provided for in &#xA7;11-2071, &#xA7;11-2072 or &#xA7;11-2073 of this Code, such controls shall take precedence over this section. Traffic stop or yield signs shall be erected at all streets intersecting the through streets designated in official Traffic Schedule No. 4 unless otherwise provided for in this chapter. 
Cross reference: Schedules incorporated by reference, &#xA7;11-2004</text><type>section</type><prefixes><section/></prefixes><entire_prefix/><prefix_anchor/><level>1</level></section></text></law>
