<?xml version="1.0"?>
<law><law_id>482</law_id><section_number>11-2205</section_number><catch_line>PARKING TIME LIMITS.</catch_line><history/><order_by>11-2205</order_by><metadata/><url>/11-2205/</url><token>11-2205</token><structure><unit label="division" level="1" identifier="II">Division II - Planning and Development</unit><unit label="part" level="3" identifier="11">PART 11 - TRANSPORTATION</unit><unit label="chapter" level="4" identifier="2">CHAPTER 2. - MOTOR VEHICLES AND TRAFFIC</unit><unit label="article" level="2" identifier="K">ARTICLE K. - PARKING METERS</unit></structure><referred_to_by><reference>11-2175</reference></referred_to_by><text><section id="1341" prefix="(a)"><text>Fifteen-minute parking meter zones. 
Parking or standing a vehicle in a designated space in a fifteen-minute parking zone as provided in Traffic 
Schedule No. 20, parking meter zones, shall be lawful for fifteen (15) minutes upon deposit of fifty cents ($0.50) in coins of the United States of America.</text><type>section</type><prefixes><section>(a)</section></prefixes><entire_prefix>(a)</entire_prefix><prefix_anchor>(a)</prefix_anchor><level>1</level></section><section id="1342" prefix="(b)"><text>Thirty-minute parking meter zones. 
Parking or standing a vehicle in a designated space in a thirty-minute parking meter zone as provided by official Traffic Schedule No. 20, parking meter zones, shall be lawful for thirty (30) minutes upon deposit of fifty cents ($0.50) in coins of the United States of America.</text><type>section</type><prefixes><section>(b)</section></prefixes><entire_prefix>(b)</entire_prefix><prefix_anchor>(b)</prefix_anchor><level>1</level></section><section id="1343" prefix="(c)"><text>One-hour parking meter zones. 
Parking or standing a vehicle in a designated space in a one-hour parking meter zone as provided by official Traffic Schedule No. 20, shall be lawful for one (1) hour upon deposit of fifty cents ($0.50) in coins of the United States of America.</text><type>section</type><prefixes><section>(c)</section></prefixes><entire_prefix>(c)</entire_prefix><prefix_anchor>(c)</prefix_anchor><level>1</level></section><section id="1344" prefix="(d)"><text>Two-hour parking meter zones. 
Parking or standing a vehicle in a designated space in a two-hour parking meter zone, as provided by official Traffic Schedule No. 20, shall be lawful for two (2) hours upon deposit of fifty cents ($0.50) in coins of the United States of America. 
(Code 1959 , &#xA7;21-48(a)&#x2014;(d); Ord. No. 1989-427, &#xA7;1, 9-5-89; Ord. No. 2004-666A, &#xA7;&#xA7;9&#x2014;12, 6-29-04)</text><type>section</type><prefixes><section>(d)</section></prefixes><entire_prefix>(d)</entire_prefix><prefix_anchor>(d)</prefix_anchor><level>1</level></section></text></law>
