<?xml version="1.0"?>
<law><law_id>405</law_id><section_number>11-2073</section_number><catch_line>YIELD SIGNS.</catch_line><history/><order_by>11-2073</order_by><metadata/><url>/11-2073/</url><token>11-2073</token><structure><unit label="division" level="1" identifier="II">Division II - Planning and Development</unit><unit label="part" level="3" identifier="11">PART 11 - TRANSPORTATION</unit><unit label="chapter" level="4" identifier="2">CHAPTER 2. - MOTOR VEHICLES AND TRAFFIC</unit><unit label="article" level="2" identifier="D">ARTICLE D. - STOPS REQUIRED</unit></structure><referred_to_by><reference>11-2074</reference></referred_to_by><text><section id="1123" prefix="(a)"><text>The driver of a vehicle approaching a yield sign erected at designated locations, shall, and in obedience to the sign, slow down and yield the right-of-way to any pedestrian crossing the roadway on which he is driving and to any vehicle in movement on the main traveled or through highway or street which is approaching so as to arrive at the intersection at approximately the same time as the vehicle entering the main traveled or through street or highway.</text><type>section</type><prefixes><section>(a)</section></prefixes><entire_prefix>(a)</entire_prefix><prefix_anchor>(a)</prefix_anchor><level>1</level></section><section id="1124" prefix="(b)"><text>The driver of the vehicle approaching a yield sign, if required to stop, shall stop before entering the crosswalk on the near side of the intersection; or in the event there is no crosswalk, at a clearly marked stop line; but if none, then at the point nearest the intersecting roadway where the driver has a view of approaching traffic on the intersecting roadway.</text><type>section</type><prefixes><section>(b)</section></prefixes><entire_prefix>(b)</entire_prefix><prefix_anchor>(b)</prefix_anchor><level>1</level></section><section id="1125" prefix="(c)"><text>In accordance with the above, and when signs are erected giving notice thereof, drivers of vehicles, when entering designated or main-traveled or through streets from intersecting streets in the direction or directions shown, shall yield the right-of-way to approaching pedestrians or vehicles.</text><type>section</type><prefixes><section>(c)</section></prefixes><entire_prefix>(c)</entire_prefix><prefix_anchor>(c)</prefix_anchor><level>1</level></section><section id="1126" prefix="(d)"><text>Yield signs shall be located, and the regulations applicable thereto shall be effective, as designated in official Traffic Schedule No. 3, Yield Signs. 
Cross reference: Schedules incorporated by reference, &#xA7;11-2004 
State law reference: Erection of yield signs, G.S. 20-158.1.</text><type>section</type><prefixes><section>(d)</section></prefixes><entire_prefix>(d)</entire_prefix><prefix_anchor>(d)</prefix_anchor><level>1</level></section></text></law>
