<?xml version="1.0"?>
<law><law_id>486</law_id><section_number>11-2209</section_number><catch_line>CONTENTS OF APPLICATION; FORM.</catch_line><history/><order_by>11-2209</order_by><metadata/><url>/11-2209/</url><token>11-2209</token><structure><unit label="division" level="1" identifier="II">Division II - Planning and Development</unit><unit label="part" level="3" identifier="11">PART 11 - TRANSPORTATION</unit><unit label="chapter" level="4" identifier="2">CHAPTER 2. - MOTOR VEHICLES AND TRAFFIC</unit><unit label="article" level="2" identifier="K">ARTICLE K. - PARKING METERS</unit></structure><referred_to_by/><text><section id="1366" prefix="(a)"><text/><type>section</type><prefixes><section>(a)</section></prefixes><entire_prefix>(a)</entire_prefix><prefix_anchor>(a)</prefix_anchor><level>1</level></section><section id="1367" prefix="(b)"><text>Exhibit of permit. 
In all cases, any permit issued hereunder shall be displayed by the permittee (or his agent) at the location of the parking spaces authorized to be encumbered and shall be exhibited to any officer or employee of the City upon demand. 
(Code 1959 , &#xA7;21-48.1; Ord. No. 1984-452, &#xA7;2, 12-4-84)</text><type>section</type><prefixes><section>(b)</section></prefixes><entire_prefix>(b)</entire_prefix><prefix_anchor>(b)</prefix_anchor><level>1</level></section></text></law>
