<?xml version="1.0"?>
<law><law_id>471</law_id><section_number>11-2186</section_number><catch_line>VALET PARKING.</catch_line><history/><order_by>11-2186</order_by><metadata/><url>/11-2186/</url><token>11-2186</token><structure><unit label="division" level="1" identifier="II">Division II - Planning and Development</unit><unit label="part" level="3" identifier="11">PART 11 - TRANSPORTATION</unit><unit label="chapter" level="4" identifier="2">CHAPTER 2. - MOTOR VEHICLES AND TRAFFIC</unit><unit label="article" level="2" identifier="J">ARTICLE J. - PARKING AND STANDING</unit></structure><referred_to_by/><text><section id="1312" prefix="(a)"><text>[Valet parking.] 
Valet parking means the business of using the streets for the purposes of loading and unloading passengers to and from vehicles and for the parking of those vehicles. Valet parking shall only be operated in connection with a designated valet parking zone.</text><type>section</type><prefixes><section>(a)</section></prefixes><entire_prefix>(a)</entire_prefix><prefix_anchor>(a)</prefix_anchor><level>1</level></section><section id="1313" prefix="(b)"><text>[Permit required.] 
No person shall engage in the business of operating valet parking service in the City without first obtaining a permit pursuant to this section. The operator shall also be required to obtain a valid privilege license from the City but the Revenue Collector cannot issue such privilege license until the valet parking permit has been obtained.</text><type>section</type><prefixes><section>(b)</section></prefixes><entire_prefix>(b)</entire_prefix><prefix_anchor>(b)</prefix_anchor><level>1</level></section><section id="1314" prefix="(c)"><text/><type>section</type><prefixes><section>(c)</section></prefixes><entire_prefix>(c)</entire_prefix><prefix_anchor>(c)</prefix_anchor><level>1</level></section><section id="1315" prefix="(1)"><text>	The name, age, business address and residence of the applicant if a natural person; if a corporation, its name, address of its principal office, and the names of its principal officers together with their respective addresses; if a partnership, association, or other unincorporated entity, the names of the partners, or the names of those comprising the association or company with the address of each. 
</text><type>section</type><prefixes><section>(c)</section><section>(1)</section></prefixes><entire_prefix>(c)(1)</entire_prefix><prefix_anchor>(c)(1)</prefix_anchor><level>2</level></section><section id="1316" prefix="(2)"><text>	The experience of the applicant in the provision of such services and whether any similar permit in any jurisdiction has ever been revoked, and if so, the circumstances of such revocation. 
</text><type>section</type><prefixes><section>(c)</section><section>(2)</section></prefixes><entire_prefix>(c)(2)</entire_prefix><prefix_anchor>(c)(2)</prefix_anchor><level>2</level></section><section id="1317" prefix="(3)"><text/><type>section</type><prefixes><section>(c)</section><section>(3)</section></prefixes><entire_prefix>(c)(3)</entire_prefix><prefix_anchor>(c)(3)</prefix_anchor><level>2</level></section><section id="1318" prefix="(4)"><text>	The street and sidewalk locations and the times during which applicant intends to provide valet service. 
</text><type>section</type><prefixes><section>(c)</section><section>(4)</section></prefixes><entire_prefix>(c)(4)</entire_prefix><prefix_anchor>(c)(4)</prefix_anchor><level>2</level></section><section id="1319" prefix="(5)"><text>	Whether the applicant or any of its principal officers or employees has ever been convicted of a felony or a violation of any narcotic law, or a crime involving moral turpitude. 
</text><type>section</type><prefixes><section>(c)</section><section>(5)</section></prefixes><entire_prefix>(c)(5)</entire_prefix><prefix_anchor>(c)(5)</prefix_anchor><level>2</level></section><section id="1320" prefix="(6)"><text>	Such other information that the Public Works Director or his designee believes necessary to assure that the public streets can meet their main purpose of carrying motor vehicular traffic. 
</text><type>section</type><prefixes><section>(c)</section><section>(6)</section></prefixes><entire_prefix>(c)(6)</entire_prefix><prefix_anchor>(c)(6)</prefix_anchor><level>2</level></section><section id="1321" prefix="(d)"><text>Insurance. 
No permit shall be issued or continued in operation, and no person shall operate a valet parking service unless and until there is in full force and effect a motor vehicle liability insurance policy insuring such owner and each employee thereof, and unless and until such owner shall file with the City Clerk a written certificate of insurance showing that the policy or policies are in effect and that they cannot be cancelled without thirty (30) days written notice to the City Clerk. The policies shall have coverage limits of not less that one million dollars ($1,000,000.00) for death or injury in any one occurrence, and property damage coverage of not less than one hundred thousand dollars ($100,000.00). In addition, the owner shall also furnish the insurance coverage required by &#xA7;11-6001(b) herein.</text><type>section</type><prefixes><section>(d)</section></prefixes><entire_prefix>(d)</entire_prefix><prefix_anchor>(d)</prefix_anchor><level>1</level></section><section id="1322" prefix="(e)"><text>Issuance. 
Upon receipt of the completed application and fee, the Public Works Director or his designee shall conduct any investigation deemed appropriate to determine whether a permit should issue. In making the determination, the number of services already operating in an area, the number of zones already in the area requested, the hours of operation being proposed, and the probable effect of the service of local traffic conditions.</text><type>section</type><prefixes><section>(e)</section></prefixes><entire_prefix>(e)</entire_prefix><prefix_anchor>(e)</prefix_anchor><level>1</level></section><section id="1323" prefix="(f)"><text>Authority of the City . 
The City reserves the right to determine and designate appropriate street locations and times for the operation of valet parking services. Once the City has determined and designated appropriate street locations and times for the operating of valet services, the service shall be limited to parking or unloading vehicles only at those street locations and times. No cars will be parked in on street parking areas. The City reserves the right to add, modify or eliminate street locations and times at any time in order to protect pedestrian traffic and improve conditions for the flow of motor vehicular traffic.</text><type>section</type><prefixes><section>(f)</section></prefixes><entire_prefix>(f)</entire_prefix><prefix_anchor>(f)</prefix_anchor><level>1</level></section><section id="1324" prefix="(g)"><text/><type>section</type><prefixes><section>(g)</section></prefixes><entire_prefix>(g)</entire_prefix><prefix_anchor>(g)</prefix_anchor><level>1</level></section><section id="1325" prefix="(h)"><text>Penalties. 
Violations of the permit requirements are a misdemeanor punishable by a fine of up to five hundred dollars ($500.00) and by any civil remedy available under North Carolina law, G.S. 160A-75. Violations are also grounds for the revocations of the required business privilege license. 
(Ord. No. 2007-159, &#xA7;1, 1-23-07)</text><type>section</type><prefixes><section>(h)</section></prefixes><entire_prefix>(h)</entire_prefix><prefix_anchor>(h)</prefix_anchor><level>1</level></section></text></law>
