<?xml version="1.0"?>
<law><law_id>428</law_id><section_number>11-2122</section_number><catch_line>CLINGING TO MOVING VEHICLES.</catch_line><history/><order_by>11-2122</order_by><metadata/><url>/11-2122/</url><token>11-2122</token><structure><unit label="division" level="1" identifier="II">Division II - Planning and Development</unit><unit label="part" level="3" identifier="11">PART 11 - TRANSPORTATION</unit><unit label="chapter" level="4" identifier="2">CHAPTER 2. - MOTOR VEHICLES AND TRAFFIC</unit><unit label="article" level="2" identifier="H">ARTICLE H. - MISCELLANEOUS DRIVING RULES</unit></structure><referred_to_by/><text><section id="1149" prefix="(a)"><text>It shall be unlawful for any person riding upon any bicycle, motorcycle, coaster, sled, roller skates or any toy vehicle to attach the same or himself to any moving vehicle upon any roadway.</text><type>section</type><prefixes><section>(a)</section></prefixes><entire_prefix>(a)</entire_prefix><prefix_anchor>(a)</prefix_anchor><level>1</level></section><section id="1150" prefix="(b)"><text>It shall be unlawful for any person to ride the running board, fenders or bumpers of any vehicle except on slow moving vehicles in a parade. 
(Code 1959 , &#xA7;21-20)</text><type>section</type><prefixes><section>(b)</section></prefixes><entire_prefix>(b)</entire_prefix><prefix_anchor>(b)</prefix_anchor><level>1</level></section></text></law>
