<?xml version="1.0"?>
<law><law_id>398</law_id><section_number>11-2057</section_number><catch_line>AVOIDANCE OF OFFICIAL TRAFFIC-CONTROL DEVICES.</catch_line><history/><order_by>11-2057</order_by><metadata/><url>/11-2057/</url><token>11-2057</token><structure><unit label="division" level="1" identifier="II">Division II - Planning and Development</unit><unit label="part" level="3" identifier="11">PART 11 - TRANSPORTATION</unit><unit label="chapter" level="4" identifier="2">CHAPTER 2. - MOTOR VEHICLES AND TRAFFIC</unit><unit label="article" level="2" identifier="C">ARTICLE C. - OFFICIAL TRAFFIC-CONTROL DEVICES AND SIGNS</unit></structure><referred_to_by/><text><section id="1110" prefix=""><text>It shall be unlawful to drive across a sidewalk or through the driveway of a gasoline filling station or other property for the purpose of avoiding an official traffic-control device; further, when signs have been erected giving notice thereof, it shall be unlawful to drive across private property for the exclusive purpose of traveling from one public street to a second public street. 
(Ord. No. 1990-515, &#xA7;1, 3-20-90)</text><type>section</type><prefixes><section/></prefixes><entire_prefix/><prefix_anchor/><level>1</level></section></text></law>
