<?xml version="1.0"?>
<law><law_id>369</law_id><section_number>11-2003</section_number><catch_line>UNIFORM RULES OF THE ROAD.</catch_line><history/><order_by>11-2003</order_by><metadata/><url>/11-2003/</url><token>11-2003</token><structure><unit label="division" level="1" identifier="II">Division II - Planning and Development</unit><unit label="part" level="3" identifier="11">PART 11 - TRANSPORTATION</unit><unit label="chapter" level="4" identifier="2">CHAPTER 2. - MOTOR VEHICLES AND TRAFFIC</unit><unit label="article" level="2" identifier="A">ARTICLE A. - GENERAL PROVISIONS</unit></structure><referred_to_by/><text><section id="1062" prefix=""><text>The provisions of G.S. 20-138 et seq., which apply to the operation of vehicles and rules of the road shall be in full force and effect upon the streets and highways within the City and shall be enforced wherever applicable. 
State law references: Authority of cities to regulate traffic, G.S. 160A-300; restrictions on local authorities, G.S. 20-169; operation of motor vehicles and rules of the road, G.S. 20-138 et seq.; motor vehicles generally, G.S. 20-1 et seq.</text><type>section</type><prefixes><section/></prefixes><entire_prefix/><prefix_anchor/><level>1</level></section></text></law>
