<?xml version="1.0"?>
<law><law_id>437</law_id><section_number>11-2130</section_number><catch_line>PROCESSIONS&#x2014;DRIVING THROUGH.</catch_line><history/><order_by>11-2130</order_by><metadata/><url>/11-2130/</url><token>11-2130</token><structure><unit label="division" level="1" identifier="II">Division II - Planning and Development</unit><unit label="part" level="3" identifier="11">PART 11 - TRANSPORTATION</unit><unit label="chapter" level="4" identifier="2">CHAPTER 2. - MOTOR VEHICLES AND TRAFFIC</unit><unit label="article" level="2" identifier="H">ARTICLE H. - MISCELLANEOUS DRIVING RULES</unit></structure><referred_to_by/><text><section id="1164" prefix=""><text>No driver of a vehicle shall drive between the vehicles comprising a funeral procession or other authorized procession while they are in motion and when such vehicles are conspicuously designated as required in this chapter. 
(Code 1959 , &#xA7;21-26)</text><type>section</type><prefixes><section/></prefixes><entire_prefix/><prefix_anchor/><level>1</level></section></text></law>
