<?xml version="1.0"?>
<law><law_id>417</law_id><section_number>11-2102</section_number><catch_line>TURNING AT CHANNELIZED INTERSECTIONS.</catch_line><history/><order_by>11-2102</order_by><metadata/><url>/11-2102/</url><token>11-2102</token><structure><unit label="division" level="1" identifier="II">Division II - Planning and Development</unit><unit label="part" level="3" identifier="11">PART 11 - TRANSPORTATION</unit><unit label="chapter" level="4" identifier="2">CHAPTER 2. - MOTOR VEHICLES AND TRAFFIC</unit><unit label="article" level="2" identifier="F">ARTICLE F. - TURNING MOVEMENTS</unit></structure><referred_to_by/><text><section id="1138" prefix=""><text>Upon a street at any intersection where the proper respective lane or lanes for right or left turns or straight ahead movement have been designated by signs, arrows or markers on, above or beside the street, drivers of vehicles, in preparation for a right or left turn or straight ahead movement, shall with proper regard for the safety of others, move into the proper allocated lane at least fifty (50) feet before reaching the intersection and shall make no turn to either right or left or proceed straight ahead unless within a lane in which that turn or straight ahead movement is permitted. Lane allocations at intersections shall be as designated on official Traffic Schedule No. 6, Restricted Turns at Channelized Intersections. 
(Code 1959 , &#xA7;21-28) 
Cross reference: Schedules incorporated by reference, &#xA7;11-2004</text><type>section</type><prefixes><section/></prefixes><entire_prefix/><prefix_anchor/><level>1</level></section></text></law>
