<?xml version="1.0"?>
<law><law_id>441</law_id><section_number>11-2134</section_number><catch_line>DEFINITIONS.</catch_line><history/><order_by>11-2134</order_by><metadata/><url>/11-2134/</url><token>11-2134</token><structure><unit label="division" level="1" identifier="II">Division II - Planning and Development</unit><unit label="part" level="3" identifier="11">PART 11 - TRANSPORTATION</unit><unit label="chapter" level="4" identifier="2">CHAPTER 2. - MOTOR VEHICLES AND TRAFFIC</unit><unit label="article" level="2" identifier="H">ARTICLE H. - MISCELLANEOUS DRIVING RULES</unit></structure><referred_to_by/><text><section id="1201" prefix="(a)"><text>Traffic-control photographic system. 
An electronic system consisting of photographic, video or electronic camera and vehicle sensor installed to work in conjunction with and official traffic control and to automatically produce photographs, video or digital images of each vehicle violating a standard traffic control.</text><type>section</type><prefixes><section>(a)</section></prefixes><entire_prefix>(a)</entire_prefix><prefix_anchor>(a)</prefix_anchor><level>1</level></section><section id="1202" prefix="(b)"><text>In operation. 
In good working order.</text><type>section</type><prefixes><section>(b)</section></prefixes><entire_prefix>(b)</entire_prefix><prefix_anchor>(b)</prefix_anchor><level>1</level></section><section id="1203" prefix="(c)"><text>System location. 
The approach to an intersection toward which a traffic control photographic system is directed and in operation.</text><type>section</type><prefixes><section>(c)</section></prefixes><entire_prefix>(c)</entire_prefix><prefix_anchor>(c)</prefix_anchor><level>1</level></section><section id="1204" prefix="(d)"><text>Vehicle owner. 
The person identified by the N.C. Department of Motor Vehicles as the registered owner of a motor vehicle. 
(Ord. No. 2001-108, &#xA7;1, 11-7-01)</text><type>section</type><prefixes><section>(d)</section></prefixes><entire_prefix>(d)</entire_prefix><prefix_anchor>(d)</prefix_anchor><level>1</level></section></text></law>
