<?xml version="1.0"?>
<law><law_id>487</law_id><section_number>11-2210</section_number><catch_line>ISSUANCE OF PERMITS.</catch_line><history/><order_by>11-2210</order_by><metadata/><url>/11-2210/</url><token>11-2210</token><structure><unit label="division" level="1" identifier="II">Division II - Planning and Development</unit><unit label="part" level="3" identifier="11">PART 11 - TRANSPORTATION</unit><unit label="chapter" level="4" identifier="2">CHAPTER 2. - MOTOR VEHICLES AND TRAFFIC</unit><unit label="article" level="2" identifier="K">ARTICLE K. - PARKING METERS</unit></structure><referred_to_by><reference>11-2211</reference></referred_to_by><text><section id="1368" prefix=""><text>When the application has been approved by the Inspections Department, a permit will be issued for the date or dates requested; provided, however, that no permit issued hereunder shall be for a period in excess of thirty (30) days, and provided further, nothing herein contained shall prohibit the reapplication and reissuance of permits for successive periods not to exceed thirty (30) days each. The holder of the permit shall be authorized to place traffic type signs, barricades, or cones at the metered or unmetered parking spaces to secure or maintain these spaces during the term of the permit. 
(Code 1959 , &#xA7;21-48.1; Ord. No. 1984-452, &#xA7;3, 12-4-84)</text><type>section</type><prefixes><section/></prefixes><entire_prefix/><prefix_anchor/><level>1</level></section></text></law>
