<?xml version="1.0"?>
<law><law_id>501</law_id><section_number>11-2235</section_number><catch_line>WARNING DEVICES FOR NIGHTTIME OBSTRUCTION.</catch_line><history/><order_by>11-2235</order_by><metadata/><url>/11-2235/</url><token>11-2235</token><structure><unit label="division" level="1" identifier="II">Division II - Planning and Development</unit><unit label="part" level="3" identifier="11">PART 11 - TRANSPORTATION</unit><unit label="chapter" level="4" identifier="2">CHAPTER 2. - MOTOR VEHICLES AND TRAFFIC</unit><unit label="article" level="2" identifier="L">ARTICLE L. - SIGNING AND TRAFFIC ROUTING IN THE EVENT OF STREET OBSTRUCTION</unit></structure><referred_to_by/><text><section id="1414" prefix="(a)"><text>In the event that an obstruction remains in any portion of any street after sunset, the obstruction shall be clearly defined by reflective signs as specified by &#xA7;11-2234 and by barricades with flashing lights and reflective qualities, and by placing a flashing light on the high level warning devices at the obstruction. Such devices with flashing lights shall remain so placed until sunrise of the following day.</text><type>section</type><prefixes><section>(a)</section></prefixes><entire_prefix>(a)</entire_prefix><prefix_anchor>(a)</prefix_anchor><level>1</level></section><section id="1415" prefix="(b)"><text>Failure to comply with the provisions of this section shall be a misdemeanor. 
(Code 1959 , &#xA7;19-37)</text><type>section</type><prefixes><section>(b)</section></prefixes><entire_prefix>(b)</entire_prefix><prefix_anchor>(b)</prefix_anchor><level>1</level></section></text></law>
