<?xml version="1.0"?>
<law><law_id>407</law_id><section_number>11-2075</section_number><catch_line>EMERGING FROM ALLEY OR PRIVATE DRIVEWAY.</catch_line><history/><order_by>11-2075</order_by><metadata/><url>/11-2075/</url><token>11-2075</token><structure><unit label="division" level="1" identifier="II">Division II - Planning and Development</unit><unit label="part" level="3" identifier="11">PART 11 - TRANSPORTATION</unit><unit label="chapter" level="4" identifier="2">CHAPTER 2. - MOTOR VEHICLES AND TRAFFIC</unit><unit label="article" level="2" identifier="D">ARTICLE D. - STOPS REQUIRED</unit></structure><referred_to_by/><text><section id="1128" prefix=""><text>The driver of a vehicle emerging from an alley, driveway, or building shall stop that vehicle immediately prior to driving on to a sidewalk or into a sidewalk area across any alleyway, and upon entering the roadway shall yield the right-of-way to all vehicles approaching on the roadway. 
(Code 1959 , &#xA7;21-18)</text><type>section</type><prefixes><section/></prefixes><entire_prefix/><prefix_anchor/><level>1</level></section></text></law>
