<?xml version="1.0"?>
<law><law_id>429</law_id><section_number>11-2123</section_number><catch_line>USE OF ROADWAY BY NONMOTORIZED OR TOY VEHICLES.</catch_line><history/><order_by>11-2123</order_by><metadata/><url>/11-2123/</url><token>11-2123</token><structure><unit label="division" level="1" identifier="II">Division II - Planning and Development</unit><unit label="part" level="3" identifier="11">PART 11 - TRANSPORTATION</unit><unit label="chapter" level="4" identifier="2">CHAPTER 2. - MOTOR VEHICLES AND TRAFFIC</unit><unit label="article" level="2" identifier="H">ARTICLE H. - MISCELLANEOUS DRIVING RULES</unit></structure><referred_to_by/><text><section id="1151" prefix=""><text>It shall be unlawful for any person to go upon any roadway while moving or riding in or by means of roller skates, coaster, sled or any other nonmotorized or toy vehicle or other similar device; except, while crossing a street at a crosswalk, upon streets and portions thereof properly designated as play or sledding streets, or when such vehicle is a bicycle. 
(Code 1959 , &#xA7;21-21) 
Cross reference: Sledding streets listed, &#xA7;9-2001</text><type>section</type><prefixes><section/></prefixes><entire_prefix/><prefix_anchor/><level>1</level></section></text></law>
