<?xml version="1.0"?>
<law><law_id>408</law_id><section_number>11-2076</section_number><catch_line>STOP WHEN TRAFFIC OBSTRUCTED.</catch_line><history/><order_by>11-2076</order_by><metadata/><url>/11-2076/</url><token>11-2076</token><structure><unit label="division" level="1" identifier="II">Division II - Planning and Development</unit><unit label="part" level="3" identifier="11">PART 11 - TRANSPORTATION</unit><unit label="chapter" level="4" identifier="2">CHAPTER 2. - MOTOR VEHICLES AND TRAFFIC</unit><unit label="article" level="2" identifier="D">ARTICLE D. - STOPS REQUIRED</unit></structure><referred_to_by/><text><section id="1129" prefix=""><text>It shall be unlawful for a driver to enter any intersection or a marked crosswalk unless there is sufficient space on the other side of the intersection or crosswalk to accommodate the vehicle he is operating without obstructing the passage of other vehicles or pedestrians, notwithstanding any traffic-control signal indication to proceed. 
(Code 1959 , &#xA7;21-43)</text><type>section</type><prefixes><section/></prefixes><entire_prefix/><prefix_anchor/><level>1</level></section></text></law>
