<?xml version="1.0"?>
<law><law_id>391</law_id><section_number>11-2051</section_number><catch_line>AUTHORITY OF DIRECTOR OF TRANSPORTATION.</catch_line><history/><order_by>11-2051</order_by><text><section id="1103" prefix=""><text>The director of transportation shall be responsible for placing and maintaining official traffic-control signs, signals and devices, as defined in this chapter, pursuant to the direction of the City Council.</text><type>section</type><prefixes><section/></prefixes><entire_prefix/><prefix_anchor/><level>1</level></section></text><metadata/><url>/11-2051/</url><token>11-2051</token><structure><unit label="division" level="1" identifier="II">Division II - Planning and Development</unit><unit label="part" level="3" identifier="11">PART 11 - TRANSPORTATION</unit><unit label="chapter" level="4" identifier="2">CHAPTER 2. - MOTOR VEHICLES AND TRAFFIC</unit><unit label="article" level="2" identifier="C">ARTICLE C. - OFFICIAL TRAFFIC-CONTROL DEVICES AND SIGNS</unit></structure><referred_to_by/></law>
