<?xml version="1.0"?>
<law><law_id>472</law_id><section_number>11-2187</section_number><catch_line>NO PARKING TOW AWAY ZONE.</catch_line><history/><order_by>11-2187</order_by><metadata/><url>/11-2187/</url><token>11-2187</token><structure><unit label="division" level="1" identifier="II">Division II - Planning and Development</unit><unit label="part" level="3" identifier="11">PART 11 - TRANSPORTATION</unit><unit label="chapter" level="4" identifier="2">CHAPTER 2. - MOTOR VEHICLES AND TRAFFIC</unit><unit label="article" level="2" identifier="J">ARTICLE J. - PARKING AND STANDING</unit></structure><referred_to_by/><text><section id="1326" prefix=""><text>No person shall stop, stand or park a vehicle in a No Parking Tow Away Zone. All such zones shall be clearly marked as such by uniform signage. Parking in such a zone will subject the vehicle to being immediately towed. The owner of the vehicle shall be notified of the tow pursuant to the provisions for post towing remedies found in G.S. 20, Article 7A. The City Council shall designate each zone and the designated zones will be placed into the Official Traffic Schedule and will be denominated as such. 
(Ord. No. 2007-179, &#xA7;1, 3-6-07)</text><type>section</type><prefixes><section/></prefixes><entire_prefix/><prefix_anchor/><level>1</level></section></text></law>
