<?xml version="1.0"?>
<law><law_id>468</law_id><section_number>11-2185</section_number><catch_line>POLICE VEHICLE PARKING ZONE.</catch_line><history/><order_by>11-2185</order_by><metadata/><url>/11-2185/</url><token>11-2185</token><structure><unit label="division" level="1" identifier="II">Division II - Planning and Development</unit><unit label="part" level="3" identifier="11">PART 11 - TRANSPORTATION</unit><unit label="chapter" level="4" identifier="2">CHAPTER 2. - MOTOR VEHICLES AND TRAFFIC</unit><unit label="article" level="2" identifier="J">ARTICLE J. - PARKING AND STANDING</unit></structure><referred_to_by/><text><section id="1304" prefix=""><text>No person shall stop, stand, or park any vehicle except official law enforcement vehicles in any area described as a police vehicle parking zone in official Traffic Schedule No. 23. A police vehicle includes but is not limited to any car, truck, trailer, motorcycle, van or any combination of the above used for the purpose of enforcing the laws, ordinances and regulations of the City of Raleigh. 
(Ord. No. 2001-973, &#xA7;1, 4-3-01)</text><type>section</type><prefixes><section/></prefixes><entire_prefix/><prefix_anchor/><level>1</level></section></text></law>
