<?xml version="1.0"?>
<law><law_id>431</law_id><section_number>11-2125</section_number><catch_line>DRIVING UNDER HAZARDOUS CONDITIONS.</catch_line><history/><order_by>11-2125</order_by><metadata/><url>/11-2125/</url><token>11-2125</token><structure><unit label="division" level="1" identifier="II">Division II - Planning and Development</unit><unit label="part" level="3" identifier="11">PART 11 - TRANSPORTATION</unit><unit label="chapter" level="4" identifier="2">CHAPTER 2. - MOTOR VEHICLES AND TRAFFIC</unit><unit label="article" level="2" identifier="H">ARTICLE H. - MISCELLANEOUS DRIVING RULES</unit></structure><referred_to_by/><text><section id="1153" prefix=""><text>It shall be unlawful for any person to operate a motor vehicle upon public streets on which there is an accumulation of ice or snow unless the vehicle is equipped adequately to insure the continued, controlled mobility of the vehicle under the existing conditions; provided, the failure of an operator to maintain the continued, controlled mobility of his vehicle under the above conditions or the abandonment of a motor vehicle under &#xA7;11-2028 under the above conditions, shall be deemed to be a failure to properly equip such vehicle as required by this section. It shall be unlawful to allow or cause a motor vehicle to stand or remain standing on the main traveled way of a street or highway in the City in violation of &#xA7;11-2171 or otherwise. 
(Code 1959 , &#xA7;21-33.1)</text><type>section</type><prefixes><section/></prefixes><entire_prefix/><prefix_anchor/><level>1</level></section></text></law>
