<?xml version="1.0"?>
<law><law_id>500</law_id><section_number>11-2234</section_number><catch_line>USE OF WARNING SIGNS GENERALLY.</catch_line><history/><order_by>11-2234</order_by><metadata/><url>/11-2234/</url><token>11-2234</token><structure><unit label="division" level="1" identifier="II">Division II - Planning and Development</unit><unit label="part" level="3" identifier="11">PART 11 - TRANSPORTATION</unit><unit label="chapter" level="4" identifier="2">CHAPTER 2. - MOTOR VEHICLES AND TRAFFIC</unit><unit label="article" level="2" identifier="L">ARTICLE L. - SIGNING AND TRAFFIC ROUTING IN THE EVENT OF STREET OBSTRUCTION</unit></structure><referred_to_by><reference>11-2235</reference></referred_to_by><text><section id="1407" prefix="(a)"><text/><type>section</type><prefixes><section>(a)</section></prefixes><entire_prefix>(a)</entire_prefix><prefix_anchor>(a)</prefix_anchor><level>1</level></section><section id="1408" prefix="(1)"><text>	Advance warning signs stating that work is being performed ahead shall be posted a minimum of 500 feet from the nearest point where the work is being carried on. Such signs shall be placed in either direction from the site of such work. 
</text><type>section</type><prefixes><section>(a)</section><section>(1)</section></prefixes><entire_prefix>(a)(1)</entire_prefix><prefix_anchor>(a)(1)</prefix_anchor><level>2</level></section><section id="1409" prefix="(2)"><text>	Specified warning signs stating what portion of the street is obstructed or, the extent of the obstruction, or, otherwise the nature of the work that is being done, shall be placed at a minimum of 150 feet proceeding in either direction from the nearest point of obstruction. 
</text><type>section</type><prefixes><section>(a)</section><section>(2)</section></prefixes><entire_prefix>(a)(2)</entire_prefix><prefix_anchor>(a)(2)</prefix_anchor><level>2</level></section><section id="1410" prefix="(3)"><text>	A flag tree warning device set forth in the manual provided for in this article shall be located adjacent to the location of the obstruction, in either direction of traffic, in the direct line of sight of any motorists approaching the obstruction from either direction. 
</text><type>section</type><prefixes><section>(a)</section><section>(3)</section></prefixes><entire_prefix>(a)(3)</entire_prefix><prefix_anchor>(a)(3)</prefix_anchor><level>2</level></section><section id="1411" prefix="(4)"><text>	The flow of traffic in either direction shall be channelized around obstruction by means of traffic cones and/or barricades set up in the roadway. 
</text><type>section</type><prefixes><section>(a)</section><section>(4)</section></prefixes><entire_prefix>(a)(4)</entire_prefix><prefix_anchor>(a)(4)</prefix_anchor><level>2</level></section><section id="1412" prefix="(5)"><text>	Minimum specifications for such signs, signals, and warning devices, and illustrative examples of properly placed signs, signals and warning devices shall be maintained in the manual. 
</text><type>section</type><prefixes><section>(a)</section><section>(5)</section></prefixes><entire_prefix>(a)(5)</entire_prefix><prefix_anchor>(a)(5)</prefix_anchor><level>2</level></section><section id="1413" prefix="(b)"><text>Failure to comply with the provisions of this section shall be a misdemeanor. 
(Code 1959 , &#xA7;19-36; Ord. No. 1994-393, &#xA7;7, 5-3-94)</text><type>section</type><prefixes><section>(b)</section></prefixes><entire_prefix>(b)</entire_prefix><prefix_anchor>(b)</prefix_anchor><level>1</level></section></text></law>
