<?xml version="1.0"?>
<law><law_id>485</law_id><section_number>11-2208</section_number><catch_line>PARKING EXCEPTIONS AND SPACE RESERVATIONS AUTHORIZED BY CITY COUNCIL.</catch_line><history/><order_by>11-2208</order_by><metadata/><url>/11-2208/</url><token>11-2208</token><structure><unit label="division" level="1" identifier="II">Division II - Planning and Development</unit><unit label="part" level="3" identifier="11">PART 11 - TRANSPORTATION</unit><unit label="chapter" level="4" identifier="2">CHAPTER 2. - MOTOR VEHICLES AND TRAFFIC</unit><unit label="article" level="2" identifier="K">ARTICLE K. - PARKING METERS</unit></structure><referred_to_by/><text><section id="1360" prefix="(a)"><text>The proposed use and necessity of reservation of spaces is of a temporary and not regularly occurring nature;</text><type>section</type><prefixes><section>(a)</section></prefixes><entire_prefix>(a)</entire_prefix><prefix_anchor>(a)</prefix_anchor><level>1</level></section><section id="1361" prefix="(b)"><text>The proposed use and necessity of reservation of spaces is for a lawful purpose;</text><type>section</type><prefixes><section>(b)</section></prefixes><entire_prefix>(b)</entire_prefix><prefix_anchor>(b)</prefix_anchor><level>1</level></section><section id="1362" prefix="(c)"><text>The reservation of spaces will not significantly impede pedestrian or vehicular traffic;</text><type>section</type><prefixes><section>(c)</section></prefixes><entire_prefix>(c)</entire_prefix><prefix_anchor>(c)</prefix_anchor><level>1</level></section><section id="1363" prefix="(d)"><text>The proposed use will not endanger pedestrians, motorists, or occupants of adjacent buildings;</text><type>section</type><prefixes><section>(d)</section></prefixes><entire_prefix>(d)</entire_prefix><prefix_anchor>(d)</prefix_anchor><level>1</level></section><section id="1364" prefix="(e)"><text>The purpose of which reservation of spaces is requested cannot be accomplished otherwise without risk of personal injury or property damage, or without excessive expense; and</text><type>section</type><prefixes><section>(e)</section></prefixes><entire_prefix>(e)</entire_prefix><prefix_anchor>(e)</prefix_anchor><level>1</level></section><section id="1365" prefix="(f)"><text>The proposed use and reservation of spaces will not be injurious to the public peace, health, safety, and welfare.
(Code 1959 , &#xA7;21-48.1; Ord. No. 1983-83, &#xA7;1, 3-15-83)</text><type>section</type><prefixes><section>(f)</section></prefixes><entire_prefix>(f)</entire_prefix><prefix_anchor>(f)</prefix_anchor><level>1</level></section></text></law>
