<?xml version="1.0"?>
<law><law_id>411</law_id><section_number>11-2091</section_number><catch_line>GENERAL.</catch_line><history/><order_by>11-2091</order_by><text><section id="1132" prefix=""><text>Except as otherwise provided in this article, it shall be unlawful to operate a vehicle in excess of thirty-five (35) miles per hour inside the corporate limits. 
State law reference: Speed limits generally, municipal authority, G.S. 20-141.</text><type>section</type><prefixes><section/></prefixes><entire_prefix/><prefix_anchor/><level>1</level></section></text><metadata/><url>/11-2091/</url><token>11-2091</token><structure><unit label="division" level="1" identifier="II">Division II - Planning and Development</unit><unit label="part" level="3" identifier="11">PART 11 - TRANSPORTATION</unit><unit label="chapter" level="4" identifier="2">CHAPTER 2. - MOTOR VEHICLES AND TRAFFIC</unit><unit label="article" level="2" identifier="E">ARTICLE E. - SPEED REGULATIONS [1]</unit></structure><referred_to_by/></law>
