<?xml version="1.0"?>
<law><law_id>427</law_id><section_number>11-2121</section_number><catch_line>DRIVING ON SIDEWALKS.</catch_line><history/><order_by>11-2121</order_by><text><section id="1148" prefix=""><text>The driver of a motorized vehicle shall not drive within any sidewalk except at a permanent or temporary driveway. 
(Code 1959 , &#xA7;21-19; Ord. No. 1988-103, &#xA7;1, 1-5-88)</text><type>section</type><prefixes><section/></prefixes><entire_prefix/><prefix_anchor/><level>1</level></section></text><metadata/><url>/11-2121/</url><token>11-2121</token><structure><unit label="division" level="1" identifier="II">Division II - Planning and Development</unit><unit label="part" level="3" identifier="11">PART 11 - TRANSPORTATION</unit><unit label="chapter" level="4" identifier="2">CHAPTER 2. - MOTOR VEHICLES AND TRAFFIC</unit><unit label="article" level="2" identifier="H">ARTICLE H. - MISCELLANEOUS DRIVING RULES</unit></structure><referred_to_by/></law>
