<?xml version="1.0"?>
<law><law_id>394</law_id><section_number>11-2053</section_number><catch_line>TRAFFIC-CONTROL DEVICES TO BE OBEYED.</catch_line><history/><order_by>11-2053</order_by><metadata/><url>/11-2053/</url><token>11-2053</token><structure><unit label="division" level="1" identifier="II">Division II - Planning and Development</unit><unit label="part" level="3" identifier="11">PART 11 - TRANSPORTATION</unit><unit label="chapter" level="4" identifier="2">CHAPTER 2. - MOTOR VEHICLES AND TRAFFIC</unit><unit label="article" level="2" identifier="C">ARTICLE C. - OFFICIAL TRAFFIC-CONTROL DEVICES AND SIGNS</unit></structure><referred_to_by/><text><section id="1106" prefix=""><text>Subject to the exemptions granted under &#xA7;&#xA7;11-2005 (public employees) and 11-2006 (emergency vehicles) of this chapter, the driver of every vehicle must obey the instructions of any official traffic-control device when placed in accordance with this chapter. Provided, however, a law enforcement officer may direct all vehicles, including authorized emergency vehicles, without regard to such devices when necessary for the public safety or the regulation of traffic, and it shall be unlawful for any person to disobey a law enforcement officer giving such directions. 
State law references: As to erection of local traffic-control signs by cities, G.S. 136-31; powers of local authorities generally to regulate traffic, G.S. 20-169.</text><type>section</type><prefixes><section/></prefixes><entire_prefix/><prefix_anchor/><level>1</level></section></text></law>
