<?xml version="1.0"?>
<law><law_id>504</law_id><section_number>11-2237</section_number><catch_line>FAILURE TO REMOVE SIGNS.</catch_line><history/><order_by>11-2237</order_by><metadata/><url>/11-2237/</url><token>11-2237</token><structure><unit label="division" level="1" identifier="II">Division II - Planning and Development</unit><unit label="part" level="3" identifier="11">PART 11 - TRANSPORTATION</unit><unit label="chapter" level="4" identifier="2">CHAPTER 2. - MOTOR VEHICLES AND TRAFFIC</unit><unit label="article" level="2" identifier="L">ARTICLE L. - SIGNING AND TRAFFIC ROUTING IN THE EVENT OF STREET OBSTRUCTION</unit></structure><referred_to_by/><text><section id="1418" prefix=""><text>It shall be a misdemeanor for any person, persons or corporation to leave signs, signals, and/or warning devices standing in the street or right-of-way when the obstruction for which such signs, signals and/or warning devices were erected has been removed. 
(Code 1959 , &#xA7;19-38.1)</text><type>section</type><prefixes><section/></prefixes><entire_prefix/><prefix_anchor/><level>1</level></section></text></law>
