<?xml version="1.0"?>
<law><law_id>432</law_id><section_number>11-2126</section_number><catch_line>MOTOR OR OTHER VEHICLES PROHIBITED FROM DRIVING OVER A MEDIAN STRIP OR FRESHLY PAINTED TRAFFIC DIRECTION SIGNS PAINTED ON THE CITY STREETS.</catch_line><history/><order_by>11-2126</order_by><metadata/><url>/11-2126/</url><token>11-2126</token><structure><unit label="division" level="1" identifier="II">Division II - Planning and Development</unit><unit label="part" level="3" identifier="11">PART 11 - TRANSPORTATION</unit><unit label="chapter" level="4" identifier="2">CHAPTER 2. - MOTOR VEHICLES AND TRAFFIC</unit><unit label="article" level="2" identifier="H">ARTICLE H. - MISCELLANEOUS DRIVING RULES</unit></structure><referred_to_by/><text><section id="1154" prefix=""><text>It shall be unlawful for any person to drive any motor or other vehicles over a median strip or any freshly painted line, arrow, crosswalk lines, or other traffic direction sign painted on the streets of the City when signs, flags, marking cones, or other devices are placed adjacent thereto giving notice of the existence thereof. 
(Code 1959 , &#xA7;21-33.1)</text><type>section</type><prefixes><section/></prefixes><entire_prefix/><prefix_anchor/><level>1</level></section></text></law>
