<?xml version="1.0"?>
<law><law_id>462</law_id><section_number>11-2179</section_number><catch_line>STOPPING, STANDING OR PARKING CLOSE TO CURB.</catch_line><history/><order_by>11-2179</order_by><metadata/><url>/11-2179/</url><token>11-2179</token><structure><unit label="division" level="1" identifier="II">Division II - Planning and Development</unit><unit label="part" level="3" identifier="11">PART 11 - TRANSPORTATION</unit><unit label="chapter" level="4" identifier="2">CHAPTER 2. - MOTOR VEHICLES AND TRAFFIC</unit><unit label="article" level="2" identifier="J">ARTICLE J. - PARKING AND STANDING</unit></structure><referred_to_by/><text><section id="1275" prefix="(a)"><text>No person shall stop, stand or park in a roadway upon which the boundaries of individual parking spaces are marked on the pavement other than parallel with the front of the curb or edge of the roadway , headed in the direction of traffic and completely within the boundaries of the delineated parking space. When no parking space boundaries are marked on the roadway the vehicle shall be parked as above except that it may not be farther than twelve (12) inches from the curb or edge of the roadway if there is no curb. On streets which have been marked or signed for angle parking vehicles shall be parked at the angle to the curb indicated by such marks or signs. The requirement that the vehicle be headed in the direction of traffic is not applicable if the parking space in question is on a street of two (2) lanes or less, without a marked center line, and located in a residentially zoned area.</text><type>section</type><prefixes><section>(a)</section></prefixes><entire_prefix>(a)</entire_prefix><prefix_anchor>(a)</prefix_anchor><level>1</level></section><section id="1276" prefix="(b)"><text/><type>section</type><prefixes><section>(b)</section></prefixes><entire_prefix>(b)</entire_prefix><prefix_anchor>(b)</prefix_anchor><level>1</level></section><section id="1277" prefix="(c)"><text/><type>section</type><prefixes><section>(c)</section></prefixes><entire_prefix>(c)</entire_prefix><prefix_anchor>(c)</prefix_anchor><level>1</level></section></text></law>
