<?xml version="1.0"?>
<law><law_id>463</law_id><section_number>11-2180</section_number><catch_line>UNLAWFUL PURPOSES FOR PARKING.</catch_line><history/><order_by>11-2180</order_by><metadata/><url>/11-2180/</url><token>11-2180</token><structure><unit label="division" level="1" identifier="II">Division II - Planning and Development</unit><unit label="part" level="3" identifier="11">PART 11 - TRANSPORTATION</unit><unit label="chapter" level="4" identifier="2">CHAPTER 2. - MOTOR VEHICLES AND TRAFFIC</unit><unit label="article" level="2" identifier="J">ARTICLE J. - PARKING AND STANDING</unit></structure><referred_to_by/><text><section id="1278" prefix="(1)"><text>Displaying it for sale.</text><type>section</type><prefixes><section>(1)</section></prefixes><entire_prefix>(1)</entire_prefix><prefix_anchor>(1)</prefix_anchor><level>1</level></section><section id="1279" prefix="(2)"><text>Washing, greasing, or repairing such vehicle, except repairs necessitated by emergency. 
(Code 1959 , &#xA7;21-41)</text><type>section</type><prefixes><section>(2)</section></prefixes><entire_prefix>(2)</entire_prefix><prefix_anchor>(2)</prefix_anchor><level>1</level></section></text></law>
