<?xml version="1.0"?>
<law><law_id>422</law_id><section_number>11-2106</section_number><catch_line>RESERVED. </catch_line><history/><order_by>11-2106</order_by><metadata/><url>/11-2106/</url><token>11-2106</token><structure><unit label="division" level="1" identifier="II">Division II - Planning and Development</unit><unit label="part" level="3" identifier="11">PART 11 - TRANSPORTATION</unit><unit label="chapter" level="4" identifier="2">CHAPTER 2. - MOTOR VEHICLES AND TRAFFIC</unit><unit label="article" level="2" identifier="F">ARTICLE F. - TURNING MOVEMENTS</unit></structure><referred_to_by/><text><section id="1143" prefix=""><text/><type>section</type><prefixes><section/></prefixes><entire_prefix/><prefix_anchor/><level>1</level></section></text></law>
