<?xml version="1.0"?>
<law><law_id>423</law_id><section_number>11-2111</section_number><catch_line>ONE-WAY STREETS.</catch_line><history/><order_by>11-2111</order_by><text><section id="1144" prefix=""><text>Upon those streets designated as one-way streets, vehicular traffic shall move only in the indicated direction when signs indicating the direction of traffic are erected and maintained at every intersection where movement in the opposite direction is prohibited. Designated one-way streets shall be as specified in official Traffic Schedule No. 9, One-way streets. 
Cross reference: Schedules incorporated by reference, &#xA7;11-2004 
State law reference: One-way traffic, G.S. &#xA7;20-165.1.</text><type>section</type><prefixes><section/></prefixes><entire_prefix/><prefix_anchor/><level>1</level></section></text><metadata/><url>/11-2111/</url><token>11-2111</token><structure><unit label="division" level="1" identifier="II">Division II - Planning and Development</unit><unit label="part" level="3" identifier="11">PART 11 - TRANSPORTATION</unit><unit label="chapter" level="4" identifier="2">CHAPTER 2. - MOTOR VEHICLES AND TRAFFIC</unit><unit label="article" level="2" identifier="G">ARTICLE G. - ONE-WAY STREETS</unit></structure><referred_to_by/></law>
