<?xml version="1.0"?>
<law><law_id>509</law_id><section_number>11-2242</section_number><catch_line>REMOVAL OR DESTRUCTION OF WARNING DEVICES.</catch_line><history/><order_by>11-2242</order_by><metadata/><url>/11-2242/</url><token>11-2242</token><structure><unit label="division" level="1" identifier="II">Division II - Planning and Development</unit><unit label="part" level="3" identifier="11">PART 11 - TRANSPORTATION</unit><unit label="chapter" level="4" identifier="2">CHAPTER 2. - MOTOR VEHICLES AND TRAFFIC</unit><unit label="article" level="2" identifier="L">ARTICLE L. - SIGNING AND TRAFFIC ROUTING IN THE EVENT OF STREET OBSTRUCTION</unit></structure><referred_to_by/><text><section id="1423" prefix=""><text>No person shall take, steal, move, remove, carry away, destroy, damage or otherwise impair or impede the effectiveness for its intended use, any lamp, lantern, torch, blinking light, reflecting sign, reflecting barricade, traffic cone, barricade, or any other sign, signal, or warning device which has been placed or erected at any place in the City for the purpose of warning and safeguarding the public in the event of the construction, maintenance, repair, opening or closing of any street as defined in this article. 
(Code 1959 , &#xA7;19-42)</text><type>section</type><prefixes><section/></prefixes><entire_prefix/><prefix_anchor/><level>1</level></section></text></law>
