<?xml version="1.0"?>
<law><law_id>404</law_id><section_number>11-2072</section_number><catch_line>STOP INTERSECTIONS.</catch_line><history/><order_by>11-2072</order_by><metadata/><url>/11-2072/</url><token>11-2072</token><structure><unit label="division" level="1" identifier="II">Division II - Planning and Development</unit><unit label="part" level="3" identifier="11">PART 11 - TRANSPORTATION</unit><unit label="chapter" level="4" identifier="2">CHAPTER 2. - MOTOR VEHICLES AND TRAFFIC</unit><unit label="article" level="2" identifier="D">ARTICLE D. - STOPS REQUIRED</unit></structure><referred_to_by><reference>11-2074</reference></referred_to_by><text><section id="1120" prefix="(a)"><text>Except when directed to proceed by a police officer, every driver of a vehicle approaching a designated stop intersection which shall be indicated by a stop sign or, in the discretion of the transportation director, a flashing red light, shall stop before entering the crosswalk, on the near side of the intersection, or, in the event there is no crosswalk, shall stop at a clearly marked stop line, or, if none, then at the point nearest the intersecting roadway where the driver has a view of approaching traffic on the intersecting roadway before entering the intersection.</text><type>section</type><prefixes><section>(a)</section></prefixes><entire_prefix>(a)</entire_prefix><prefix_anchor>(a)</prefix_anchor><level>1</level></section><section id="1121" prefix="(b)"><text>The driver having stopped in obedience to a stop sign or flashing red light at an intersection shall proceed cautiously, yielding the right-of-way to all vehicles not so obliged to stop which are approaching the intersection.</text><type>section</type><prefixes><section>(b)</section></prefixes><entire_prefix>(b)</entire_prefix><prefix_anchor>(b)</prefix_anchor><level>1</level></section><section id="1122" prefix="(c)"><text>Stop intersections and the location of signs or flashing red lights at those intersections shall be in accordance with official Traffic Schedule No. 2, Stop Intersections. 
Cross reference: Schedules incorporated by reference, &#xA7;11-2004 
State law reference: Stop intersections, G.S. 20-158(a).</text><type>section</type><prefixes><section>(c)</section></prefixes><entire_prefix>(c)</entire_prefix><prefix_anchor>(c)</prefix_anchor><level>1</level></section></text></law>
