<?xml version="1.0"?>
<law><law_id>402</law_id><section_number>11-2071</section_number><catch_line>ELECTRONIC TRAFFIC-CONTROL SIGNALS.</catch_line><history/><order_by>11-2071</order_by><text><section id="1114" prefix="(a)"><text/><type>section</type><prefixes><section>(a)</section></prefixes><entire_prefix>(a)</entire_prefix><prefix_anchor>(a)</prefix_anchor><level>1</level></section><section id="1115" prefix="(1)"><text>	Green light. 
Vehicular traffic facing the signals may proceed straight through, or unless a sign prohibits such turn, may turn right or left. Vehicular traffic shall yield the right-of-way to other vehicles and to pedestrians lawfully within the intersection at the time such signal is exhibited. 
</text><type>section</type><prefixes><section>(a)</section><section>(1)</section></prefixes><entire_prefix>(a)(1)</entire_prefix><prefix_anchor>(a)(1)</prefix_anchor><level>2</level></section><section id="1116" prefix="(2)"><text>	Yellow or amber light, when appearing immediately after, or coincidentally with, a green light. 
Such yellow or amber light shall serve as a warning that a red light and the applicable stop restrictions shall be exhibited immediately following. 
</text><type>section</type><prefixes><section>(a)</section><section>(2)</section></prefixes><entire_prefix>(a)(2)</entire_prefix><prefix_anchor>(a)(2)</prefix_anchor><level>2</level></section><section id="1117" prefix="(3)"><text>	Red light. 
Any person operating a vehicle facing such light shall bring the same to a stop before entering the nearest crosswalk or boundary of an intersection or at such other point as may be indicated by a limit line, and shall remain standing until a plain green light or green arrow is shown illuminated alone; provided, however, that a right turn may be made after bringing the vehicle to a complete stop and after yielding to pedestrians and other vehicles, unless otherwise prohibited by this chapter. 
</text><type>section</type><prefixes><section>(a)</section><section>(3)</section></prefixes><entire_prefix>(a)(3)</entire_prefix><prefix_anchor>(a)(3)</prefix_anchor><level>2</level></section><section id="1118" prefix="(b)"><text/><type>section</type><prefixes><section>(b)</section></prefixes><entire_prefix>(b)</entire_prefix><prefix_anchor>(b)</prefix_anchor><level>1</level></section></text><metadata/><url>/11-2071/</url><token>11-2071</token><structure><unit label="division" level="1" identifier="II">Division II - Planning and Development</unit><unit label="part" level="3" identifier="11">PART 11 - TRANSPORTATION</unit><unit label="chapter" level="4" identifier="2">CHAPTER 2. - MOTOR VEHICLES AND TRAFFIC</unit><unit label="article" level="2" identifier="D">ARTICLE D. - STOPS REQUIRED</unit></structure><referred_to_by><reference>11-2074</reference><reference>11-2153</reference></referred_to_by></law>
