<?xml version="1.0"?>
<law><law_id>465</law_id><section_number>11-2182</section_number><catch_line>CONTROLLED PARKING RESIDENTIAL AREA.</catch_line><history/><order_by>11-2182</order_by><metadata/><url>/11-2182/</url><token>11-2182</token><structure><unit label="division" level="1" identifier="II">Division II - Planning and Development</unit><unit label="part" level="3" identifier="11">PART 11 - TRANSPORTATION</unit><unit label="chapter" level="4" identifier="2">CHAPTER 2. - MOTOR VEHICLES AND TRAFFIC</unit><unit label="article" level="2" identifier="J">ARTICLE J. - PARKING AND STANDING</unit></structure><referred_to_by><reference>11-2182</reference></referred_to_by><text><section id="1286" prefix="(a)"><text/><type>section</type><prefixes><section>(a)</section></prefixes><entire_prefix>(a)</entire_prefix><prefix_anchor>(a)</prefix_anchor><level>1</level></section><section id="1287" prefix="(1)"><text>	The area either contains at least eight (8) contiguous block faces abutted by property primarily in residential zoning districts or is a contiguous expansion of an existing controlled parking residential area and the area is abutted by property primarily in residential zoning districts. A block face as used herein shall mean one side of a street between two (2) intersecting streets; 
</text><type>section</type><prefixes><section>(a)</section><section>(1)</section></prefixes><entire_prefix>(a)(1)</entire_prefix><prefix_anchor>(a)(1)</prefix_anchor><level>2</level></section><section id="1288" prefix="(2)"><text>	A petition identifying the boundaries of and streets within the proposed controlled parking residential area has been presented to the Department of Transportation requesting such designation and signed by adult residents from at least seventy (70) per cent of the living units contained in each block of the proposed controlled parking residential area; 
</text><type>section</type><prefixes><section>(a)</section><section>(2)</section></prefixes><entire_prefix>(a)(2)</entire_prefix><prefix_anchor>(a)(2)</prefix_anchor><level>2</level></section><section id="1289" prefix="(3)"><text>	A parking study, of one (1) observation each two (2) hours, and conducted between the hours of 8:00 a.m. and 4:00 p.m. on a week day reveals that at least an average of seventy (70) per cent of the parking capacity of the proposed controlled parking residential area is occupied; and, 
</text><type>section</type><prefixes><section>(a)</section><section>(3)</section></prefixes><entire_prefix>(a)(3)</entire_prefix><prefix_anchor>(a)(3)</prefix_anchor><level>2</level></section><section id="1290" prefix="(4)"><text>	A minimum of thirty-three (33) per cent of the parked vehicles are registered to addresses outside the proposed controlled parking residential area. 
</text><type>section</type><prefixes><section>(a)</section><section>(4)</section></prefixes><entire_prefix>(a)(4)</entire_prefix><prefix_anchor>(a)(4)</prefix_anchor><level>2</level></section><section id="1291" prefix="(b)"><text/><type>section</type><prefixes><section>(b)</section></prefixes><entire_prefix>(b)</entire_prefix><prefix_anchor>(b)</prefix_anchor><level>1</level></section><section id="1292" prefix="(1)"><text>	Controlled parking residential area shall mean an area designated herein for restricted residential parking pursuant to criteria established in subsection (a) hereof. 
</text><type>section</type><prefixes><section>(b)</section><section>(1)</section></prefixes><entire_prefix>(b)(1)</entire_prefix><prefix_anchor>(b)(1)</prefix_anchor><level>2</level></section><section id="1293" prefix="(2)"><text>	Residential parking permit decal shall mean a special permit issued hereunder by the Revenue Collector and authorizing the vehicle bearing such permit to be parked for a period in excess of two (2) hours in a controlled parking residential area. 
</text><type>section</type><prefixes><section>(b)</section><section>(2)</section></prefixes><entire_prefix>(b)(2)</entire_prefix><prefix_anchor>(b)(2)</prefix_anchor><level>2</level></section><section id="1294" prefix="(c)"><text>Permit decal display. 
The residential parking permit decal shall be attached to the left rear bumper of the vehicle for which issued and shall contain the vehicle license number, year of issue, and the identification number of the controlled parking residential area for which issued.</text><type>section</type><prefixes><section>(c)</section></prefixes><entire_prefix>(c)</entire_prefix><prefix_anchor>(c)</prefix_anchor><level>1</level></section><section id="1295" prefix="(d)"><text/><type>section</type><prefixes><section>(d)</section></prefixes><entire_prefix>(d)</entire_prefix><prefix_anchor>(d)</prefix_anchor><level>1</level></section><section id="1296" prefix="(e)"><text>Permit issuance fee. 
The Revenue Collector shall issue residential parking permit decals for an administrative charge of ten dollars ($10.00) per decal per year. The charge shall not be prorated for partial years. No residential parking permit decal shall be transferred to another vehicle. The charge for duplicate permit decals shall be ten dollars ($10.00) except that a replacement decal shall be issued without cost if an individual returns a current used decal and shows proof of purchase to the Revenue Collector or if an individual shows proof to the Revenue Collector of change in registration number for the vehicle. Residential parking permit decals shall be issued on a calendar year basis, and shall expire at midnight on December 31 of each year. Provided it shall not be unlawful to continue to park an authorized vehicle in a controlled parking residential area during the period between December 31 and February 14 inclusive, if a residential parking permit decal for the vehicle was issued for the previous immediate calendar year.</text><type>section</type><prefixes><section>(e)</section></prefixes><entire_prefix>(e)</entire_prefix><prefix_anchor>(e)</prefix_anchor><level>1</level></section><section id="1297" prefix="(f)"><text/><type>section</type><prefixes><section>(f)</section></prefixes><entire_prefix>(f)</entire_prefix><prefix_anchor>(f)</prefix_anchor><level>1</level></section><section id="1298" prefix="(1)"><text>	No person shall display a residential parking permit decal on a vehicle unless such vehicle displays the same vehicle license number as shown on the residential parking permit decal; and any such use or display except as authorized herein shall constitute a violation of this Code by the permittee and by the person who so used or displayed the residential parking permit decal. 
</text><type>section</type><prefixes><section>(f)</section><section>(1)</section></prefixes><entire_prefix>(f)(1)</entire_prefix><prefix_anchor>(f)(1)</prefix_anchor><level>2</level></section><section id="1299" prefix="(2)"><text>	It shall constitute a violation of this Code for any person to falsely represent himself as eligible for a residential parking permit decal or to furnish any false information in an application to the Revenue Collector in order to obtain a residential parking permit decal. 
</text><type>section</type><prefixes><section>(f)</section><section>(2)</section></prefixes><entire_prefix>(f)(2)</entire_prefix><prefix_anchor>(f)(2)</prefix_anchor><level>2</level></section><section id="1300" prefix="(3)"><text>	The Revenue Collector is authorized to revoke the residential parking permit of any permittee found to be in violation of this section, and, upon written notification thereof, the permittee shall surrender such permit to the Revenue Collector. Failure, when so requested, to surrender a residential parking permit, so revoked, shall constitute a violation of this Code. 
</text><type>section</type><prefixes><section>(f)</section><section>(3)</section></prefixes><entire_prefix>(f)(3)</entire_prefix><prefix_anchor>(f)(3)</prefix_anchor><level>2</level></section><section id="1301" prefix="(g)"><text/><type>section</type><prefixes><section>(g)</section></prefixes><entire_prefix>(g)</entire_prefix><prefix_anchor>(g)</prefix_anchor><level>1</level></section></text></law>
