<?xml version="1.0"?>
<law><law_id>435</law_id><section_number>11-2129</section_number><catch_line>CROSSING FIRE HOSE.</catch_line><history/><order_by>11-2129</order_by><metadata/><url>/11-2129/</url><token>11-2129</token><structure><unit label="division" level="1" identifier="II">Division II - Planning and Development</unit><unit label="part" level="3" identifier="11">PART 11 - TRANSPORTATION</unit><unit label="chapter" level="4" identifier="2">CHAPTER 2. - MOTOR VEHICLES AND TRAFFIC</unit><unit label="article" level="2" identifier="H">ARTICLE H. - MISCELLANEOUS DRIVING RULES</unit></structure><referred_to_by/><text><section id="1157" prefix=""><text>No vehicle shall be driven over any unprotected hose of a Fire Department when laid down on any street or driveway to be used at any fire or alarm of fire, without the consent of the Fire Department official in command. 
(Code 1959 , &#xA7;21-26)</text><type>section</type><prefixes><section/></prefixes><entire_prefix/><prefix_anchor/><level>1</level></section></text></law>
