<?xml version="1.0"?>
<law><law_id>479</law_id><section_number>11-2203</section_number><catch_line>INSTALLATION OF PARKING METERS.</catch_line><history/><order_by>11-2203</order_by><metadata/><url>/11-2203/</url><token>11-2203</token><structure><unit label="division" level="1" identifier="II">Division II - Planning and Development</unit><unit label="part" level="3" identifier="11">PART 11 - TRANSPORTATION</unit><unit label="chapter" level="4" identifier="2">CHAPTER 2. - MOTOR VEHICLES AND TRAFFIC</unit><unit label="article" level="2" identifier="K">ARTICLE K. - PARKING METERS</unit></structure><referred_to_by/><text><section id="1337" prefix=""><text>In the parking meter zones the transportation director shall cause parking meters to be installed upon the curb or sidewalk immediately adjacent to the parking spaces provided in &#xA7;11-2212, and the transportation director shall be responsible for the regulation, control, operation, maintenance and use of such parking meters. Each device shall be so set as to display a signal showing legal parking upon the deposit of the appropriate coin or coins, lawful money of the United States of America, for the period of time prescribed by this article. Each device shall be so arranged that upon the expiration of the lawful time limit it will indicate by a proper visible signal that the lawful parking period has expired and in such cases the right of such vehicle to occupy such space shall cease and the operator, owner, possessor or Manager thereof shall be subject to the penalties hereinafter provided. 
(Code 1959 , &#xA7;21-46)</text><type>section</type><prefixes><section/></prefixes><entire_prefix/><prefix_anchor/><level>1</level></section></text></law>
