<?xml version="1.0"?>
<law><law_id>491</law_id><section_number>11-2214</section_number><catch_line>USE OF PROCEEDS.</catch_line><history/><order_by>11-2214</order_by><metadata/><url>/11-2214/</url><token>11-2214</token><structure><unit label="division" level="1" identifier="II">Division II - Planning and Development</unit><unit label="part" level="3" identifier="11">PART 11 - TRANSPORTATION</unit><unit label="chapter" level="4" identifier="2">CHAPTER 2. - MOTOR VEHICLES AND TRAFFIC</unit><unit label="article" level="2" identifier="K">ARTICLE K. - PARKING METERS</unit></structure><referred_to_by/><text><section id="1378" prefix=""><text>The proceeds derived from the use of such parking meters shall be used exclusively for the purpose of making such regulation effective and for the expenses incurred by the City in the regulation and limitation of vehicular parking, and traffic relating to such parking, on the streets of the City. 
(Code 1959 , &#xA7;21-51)</text><type>section</type><prefixes><section/></prefixes><entire_prefix/><prefix_anchor/><level>1</level></section></text></law>
