<?xml version="1.0"?>
<law><law_id>490</law_id><section_number>11-2213</section_number><catch_line>ENFORCEMENT.</catch_line><history/><order_by>11-2213</order_by><metadata/><url>/11-2213/</url><token>11-2213</token><structure><unit label="division" level="1" identifier="II">Division II - Planning and Development</unit><unit label="part" level="3" identifier="11">PART 11 - TRANSPORTATION</unit><unit label="chapter" level="4" identifier="2">CHAPTER 2. - MOTOR VEHICLES AND TRAFFIC</unit><unit label="article" level="2" identifier="K">ARTICLE K. - PARKING METERS</unit></structure><referred_to_by/><text><section id="1377" prefix=""><text>It shall be the duty of the Police Department and officials of the violations division of the Department of Finance to enforce the provisions of this article.</text><type>section</type><prefixes><section/></prefixes><entire_prefix/><prefix_anchor/><level>1</level></section></text></law>
