<?xml version="1.0"?>
<law><law_id>457</law_id><section_number>11-2175</section_number><catch_line>PARKING LIMITATIONS ON CITY-OWNED FACILITIES.</catch_line><history/><order_by>11-2175</order_by><metadata/><url>/11-2175/</url><token>11-2175</token><structure><unit label="division" level="1" identifier="II">Division II - Planning and Development</unit><unit label="part" level="3" identifier="11">PART 11 - TRANSPORTATION</unit><unit label="chapter" level="4" identifier="2">CHAPTER 2. - MOTOR VEHICLES AND TRAFFIC</unit><unit label="article" level="2" identifier="J">ARTICLE J. - PARKING AND STANDING</unit></structure><referred_to_by/><text><section id="1255" prefix="(a)"><text>Parking of vehicles on the lot owned by the City and located along the west side of McDowell Street and along the north side of Hargett Street shall be limited to vehicles owned by the City, vehicles operated by members of the City Council, and vehicles operated by City employees and used by them officially and regularly in connection with the performance of their duties in their employment by the City.</text><type>section</type><prefixes><section>(a)</section></prefixes><entire_prefix>(a)</entire_prefix><prefix_anchor>(a)</prefix_anchor><level>1</level></section><section id="1256" prefix="(b)"><text/><type>section</type><prefixes><section>(b)</section></prefixes><entire_prefix>(b)</entire_prefix><prefix_anchor>(b)</prefix_anchor><level>1</level></section><section id="1257" prefix="(c)"><text>If at any time the City Manager shall determine that the parking space is not needed for the parking of City vehicles and vehicles being used on official City business the City Manager is authorized to properly designate and make the parking space available for general public use or for reserved public parking. Such spaces may be designated by parking meters, signs, striping or any other method selected by the City Manager. Any vehicle parked in violation of the rules establishing such public or reserved spaces shall be an offense and the violation may be enforced by any lawful method, including towing, by which any other violation of City parking regulations may be enforced.</text><type>section</type><prefixes><section>(c)</section></prefixes><entire_prefix>(c)</entire_prefix><prefix_anchor>(c)</prefix_anchor><level>1</level></section><section id="1258" prefix="(d)"><text>The City Manager is authorized and directed to cause driveways to be designated and marked on the lot for the purpose of ingress and egress to and from the parking spaces, and when so designated, it shall be unlawful for any person to park any vehicle within any driveway or to permit, or to allow any vehicle owned by him to be parked therein. It shall be unlawful for any person to park at any time or at any place within the lot so as to block the passage to or from any parking space or to prevent the use of any parking spaces by the person for whom the parking space has been designated in accordance with the provisions of this paragraph.</text><type>section</type><prefixes><section>(d)</section></prefixes><entire_prefix>(d)</entire_prefix><prefix_anchor>(d)</prefix_anchor><level>1</level></section><section id="1259" prefix="(e)"><text>The City Manager is authorized and directed, in his discretion, to cause parking spaces, traffic lanes, including one-way lanes, and loading zones, to be designated and marked on the municipal auditorium parking lot and on the service drive adjacent to the Sheraton Capital Center Hotel and connecting Cabarrus Street with Salisbury Street.</text><type>section</type><prefixes><section>(e)</section></prefixes><entire_prefix>(e)</entire_prefix><prefix_anchor>(e)</prefix_anchor><level>1</level></section><section id="1260" prefix="(f)"><text>The City Manager is authorized and directed in his discretion, to cause parking spaces, time limit parking spaces, metered parking spaces, loading zones, no parking zones, handicap spaces and traffic lanes, including one-way lanes to be designated and marked on all City properties. 
Such spaces shall be subject to the same enforcement provisions and practices afforded such spaces on public streets. The City Manager shall have authority to establish time limits and parking meter rates identified in &#xA7;&#xA7;11-2174, 11-2205 and 11-2206. In addition, he shall be authorized to increase rates and vary time limits as he deems appropriate for such spaces. 
(Code 1959 , &#xA7;21-34(b)&#x2014;(d); Ord. No. 1982-876, &#xA7;1, 3-23-82; Ord. No. 1993-151, &#xA7;1, 4-6-93; Ord. No. 1998-454, &#xA7;17, 11-4-98; Ord. No. 2008-434, &#xA7;&#xA7;1, 2, 8-5-08) 
Cross reference: Parking areas in parks, &#xA7;&#xA7;9-2013, 9-2014</text><type>section</type><prefixes><section>(f)</section></prefixes><entire_prefix>(f)</entire_prefix><prefix_anchor>(f)</prefix_anchor><level>1</level></section></text></law>
