<?xml version="1.0"?>
<law><law_id>446</law_id><section_number>11-2151</section_number><catch_line>PEDESTRIAN STREETS.</catch_line><history/><order_by>11-2151</order_by><text><section id="1216" prefix="(a)"><text>Exchange Street from Fayetteville Street to South Wilmington Street.</text><type>section</type><prefixes><section>(a)</section></prefixes><entire_prefix>(a)</entire_prefix><prefix_anchor>(a)</prefix_anchor><level>1</level></section><section id="1217" prefix="(b)"><text>Fayetteville Street, from its intersection with the southern boundary of Morgan Street to its intersection with the northern boundary of Davie Street, but excluding the intersections of Martin Street and Hargett Street. 
Cross reference: Pedestrian malls generally, Part 9, Chapter 7.</text><type>section</type><prefixes><section>(b)</section></prefixes><entire_prefix>(b)</entire_prefix><prefix_anchor>(b)</prefix_anchor><level>1</level></section></text><metadata/><url>/11-2151/</url><token>11-2151</token><structure><unit label="division" level="1" identifier="II">Division II - Planning and Development</unit><unit label="part" level="3" identifier="11">PART 11 - TRANSPORTATION</unit><unit label="chapter" level="4" identifier="2">CHAPTER 2. - MOTOR VEHICLES AND TRAFFIC</unit><unit label="article" level="2" identifier="I">ARTICLE I. - PEDESTRIANS' RIGHTS AND DUTIES</unit></structure><referred_to_by/></law>
