<?xml version="1.0"?>
<law><law_id>477</law_id><section_number>11-2201</section_number><catch_line>DEFINITIONS.</catch_line><history/><order_by>11-2201</order_by><metadata/><url>/11-2201/</url><token>11-2201</token><structure><unit label="division" level="1" identifier="II">Division II - Planning and Development</unit><unit label="part" level="3" identifier="11">PART 11 - TRANSPORTATION</unit><unit label="chapter" level="4" identifier="2">CHAPTER 2. - MOTOR VEHICLES AND TRAFFIC</unit><unit label="article" level="2" identifier="K">ARTICLE K. - PARKING METERS</unit></structure><referred_to_by/><text><section id="1331" prefix="(a)"><text>Operator. 
The word operator as used in this article, shall mean and include every individual who shall operate a vehicle as the owner thereof, or as the agent, employee or permittee of the owner, or is in actual physical control of a vehicle.</text><type>section</type><prefixes><section>(a)</section></prefixes><entire_prefix>(a)</entire_prefix><prefix_anchor>(a)</prefix_anchor><level>1</level></section><section id="1332" prefix="(b)"><text>Park, parking. 
The word park or parking, as used in this article, shall mean the standing of a vehicle, whether occupied or not, upon a street otherwise than temporarily for the purpose of, and while actually engaged in, receiving or discharging passengers or loading or unloading merchandise or in obedience to traffic regulations, signs or signals or an involuntary stopping of the vehicle by reason of causes beyond the control of the operator of the vehicle.</text><type>section</type><prefixes><section>(b)</section></prefixes><entire_prefix>(b)</entire_prefix><prefix_anchor>(b)</prefix_anchor><level>1</level></section><section id="1333" prefix="(c)"><text>Parking meter. 
The word parking meter, as used in this article, shall mean and include any mechanical device or meter not inconsistent with this chapter placed or erected for the regulation of parking by authority of this chapter. Each parking meter installed shall indicate by proper legend the legal parking time established by the City and when operated shall at all times indicate the balance of legal parking time, and at the expiration of such period shall indicate illegal or overtime parking.</text><type>section</type><prefixes><section>(c)</section></prefixes><entire_prefix>(c)</entire_prefix><prefix_anchor>(c)</prefix_anchor><level>1</level></section><section id="1334" prefix="(d)"><text>Parking meter zone. 
The words parking meter zone, as used in this article, shall mean and include any restricted street upon which parking meters are installed and in operation.</text><type>section</type><prefixes><section>(d)</section></prefixes><entire_prefix>(d)</entire_prefix><prefix_anchor>(d)</prefix_anchor><level>1</level></section><section id="1335" prefix="(e)"><text>Parking meter space. 
The words parking meter space, as used in this article, shall mean any space within a parking meter zone, adjacent to a parking meter and which is duly designated for the parking of a single vehicle by lines painted or otherwise durably marked on the curb or on the surface of the street adjacent to or adjoining the parking meters. 
(Code 1959 , &#xA7;21-44) 
Annotation: Metered parking is permissible, if for a regulatory, rather than revenue-earning purpose. State v. Scoggin, 236 NC 1, 72 S.E. 2d 97 (1952).</text><type>section</type><prefixes><section>(e)</section></prefixes><entire_prefix>(e)</entire_prefix><prefix_anchor>(e)</prefix_anchor><level>1</level></section></text></law>
