<?xml version="1.0"?>
<law><law_id>416</law_id><section_number>11-2101</section_number><catch_line>TURNING MARKERS.</catch_line><history/><order_by>11-2101</order_by><text><section id="1137" prefix=""><text>When authorized signs, markers, buttons, or other indicators are placed within an intersection indicating the course to be traveled by vehicles turning thereat, no driver of a vehicle shall disobey the directions of the indicators. 
State law reference: Turning at intersections, G.S. 20-153.</text><type>section</type><prefixes><section/></prefixes><entire_prefix/><prefix_anchor/><level>1</level></section></text><metadata/><url>/11-2101/</url><token>11-2101</token><structure><unit label="division" level="1" identifier="II">Division II - Planning and Development</unit><unit label="part" level="3" identifier="11">PART 11 - TRANSPORTATION</unit><unit label="chapter" level="4" identifier="2">CHAPTER 2. - MOTOR VEHICLES AND TRAFFIC</unit><unit label="article" level="2" identifier="F">ARTICLE F. - TURNING MOVEMENTS</unit></structure><referred_to_by/></law>
