<?xml version="1.0"?>
<law><law_id>460</law_id><section_number>11-2177</section_number><catch_line>STANDING FOR LOADING ONLY.</catch_line><history/><order_by>11-2177</order_by><metadata/><url>/11-2177/</url><token>11-2177</token><structure><unit label="division" level="1" identifier="II">Division II - Planning and Development</unit><unit label="part" level="3" identifier="11">PART 11 - TRANSPORTATION</unit><unit label="chapter" level="4" identifier="2">CHAPTER 2. - MOTOR VEHICLES AND TRAFFIC</unit><unit label="article" level="2" identifier="J">ARTICLE J. - PARKING AND STANDING</unit></structure><referred_to_by><reference>11-2182</reference></referred_to_by><text><section id="1268" prefix="(a)"><text/><type>section</type><prefixes><section>(a)</section></prefixes><entire_prefix>(a)</entire_prefix><prefix_anchor>(a)</prefix_anchor><level>1</level></section><section id="1269" prefix="(b)"><text/><type>section</type><prefixes><section>(b)</section></prefixes><entire_prefix>(b)</entire_prefix><prefix_anchor>(b)</prefix_anchor><level>1</level></section><section id="1270" prefix="(c)"><text>Exemption for television transmission. 
Notwithstanding provisions of this section to the contrary, and for the sole purpose of television signal transmission, it shall be lawful for a vehicle containing mobile television transmission equipment to park in a space designated as a passenger loading zone or a loading zone. Provided, however, that such vehicle shall only remain in the space for the minimum period of time required to prepare for the transmission of live television signals, and in no event for longer than one (1) hour.</text><type>section</type><prefixes><section>(c)</section></prefixes><entire_prefix>(c)</entire_prefix><prefix_anchor>(c)</prefix_anchor><level>1</level></section><section id="1271" prefix="(d)"><text/><type>section</type><prefixes><section>(d)</section></prefixes><entire_prefix>(d)</entire_prefix><prefix_anchor>(d)</prefix_anchor><level>1</level></section><section id="1272" prefix="(e)"><text>Commercial vehicle only loading zone.</text><type>section</type><prefixes><section>(e)</section></prefixes><entire_prefix>(e)</entire_prefix><prefix_anchor>(e)</prefix_anchor><level>1</level></section><section id="1273" prefix="(i)"><text/><type>section</type><prefixes><section>(i)</section></prefixes><entire_prefix>(i)</entire_prefix><prefix_anchor>(i)</prefix_anchor><level>1</level></section></text></law>
