<?xml version="1.0"?>
<law><law_id>467</law_id><section_number>11-2184</section_number><catch_line>TAXI ZONES.</catch_line><history/><order_by>11-2184</order_by><metadata/><url>/11-2184/</url><token>11-2184</token><structure><unit label="division" level="1" identifier="II">Division II - Planning and Development</unit><unit label="part" level="3" identifier="11">PART 11 - TRANSPORTATION</unit><unit label="chapter" level="4" identifier="2">CHAPTER 2. - MOTOR VEHICLES AND TRAFFIC</unit><unit label="article" level="2" identifier="J">ARTICLE J. - PARKING AND STANDING</unit></structure><referred_to_by/><text><section id="1303" prefix=""><text>When signs are erected giving notice thereof, no person shall stop, stand or park any vehicle except officially licensed taxis in taxi zones described in official Traffic Schedule No. 22. Taxi operators may park in such zones while waiting for riders provided that they remain within five feet of their cab at all times unless expeditiously assisting a passenger. 
(Ord. No. 1989-467, &#xA7;1, 12-5-89; Ord. No. 2003-390, &#xA7;1, 2-18-03)</text><type>section</type><prefixes><section/></prefixes><entire_prefix/><prefix_anchor/><level>1</level></section></text></law>
