<?xml version="1.0"?>
<law><law_id>488</law_id><section_number>11-2211</section_number><catch_line>UNLAWFUL ACTS.</catch_line><history/><order_by>11-2211</order_by><metadata/><url>/11-2211/</url><token>11-2211</token><structure><unit label="division" level="1" identifier="II">Division II - Planning and Development</unit><unit label="part" level="3" identifier="11">PART 11 - TRANSPORTATION</unit><unit label="chapter" level="4" identifier="2">CHAPTER 2. - MOTOR VEHICLES AND TRAFFIC</unit><unit label="article" level="2" identifier="K">ARTICLE K. - PARKING METERS</unit></structure><referred_to_by/><text><section id="1369" prefix="(a)"><text>It shall be unlawful for any person other than a person having a valid permit issued under authority of &#xA7;&#xA7;11-2207 through 11-2210, his authorized agents, employees or servants to park or stand any vehicle in the street parking space adjacent to any parking meter covered or hooded or in a street parking space in which a traffic cone has been placed; provided that employees of the City Traffic Engineering Department shall be authorized to encumber any area described in &#xA7;11-2207 for the purpose of the installation or maintenance of any traffic-control devices, such encumbrance to be accomplished by the placement of traffic cones or barricades in such area.</text><type>section</type><prefixes><section>(a)</section></prefixes><entire_prefix>(a)</entire_prefix><prefix_anchor>(a)</prefix_anchor><level>1</level></section><section id="1370" prefix="(b)"><text>It shall be further unlawful for any unauthorized person to cover or hood any parking meter, or to place a traffic cone in any parking space, or to remove, damage or destroy any official parking meter cover, hood or traffic cone of the City, or for any unauthorized person to have in his possession any official parking meter hood or cover, traffic cone, or any other device designed for the encumbrance of parking spaces contrary to the provisions of &#xA7;&#xA7;11-2207 through 11-2210 
(Code 1959 , &#xA7;21-48.1)</text><type>section</type><prefixes><section>(b)</section></prefixes><entire_prefix>(b)</entire_prefix><prefix_anchor>(b)</prefix_anchor><level>1</level></section></text></law>
