<?xml version="1.0"?>
<law><law_id>459</law_id><section_number>11-2176</section_number><catch_line>TRUCK PARKING.</catch_line><history/><order_by>11-2176</order_by><metadata/><url>/11-2176/</url><token>11-2176</token><structure><unit label="division" level="1" identifier="II">Division II - Planning and Development</unit><unit label="part" level="3" identifier="11">PART 11 - TRANSPORTATION</unit><unit label="chapter" level="4" identifier="2">CHAPTER 2. - MOTOR VEHICLES AND TRAFFIC</unit><unit label="article" level="2" identifier="J">ARTICLE J. - PARKING AND STANDING</unit></structure><referred_to_by/><text><section id="1267" prefix=""><text>All motor truck carriers operating as either common or contract carriers over regular or irregular routes, all passenger bus carriers, and all other owners of motor trucks or trailers of any kind, including house trailers, whose trucks, truck-trailers, trailers, semi-trailers, house trailers or buses at any time are operated into, out of, through, or within the corporate limits of the City and the drivers and operators of any such vehicles shall use private property for parking and storing those vehicles within the corporate limits, and they are hereby prohibited from using the public streets of the City except for the purposes of travel and transporting, loading and unloading passengers and except for temporary parking in cases of emergency involving a mechanical breakdown necessitating repairs to any such vehicle. Provided that the provisions of this section shall not apply to mass transit buses owned by the City, trucks of three-fourths-ton capacity or less, nor shall it apply to school buses parked in conformity with permits issued by the Police Department. 
(Code 1959 , &#xA7;21-36; Ord. No. 1977-420, &#xA7;1, 1-4-77)</text><type>section</type><prefixes><section/></prefixes><entire_prefix/><prefix_anchor/><level>1</level></section></text></law>
