<?xml version="1.0"?>
<law><law_id>380</law_id><section_number>11-2021</section_number><catch_line>IN GENERAL.</catch_line><history/><order_by>11-2021</order_by><text><section id="1074" prefix=""><text>It is the duty of the law enforcement officers of the City to enforce all of the provisions of this chapter and all of the State motor vehicle laws. 
Cross reference: Motor vehicle registration and annual fees, &#xA7;2-2071 et seq.</text><type>section</type><prefixes><section/></prefixes><entire_prefix/><prefix_anchor/><level>1</level></section></text><metadata/><url>/11-2021/</url><token>11-2021</token><structure><unit label="division" level="1" identifier="II">Division II - Planning and Development</unit><unit label="part" level="3" identifier="11">PART 11 - TRANSPORTATION</unit><unit label="chapter" level="4" identifier="2">CHAPTER 2. - MOTOR VEHICLES AND TRAFFIC</unit><unit label="article" level="2" identifier="B">ARTICLE B. - ADMINISTRATION AND ENFORCEMENT</unit></structure><referred_to_by/></law>
