<?xml version="1.0"?>
<law><law_id>508</law_id><section_number>11-2241</section_number><catch_line>NORTH CAROLINA DEPARTMENT OF TRANSPORTATION EMPLOYEES AND AGENTS EXEMPTED.</catch_line><history/><order_by>11-2241</order_by><metadata/><url>/11-2241/</url><token>11-2241</token><structure><unit label="division" level="1" identifier="II">Division II - Planning and Development</unit><unit label="part" level="3" identifier="11">PART 11 - TRANSPORTATION</unit><unit label="chapter" level="4" identifier="2">CHAPTER 2. - MOTOR VEHICLES AND TRAFFIC</unit><unit label="article" level="2" identifier="L">ARTICLE L. - SIGNING AND TRAFFIC ROUTING IN THE EVENT OF STREET OBSTRUCTION</unit></structure><referred_to_by/><text><section id="1422" prefix=""><text>Any employee of the North Carolina State Department of Transportation, or any person, persons, firm or corporation acting pursuant to a contract with the agency, working on any street in the City shall be exempt from the provisions of this article when the procedures for traffic control in the event of street construction and maintenance, promulgated by said agency, are being followed. 
(Code 1959 , &#xA7;19-41; Ord. No. 1980-416, &#xA7;5, 7-15-80; Ord. No. 1994-393, &#xA7;9, 5-3-94)</text><type>section</type><prefixes><section/></prefixes><entire_prefix/><prefix_anchor/><level>1</level></section></text></law>
