<?xml version="1.0"?>
<law><law_id>506</law_id><section_number>11-2239</section_number><catch_line>EMERGENCY SITUATIONS.</catch_line><history/><order_by>11-2239</order_by><metadata/><url>/11-2239/</url><token>11-2239</token><structure><unit label="division" level="1" identifier="II">Division II - Planning and Development</unit><unit label="part" level="3" identifier="11">PART 11 - TRANSPORTATION</unit><unit label="chapter" level="4" identifier="2">CHAPTER 2. - MOTOR VEHICLES AND TRAFFIC</unit><unit label="article" level="2" identifier="L">ARTICLE L. - SIGNING AND TRAFFIC ROUTING IN THE EVENT OF STREET OBSTRUCTION</unit></structure><referred_to_by/><text><section id="1420" prefix=""><text>In the event of an emergency situation, as defined in this article, which results in the obstruction of any street the prohibitions and requirements of this article shall not apply. In the event of such emergency situation the person, persons, firm or corporation working to remove the obstruction shall make all reasonable efforts to provide for the immediate protection of the health, safety and property of all persons using the street during the existence of the emergency situation. Such person, persons, firm or corporation working to remove the obstruction shall notify the Department of Transportation and Emergency Communication at 911 and shall comply with the provisions of this article as soon as is reasonably possible after commencing work to remove the obstruction causing the emergency situation. 
(Code 1959 , &#xA7;19-39; Ord. No. 1994-393, &#xA7;8, 5-3-94)</text><type>section</type><prefixes><section/></prefixes><entire_prefix/><prefix_anchor/><level>1</level></section></text></law>
