<?xml version="1.0"?>
<law><law_id>499</law_id><section_number>11-2233</section_number><catch_line>USE OF FLAGMEN; CHANNELIZATION OF TRAFFIC.</catch_line><history/><order_by>11-2233</order_by><metadata/><url>/11-2233/</url><token>11-2233</token><structure><unit label="division" level="1" identifier="II">Division II - Planning and Development</unit><unit label="part" level="3" identifier="11">PART 11 - TRANSPORTATION</unit><unit label="chapter" level="4" identifier="2">CHAPTER 2. - MOTOR VEHICLES AND TRAFFIC</unit><unit label="article" level="2" identifier="L">ARTICLE L. - SIGNING AND TRAFFIC ROUTING IN THE EVENT OF STREET OBSTRUCTION</unit></structure><referred_to_by/><text><section id="1403" prefix="(a)"><text/><type>section</type><prefixes><section>(a)</section></prefixes><entire_prefix>(a)</entire_prefix><prefix_anchor>(a)</prefix_anchor><level>1</level></section><section id="1404" prefix="(1)"><text>	Provide signs and barricades and one (1) or more flagmen, as necessary to maintain traffic flow by the obstruction; or 
</text><type>section</type><prefixes><section>(a)</section><section>(1)</section></prefixes><entire_prefix>(a)(1)</entire_prefix><prefix_anchor>(a)(1)</prefix_anchor><level>2</level></section><section id="1405" prefix="(2)"><text>	Clearly and safely separate and channelize the opposing movement of traffic when the unobstructed portion of the roadway is of sufficient width to provide at least a ten (10) feet minimum lane. Such separation and channelization shall be achieved by the use of traffic cones, signs and/or barricades. 
</text><type>section</type><prefixes><section>(a)</section><section>(2)</section></prefixes><entire_prefix>(a)(2)</entire_prefix><prefix_anchor>(a)(2)</prefix_anchor><level>2</level></section><section id="1406" prefix="(b)"><text>Failure to comply with the provisions of this section shall be a misdemeanor. 
(Code 1959 , &#xA7;19-35; Ord. No. 1980-416, &#xA7;4, 7-15-80; Ord. No. 1994-393, &#xA7;&#xA7;5, 6, 5-3-94)</text><type>section</type><prefixes><section>(b)</section></prefixes><entire_prefix>(b)</entire_prefix><prefix_anchor>(b)</prefix_anchor><level>1</level></section></text></law>
