<?xml version="1.0"?>
<law><law_id>413</law_id><section_number>11-2093</section_number><catch_line>EXCEPTIONS DURING SPECIFIED TIMES.</catch_line><history/><order_by>11-2093</order_by><metadata/><url>/11-2093/</url><token>11-2093</token><structure><unit label="division" level="1" identifier="II">Division II - Planning and Development</unit><unit label="part" level="3" identifier="11">PART 11 - TRANSPORTATION</unit><unit label="chapter" level="4" identifier="2">CHAPTER 2. - MOTOR VEHICLES AND TRAFFIC</unit><unit label="article" level="2" identifier="E">ARTICLE E. - SPEED REGULATIONS [1]</unit></structure><referred_to_by/><text><section id="1134" prefix=""><text>When proper signs have been erected giving notice of the appropriate speed regulations, it shall be unlawful to operate a motor vehicle in excess of the speed limits which are made effective on specified streets or portions of streets during particular hours of the day or night, as designated in official Traffic Schedule No. 5, Speed Limits. 
Cross reference: Schedules incorporated by reference, &#xA7;11-2004</text><type>section</type><prefixes><section/></prefixes><entire_prefix/><prefix_anchor/><level>1</level></section></text></law>
