<?xml version="1.0"?>
<law><law_id>418</law_id><section_number>11-2103</section_number><catch_line>U-TURNS PROHIBITED.</catch_line><history/><order_by>11-2103</order_by><metadata/><url>/11-2103/</url><token>11-2103</token><structure><unit label="division" level="1" identifier="II">Division II - Planning and Development</unit><unit label="part" level="3" identifier="11">PART 11 - TRANSPORTATION</unit><unit label="chapter" level="4" identifier="2">CHAPTER 2. - MOTOR VEHICLES AND TRAFFIC</unit><unit label="article" level="2" identifier="F">ARTICLE F. - TURNING MOVEMENTS</unit></structure><referred_to_by/><text><section id="1139" prefix=""><text>When signs have been erected giving notice thereof, no driver of a vehicle shall make a U-turn at locations where U-turns are prohibited, as specified in official Traffic Schedule No. 7, U-Turns Prohibited. 
(Code 1959 , &#xA7;21-15) 
Cross reference: Schedules incorporated by reference, &#xA7;11-2004</text><type>section</type><prefixes><section/></prefixes><entire_prefix/><prefix_anchor/><level>1</level></section></text></law>
