<?xml version="1.0"?>
<law><law_id>505</law_id><section_number>11-2238</section_number><catch_line>SIGNS MUST CONTAIN CORRECT INFORMATION.</catch_line><history/><order_by>11-2238</order_by><metadata/><url>/11-2238/</url><token>11-2238</token><structure><unit label="division" level="1" identifier="II">Division II - Planning and Development</unit><unit label="part" level="3" identifier="11">PART 11 - TRANSPORTATION</unit><unit label="chapter" level="4" identifier="2">CHAPTER 2. - MOTOR VEHICLES AND TRAFFIC</unit><unit label="article" level="2" identifier="L">ARTICLE L. - SIGNING AND TRAFFIC ROUTING IN THE EVENT OF STREET OBSTRUCTION</unit></structure><referred_to_by/><text><section id="1419" prefix=""><text>It shall be a misdemeanor for any person, persons or signs to state a warning in which is inconsistent with the actual condition of the obstructed street. 
(Code 1959 , &#xA7;19-38.2)</text><type>section</type><prefixes><section/></prefixes><entire_prefix/><prefix_anchor/><level>1</level></section></text></law>
