<?xml version="1.0"?>
<law><law_id>498</law_id><section_number>11-2232</section_number><catch_line>CERTAIN OBSTRUCTIONS PROHIBITED; EXCEPTIONS.</catch_line><history/><order_by>11-2232</order_by><metadata/><url>/11-2232/</url><token>11-2232</token><structure><unit label="division" level="1" identifier="II">Division II - Planning and Development</unit><unit label="part" level="3" identifier="11">PART 11 - TRANSPORTATION</unit><unit label="chapter" level="4" identifier="2">CHAPTER 2. - MOTOR VEHICLES AND TRAFFIC</unit><unit label="article" level="2" identifier="L">ARTICLE L. - SIGNING AND TRAFFIC ROUTING IN THE EVENT OF STREET OBSTRUCTION</unit></structure><referred_to_by/><text><section id="1391" prefix="(a)"><text/><type>section</type><prefixes><section>(a)</section></prefixes><entire_prefix>(a)</entire_prefix><prefix_anchor>(a)</prefix_anchor><level>1</level></section><section id="1392" prefix="(1)"><text>	Any street within the City having a marked centerline, or having marked lanes, between the hours of 7:00 a.m. and 9:00 a.m. and between the hours of 4:00 p.m. and 6:00 p.m. 
</text><type>section</type><prefixes><section>(a)</section><section>(1)</section></prefixes><entire_prefix>(a)(1)</entire_prefix><prefix_anchor>(a)(1)</prefix_anchor><level>2</level></section><section id="1393" prefix="(2)"><text/><type>section</type><prefixes><section>(a)</section><section>(2)</section></prefixes><entire_prefix>(a)(2)</entire_prefix><prefix_anchor>(a)(2)</prefix_anchor><level>2</level></section><section id="1394" prefix="(3)"><text>	Any street which is totally closed to through traffic. 
</text><type>section</type><prefixes><section>(a)</section><section>(3)</section></prefixes><entire_prefix>(a)(3)</entire_prefix><prefix_anchor>(a)(3)</prefix_anchor><level>2</level></section><section id="1395" prefix="(b)"><text>Special permission to obstruct a portion of the above specified streets shall be obtained by having the transportation director or his agent endorse the work permit for working within the street right-of-way issued by the Department of Public Works pursuant to &#xA7;7-2001. This permit shall be maintained at the work site at all times while work is being performed.</text><type>section</type><prefixes><section>(b)</section></prefixes><entire_prefix>(b)</entire_prefix><prefix_anchor>(b)</prefix_anchor><level>1</level></section><section id="1396" prefix="(c)"><text>Special permission to obstruct a lane may be revoked if permittee continues to violate any portion of this article. Permittee must reapply for permission to obstruct a lane if original endorsement is revoked.</text><type>section</type><prefixes><section>(c)</section></prefixes><entire_prefix>(c)</entire_prefix><prefix_anchor>(c)</prefix_anchor><level>1</level></section><section id="1397" prefix="(d)"><text/><type>section</type><prefixes><section>(d)</section></prefixes><entire_prefix>(d)</entire_prefix><prefix_anchor>(d)</prefix_anchor><level>1</level></section><section id="1398" prefix="(1)"><text>	The location of the planned work;
</text><type>section</type><prefixes><section>(d)</section><section>(1)</section></prefixes><entire_prefix>(d)(1)</entire_prefix><prefix_anchor>(d)(1)</prefix_anchor><level>2</level></section><section id="1399" prefix="(2)"><text>	The time that the planned work is to be done; and
</text><type>section</type><prefixes><section>(d)</section><section>(2)</section></prefixes><entire_prefix>(d)(2)</entire_prefix><prefix_anchor>(d)(2)</prefix_anchor><level>2</level></section><section id="1400" prefix="(3)"><text>	The nature and extent of the planned work.
</text><type>section</type><prefixes><section>(d)</section><section>(3)</section></prefixes><entire_prefix>(d)(3)</entire_prefix><prefix_anchor>(d)(3)</prefix_anchor><level>2</level></section><section id="1401" prefix="(e)"><text>Any person, persons, agency or corporation obstructing any portion of any of the above defined streets or working to remove or repair the cause of any obstruction in any such street shall at all times use the appropriate signs, signals and warning devices required by the manual providing for by this article. Such person, persons, agency or corporation so working shall remove all signs, signals and warning devices. When the street is not in fact obstructed.</text><type>section</type><prefixes><section>(e)</section></prefixes><entire_prefix>(e)</entire_prefix><prefix_anchor>(e)</prefix_anchor><level>1</level></section><section id="1402" prefix="(f)"><text>Failure to comply with the provisions of this section shall be a misdemeanor. 
(Code 1959 , &#xA7;19-34; Ord. No. 1980-416, &#xA7;&#xA7;1&#x2014;3, 7-15-80; Ord. No. 1994-393, &#xA7;&#xA7;1&#x2014;4, 5-3-94)</text><type>section</type><prefixes><section>(f)</section></prefixes><entire_prefix>(f)</entire_prefix><prefix_anchor>(f)</prefix_anchor><level>1</level></section></text></law>
