<?xml version="1.0"?>
<law><law_id>440</law_id><section_number>11-2133</section_number><catch_line>REGULATION OF VEHICLES AND LOADS.</catch_line><history/><order_by>11-2133</order_by><metadata/><url>/11-2133/</url><token>11-2133</token><structure><unit label="division" level="1" identifier="II">Division II - Planning and Development</unit><unit label="part" level="3" identifier="11">PART 11 - TRANSPORTATION</unit><unit label="chapter" level="4" identifier="2">CHAPTER 2. - MOTOR VEHICLES AND TRAFFIC</unit><unit label="article" level="2" identifier="H">ARTICLE H. - MISCELLANEOUS DRIVING RULES</unit></structure><referred_to_by/><text><section id="1196" prefix="(a)"><text>It shall be unlawful for any person to drive or move or for the owner to cause or knowingly permit to be moved or driven on any street within the corporate limits any vehicle or vehicles of a size exceeding the limitations stated in this section, provided that the prohibition and limitations of this section shall only apply on the days of the week of Monday through Friday inclusive and shall only apply during the periods between 7:30 a.m. and 8:30 a.m. and between 4:30 p.m. and 6:00 p.m.</text><type>section</type><prefixes><section>(a)</section></prefixes><entire_prefix>(a)</entire_prefix><prefix_anchor>(a)</prefix_anchor><level>1</level></section><section id="1197" prefix="(b)"><text>The total outside width of any vehicle or the load thereon shall not exceed ten and one-half (10&#xBD;) feet.</text><type>section</type><prefixes><section>(b)</section></prefixes><entire_prefix>(b)</entire_prefix><prefix_anchor>(b)</prefix_anchor><level>1</level></section><section id="1198" prefix="(c)"><text>No vehicle, unladen or with load, shall exceed a height of thirteen (13) feet, six (6) inches.</text><type>section</type><prefixes><section>(c)</section></prefixes><entire_prefix>(c)</entire_prefix><prefix_anchor>(c)</prefix_anchor><level>1</level></section><section id="1199" prefix="(d)"><text>A vehicle having two (2) axles shall not exceed thirty-five (35) feet in length of extreme overall dimensions inclusive of front and rear bumpers. A vehicle having three (3) axles shall not exceed forty (40) feet in length of overall dimensions inclusive of front and rear bumpers. A truck-tractor and semitrailer shall be regarded as two (2) vehicles for the purpose of determining lawful length.</text><type>section</type><prefixes><section>(d)</section></prefixes><entire_prefix>(d)</entire_prefix><prefix_anchor>(d)</prefix_anchor><level>1</level></section><section id="1200" prefix="(e)"><text>No combination of vehicles coupled together shall exceed a total length of fifty-five (55) feet inclusive of front and rear bumpers. 
(Code 1959 , &#xA7;21-53)</text><type>section</type><prefixes><section>(e)</section></prefixes><entire_prefix>(e)</entire_prefix><prefix_anchor>(e)</prefix_anchor><level>1</level></section></text></law>
