<?xml version="1.0"?>
<law><law_id>493</law_id><section_number>11-2215</section_number><catch_line>RESERVATION OF POWERS.</catch_line><history/><order_by>11-2215</order_by><metadata/><url>/11-2215/</url><token>11-2215</token><structure><unit label="division" level="1" identifier="II">Division II - Planning and Development</unit><unit label="part" level="3" identifier="11">PART 11 - TRANSPORTATION</unit><unit label="chapter" level="4" identifier="2">CHAPTER 2. - MOTOR VEHICLES AND TRAFFIC</unit><unit label="article" level="2" identifier="K">ARTICLE K. - PARKING METERS</unit></structure><referred_to_by/><text><section id="1380" prefix=""><text>Nothing in this article shall be construed as prohibiting the City from providing for bus stops, for taxicab stands and other matters of similar nature, including the loading or unloading of trucks, vans, or other commercial vehicles. 
(Code 1959 , &#xA7;21-52)</text><type>section</type><prefixes><section/></prefixes><entire_prefix/><prefix_anchor/><level>1</level></section></text></law>
