<?xml version="1.0"?>
<law><law_id>379</law_id><section_number>11-2011</section_number><catch_line>RESERVED. </catch_line><history/><order_by>11-2011</order_by><metadata/><url>/11-2011/</url><token>11-2011</token><structure><unit label="division" level="1" identifier="II">Division II - Planning and Development</unit><unit label="part" level="3" identifier="11">PART 11 - TRANSPORTATION</unit><unit label="chapter" level="4" identifier="2">CHAPTER 2. - MOTOR VEHICLES AND TRAFFIC</unit><unit label="article" level="2" identifier="A">ARTICLE A. - GENERAL PROVISIONS</unit></structure><referred_to_by/><text><section id="1073" prefix=""><text/><type>section</type><prefixes><section/></prefixes><entire_prefix/><prefix_anchor/><level>1</level></section></text></law>
