<?xml version="1.0"?>
<law><law_id>476</law_id><section_number>11-2200</section_number><catch_line>PENALTIES.</catch_line><history/><order_by>11-2200</order_by><text><section id="1330" prefix=""><text>All offenses set out in Article K of this chapter shall be punished as civil offenses pursuant to G.S. 160A-175. Violations shall not be misdemeanors or infractions pursuant to G.S. 14-4. 
(Ord. No. 1986-774, &#xA7;5, 4-15-86)</text><type>section</type><prefixes><section/></prefixes><entire_prefix/><prefix_anchor/><level>1</level></section></text><metadata/><url>/11-2200/</url><token>11-2200</token><structure><unit label="division" level="1" identifier="II">Division II - Planning and Development</unit><unit label="part" level="3" identifier="11">PART 11 - TRANSPORTATION</unit><unit label="chapter" level="4" identifier="2">CHAPTER 2. - MOTOR VEHICLES AND TRAFFIC</unit><unit label="article" level="2" identifier="K">ARTICLE K. - PARKING METERS</unit></structure><referred_to_by><reference>11-2181</reference></referred_to_by></law>
