<?xml version="1.0"?>
<law><law_id>449</law_id><section_number>11-2153</section_number><catch_line>ELECTRONIC TRAFFIC AND PEDESTRIAN CONTROL SIGNALS.</catch_line><history/><order_by>11-2153</order_by><metadata/><url>/11-2153/</url><token>11-2153</token><structure><unit label="division" level="1" identifier="II">Division II - Planning and Development</unit><unit label="part" level="3" identifier="11">PART 11 - TRANSPORTATION</unit><unit label="chapter" level="4" identifier="2">CHAPTER 2. - MOTOR VEHICLES AND TRAFFIC</unit><unit label="article" level="2" identifier="I">ARTICLE I. - PEDESTRIANS' RIGHTS AND DUTIES</unit></structure><referred_to_by><reference>11-2071</reference></referred_to_by><text><section id="1225" prefix="(a)"><text>Pedestrians crossing roadways at intersections where electronic traffic-control signals are located which are regulated by separate electronic pedestrian signals must obey the instructions of the pedestrian signals.</text><type>section</type><prefixes><section>(a)</section></prefixes><entire_prefix>(a)</entire_prefix><prefix_anchor>(a)</prefix_anchor><level>1</level></section><section id="1226" prefix="(b)"><text>Pedestrians who are lawfully in a roadway when the pedestrian signal changes should proceed across the roadway.</text><type>section</type><prefixes><section>(b)</section></prefixes><entire_prefix>(b)</entire_prefix><prefix_anchor>(b)</prefix_anchor><level>1</level></section><section id="1227" prefix="(c)"><text>Pedestrians crossing roadways at signalized intersections which are not regulated by separate electronic pedestrian signals must obey the instructions of the traffic-control signal facing vehicular traffic moving in the same direction as such pedestrians.</text><type>section</type><prefixes><section>(c)</section></prefixes><entire_prefix>(c)</entire_prefix><prefix_anchor>(c)</prefix_anchor><level>1</level></section><section id="1228" prefix="(d)"><text>Pedestrians crossing roadways at signalized intersections which are not regulated by separate pedestrian signals must not start to cross when a yellow light is exhibited to vehicles.</text><type>section</type><prefixes><section>(d)</section></prefixes><entire_prefix>(d)</entire_prefix><prefix_anchor>(d)</prefix_anchor><level>1</level></section><section id="1229" prefix="(e)"><text/><type>section</type><prefixes><section>(e)</section></prefixes><entire_prefix>(e)</entire_prefix><prefix_anchor>(e)</prefix_anchor><level>1</level></section></text></law>
