<?xml version="1.0"?>
<law><law_id>489</law_id><section_number>11-2212</section_number><catch_line>VIOLATIONS.</catch_line><history/><order_by>11-2212</order_by><metadata/><url>/11-2212/</url><token>11-2212</token><structure><unit label="division" level="1" identifier="II">Division II - Planning and Development</unit><unit label="part" level="3" identifier="11">PART 11 - TRANSPORTATION</unit><unit label="chapter" level="4" identifier="2">CHAPTER 2. - MOTOR VEHICLES AND TRAFFIC</unit><unit label="article" level="2" identifier="K">ARTICLE K. - PARKING METERS</unit></structure><referred_to_by><reference>11-2203</reference></referred_to_by><text><section id="1371" prefix="(a)"><text>To cause, allow, permit, or suffer a vehicle registered in the name of, or operated by that person, to be stopped, left standing or parked overtime or beyond the period of legal parking time established for any parking meter zone as herein described, or to deposit in any parking meter any coin for the purpose of parking beyond the maximum legal parking time for the particular parking zone.</text><type>section</type><prefixes><section>(a)</section></prefixes><entire_prefix>(a)</entire_prefix><prefix_anchor>(a)</prefix_anchor><level>1</level></section><section id="1372" prefix="(b)"><text>To cause or allow a vehicle to be stopped, left standing, or parked in a parking meter space while the parking meter for such space is displaying a signal indicating that the meter is not active.</text><type>section</type><prefixes><section>(b)</section></prefixes><entire_prefix>(b)</entire_prefix><prefix_anchor>(b)</prefix_anchor><level>1</level></section><section id="1373" prefix="(c)"><text>To stop, leave standing or park any vehicle across any line or marking of a parking meter space or in such position that the vehicle shall not be entirely within the area designated by such lines or markings.</text><type>section</type><prefixes><section>(c)</section></prefixes><entire_prefix>(c)</entire_prefix><prefix_anchor>(c)</prefix_anchor><level>1</level></section><section id="1374" prefix="(d)"><text>To deface, injure, tamper with, open or willfully break, destroy, or impair the usefulness of any parking meter installed under the provisions of this chapter.</text><type>section</type><prefixes><section>(d)</section></prefixes><entire_prefix>(d)</entire_prefix><prefix_anchor>(d)</prefix_anchor><level>1</level></section><section id="1375" prefix="(e)"><text>To deposit or cause to be deposited in any parking meter any slugs, device, or metal substance, or other substitute for lawful coins.</text><type>section</type><prefixes><section>(e)</section></prefixes><entire_prefix>(e)</entire_prefix><prefix_anchor>(e)</prefix_anchor><level>1</level></section><section id="1376" prefix="(f)"><text>Each interval of time, equal to the legally allowable parking time in any particular zone, by which a vehicle remains beyond the legal time shall be a separate violation. For example, each hour or part thereof a vehicle remains past the first hour in a one-hour parking zone shall constitute a separate violation. 
(Code 1959 , &#xA7;21-49; Ord. No. 1981-691, &#xA7;3, 6-16-81)</text><type>section</type><prefixes><section>(f)</section></prefixes><entire_prefix>(f)</entire_prefix><prefix_anchor>(f)</prefix_anchor><level>1</level></section></text></law>
