<?xml version="1.0"?>
<law><law_id>451</law_id><section_number>11-2154</section_number><catch_line>RESERVED. </catch_line><history/><order_by>11-2154</order_by><metadata/><url>/11-2154/</url><token>11-2154</token><structure><unit label="division" level="1" identifier="II">Division II - Planning and Development</unit><unit label="part" level="3" identifier="11">PART 11 - TRANSPORTATION</unit><unit label="chapter" level="4" identifier="2">CHAPTER 2. - MOTOR VEHICLES AND TRAFFIC</unit><unit label="article" level="2" identifier="I">ARTICLE I. - PEDESTRIANS' RIGHTS AND DUTIES</unit></structure><referred_to_by/><text><section id="1231" prefix=""><text/><type>section</type><prefixes><section/></prefixes><entire_prefix/><prefix_anchor/><level>1</level></section></text></law>
