<?xml version="1.0"?>
<law><law_id>433</law_id><section_number>11-2127</section_number><catch_line>LIMITATION ON BACKING.</catch_line><history/><order_by>11-2127</order_by><metadata/><url>/11-2127/</url><token>11-2127</token><structure><unit label="division" level="1" identifier="II">Division II - Planning and Development</unit><unit label="part" level="3" identifier="11">PART 11 - TRANSPORTATION</unit><unit label="chapter" level="4" identifier="2">CHAPTER 2. - MOTOR VEHICLES AND TRAFFIC</unit><unit label="article" level="2" identifier="H">ARTICLE H. - MISCELLANEOUS DRIVING RULES</unit></structure><referred_to_by/><text><section id="1155" prefix=""><text>The driver of a vehicle shall not back the same into an intersection or over a crosswalk and shall not in any event or at any place back a vehicle unless such movement can be made in safety. 
(Code 1959 , &#xA7;21-24)</text><type>section</type><prefixes><section/></prefixes><entire_prefix/><prefix_anchor/><level>1</level></section></text></law>
