<?xml version="1.0"?>
<law><law_id>464</law_id><section_number>11-2181</section_number><catch_line>TEMPORARY PARKING RESTRICTIONS BY CHIEF OF POLICE.</catch_line><history/><order_by>11-2181</order_by><metadata/><url>/11-2181/</url><token>11-2181</token><structure><unit label="division" level="1" identifier="II">Division II - Planning and Development</unit><unit label="part" level="3" identifier="11">PART 11 - TRANSPORTATION</unit><unit label="chapter" level="4" identifier="2">CHAPTER 2. - MOTOR VEHICLES AND TRAFFIC</unit><unit label="article" level="2" identifier="J">ARTICLE J. - PARKING AND STANDING</unit></structure><referred_to_by/><text><section id="1280" prefix="(a)"><text/><type>section</type><prefixes><section>(a)</section></prefixes><entire_prefix>(a)</entire_prefix><prefix_anchor>(a)</prefix_anchor><level>1</level></section><section id="1281" prefix="(1)"><text>	Along parade routes permitted by the Police Department of the City for a period of two (2) hours before a parade begins until one (1) hour after the end thereof along streets having parking meters or any other streets within the City. 
</text><type>section</type><prefixes><section>(a)</section><section>(1)</section></prefixes><entire_prefix>(a)(1)</entire_prefix><prefix_anchor>(a)(1)</prefix_anchor><level>2</level></section><section id="1282" prefix="(2)"><text>	Adjacent to curbs where street or public utility repairs are being made or are to be made if the parking at those curbs would interfere with the repair work. 
</text><type>section</type><prefixes><section>(a)</section><section>(2)</section></prefixes><entire_prefix>(a)(2)</entire_prefix><prefix_anchor>(a)(2)</prefix_anchor><level>2</level></section><section id="1283" prefix="(3)"><text>,	(4)&#x2002;Reserved.
</text><type>section</type><prefixes><section>(a)</section><section>(3)</section></prefixes><entire_prefix>(a)(3)</entire_prefix><prefix_anchor>(a)(3)</prefix_anchor><level>2</level></section><section id="1284" prefix="(5)"><text>	Adjacent to the curb where parking would interfere with special events which may be lawfully conducted on the streets or sidewalks of the City. 
</text><type>section</type><prefixes><section>(a)</section><section>(5)</section></prefixes><entire_prefix>(a)(5)</entire_prefix><prefix_anchor>(a)(5)</prefix_anchor><level>2</level></section><section id="1285" prefix="(b)"><text>It shall be unlawful to park a motor vehicle in the prohibited areas after signs, traffic cones, or other devices have been conspicuously placed to give notice that parking is prohibited. 
(Ord. No. 1984-452, &#xA7;4, 12-4-84) 
Cross references: Parade regulations generally, &#xA7;12-1051 et seq.; parking meter zones and restrictions applicable thereto, &#xA7;11-2200 et seq.; reservation or encumbrance of parking spaces, &#xA7;11-2207 
Annotation: Traffic schedules for residential parking access are found in Traffic Schedule 21.</text><type>section</type><prefixes><section>(b)</section></prefixes><entire_prefix>(b)</entire_prefix><prefix_anchor>(b)</prefix_anchor><level>1</level></section></text></law>
