<?xml version="1.0"?>
<law><law_id>430</law_id><section_number>11-2124</section_number><catch_line>DRIVING ON BARRICADED STREET.</catch_line><history/><order_by>11-2124</order_by><metadata/><url>/11-2124/</url><token>11-2124</token><structure><unit label="division" level="1" identifier="II">Division II - Planning and Development</unit><unit label="part" level="3" identifier="11">PART 11 - TRANSPORTATION</unit><unit label="chapter" level="4" identifier="2">CHAPTER 2. - MOTOR VEHICLES AND TRAFFIC</unit><unit label="article" level="2" identifier="H">ARTICLE H. - MISCELLANEOUS DRIVING RULES</unit></structure><referred_to_by/><text><section id="1152" prefix=""><text>It shall be unlawful for any person to drive along or across any street upon or across which any barrier shall have been erected. 
(Code 1959 , &#xA7;21-32.1)</text><type>section</type><prefixes><section/></prefixes><entire_prefix/><prefix_anchor/><level>1</level></section></text></law>
