<?xml version="1.0"?>
<law><law_id>438</law_id><section_number>11-2131</section_number><catch_line>SAME&#x2014;DRIVING IN FUNERAL OR OTHER PROCESSIONS.</catch_line><history/><order_by>11-2131</order_by><metadata/><url>/11-2131/</url><token>11-2131</token><structure><unit label="division" level="1" identifier="II">Division II - Planning and Development</unit><unit label="part" level="3" identifier="11">PART 11 - TRANSPORTATION</unit><unit label="chapter" level="4" identifier="2">CHAPTER 2. - MOTOR VEHICLES AND TRAFFIC</unit><unit label="article" level="2" identifier="H">ARTICLE H. - MISCELLANEOUS DRIVING RULES</unit></structure><referred_to_by/><text><section id="1165" prefix="(a)"><text>A funeral composed of a procession of vehicles shall be identified by burning lights on the cars in the procession while proceeding to the cemetery.</text><type>section</type><prefixes><section>(a)</section></prefixes><entire_prefix>(a)</entire_prefix><prefix_anchor>(a)</prefix_anchor><level>1</level></section><section id="1166" prefix="(b)"><text>Each driver in a funeral or other procession shall drive as near to the right-hand edge of the roadway as practical and follow the vehicle ahead as closely as practical and safe. 
(Code 1959 , &#xA7;21-30)</text><type>section</type><prefixes><section>(b)</section></prefixes><entire_prefix>(b)</entire_prefix><prefix_anchor>(b)</prefix_anchor><level>1</level></section></text></law>
