<?xml version="1.0"?>
<law><law_id>412</law_id><section_number>11-2092</section_number><catch_line>EXCEPTIONS.</catch_line><history/><order_by>11-2092</order_by><metadata/><url>/11-2092/</url><token>11-2092</token><structure><unit label="division" level="1" identifier="II">Division II - Planning and Development</unit><unit label="part" level="3" identifier="11">PART 11 - TRANSPORTATION</unit><unit label="chapter" level="4" identifier="2">CHAPTER 2. - MOTOR VEHICLES AND TRAFFIC</unit><unit label="article" level="2" identifier="E">ARTICLE E. - SPEED REGULATIONS [1]</unit></structure><referred_to_by/><text><section id="1133" prefix=""><text>When proper signs have been erected giving notice of speed limits which are other than the generally applicable thirty-five (35) miles per hour limit, it shall be unlawful to operate a vehicle in excess of such speeds upon the streets or portions of streets listed in official Traffic Schedule No. 5, Speed Limits other than thirty-five (35) miles per hour. 
Cross reference: Schedules incorporated by reference, &#xA7;11-2004; speed limit policy for residential streets, Resolution No. (1990)-633.</text><type>section</type><prefixes><section/></prefixes><entire_prefix/><prefix_anchor/><level>1</level></section></text></law>
