<?xml version="1.0"?>
<law><law_id>528</law_id><section_number>11-4005</section_number><catch_line>TRANSPORTATION DEPARTMENT TO STAFF.</catch_line><history/><order_by>11-4005</order_by><metadata/><url>/11-4005/</url><token>11-4005</token><structure><unit label="division" level="1" identifier="II">Division II - Planning and Development</unit><unit label="part" level="3" identifier="11">PART 11 - TRANSPORTATION</unit><unit label="chapter" level="4" identifier="4">CHAPTER 4. - PUBLIC TRANSIT</unit><unit label="article" level="2" identifier="A">ARTICLE A. - TRANSIT AUTHORITY</unit></structure><referred_to_by/><text><section id="1475" prefix=""><text>The City Department of Transportation shall serve as staff to the authority to assist in its duties, and the director of transportation or his designee shall serve as the director of transit for the authority. 
(Ord. 1975-1, &#xA7;5)</text><type>section</type><prefixes><section/></prefixes><entire_prefix/><prefix_anchor/><level>1</level></section></text></law>
