<?xml version="1.0"?>
<law><law_id>526</law_id><section_number>11-4003</section_number><catch_line>TERMS OF MEMBERS.</catch_line><history/><order_by>11-4003</order_by><metadata/><url>/11-4003/</url><token>11-4003</token><structure><unit label="division" level="1" identifier="II">Division II - Planning and Development</unit><unit label="part" level="3" identifier="11">PART 11 - TRANSPORTATION</unit><unit label="chapter" level="4" identifier="4">CHAPTER 4. - PUBLIC TRANSIT</unit><unit label="article" level="2" identifier="A">ARTICLE A. - TRANSIT AUTHORITY</unit></structure><referred_to_by/><text><section id="1464" prefix=""><text>The term of office for members of the authority shall be two (2) years, except that of the nine (9) initial appointments, three (3) shall be for one (1) year terms (not to include the Chairman); thereafter all appointments shall be for two (2) years. 
(Ord. 1975-1, &#xA7;3)</text><type>section</type><prefixes><section/></prefixes><entire_prefix/><prefix_anchor/><level>1</level></section></text></law>
