<?xml version="1.0"?>
<law><law_id>523</law_id><section_number>11-4001</section_number><catch_line>TRANSIT AUTHORITY CREATED.</catch_line><history/><order_by>11-4001</order_by><text><section id="1461" prefix=""><text>There is hereby created the Raleigh Transit Authority, of such composition and having the powers and duties herein prescribed. 
(Ord. 1975-1, &#xA7;1)</text><type>section</type><prefixes><section/></prefixes><entire_prefix/><prefix_anchor/><level>1</level></section></text><metadata/><url>/11-4001/</url><token>11-4001</token><structure><unit label="division" level="1" identifier="II">Division II - Planning and Development</unit><unit label="part" level="3" identifier="11">PART 11 - TRANSPORTATION</unit><unit label="chapter" level="4" identifier="4">CHAPTER 4. - PUBLIC TRANSIT</unit><unit label="article" level="2" identifier="A">ARTICLE A. - TRANSIT AUTHORITY</unit></structure><referred_to_by/></law>
