<?xml version="1.0"?>
<law><law_id>529</law_id><section_number>11-4006</section_number><catch_line/><history/><order_by>11-4006</order_by><metadata/><url>/11-4006/</url><token>11-4006</token><structure><unit label="division" level="1" identifier="II">Division II - Planning and Development</unit><unit label="part" level="3" identifier="11">PART 11 - TRANSPORTATION</unit><unit label="chapter" level="4" identifier="4">CHAPTER 4. - PUBLIC TRANSIT</unit><unit label="article" level="2" identifier="A">ARTICLE A. - TRANSIT AUTHORITY</unit></structure><referred_to_by/><text><section id="1476" prefix="(a)"><text>To ensure that the desires, actions, and policies of the authority are converted into appropriate transit services for the area and to administer such policies and actions of the authority in conformance with general administrative policies of the City as determined by the City Manager.</text><type>section</type><prefixes><section>(a)</section></prefixes><entire_prefix>(a)</entire_prefix><prefix_anchor>(a)</prefix_anchor><level>1</level></section><section id="1477" prefix="(b)"><text>To direct the implementation of such services.</text><type>section</type><prefixes><section>(b)</section></prefixes><entire_prefix>(b)</entire_prefix><prefix_anchor>(b)</prefix_anchor><level>1</level></section><section id="1478" prefix="(c)"><text>To oversee transit operations for the authority and report and interpret to the authority on current and planned operating results or implications.</text><type>section</type><prefixes><section>(c)</section></prefixes><entire_prefix>(c)</entire_prefix><prefix_anchor>(c)</prefix_anchor><level>1</level></section><section id="1479" prefix="(d)"><text/><type>section</type><prefixes><section>(d)</section></prefixes><entire_prefix>(d)</entire_prefix><prefix_anchor>(d)</prefix_anchor><level>1</level></section><section id="1480" prefix="(e)"><text>To ensure to the authority the timely implementation of the transit development program; make recommendations to the authority for additional service improvements.</text><type>section</type><prefixes><section>(e)</section></prefixes><entire_prefix>(e)</entire_prefix><prefix_anchor>(e)</prefix_anchor><level>1</level></section><section id="1481" prefix="(f)"><text>To testify at regulatory hearings pertaining to all phases of transit activities and/or needs.</text><type>section</type><prefixes><section>(f)</section></prefixes><entire_prefix>(f)</entire_prefix><prefix_anchor>(f)</prefix_anchor><level>1</level></section><section id="1482" prefix="(g)"><text>To monitor transit marketing effectiveness and to administer transit planning coordination.
(Ord. 1975-1, &#xA7;6)</text><type>section</type><prefixes><section>(g)</section></prefixes><entire_prefix>(g)</entire_prefix><prefix_anchor>(g)</prefix_anchor><level>1</level></section></text></law>
