<?xml version="1.0"?>
<law><law_id>527</law_id><section_number>11-4004</section_number><catch_line>POWERS AND DUTIES.</catch_line><history/><order_by>11-4004</order_by><metadata/><url>/11-4004/</url><token>11-4004</token><structure><unit label="division" level="1" identifier="II">Division II - Planning and Development</unit><unit label="part" level="3" identifier="11">PART 11 - TRANSPORTATION</unit><unit label="chapter" level="4" identifier="4">CHAPTER 4. - PUBLIC TRANSIT</unit><unit label="article" level="2" identifier="A">ARTICLE A. - TRANSIT AUTHORITY</unit></structure><referred_to_by/><text><section id="1465" prefix="(a)"><text>Implementation of the transit development program and updating periodically that program.</text><type>section</type><prefixes><section>(a)</section></prefixes><entire_prefix>(a)</entire_prefix><prefix_anchor>(a)</prefix_anchor><level>1</level></section><section id="1466" prefix="(b)"><text>Development and execution of contracts with a private transit management firm for provision of transit service.</text><type>section</type><prefixes><section>(b)</section></prefixes><entire_prefix>(b)</entire_prefix><prefix_anchor>(b)</prefix_anchor><level>1</level></section><section id="1467" prefix="(c)"><text>Marketing, promoting, and providing information about transit service in the Raleigh area.</text><type>section</type><prefixes><section>(c)</section></prefixes><entire_prefix>(c)</entire_prefix><prefix_anchor>(c)</prefix_anchor><level>1</level></section><section id="1468" prefix="(d)"><text>Monitoring the quantity and quality of transit service provided.</text><type>section</type><prefixes><section>(d)</section></prefixes><entire_prefix>(d)</entire_prefix><prefix_anchor>(d)</prefix_anchor><level>1</level></section><section id="1469" prefix="(e)"><text>Performing operational and short range transit planning and coordination with long range transportation planning done by City, regional, and state agencies.</text><type>section</type><prefixes><section>(e)</section></prefixes><entire_prefix>(e)</entire_prefix><prefix_anchor>(e)</prefix_anchor><level>1</level></section><section id="1470" prefix="(f)"><text>To use officers, employees, and facilities of the City on such a basis as may be agreed upon between the City Manager and the authority.</text><type>section</type><prefixes><section>(f)</section></prefixes><entire_prefix>(f)</entire_prefix><prefix_anchor>(f)</prefix_anchor><level>1</level></section><section id="1471" prefix="(g)"><text>To maintain and operate facilities and equipment necessary or convenient for authority operations, including the provision of public transportation service.</text><type>section</type><prefixes><section>(g)</section></prefixes><entire_prefix>(g)</entire_prefix><prefix_anchor>(g)</prefix_anchor><level>1</level></section><section id="1472" prefix="(h)"><text>To enter into and administer contracts or agreements with civil jurisdictions outside the territory of the authority with respect to the provision of public transportation service.</text><type>section</type><prefixes><section>(h)</section></prefixes><entire_prefix>(h)</entire_prefix><prefix_anchor>(h)</prefix_anchor><level>1</level></section><section id="1473" prefix="(i)"><text>To equitably and efficiently establish and administer the scheduling, routing, and rates of transit service.</text><type>section</type><prefixes><section>(i)</section></prefixes><entire_prefix>(i)</entire_prefix><prefix_anchor>(i)</prefix_anchor><level>1</level></section><section id="1474" prefix="(j)"><text>To develop budgets for its operation for approval by the City Council and to exercise authority hereby granted in conformance with such approved budget. No power or duty herein enumerated shall be exercised or carried out except consistently with and according to the approved budget. 
(Ord. 1975-1, &#xA7;4)</text><type>section</type><prefixes><section>(j)</section></prefixes><entire_prefix>(j)</entire_prefix><prefix_anchor>(j)</prefix_anchor><level>1</level></section></text></law>
