<?xml version="1.0"?>
<law><law_id>589</law_id><section_number>12-1051</section_number><catch_line>PERMIT REQUIRED.</catch_line><history/><order_by>12-1051</order_by><text><section id="1630" prefix="(a)"><text/><type>section</type><prefixes><section>(a)</section></prefixes><entire_prefix>(a)</entire_prefix><prefix_anchor>(a)</prefix_anchor><level>1</level></section><section id="1631" prefix="(1)"><text/><type>section</type><prefixes><section>(a)</section><section>(1)</section></prefixes><entire_prefix>(a)(1)</entire_prefix><prefix_anchor>(a)(1)</prefix_anchor><level>2</level></section><section id="1632" prefix="(2)"><text>	Funeral processions;
</text><type>section</type><prefixes><section>(a)</section><section>(2)</section></prefixes><entire_prefix>(a)(2)</entire_prefix><prefix_anchor>(a)(2)</prefix_anchor><level>2</level></section><section id="1633" prefix="(3)"><text>	Any governmental agency acting within the scope of its functions; 
</text><type>section</type><prefixes><section>(a)</section><section>(3)</section></prefixes><entire_prefix>(a)(3)</entire_prefix><prefix_anchor>(a)(3)</prefix_anchor><level>2</level></section><section id="1634" prefix="(4)"><text>	Bands or marching groups proceeding to an assembly point for participation in a parade; or
</text><type>section</type><prefixes><section>(a)</section><section>(4)</section></prefixes><entire_prefix>(a)(4)</entire_prefix><prefix_anchor>(a)(4)</prefix_anchor><level>2</level></section><section id="1635" prefix="(5)"><text>	Footraces and bicycle races.
</text><type>section</type><prefixes><section>(a)</section><section>(5)</section></prefixes><entire_prefix>(a)(5)</entire_prefix><prefix_anchor>(a)(5)</prefix_anchor><level>2</level></section><section id="1636" prefix="(b)"><text>No parade shall be conducted on the public ways of this City and no person shall inaugurate, promote or participate in any such parade unless the parade is conducted in conformity with the requirements set out herein and unless a permit has been obtained from the Chief of Police or his designated representative. 
(Code 1959 , &#xA7;21-31(a)(b); Ord. No. 1979-126, &#xA7;1, 6-19-79) 
State law reference: Authority to regulate parades, G.S. 160A-296.</text><type>section</type><prefixes><section>(b)</section></prefixes><entire_prefix>(b)</entire_prefix><prefix_anchor>(b)</prefix_anchor><level>1</level></section></text><metadata/><url>/12-1051/</url><token>12-1051</token><structure><unit label="division" level="1" identifier="II">Division II - Planning and Development</unit><unit label="part" level="3" identifier="12">PART 12 - LICENSING AND REGULATION</unit><unit label="chapter" level="4" identifier="1">CHAPTER 1. - STREETS AND PUBLIC WAYS</unit><unit label="article" level="2" identifier="C">ARTICLE C. - PARADES, DEMONSTRATIONS AND STREET EVENTS</unit></structure><referred_to_by><reference>11-2181</reference></referred_to_by></law>
