<?xml version="1.0"?>
<law><law_id>585</law_id><section_number>12-1039</section_number><catch_line>REMOVING MATERIAL FROM STREETS.</catch_line><history/><order_by>12-1039</order_by><metadata/><url>/12-1039/</url><token>12-1039</token><structure><unit label="division" level="1" identifier="II">Division II - Planning and Development</unit><unit label="part" level="3" identifier="12">PART 12 - LICENSING AND REGULATION</unit><unit label="chapter" level="4" identifier="1">CHAPTER 1. - STREETS AND PUBLIC WAYS</unit><unit label="article" level="2" identifier="B">ARTICLE B. - STREET USE AND CLEANLINESS</unit></structure><referred_to_by/><text><section id="1625" prefix="(a)"><text>No person shall remove any sand, dirt, loam, sod, clay, gravel or other materials from any of the streets, alleys or sidewalks; provided, that this section shall not apply to lot owners who are repairing or constructing sidewalks under the specifications prescribed by the City nor to persons planting trees along the edge of sidewalks.</text><type>section</type><prefixes><section>(a)</section></prefixes><entire_prefix>(a)</entire_prefix><prefix_anchor>(a)</prefix_anchor><level>1</level></section><section id="1626" prefix="(b)"><text>Any recyclable material placed on the public right-of-way or in any other approved collection area and in containers approved by or provided by the Department of Solid Waste Services becomes the property of the City upon being placed in either of the above areas for collection. It is unlawful for anyone other than the person placing the material or an authorized City employee to remove any of the recyclable material from the right-of-way or any other approved collection area. A misdemeanor violation of this ordinance can be punished by a fine of up to five hundred dollars ($500.00) as provided by law. 
(Code 1959 , &#xA7;19-14; Ord. No. 2012-19, &#xA7;1, 3-6-12, eff. 3-13-12)</text><type>section</type><prefixes><section>(b)</section></prefixes><entire_prefix>(b)</entire_prefix><prefix_anchor>(b)</prefix_anchor><level>1</level></section></text></law>
