<?xml version="1.0"?>
<law><law_id>564</law_id><section_number>12-1022</section_number><catch_line>USE OF SIDEWALKS FOR PRIVATE PURPOSES; PERMIT REQUIRED; INSURANCE.</catch_line><history/><order_by>12-1022</order_by><metadata/><url>/12-1022/</url><token>12-1022</token><structure><unit label="division" level="1" identifier="II">Division II - Planning and Development</unit><unit label="part" level="3" identifier="12">PART 12 - LICENSING AND REGULATION</unit><unit label="chapter" level="4" identifier="1">CHAPTER 1. - STREETS AND PUBLIC WAYS</unit><unit label="article" level="2" identifier="B">ARTICLE B. - STREET USE AND CLEANLINESS</unit></structure><referred_to_by/><text><section id="1536" prefix="(a)"><text/><type>section</type><prefixes><section>(a)</section></prefixes><entire_prefix>(a)</entire_prefix><prefix_anchor>(a)</prefix_anchor><level>1</level></section><section id="1537" prefix="(b)"><text/><type>section</type><prefixes><section>(b)</section></prefixes><entire_prefix>(b)</entire_prefix><prefix_anchor>(b)</prefix_anchor><level>1</level></section><section id="1538" prefix="(1)"><text>	No individual newsrack shall exceed fifty (50) inches in height, twenty-four (24) inches in width and twenty-four (24) inches in thickness. This includes all signs and any other permanent attachments necessary for the operation of the newsrack. 
</text><type>section</type><prefixes><section>(b)</section><section>(1)</section></prefixes><entire_prefix>(b)(1)</entire_prefix><prefix_anchor>(b)(1)</prefix_anchor><level>2</level></section><section id="1539" prefix="(2)"><text>	Newsracks may be placed no closer than five (5) feet from the edge of the street curb and shall be placed parallel to and no more than six (6) inches from the sidewalk edge farthest away from the street curb, or the wall of a building which is adjacent to the sidewalk edge. 
</text><type>section</type><prefixes><section>(b)</section><section>(2)</section></prefixes><entire_prefix>(b)(2)</entire_prefix><prefix_anchor>(b)(2)</prefix_anchor><level>2</level></section><section id="1540" prefix="(3)"><text>	No newsrack shall be affixed or attached to any fixture or other property owned or maintained by the City of Raleigh. All newsracks shall be enclosed so as to prevent the unintended escape therefrom of the printed material being dispensed from the rack. If a vendor cannot provide an enclosed rack, it may use an open rack if that rack has a latch or other device to prevent the contents of the rack from being removed by the wind or other accidental means. Any newsracks not meeting these standards shall be removed from the public right-of-way no later than July 15, 1995. 
</text><type>section</type><prefixes><section>(b)</section><section>(3)</section></prefixes><entire_prefix>(b)(3)</entire_prefix><prefix_anchor>(b)(3)</prefix_anchor><level>2</level></section><section id="1541" prefix="(4)"><text>	No newsracks shall be placed, installed, used or maintained: 
a.	Within fifteen (15) feet of any fire hydrant, standpipe or siamese connector.
b.	Within five (5) feet of any emergency call box or other emergency telecommunications equipment or any other emergency facility.
c.	Within five (5) feet of any driveway or cross-walk.
d.	Within five (5) feet of any public transit benches or other public benches and trash containers.
e.	Within five (5) feet of any area within the public right-of-way improved with lawn, flowers, shrubs, or trees.
f.	At any location where the clear space for the passageway of pedestrians is reduced to less than five (5) feet.
g.	Within a ten-foot radius of the points of intersection of the right-of-way of two (2) intersecting streets. 
h.	Within five (5) feet of any underground utility access points, ventilation areas or meters.
i.	Within five (5) feet of any handicapped ramps or other facilities provided for handicapped persons. 
j.	Within five (5) feet of any building access, exits or any emergency access or exit ways.
</text><type>section</type><prefixes><section>(b)</section><section>(4)</section></prefixes><entire_prefix>(b)(4)</entire_prefix><prefix_anchor>(b)(4)</prefix_anchor><level>2</level></section><section id="1542" prefix="(5)"><text/><type>section</type><prefixes><section>(b)</section><section>(5)</section></prefixes><entire_prefix>(b)(5)</entire_prefix><prefix_anchor>(b)(5)</prefix_anchor><level>2</level></section></text></law>
