<?xml version="1.0"?>
<law><law_id>555</law_id><section_number>12-1002</section_number><catch_line>BRIDGES OVER GUTTERS.</catch_line><history/><order_by>12-1002</order_by><metadata/><url>/12-1002/</url><token>12-1002</token><structure><unit label="division" level="1" identifier="II">Division II - Planning and Development</unit><unit label="part" level="3" identifier="12">PART 12 - LICENSING AND REGULATION</unit><unit label="chapter" level="4" identifier="1">CHAPTER 1. - STREETS AND PUBLIC WAYS</unit><unit label="article" level="2" identifier="A">ARTICLE A. - STREET OBSTRUCTIONS AND ENCROACHMENTS</unit></structure><referred_to_by/><text><section id="1520" prefix=""><text>No person shall erect or maintain any platform or bridge over the gutters within the limits of the City; provided, this shall not prevent the installation of drainage pipes for walkways or driveways where there is no paved curb and gutter. The installation of such drainage pipe shall be as approved by the Director of Transportation. 
(Code 1959 , &#xA7;19-3; Ord. No. 1998-454, &#xA7;19, 11-4-98) 
Cross reference: Public works, Part 7.</text><type>section</type><prefixes><section/></prefixes><entire_prefix/><prefix_anchor/><level>1</level></section></text></law>
