<?xml version="1.0"?>
<law><law_id>598</law_id><section_number>12-1059</section_number><catch_line>FOOTRACES AND BICYCLE RACES.</catch_line><history/><order_by>12-1059</order_by><metadata/><url>/12-1059/</url><token>12-1059</token><structure><unit label="division" level="1" identifier="II">Division II - Planning and Development</unit><unit label="part" level="3" identifier="12">PART 12 - LICENSING AND REGULATION</unit><unit label="chapter" level="4" identifier="1">CHAPTER 1. - STREETS AND PUBLIC WAYS</unit><unit label="article" level="2" identifier="C">ARTICLE C. - PARADES, DEMONSTRATIONS AND STREET EVENTS</unit></structure><referred_to_by/><text><section id="1675" prefix="(a)"><text>The term footrace as used in this section is defined as a group of three (3) or more runners or walkers competing against either each other or a time limit over a fixed course all or a part of which involves the use of City street right-of-way.</text><type>section</type><prefixes><section>(a)</section></prefixes><entire_prefix>(a)</entire_prefix><prefix_anchor>(a)</prefix_anchor><level>1</level></section><section id="1676" prefix="(b)"><text>The term bicycle race as used in this section is defined as a group of three (3) or more bicyclists competing against each other or a time limit over a fixed course all or a part of which involves the use of City street right-of-way.</text><type>section</type><prefixes><section>(b)</section></prefixes><entire_prefix>(b)</entire_prefix><prefix_anchor>(b)</prefix_anchor><level>1</level></section><section id="1677" prefix="(c)"><text/><type>section</type><prefixes><section>(c)</section></prefixes><entire_prefix>(c)</entire_prefix><prefix_anchor>(c)</prefix_anchor><level>1</level></section><section id="1678" prefix="(1)"><text>	The name, if any, of the organization or group sponsoring or proposing the race;
</text><type>section</type><prefixes><section>(c)</section><section>(1)</section></prefixes><entire_prefix>(c)(1)</entire_prefix><prefix_anchor>(c)(1)</prefix_anchor><level>2</level></section><section id="1679" prefix="(2)"><text>	The location or locations in the City where the race is proposed to take place; 
</text><type>section</type><prefixes><section>(c)</section><section>(2)</section></prefixes><entire_prefix>(c)(2)</entire_prefix><prefix_anchor>(c)(2)</prefix_anchor><level>2</level></section><section id="1680" prefix="(3)"><text>	The date and hours for which permit is sought;
</text><type>section</type><prefixes><section>(c)</section><section>(3)</section></prefixes><entire_prefix>(c)(3)</entire_prefix><prefix_anchor>(c)(3)</prefix_anchor><level>2</level></section><section id="1681" prefix="(4)"><text>	The name of the person applying for the permit; 
</text><type>section</type><prefixes><section>(c)</section><section>(4)</section></prefixes><entire_prefix>(c)(4)</entire_prefix><prefix_anchor>(c)(4)</prefix_anchor><level>2</level></section><section id="1682" prefix="(5)"><text>	Whether or not persons below the age of eighteen (18) years are expected to participate; 
</text><type>section</type><prefixes><section>(c)</section><section>(5)</section></prefixes><entire_prefix>(c)(5)</entire_prefix><prefix_anchor>(c)(5)</prefix_anchor><level>2</level></section><section id="1683" prefix="(6)"><text>	The person or persons to be in charge of the activity and who will accompany it and carry permit at all times. 
</text><type>section</type><prefixes><section>(c)</section><section>(6)</section></prefixes><entire_prefix>(c)(6)</entire_prefix><prefix_anchor>(c)(6)</prefix_anchor><level>2</level></section><section id="1684" prefix="(d)"><text>Upon receipt of an application properly completed and timely filed as hereinabove set out, the designated officer shall immediately issue a permit consistent with the standards prescribed herein. The permit shall contain all information stated on the application and shall be signed by the issuing officer.</text><type>section</type><prefixes><section>(d)</section></prefixes><entire_prefix>(d)</entire_prefix><prefix_anchor>(d)</prefix_anchor><level>1</level></section><section id="1685" prefix="(e)"><text/><type>section</type><prefixes><section>(e)</section></prefixes><entire_prefix>(e)</entire_prefix><prefix_anchor>(e)</prefix_anchor><level>1</level></section><section id="1686" prefix="(1)"><text>	No more than one race may be conducted within the City at any one time. 
</text><type>section</type><prefixes><section>(e)</section><section>(1)</section></prefixes><entire_prefix>(e)(1)</entire_prefix><prefix_anchor>(e)(1)</prefix_anchor><level>2</level></section><section id="1687" prefix="(2)"><text>	Every race shall follow a route approved by the City Council. 
</text><type>section</type><prefixes><section>(e)</section><section>(2)</section></prefixes><entire_prefix>(e)(2)</entire_prefix><prefix_anchor>(e)(2)</prefix_anchor><level>2</level></section><section id="1688" prefix="(3)"><text>	No one participating in a race or proceeding along the route of a race shall distribute therefrom any candy, cigarettes, prizes or favors of any kind. 
</text><type>section</type><prefixes><section>(e)</section><section>(3)</section></prefixes><entire_prefix>(e)(3)</entire_prefix><prefix_anchor>(e)(3)</prefix_anchor><level>2</level></section><section id="1689" prefix="(4)"><text>	No vicious animal whether leashed or unleashed shall participate in or proceed along the route of a race. 
</text><type>section</type><prefixes><section>(e)</section><section>(4)</section></prefixes><entire_prefix>(e)(4)</entire_prefix><prefix_anchor>(e)(4)</prefix_anchor><level>2</level></section><section id="1690" prefix="(5)"><text>	The organizer of an event subject to this section shall make provision for proper safety procedures at intersections and along other sections of the right-of-way. The location of the safety monitors shall be determined by the Chief of Police or his designee and the personnel shall be provided at no cost to the City. Personnel hired for such duties shall be sworn law enforcement officers certified by the North Carolina Criminal Justice Training and Standards Council. 
</text><type>section</type><prefixes><section>(e)</section><section>(5)</section></prefixes><entire_prefix>(e)(5)</entire_prefix><prefix_anchor>(e)(5)</prefix_anchor><level>2</level></section><section id="1691" prefix="(6)"><text>	The permit shall not be issued until the sponsor shall acquire sufficient insurance or approval by the City Attorney to indemnify the City for damages or liability which the City might incur. 
(Ord. No. 1979-126, &#xA7;2, 6-19-79) 
</text><type>section</type><prefixes><section>(e)</section><section>(6)</section></prefixes><entire_prefix>(e)(6)</entire_prefix><prefix_anchor>(e)(6)</prefix_anchor><level>2</level></section></text></law>
