<?xml version="1.0"?>
<law><law_id>556</law_id><section_number>12-1003</section_number><catch_line>CELLAR DOORS, GRATINGS AND MANHOLES IN SIDEWALKS.</catch_line><history/><order_by>12-1003</order_by><metadata/><url>/12-1003/</url><token>12-1003</token><structure><unit label="division" level="1" identifier="II">Division II - Planning and Development</unit><unit label="part" level="3" identifier="12">PART 12 - LICENSING AND REGULATION</unit><unit label="chapter" level="4" identifier="1">CHAPTER 1. - STREETS AND PUBLIC WAYS</unit><unit label="article" level="2" identifier="A">ARTICLE A. - STREET OBSTRUCTIONS AND ENCROACHMENTS</unit></structure><referred_to_by/><text><section id="1521" prefix=""><text>It shall be unlawful for any person to construct any cellar door, grating or manhole on the sidewalks of the City without approval of the Council. Cellar doors, gratings or manholes shall be on a level with the sidewalk and shall be kept in good repair by the owner of such structures. Doors, gratings and manhole covers shall be constructed of iron or other material as approved by the Director of Transportation. All such openings shall be kept closed at all times when not in use, and when in use proper guards shall be provided to warn and protect the public. 
(Code 1959 , &#xA7;19-4; Ord. No. 1998-454, &#xA7;19, 11-4-98)</text><type>section</type><prefixes><section/></prefixes><entire_prefix/><prefix_anchor/><level>1</level></section></text></law>
