<?xml version="1.0"?>
<law><law_id>597</law_id><section_number>12-1058</section_number><catch_line>INTERFERENCE WITH PICKETS PROHIBITED; POLICE AUTHORITY TO DISPERSE CROWDS; FAILURE TO LEAVE WHEN ORDERED DECLARED OFFENSE.</catch_line><history/><order_by>12-1058</order_by><metadata/><url>/12-1058/</url><token>12-1058</token><structure><unit label="division" level="1" identifier="II">Division II - Planning and Development</unit><unit label="part" level="3" identifier="12">PART 12 - LICENSING AND REGULATION</unit><unit label="chapter" level="4" identifier="1">CHAPTER 1. - STREETS AND PUBLIC WAYS</unit><unit label="article" level="2" identifier="C">ARTICLE C. - PARADES, DEMONSTRATIONS AND STREET EVENTS</unit></structure><referred_to_by/><text><section id="1672" prefix="(a)"><text>It shall be unlawful for any person to physically interfere with pickets in the use of the sidewalk or to address profane, indecent, abusive, or threatening language to or at those pickets which would tend to provoke the pickets or others to a breach of the peace.</text><type>section</type><prefixes><section>(a)</section></prefixes><entire_prefix>(a)</entire_prefix><prefix_anchor>(a)</prefix_anchor><level>1</level></section><section id="1673" prefix="(b)"><text>The police officers of the City may, in the event of the assemblage of persons in such numbers as to tend to intimidate pickets pursuing their lawful objective through numbers alone or through use of inflammatory words, direct the dispersal of persons so assembled and may arrest any person who fails to absent himself from the place of such assemblage when so directed by the police.</text><type>section</type><prefixes><section>(b)</section></prefixes><entire_prefix>(b)</entire_prefix><prefix_anchor>(b)</prefix_anchor><level>1</level></section><section id="1674" prefix="(c)"><text>Whenever the free passage of any street or sidewalk in the City shall be obstructed by a crowd, whether or not the crowd assembles as a result of or in connection with picketing, the persons composing such crowd shall disperse or move on when directed to do so by a police officer. It shall be unlawful for any person to refuse to so disperse or move on when so directed by a police officer as herein provided. 
(Code 1959 , &#xA7;15-35.2)</text><type>section</type><prefixes><section>(c)</section></prefixes><entire_prefix>(c)</entire_prefix><prefix_anchor>(c)</prefix_anchor><level>1</level></section></text></law>
