<?xml version="1.0"?>
<law><law_id>566</law_id><section_number>12-1024</section_number><catch_line/><history/><order_by>12-1024</order_by><metadata/><url>/12-1024/</url><token>12-1024</token><structure><unit label="division" level="1" identifier="II">Division II - Planning and Development</unit><unit label="part" level="3" identifier="12">PART 12 - LICENSING AND REGULATION</unit><unit label="chapter" level="4" identifier="1">CHAPTER 1. - STREETS AND PUBLIC WAYS</unit><unit label="article" level="2" identifier="B">ARTICLE B. - STREET USE AND CLEANLINESS</unit></structure><referred_to_by><reference>12-1025</reference></referred_to_by><text><section id="1544" prefix="(a)"><text>All vending controlled by the Private Use of Public Spaces Handbook as adopted by the Raleigh City Council on February 20, 2007, and as subsequently amended shall only be conducted pursuant to the terms of that document. Anyone vending without a permit or outside the parameters of the handbook relating to location, type of cart, product sold, or any other specification shall be guilty of a misdemeanor. The misdemeanor may be punished by a fine greater than fifty dollars ($50.00) as set out in N.C.G.S. 14-4.</text><type>section</type><prefixes><section>(a)</section></prefixes><entire_prefix>(a)</entire_prefix><prefix_anchor>(a)</prefix_anchor><level>1</level></section><section id="1545" prefix="(b)"><text>Except pursuant to a special event permit, it shall be unlawful to peddle in the streets of the City items other than foodstuffs prepared in conformity with applicable Wake County Health Regulations, fresh cut flowers, fruits, vegetables, dairy products, and original artworks and handicrafts produced by the peddler. If a special event permit is granted the peddler may also sell merchandise which is related to the event for the product has been granted.</text><type>section</type><prefixes><section>(b)</section></prefixes><entire_prefix>(b)</entire_prefix><prefix_anchor>(b)</prefix_anchor><level>1</level></section><section id="1546" prefix="(c)"><text/><type>section</type><prefixes><section>(c)</section></prefixes><entire_prefix>(c)</entire_prefix><prefix_anchor>(c)</prefix_anchor><level>1</level></section><section id="1547" prefix="(1)"><text>	The vendor shall obtain an annual permit from the City after establishing that the vendor complies with all legal requirements for its operation; 
</text><type>section</type><prefixes><section>(c)</section><section>(1)</section></prefixes><entire_prefix>(c)(1)</entire_prefix><prefix_anchor>(c)(1)</prefix_anchor><level>2</level></section><section id="1548" prefix="(2)"><text>	All equipment required for the operation and the operation itself is contained within the zero-emissions motorized vehicle;
</text><type>section</type><prefixes><section>(c)</section><section>(2)</section></prefixes><entire_prefix>(c)(2)</entire_prefix><prefix_anchor>(c)(2)</prefix_anchor><level>2</level></section><section id="1549" prefix="(3)"><text>	The vendor may occupy the loading zone space at the end of the posted period for the loading zone space and shall remove all equipment and leave all loading zones no later than 11:00 p.m.; 
</text><type>section</type><prefixes><section>(c)</section><section>(3)</section></prefixes><entire_prefix>(c)(3)</entire_prefix><prefix_anchor>(c)(3)</prefix_anchor><level>2</level></section><section id="1550" prefix="(4)"><text>	The vendor shall not use or permit customers to use the street. All vending transactions with customers shall occur at the curb; 
</text><type>section</type><prefixes><section>(c)</section><section>(4)</section></prefixes><entire_prefix>(c)(4)</entire_prefix><prefix_anchor>(c)(4)</prefix_anchor><level>2</level></section><section id="1551" prefix="(5)"><text>	The vendor shall promptly remove any trash associated with its operation; 
</text><type>section</type><prefixes><section>(c)</section><section>(5)</section></prefixes><entire_prefix>(c)(5)</entire_prefix><prefix_anchor>(c)(5)</prefix_anchor><level>2</level></section><section id="1552" prefix="(6)"><text>	The vehicle shall be no larger than shall have a gross vehicle weight when unloaded no greater than three thousand nine hundred (3,900) lbs. and the vehicle shall not extend beyond the boundaries of the commercial loading zone; 
</text><type>section</type><prefixes><section>(c)</section><section>(6)</section></prefixes><entire_prefix>(c)(6)</entire_prefix><prefix_anchor>(c)(6)</prefix_anchor><level>2</level></section><section id="1553" prefix="(7)"><text>	The vendor shall hold the City, its officers, councilors, and employees harmless and indemnify them for any loss, liability, damage, and costs and expenses arising from its operations; and, 
</text><type>section</type><prefixes><section>(c)</section><section>(7)</section></prefixes><entire_prefix>(c)(7)</entire_prefix><prefix_anchor>(c)(7)</prefix_anchor><level>2</level></section><section id="1554" prefix="(8)"><text>	No fixed-location business of a competing nature and no outdoor dining space is located within 502 of the loading zone parking space to be used by the vendor. 
</text><type>section</type><prefixes><section>(c)</section><section>(8)</section></prefixes><entire_prefix>(c)(8)</entire_prefix><prefix_anchor>(c)(8)</prefix_anchor><level>2</level></section><section id="1555" prefix="(d)"><text>Provided further, it shall be unlawful for any person to erect, maintain or have any stand, cart or vehicle upon any street which impedes, endangers or interferes with the travel upon or use of the streets by the public. Each such stand, cart or vehicle shall be equipped with a waste receptacle and shall have rubber tires.</text><type>section</type><prefixes><section>(d)</section></prefixes><entire_prefix>(d)</entire_prefix><prefix_anchor>(d)</prefix_anchor><level>1</level></section><section id="1556" prefix="(e)"><text/><type>section</type><prefixes><section>(e)</section></prefixes><entire_prefix>(e)</entire_prefix><prefix_anchor>(e)</prefix_anchor><level>1</level></section><section id="1557" prefix="(1)"><text>	A home occupation use permit for a home based business.
</text><type>section</type><prefixes><section>(e)</section><section>(1)</section></prefixes><entire_prefix>(e)(1)</entire_prefix><prefix_anchor>(e)(1)</prefix_anchor><level>2</level></section><section id="1558" prefix="(2)"><text>	A food vending permit from Wake County.
</text><type>section</type><prefixes><section>(e)</section><section>(2)</section></prefixes><entire_prefix>(e)(2)</entire_prefix><prefix_anchor>(e)(2)</prefix_anchor><level>2</level></section><section id="1559" prefix="(3)"><text>	A valid City of Raleigh business license. 
</text><type>section</type><prefixes><section>(e)</section><section>(3)</section></prefixes><entire_prefix>(e)(3)</entire_prefix><prefix_anchor>(e)(3)</prefix_anchor><level>2</level></section><section id="1560" prefix="(4)"><text>	A scaled sketch plan or photographs showing proposed cart location, dimension, and details of surrounding streetscape elements, covering six (6) feet on all sides of the edge of the cart operation area including property lines, sidewalks, curb lines, lighting, trees indicating size, tree grates, planters, parking meters, benches, street signs, bus stops and fire hydrants. The cart operation area shall not exceed one hundred (100) square feet. 
</text><type>section</type><prefixes><section>(e)</section><section>(4)</section></prefixes><entire_prefix>(e)(4)</entire_prefix><prefix_anchor>(e)(4)</prefix_anchor><level>2</level></section><section id="1561" prefix="(5)"><text>	A list of products to be sold.
</text><type>section</type><prefixes><section>(e)</section><section>(5)</section></prefixes><entire_prefix>(e)(5)</entire_prefix><prefix_anchor>(e)(5)</prefix_anchor><level>2</level></section><section id="1562" prefix="(6)"><text>	Proof of a valid insurance policy that provides a minimum liability coverage of one million dollars ($1,000,000.00) with the City named as an additional insured. 
</text><type>section</type><prefixes><section>(e)</section><section>(6)</section></prefixes><entire_prefix>(e)(6)</entire_prefix><prefix_anchor>(e)(6)</prefix_anchor><level>2</level></section><section id="1563" prefix="(7)"><text>	A written indemnity agreement that will hold harmless the City, its officers, and employees, for any loss or liability or damage, including costs, for bodily injury or property damage sustained by a person as a result of the negligent installation, use, or maintenance of a permitted space. 
</text><type>section</type><prefixes><section>(e)</section><section>(7)</section></prefixes><entire_prefix>(e)(7)</entire_prefix><prefix_anchor>(e)(7)</prefix_anchor><level>2</level></section><section id="1564" prefix="(8)"><text>	A food permit from the N.C. Department of Agriculture if the applicant intends to sell baked goods or ice cream.
</text><type>section</type><prefixes><section>(e)</section><section>(8)</section></prefixes><entire_prefix>(e)(8)</entire_prefix><prefix_anchor>(e)(8)</prefix_anchor><level>2</level></section><section id="1565" prefix="(f)"><text>Permit holders may be required to remove private materials or accessories to allow street, sidewalk, or utility access for maintenance operation or during approved special events. All permits issued pursuant to this section shall be suspended during a special event approved by the City Council. Carts are excluded within four hundred (400) feet of the edge of any special events area unless the permit holder is given permission from the event sponsor to set up within the designated event area. No more than three (3) permits per cart shall be issued to any cart owner.</text><type>section</type><prefixes><section>(f)</section></prefixes><entire_prefix>(f)</entire_prefix><prefix_anchor>(f)</prefix_anchor><level>1</level></section><section id="1566" prefix="(g)"><text/><type>section</type><prefixes><section>(g)</section></prefixes><entire_prefix>(g)</entire_prefix><prefix_anchor>(g)</prefix_anchor><level>1</level></section><section id="1567" prefix="(1)"><text>	Carts must not locate in any area that impedes, endangers, or interferes with pedestrian or vehicular traffic.
</text><type>section</type><prefixes><section>(g)</section><section>(1)</section></prefixes><entire_prefix>(g)(1)</entire_prefix><prefix_anchor>(g)(1)</prefix_anchor><level>2</level></section><section id="1568" prefix="(2)"><text>	Carts selling food products must be located at least fifty (50) feet from the entrance to any business selling food unless the owner of the other business gives written permission for the infringement of the no vending area. 
</text><type>section</type><prefixes><section>(g)</section><section>(2)</section></prefixes><entire_prefix>(g)(2)</entire_prefix><prefix_anchor>(g)(2)</prefix_anchor><level>2</level></section><section id="1569" prefix="(3)"><text>	Carts must locate at least fifty (50) feet from any outdoor eating area.
</text><type>section</type><prefixes><section>(g)</section><section>(3)</section></prefixes><entire_prefix>(g)(3)</entire_prefix><prefix_anchor>(g)(3)</prefix_anchor><level>2</level></section><section id="1570" prefix="(4)"><text>	Carts must be located at least two (2) feet from any curb.
</text><type>section</type><prefixes><section>(g)</section><section>(4)</section></prefixes><entire_prefix>(g)(4)</entire_prefix><prefix_anchor>(g)(4)</prefix_anchor><level>2</level></section><section id="1571" prefix="(5)"><text>	Carts must not be locked or attached to trees or street furniture. 
</text><type>section</type><prefixes><section>(g)</section><section>(5)</section></prefixes><entire_prefix>(g)(5)</entire_prefix><prefix_anchor>(g)(5)</prefix_anchor><level>2</level></section><section id="1572" prefix="(6)"><text>	Carts must maintain an unobstructed pedestrian corridor of a minimum of five (5) feet in width parallel to the street. On Fayetteville Street the minimum pedestrian corridor is seven (7) feet. 
</text><type>section</type><prefixes><section>(g)</section><section>(6)</section></prefixes><entire_prefix>(g)(6)</entire_prefix><prefix_anchor>(g)(6)</prefix_anchor><level>2</level></section><section id="1573" prefix="(7)"><text>	No more than two (2) carts will be allowed on any block face.
</text><type>section</type><prefixes><section>(g)</section><section>(7)</section></prefixes><entire_prefix>(g)(7)</entire_prefix><prefix_anchor>(g)(7)</prefix_anchor><level>2</level></section><section id="1574" prefix="(h)"><text/><type>section</type><prefixes><section>(h)</section></prefixes><entire_prefix>(h)</entire_prefix><prefix_anchor>(h)</prefix_anchor><level>1</level></section><section id="1575" prefix="(1)"><text>	Carts must be non-motorized with operable wheels. Persons with disabilities may use a motorized system to propel the cart. 
</text><type>section</type><prefixes><section>(h)</section><section>(1)</section></prefixes><entire_prefix>(h)(1)</entire_prefix><prefix_anchor>(h)(1)</prefix_anchor><level>2</level></section><section id="1576" prefix="(2)"><text>	All carts must be self contained with a waste receptacle. All equipment other than coolers must be contained on or with in the cart. 
</text><type>section</type><prefixes><section>(h)</section><section>(2)</section></prefixes><entire_prefix>(h)(2)</entire_prefix><prefix_anchor>(h)(2)</prefix_anchor><level>2</level></section><section id="1577" prefix="(3)"><text>	A cart may not exceed six (6) feet in height and eight and one-half (8.5) feet in length and four (4) feet in width. Carts permitted prior to 2007 may continue to operate if they exceed any of these dimensions. 
</text><type>section</type><prefixes><section>(h)</section><section>(3)</section></prefixes><entire_prefix>(h)(3)</entire_prefix><prefix_anchor>(h)(3)</prefix_anchor><level>2</level></section><section id="1578" prefix="(4)"><text>	Umbrellas or canopies must be attached to the cart and must not exceed eight (8) feet in height above grade. Maximum diameter of canopies and umbrellas shall not exceed six (6) feet and shall not interfere with pedestrian movement. No cart shall have more than two (2) umbrellas. 
</text><type>section</type><prefixes><section>(h)</section><section>(4)</section></prefixes><entire_prefix>(h)(4)</entire_prefix><prefix_anchor>(h)(4)</prefix_anchor><level>2</level></section><section id="1579" prefix="(5)"><text>	Carts must be constructed of durable material and not plastic or wood may be visible. 
</text><type>section</type><prefixes><section>(h)</section><section>(5)</section></prefixes><entire_prefix>(h)(5)</entire_prefix><prefix_anchor>(h)(5)</prefix_anchor><level>2</level></section><section id="1580" prefix="(6)"><text>	Carts must comply with all local, state, and federal rules regarding sanitation and protection of food from airborne contamination.
</text><type>section</type><prefixes><section>(h)</section><section>(6)</section></prefixes><entire_prefix>(h)(6)</entire_prefix><prefix_anchor>(h)(6)</prefix_anchor><level>2</level></section><section id="1581" prefix="(7)"><text>	All signage on carts shall comply with the Raleigh Sign Ordinance. No free standing signage is permitted. 
</text><type>section</type><prefixes><section>(h)</section><section>(7)</section></prefixes><entire_prefix>(h)(7)</entire_prefix><prefix_anchor>(h)(7)</prefix_anchor><level>2</level></section><section id="1582" prefix="(8)"><text>	Sales of goods and merchandise are limited to food and beverage, fresh cut flowers, or original artwork and handicrafts produced by the vendor. All items for sale must be confined to the cart. Food vendors may place a maximum of three (3) coolers within their containment area so long as the coolers are neatly stacked to avoid visual clutter. No generators may be used at any time. 
</text><type>section</type><prefixes><section>(h)</section><section>(8)</section></prefixes><entire_prefix>(h)(8)</entire_prefix><prefix_anchor>(h)(8)</prefix_anchor><level>2</level></section><section id="1583" prefix="(9)"><text>	A vendor may maintain one chair for his own use. No public seating is allowed. Pushcarts may not be stored, parked, or left overnight on any City property. 
(10)	Carts may only be operated between the hours of 6:00 a.m. and 3:00 a.m. Cleanup and removal of the cart must be completed by 3:30 a.m. The operator must be present at all times and must have a valid permit on his person or on the cart at all times. 
</text><type>section</type><prefixes><section>(h)</section><section>(9)</section></prefixes><entire_prefix>(h)(9)</entire_prefix><prefix_anchor>(h)(9)</prefix_anchor><level>2</level></section><section id="1584" prefix="(11"><text>	Permits are not transferrable.
</text><type>section</type><prefixes><section>(h)</section><section>(11</section></prefixes><entire_prefix>(h)(11</entire_prefix><prefix_anchor>(h)(11</prefix_anchor><level>2</level></section><section id="1585" prefix="(12"><text>	The operator is responsible for all waste and trash removal. The containment area must be kept clear of grease, trash, paper, cups or cans associated with the operation. No liquid waste or grease is to be disposed of in tree pits or onto the sidewalks, streets or other public places. 
</text><type>section</type><prefixes><section>(h)</section><section>(12</section></prefixes><entire_prefix>(h)(12</entire_prefix><prefix_anchor>(h)(12</prefix_anchor><level>2</level></section><section id="1586" prefix="(i)"><text>Any street vending performed that is not in compliance with these regulations is illegal.</text><type>section</type><prefixes><section>(i)</section></prefixes><entire_prefix>(i)</entire_prefix><prefix_anchor>(i)</prefix_anchor><level>1</level></section><section id="1587" prefix="(j)"><text>A permit is revoked if the operator receives three (3) citations, either civil, criminal or combination thereof during any calendar year. 
(Code 1959 , &#xA7;9-12; Ord. No. 1980-393, &#xA7;&#xA7;5, 6, 6-3-80; Ord. No. 1989-441, &#xA7;1, 10-3-89; Ord. No. 2010-773, &#xA7;1, 8-3-10; Ord. No. 2010-815, &#xA7;1, 12-7-10; Ord. No. 2011-835, &#xA7;1, 2-1-11; Ord. No. 2012-87, &#xA7;1, 7-3-12)</text><type>section</type><prefixes><section>(j)</section></prefixes><entire_prefix>(j)</entire_prefix><prefix_anchor>(j)</prefix_anchor><level>1</level></section></text></law>
