<?xml version="1.0"?>
<law><law_id>559</law_id><section_number>12-1005</section_number><catch_line>PLACING ARTICLES ON SIDEWALKS SO AS TO OBSTRUCT.</catch_line><history/><order_by>12-1005</order_by><metadata/><url>/12-1005/</url><token>12-1005</token><structure><unit label="division" level="1" identifier="II">Division II - Planning and Development</unit><unit label="part" level="3" identifier="12">PART 12 - LICENSING AND REGULATION</unit><unit label="chapter" level="4" identifier="1">CHAPTER 1. - STREETS AND PUBLIC WAYS</unit><unit label="article" level="2" identifier="A">ARTICLE A. - STREET OBSTRUCTIONS AND ENCROACHMENTS</unit></structure><referred_to_by/><text><section id="1528" prefix="(a)"><text>It shall be unlawful for any person to obstruct the sidewalks of the City by placing thereon any box, bag, bale, crate, stand, frame, vehicle, coal, wood, brick, lumber, litter, or other obstruction for a longer period than is absolutely necessary for the purpose of loading, unloading, moving or transporting the same.</text><type>section</type><prefixes><section>(a)</section></prefixes><entire_prefix>(a)</entire_prefix><prefix_anchor>(a)</prefix_anchor><level>1</level></section><section id="1529" prefix="(b)"><text/><type>section</type><prefixes><section>(b)</section></prefixes><entire_prefix>(b)</entire_prefix><prefix_anchor>(b)</prefix_anchor><level>1</level></section><section id="1530" prefix="(1)"><text>	Standard covered garbage cans, at the times and places designated by ordinance or order of the City Manager. 
</text><type>section</type><prefixes><section>(b)</section><section>(1)</section></prefixes><entire_prefix>(b)(1)</entire_prefix><prefix_anchor>(b)(1)</prefix_anchor><level>2</level></section><section id="1531" prefix="(2)"><text>	In case of a special permit for construction, dismantling, advertising, and for such other purposes as are or may be provided by ordinance. 
(Code 1959 , &#xA7;19-13; Ord. No. 1998-454, &#xA7;19, 11-4-98) 
</text><type>section</type><prefixes><section>(b)</section><section>(2)</section></prefixes><entire_prefix>(b)(2)</entire_prefix><prefix_anchor>(b)(2)</prefix_anchor><level>2</level></section></text></law>
