<?xml version="1.0"?>
<law><law_id>571</law_id><section_number>12-1028</section_number><catch_line>TREES, PLANTING, INJURING, DESTROYING.</catch_line><history/><order_by>12-1028</order_by><metadata/><url>/12-1028/</url><token>12-1028</token><structure><unit label="division" level="1" identifier="II">Division II - Planning and Development</unit><unit label="part" level="3" identifier="12">PART 12 - LICENSING AND REGULATION</unit><unit label="chapter" level="4" identifier="1">CHAPTER 1. - STREETS AND PUBLIC WAYS</unit><unit label="article" level="2" identifier="B">ARTICLE B. - STREET USE AND CLEANLINESS</unit></structure><referred_to_by/><text><section id="1603" prefix=""><text>Citizens may plant trees in front of their lots and around their lots, on the sidewalks, under the supervision of the director of parks. No tree shall be planted in the streets or gutters. No person shall cut, destroy or injure any tree or box around same without permission from the director of parks. 
(Code 1959 , &#xA7;19-19) 
Cross reference: Trees and vegetation, Part 9, Chapter 8.</text><type>section</type><prefixes><section/></prefixes><entire_prefix/><prefix_anchor/><level>1</level></section></text></law>
