<?xml version="1.0"?>
<law><law_id>595</law_id><section_number>12-1056</section_number><catch_line>PICKETING PERMITTED; NOTICE OF INTENT AND RECEIPT REQUIRED.</catch_line><history/><order_by>12-1056</order_by><metadata/><url>/12-1056/</url><token>12-1056</token><structure><unit label="division" level="1" identifier="II">Division II - Planning and Development</unit><unit label="part" level="3" identifier="12">PART 12 - LICENSING AND REGULATION</unit><unit label="chapter" level="4" identifier="1">CHAPTER 1. - STREETS AND PUBLIC WAYS</unit><unit label="article" level="2" identifier="C">ARTICLE C. - PARADES, DEMONSTRATIONS AND STREET EVENTS</unit></structure><referred_to_by/><text><section id="1655" prefix="(a)"><text>No picketing shall be conducted on the public ways of this City and no person shall participate in the same unless notice of intent to picket has been given to the Chief of Police or his designated representative, and unless a receipt of such notice has been issued.</text><type>section</type><prefixes><section>(a)</section></prefixes><entire_prefix>(a)</entire_prefix><prefix_anchor>(a)</prefix_anchor><level>1</level></section><section id="1656" prefix="(b)"><text/><type>section</type><prefixes><section>(b)</section></prefixes><entire_prefix>(b)</entire_prefix><prefix_anchor>(b)</prefix_anchor><level>1</level></section><section id="1657" prefix="(1)"><text>	The name, if any, of the organization or group sponsoring or proposing to picket unless the group indicates that it intends to picket anonymously, in which case no name is required; 
</text><type>section</type><prefixes><section>(b)</section><section>(1)</section></prefixes><entire_prefix>(b)(1)</entire_prefix><prefix_anchor>(b)(1)</prefix_anchor><level>2</level></section><section id="1658" prefix="(2)"><text>	The location or locations in the City where the pickets propose to assemble and demonstrate; 
</text><type>section</type><prefixes><section>(b)</section><section>(2)</section></prefixes><entire_prefix>(b)(2)</entire_prefix><prefix_anchor>(b)(2)</prefix_anchor><level>2</level></section><section id="1659" prefix="(3)"><text>	The date or dates on which the picketing is to occur;
</text><type>section</type><prefixes><section>(b)</section><section>(3)</section></prefixes><entire_prefix>(b)(3)</entire_prefix><prefix_anchor>(b)(3)</prefix_anchor><level>2</level></section><section id="1660" prefix="(4)"><text>	The name of the person and organization giving notice of intent to picket unless the person or organization indicates that it intends to picket anonymously, in which case no name is required; 
</text><type>section</type><prefixes><section>(b)</section><section>(4)</section></prefixes><entire_prefix>(b)(4)</entire_prefix><prefix_anchor>(b)(4)</prefix_anchor><level>2</level></section><section id="1661" prefix="(5)"><text>	Whether or not persons below the age of eighteen (18) years are expected to participate; and
</text><type>section</type><prefixes><section>(b)</section><section>(5)</section></prefixes><entire_prefix>(b)(5)</entire_prefix><prefix_anchor>(b)(5)</prefix_anchor><level>2</level></section><section id="1662" prefix="(6)"><text>	The person or persons to be in charge of the activity and who will accompany it and carry any receipt of notice at all times.
</text><type>section</type><prefixes><section>(b)</section><section>(6)</section></prefixes><entire_prefix>(b)(6)</entire_prefix><prefix_anchor>(b)(6)</prefix_anchor><level>2</level></section><section id="1663" prefix="(c)"><text>It is unlawful for any person to engage in picketing before or about the residence or dwelling of any individual.</text><type>section</type><prefixes><section>(c)</section></prefixes><entire_prefix>(c)</entire_prefix><prefix_anchor>(c)</prefix_anchor><level>1</level></section><section id="1664" prefix="(d)"><text>Upon the giving of notice of intent to picket, properly completed as hereinabove set out, the designated officer shall immediately issue a receipt of notice. The receipt shall contain all information stated in the notice. Notice shall be given by the holder of a receipt of notice to the Chief of Police or his designated representative immediately upon the cessation of such picketing for a period of twenty-four (24) hours or more. Before resumption of picketing interrupted for any such period, a new notice shall be given and a new receipt issued. 
(Code 1959 , &#xA7;15-35.1(a)&#x2014;(c); Ord. No. 1990-504, &#xA7;1, 3-7-90; Ord. No. 2006-977, &#xA7;1, 3-7-06)</text><type>section</type><prefixes><section>(d)</section></prefixes><entire_prefix>(d)</entire_prefix><prefix_anchor>(d)</prefix_anchor><level>1</level></section></text></law>
