<?xml version="1.0"?>
<law><law_id>562</law_id><section_number>12-1007</section_number><catch_line>RESERVED. </catch_line><history/><order_by>12-1007</order_by><metadata/><url>/12-1007/</url><token>12-1007</token><structure><unit label="division" level="1" identifier="II">Division II - Planning and Development</unit><unit label="part" level="3" identifier="12">PART 12 - LICENSING AND REGULATION</unit><unit label="chapter" level="4" identifier="1">CHAPTER 1. - STREETS AND PUBLIC WAYS</unit><unit label="article" level="2" identifier="A">ARTICLE A. - STREET OBSTRUCTIONS AND ENCROACHMENTS</unit></structure><referred_to_by/><text><section id="1534" prefix=""><text/><type>section</type><prefixes><section/></prefixes><entire_prefix/><prefix_anchor/><level>1</level></section></text></law>
