<?xml version="1.0"?>
<law><law_id>575</law_id><section_number>12-1032</section_number><catch_line>DISCHARGING NOXIOUS FLUIDS.</catch_line><history/><order_by>12-1032</order_by><metadata/><url>/12-1032/</url><token>12-1032</token><structure><unit label="division" level="1" identifier="II">Division II - Planning and Development</unit><unit label="part" level="3" identifier="12">PART 12 - LICENSING AND REGULATION</unit><unit label="chapter" level="4" identifier="1">CHAPTER 1. - STREETS AND PUBLIC WAYS</unit><unit label="article" level="2" identifier="B">ARTICLE B. - STREET USE AND CLEANLINESS</unit></structure><referred_to_by/><text><section id="1608" prefix=""><text>No person shall use the streets or sidewalks, or gutters of the City, as a drain to carry off any water that has been used, or other noxious fluids of any description whatsoever. 
(Code 1959 , &#xA7;19-7)</text><type>section</type><prefixes><section/></prefixes><entire_prefix/><prefix_anchor/><level>1</level></section></text></law>
