<?xml version="1.0"?>
<law><law_id>590</law_id><section_number>12-1052</section_number><catch_line>PROCEDURES FOR OBTAINING PERMIT.</catch_line><history/><order_by>12-1052</order_by><metadata/><url>/12-1052/</url><token>12-1052</token><structure><unit label="division" level="1" identifier="II">Division II - Planning and Development</unit><unit label="part" level="3" identifier="12">PART 12 - LICENSING AND REGULATION</unit><unit label="chapter" level="4" identifier="1">CHAPTER 1. - STREETS AND PUBLIC WAYS</unit><unit label="article" level="2" identifier="C">ARTICLE C. - PARADES, DEMONSTRATIONS AND STREET EVENTS</unit></structure><referred_to_by/><text><section id="1637" prefix="(a)"><text/><type>section</type><prefixes><section>(a)</section></prefixes><entire_prefix>(a)</entire_prefix><prefix_anchor>(a)</prefix_anchor><level>1</level></section><section id="1638" prefix="(1)"><text>	The name, if any, of the organization or group sponsoring or proposing the parade;
</text><type>section</type><prefixes><section>(a)</section><section>(1)</section></prefixes><entire_prefix>(a)(1)</entire_prefix><prefix_anchor>(a)(1)</prefix_anchor><level>2</level></section><section id="1639" prefix="(2)"><text>	The location or locations in the City where the parade is proposed to take place; 
</text><type>section</type><prefixes><section>(a)</section><section>(2)</section></prefixes><entire_prefix>(a)(2)</entire_prefix><prefix_anchor>(a)(2)</prefix_anchor><level>2</level></section><section id="1640" prefix="(3)"><text>	The date and hours for which permit is sought;
</text><type>section</type><prefixes><section>(a)</section><section>(3)</section></prefixes><entire_prefix>(a)(3)</entire_prefix><prefix_anchor>(a)(3)</prefix_anchor><level>2</level></section><section id="1641" prefix="(4)"><text>	The name of the person applying for the permit; 
</text><type>section</type><prefixes><section>(a)</section><section>(4)</section></prefixes><entire_prefix>(a)(4)</entire_prefix><prefix_anchor>(a)(4)</prefix_anchor><level>2</level></section><section id="1642" prefix="(5)"><text>	Whether or not persons below the age of eighteen (18) years are expected to participate; and 
</text><type>section</type><prefixes><section>(a)</section><section>(5)</section></prefixes><entire_prefix>(a)(5)</entire_prefix><prefix_anchor>(a)(5)</prefix_anchor><level>2</level></section><section id="1643" prefix="(6)"><text>	The person or persons to be in charge of the activity and who will accompany it and carry permit at all times. 
</text><type>section</type><prefixes><section>(a)</section><section>(6)</section></prefixes><entire_prefix>(a)(6)</entire_prefix><prefix_anchor>(a)(6)</prefix_anchor><level>2</level></section><section id="1644" prefix="(b)"><text>Upon receipt of an application properly completed and timely filed as hereinabove set out, the designated officer shall immediately issue a permit consistent with the standards prescribed herein. The permit shall contain all information stated on the application and shall be signed by the issuing officer. 
(Code 1959 , &#xA7;21-31(c), (d))</text><type>section</type><prefixes><section>(b)</section></prefixes><entire_prefix>(b)</entire_prefix><prefix_anchor>(b)</prefix_anchor><level>1</level></section></text></law>
