<?xml version="1.0"?>
<law><law_id>574</law_id><section_number>12-1031</section_number><catch_line>PLAYING GAMES OR THROWING MISSILES ON STREETS, SIDEWALKS, PRIVATE LOTS OR OTHER PUBLIC PROPERTY.</catch_line><history/><order_by>12-1031</order_by><metadata/><url>/12-1031/</url><token>12-1031</token><structure><unit label="division" level="1" identifier="II">Division II - Planning and Development</unit><unit label="part" level="3" identifier="12">PART 12 - LICENSING AND REGULATION</unit><unit label="chapter" level="4" identifier="1">CHAPTER 1. - STREETS AND PUBLIC WAYS</unit><unit label="article" level="2" identifier="B">ARTICLE B. - STREET USE AND CLEANLINESS</unit></structure><referred_to_by/><text><section id="1607" prefix=""><text>It shall be unlawful to play any game of any description or to throw any stone, snowball, or other missile by bean shooter or other such device upon the streets and sidewalks of the City. It shall also be unlawful to play such games or throw such missiles by such means in any private lot or public place in any such manner as to annoy or injure another or to constitute a nuisance. 
(Code 1959 , &#xA7;21-10)</text><type>section</type><prefixes><section/></prefixes><entire_prefix/><prefix_anchor/><level>1</level></section></text></law>
