<?xml version="1.0"?>
<law><law_id>572</law_id><section_number>12-1029</section_number><catch_line>UNLOADING COAL ON SIDEWALKS.</catch_line><history/><order_by>12-1029</order_by><metadata/><url>/12-1029/</url><token>12-1029</token><structure><unit label="division" level="1" identifier="II">Division II - Planning and Development</unit><unit label="part" level="3" identifier="12">PART 12 - LICENSING AND REGULATION</unit><unit label="chapter" level="4" identifier="1">CHAPTER 1. - STREETS AND PUBLIC WAYS</unit><unit label="article" level="2" identifier="B">ARTICLE B. - STREET USE AND CLEANLINESS</unit></structure><referred_to_by/><text><section id="1604" prefix=""><text>Every manhole or other aperture located within the sidewalk areas of the City and used for delivering coal into the basement of an adjacent building shall be located within two (2) feet of the curb line of the street. Coal shall not be permitted to be shoveled or thrown across the sidewalk. 
(Code 1959 , &#xA7;19-20)</text><type>section</type><prefixes><section/></prefixes><entire_prefix/><prefix_anchor/><level>1</level></section></text></law>
