<?xml version="1.0"?>
<law><law_id>577</law_id><section_number>12-1034</section_number><catch_line>FILTHY MATTER IN WASTE RECEPTACLES.</catch_line><history/><order_by>12-1034</order_by><metadata/><url>/12-1034/</url><token>12-1034</token><structure><unit label="division" level="1" identifier="II">Division II - Planning and Development</unit><unit label="part" level="3" identifier="12">PART 12 - LICENSING AND REGULATION</unit><unit label="chapter" level="4" identifier="1">CHAPTER 1. - STREETS AND PUBLIC WAYS</unit><unit label="article" level="2" identifier="B">ARTICLE B. - STREET USE AND CLEANLINESS</unit></structure><referred_to_by/><text><section id="1610" prefix=""><text>It shall be unlawful to place any ashes or empty the contents of any cuspidor or to place any other filthy or objectionable matter in the sidewalk waste receptacles provided for public use. 
(Code 1959 , &#xA7;19-9)</text><type>section</type><prefixes><section/></prefixes><entire_prefix/><prefix_anchor/><level>1</level></section></text></law>
