<?xml version="1.0"?>
<law><law_id>565</law_id><section_number>12-1023</section_number><catch_line>PRESENT USES; REPAIRS; COSTS.</catch_line><history/><order_by>12-1023</order_by><metadata/><url>/12-1023/</url><token>12-1023</token><structure><unit label="division" level="1" identifier="II">Division II - Planning and Development</unit><unit label="part" level="3" identifier="12">PART 12 - LICENSING AND REGULATION</unit><unit label="chapter" level="4" identifier="1">CHAPTER 1. - STREETS AND PUBLIC WAYS</unit><unit label="article" level="2" identifier="B">ARTICLE B. - STREET USE AND CLEANLINESS</unit></structure><referred_to_by/><text><section id="1543" prefix=""><text>Uses presently made of the sidewalks for private purposes may be continued only on condition that the provisions of this section are complied with within sixty (60) days of the effective date of this section, and upon failure to comply herewith, the property owner using a sidewalk for private purposes shall immediately discontinue such use and restore the sidewalk to its original condition. The City may restore the sidewalk to its original condition and assess the cost thereof against the property of the owner if he shall fail to do so and such cost shall be a lien upon the property, collectible in the same manner that taxes are collected; by civil action; or require that the sidewalk be repaired and assess the cost thereby against the property abutting on both sides of the street, unless there already exists a sidewalk, on the other side of the street the total cost of which was assessed against the abutting property.</text><type>section</type><prefixes><section/></prefixes><entire_prefix/><prefix_anchor/><level>1</level></section></text></law>
