<?xml version="1.0"?>
<law><law_id>588</law_id><section_number>12-1041</section_number><catch_line>RESERVED. </catch_line><history/><order_by>12-1041</order_by><metadata/><url>/12-1041/</url><token>12-1041</token><structure><unit label="division" level="1" identifier="II">Division II - Planning and Development</unit><unit label="part" level="3" identifier="12">PART 12 - LICENSING AND REGULATION</unit><unit label="chapter" level="4" identifier="1">CHAPTER 1. - STREETS AND PUBLIC WAYS</unit><unit label="article" level="2" identifier="B">ARTICLE B. - STREET USE AND CLEANLINESS</unit></structure><referred_to_by/><text><section id="1629" prefix=""><text/><type>section</type><prefixes><section/></prefixes><entire_prefix/><prefix_anchor/><level>1</level></section></text></law>
