<?xml version="1.0"?>
<law><law_id>594</law_id><section_number>12-1055</section_number><catch_line>PICKETING DEFINED.</catch_line><history/><order_by>12-1055</order_by><metadata/><url>/12-1055/</url><token>12-1055</token><structure><unit label="division" level="1" identifier="II">Division II - Planning and Development</unit><unit label="part" level="3" identifier="12">PART 12 - LICENSING AND REGULATION</unit><unit label="chapter" level="4" identifier="1">CHAPTER 1. - STREETS AND PUBLIC WAYS</unit><unit label="article" level="2" identifier="C">ARTICLE C. - PARADES, DEMONSTRATIONS AND STREET EVENTS</unit></structure><referred_to_by><reference>12-1057</reference></referred_to_by><text><section id="1654" prefix=""><text/><type>section</type><prefixes><section/></prefixes><entire_prefix/><prefix_anchor/><level>1</level></section></text></law>
