<?xml version="1.0"?>
<law><law_id>584</law_id><section_number>12-1038</section_number><catch_line>JUNK, ETC., ON RIGHTS-OF-WAY PROHIBITED.</catch_line><history/><order_by>12-1038</order_by><metadata/><url>/12-1038/</url><token>12-1038</token><structure><unit label="division" level="1" identifier="II">Division II - Planning and Development</unit><unit label="part" level="3" identifier="12">PART 12 - LICENSING AND REGULATION</unit><unit label="chapter" level="4" identifier="1">CHAPTER 1. - STREETS AND PUBLIC WAYS</unit><unit label="article" level="2" identifier="B">ARTICLE B. - STREET USE AND CLEANLINESS</unit></structure><referred_to_by/><text><section id="1623" prefix="(a)"><text>It is unlawful for any person to place or leave or cause to be placed or left, temporarily or permanently, any trash, refuse, garbage, scrapped automobile or truck or part thereof, scrap metal or junk of any kind on the right-of-way of any street or highway within the City.</text><type>section</type><prefixes><section>(a)</section></prefixes><entire_prefix>(a)</entire_prefix><prefix_anchor>(a)</prefix_anchor><level>1</level></section><section id="1624" prefix="(b)"><text>This section does not apply to domestic trash or garbage placed on such rights-of-way for removal by the City. 
(Code 1959 , &#xA7;11-9)</text><type>section</type><prefixes><section>(b)</section></prefixes><entire_prefix>(b)</entire_prefix><prefix_anchor>(b)</prefix_anchor><level>1</level></section></text></law>
