<?xml version="1.0"?>
<law><law_id>593</law_id><section_number>12-1054</section_number><catch_line>REVOCATION OF PERMIT.</catch_line><history/><order_by>12-1054</order_by><metadata/><url>/12-1054/</url><token>12-1054</token><structure><unit label="division" level="1" identifier="II">Division II - Planning and Development</unit><unit label="part" level="3" identifier="12">PART 12 - LICENSING AND REGULATION</unit><unit label="chapter" level="4" identifier="1">CHAPTER 1. - STREETS AND PUBLIC WAYS</unit><unit label="article" level="2" identifier="C">ARTICLE C. - PARADES, DEMONSTRATIONS AND STREET EVENTS</unit></structure><referred_to_by/><text><section id="1652" prefix="(a)"><text>Any person violates the standards for the conduct of parades set out herein; or</text><type>section</type><prefixes><section>(a)</section></prefixes><entire_prefix>(a)</entire_prefix><prefix_anchor>(a)</prefix_anchor><level>1</level></section><section id="1653" prefix="(b)"><text>Any participant in a parade fails to comply with the formation, terms and conditions set out in the application and permit or fails to comply with the terms of this section. 
(Code 1959 , &#xA7;21-31(f))</text><type>section</type><prefixes><section>(b)</section></prefixes><entire_prefix>(b)</entire_prefix><prefix_anchor>(b)</prefix_anchor><level>1</level></section></text></law>
