<?xml version="1.0"?>
<law><law_id>573</law_id><section_number>12-1030</section_number><catch_line>VEHICLES AND ANIMALS ON SIDEWALKS.</catch_line><history/><order_by>12-1030</order_by><metadata/><url>/12-1030/</url><token>12-1030</token><structure><unit label="division" level="1" identifier="II">Division II - Planning and Development</unit><unit label="part" level="3" identifier="12">PART 12 - LICENSING AND REGULATION</unit><unit label="chapter" level="4" identifier="1">CHAPTER 1. - STREETS AND PUBLIC WAYS</unit><unit label="article" level="2" identifier="B">ARTICLE B. - STREET USE AND CLEANLINESS</unit></structure><referred_to_by/><text><section id="1605" prefix="(a)"><text>No person shall lead, drive or ride any horse or motor vehicle upon any sidewalk except such part of it as lies directly between the street and the entrance to any adjacent lot, and then only for the purpose of going into or out of such lot.</text><type>section</type><prefixes><section>(a)</section></prefixes><entire_prefix>(a)</entire_prefix><prefix_anchor>(a)</prefix_anchor><level>1</level></section><section id="1606" prefix="(b)"><text>No person shall place, roll, drive or ride on the sidewalk any wheelbarrow, handcart or hand carriage except in passing directly across the sidewalk into or out of a house or lot or when transporting an infant or invalid. 
(Code 1959 , &#xA7;19-21)</text><type>section</type><prefixes><section>(b)</section></prefixes><entire_prefix>(b)</entire_prefix><prefix_anchor>(b)</prefix_anchor><level>1</level></section></text></law>
