<?xml version="1.0"?>
<law><law_id>578</law_id><section_number>12-1035</section_number><catch_line>HAULING REFUSE; TRACKING MUD.</catch_line><history/><order_by>12-1035</order_by><metadata/><url>/12-1035/</url><token>12-1035</token><structure><unit label="division" level="1" identifier="II">Division II - Planning and Development</unit><unit label="part" level="3" identifier="12">PART 12 - LICENSING AND REGULATION</unit><unit label="chapter" level="4" identifier="1">CHAPTER 1. - STREETS AND PUBLIC WAYS</unit><unit label="article" level="2" identifier="B">ARTICLE B. - STREET USE AND CLEANLINESS</unit></structure><referred_to_by/><text><section id="1611" prefix="(a)"><text>It shall be unlawful for any person to haul or cause to be hauled over the streets of the City any dirt, shingles, laths, or trash in a wagon or other vehicle, unless the wagon or vehicle is constructed to prevent, and does prevent, the spilling of dirt, shingles, laths or trash upon the streets.</text><type>section</type><prefixes><section>(a)</section></prefixes><entire_prefix>(a)</entire_prefix><prefix_anchor>(a)</prefix_anchor><level>1</level></section><section id="1612" prefix="(b)"><text>It shall be unlawful for any person to permit a truck or other vehicle under his control to track mud, in appreciable quantity, on the streets or sidewalks of the City. 
(Code 1959 , &#xA7;19-11; Ord. No. 1978-700, &#xA7;1, 1-7-78)</text><type>section</type><prefixes><section>(b)</section></prefixes><entire_prefix>(b)</entire_prefix><prefix_anchor>(b)</prefix_anchor><level>1</level></section></text></law>
