<?xml version="1.0"?>
<law><law_id>563</law_id><section_number>12-1021</section_number><catch_line>AUCTION SALES IN STREETS; ATTRACTING CROWDS.</catch_line><history/><order_by>12-1021</order_by><text><section id="1535" prefix=""><text>No auction shall be held on any street within the City limits; nor shall any person attract a crowd to himself on any street or thoroughfare in the City so as to impede travel thereon by advertising his goods or merchandise, or by offering them for sale, or by any manner of speech making whatsoever; providing, nothing herein contained shall prohibit speech making or serenading under the control of the Chief of Police; provided further, this section shall not apply to legal sales held on public property. 
(Code 1959 , &#xA7;19-1)</text><type>section</type><prefixes><section/></prefixes><entire_prefix/><prefix_anchor/><level>1</level></section></text><metadata/><url>/12-1021/</url><token>12-1021</token><structure><unit label="division" level="1" identifier="II">Division II - Planning and Development</unit><unit label="part" level="3" identifier="12">PART 12 - LICENSING AND REGULATION</unit><unit label="chapter" level="4" identifier="1">CHAPTER 1. - STREETS AND PUBLIC WAYS</unit><unit label="article" level="2" identifier="B">ARTICLE B. - STREET USE AND CLEANLINESS</unit></structure><referred_to_by/></law>
