<?xml version="1.0"?>
<law><law_id>591</law_id><section_number>12-1053</section_number><catch_line>STANDARDS FOR CONDUCT OF PARADES.</catch_line><history/><order_by>12-1053</order_by><metadata/><url>/12-1053/</url><token>12-1053</token><structure><unit label="division" level="1" identifier="II">Division II - Planning and Development</unit><unit label="part" level="3" identifier="12">PART 12 - LICENSING AND REGULATION</unit><unit label="chapter" level="4" identifier="1">CHAPTER 1. - STREETS AND PUBLIC WAYS</unit><unit label="article" level="2" identifier="C">ARTICLE C. - PARADES, DEMONSTRATIONS AND STREET EVENTS</unit></structure><referred_to_by/><text><section id="1645" prefix="(a)"><text>No parade or part thereof may be conducted on the streets of the City between the hours of 7:00 a.m. to 9:00 a.m. and 4:00 p.m. to 6:00 p.m.</text><type>section</type><prefixes><section>(a)</section></prefixes><entire_prefix>(a)</entire_prefix><prefix_anchor>(a)</prefix_anchor><level>1</level></section><section id="1646" prefix="(b)"><text>No more than one parade may be conducted within the City at any one time.</text><type>section</type><prefixes><section>(b)</section></prefixes><entire_prefix>(b)</entire_prefix><prefix_anchor>(b)</prefix_anchor><level>1</level></section><section id="1647" prefix="(c)"><text/><type>section</type><prefixes><section>(c)</section></prefixes><entire_prefix>(c)</entire_prefix><prefix_anchor>(c)</prefix_anchor><level>1</level></section><section id="1648" prefix="(d)"><text>No one participating in a parade or proceeding along the route of a parade shall distribute therefrom any candy, cigarettes, prizes or favors of any kind.</text><type>section</type><prefixes><section>(d)</section></prefixes><entire_prefix>(d)</entire_prefix><prefix_anchor>(d)</prefix_anchor><level>1</level></section><section id="1649" prefix="(e)"><text>No vicious animal whether leashed or unleashed shall participate in or proceed along the route of a parade. 
(Code 1959 , &#xA7;21-31(e); Ord. No. 1980-346, &#xA7;2, 4-1-80; Ord. No. 1989-304, &#xA7;1, 2-7-89)</text><type>section</type><prefixes><section>(e)</section></prefixes><entire_prefix>(e)</entire_prefix><prefix_anchor>(e)</prefix_anchor><level>1</level></section></text></law>
