<?xml version="1.0"?>
<law><law_id>560</law_id><section_number>12-1006</section_number><catch_line>BICYCLES ON SIDEWALKS.</catch_line><history/><order_by>12-1006</order_by><metadata/><url>/12-1006/</url><token>12-1006</token><structure><unit label="division" level="1" identifier="II">Division II - Planning and Development</unit><unit label="part" level="3" identifier="12">PART 12 - LICENSING AND REGULATION</unit><unit label="chapter" level="4" identifier="1">CHAPTER 1. - STREETS AND PUBLIC WAYS</unit><unit label="article" level="2" identifier="A">ARTICLE A. - STREET OBSTRUCTIONS AND ENCROACHMENTS</unit></structure><referred_to_by/><text><section id="1532" prefix=""><text>No person shall ride bicycles on any of the following pedestrian ways or sidewalks: Fayetteville Street Mall, Moore Square Station Transit Mall, adjacent to designated bike lanes. This prohibition shall not apply to sworn law enforcement officers while on duty and to any private security force employed by a non-profit corporation and approved by the City Council. 
(Code 1959 , &#xA7;19-21(c); Ord. No. 1987-96, &#xA7;1, 12-1-87; Ord. No. 2000-747, &#xA7;1, 3-7-00) 
Cross reference: Bicycles generally, Part 11, Ch. 3.</text><type>section</type><prefixes><section/></prefixes><entire_prefix/><prefix_anchor/><level>1</level></section></text></law>
