<?xml version="1.0"?>
<law><law_id>567</law_id><section_number>12-1025</section_number><catch_line>SALE OF MERCHANDISE ON SIDEWALKS.</catch_line><history/><order_by>12-1025</order_by><metadata/><url>/12-1025/</url><token>12-1025</token><structure><unit label="division" level="1" identifier="II">Division II - Planning and Development</unit><unit label="part" level="3" identifier="12">PART 12 - LICENSING AND REGULATION</unit><unit label="chapter" level="4" identifier="1">CHAPTER 1. - STREETS AND PUBLIC WAYS</unit><unit label="article" level="2" identifier="B">ARTICLE B. - STREET USE AND CLEANLINESS</unit></structure><referred_to_by/><text><section id="1588" prefix=""><text>It shall be unlawful, except pursuant to the provisions of &#xA7;12-1024, for any person to expose, sell or to offer for sale any merchandise, cooked provisions, poultry, fruits, vegetables or other commodities upon any sidewalk in the City; provided that this section shall not prevent the sale of merchandise if the proceeds of such sales are used exclusively for religious, charitable or educational purposes, or [from] sidewalk cafes [which] are permitted in a pedestrian business overlay district. 
(Code 1959 , &#xA7;19-15; Ord. No. 1986-856-TC-274, &#xA7;9, 9-16-86; Ord. No. 1989-441, &#xA7;2, 10-3-89)</text><type>section</type><prefixes><section/></prefixes><entire_prefix/><prefix_anchor/><level>1</level></section></text></law>
