<?xml version="1.0"?>
<law><law_id>599</law_id><section_number>12-1060</section_number><catch_line>PROHIBITION OF FIREARMS AND DANGEROUS WEAPONS.</catch_line><history/><order_by>12-1060</order_by><metadata/><url>/12-1060/</url><token>12-1060</token><structure><unit label="division" level="1" identifier="II">Division II - Planning and Development</unit><unit label="part" level="3" identifier="12">PART 12 - LICENSING AND REGULATION</unit><unit label="chapter" level="4" identifier="1">CHAPTER 1. - STREETS AND PUBLIC WAYS</unit><unit label="article" level="2" identifier="C">ARTICLE C. - PARADES, DEMONSTRATIONS AND STREET EVENTS</unit></structure><referred_to_by/><text><section id="1692" prefix="(a)"><text>It shall be unlawful for any person to possess on or about his person or vehicle any firearm or dangerous weapon of any kind, as defined below, whether exposed or concealed, while participating in any parade or any picketing.</text><type>section</type><prefixes><section>(a)</section></prefixes><entire_prefix>(a)</entire_prefix><prefix_anchor>(a)</prefix_anchor><level>1</level></section><section id="1693" prefix="(b)"><text>It shall be unlawful for any person present at any parade or picketing or any person upon any street, sidewalk, alley or other public property within five hundred (500) feet of any parade or picketing, to possess on or about his person or vehicle any firearm or dangerous weapon of any kind, as defined below, whether exposed or concealed.</text><type>section</type><prefixes><section>(b)</section></prefixes><entire_prefix>(b)</entire_prefix><prefix_anchor>(b)</prefix_anchor><level>1</level></section><section id="1694" prefix="(c)"><text>For purposes of this article, the term dangerous weapon shall be defined as any device or substance designed or capable of being used to inflict serious injury to any person or property; including, but not limited to: firearms, airguns, BB guns, pellet guns, knives or razors with a blade more than three (3) inches in length, metallic knuckles, clubs, blackjacks, nightsticks, dynamite cartridges, bombs, grenades, knives, explosives, molotov cocktails, and sword canes.</text><type>section</type><prefixes><section>(c)</section></prefixes><entire_prefix>(c)</entire_prefix><prefix_anchor>(c)</prefix_anchor><level>1</level></section><section id="1695" prefix="(d)"><text/><type>section</type><prefixes><section>(d)</section></prefixes><entire_prefix>(d)</entire_prefix><prefix_anchor>(d)</prefix_anchor><level>1</level></section><section id="1696" prefix="(1)"><text>	Law enforcement officers, 
</text><type>section</type><prefixes><section>(d)</section><section>(1)</section></prefixes><entire_prefix>(d)(1)</entire_prefix><prefix_anchor>(d)(1)</prefix_anchor><level>2</level></section><section id="1697" prefix="(2)"><text>	Officers and soldiers of the armed forces, militia and national guard. 
(Ord. No. 1980-346, &#xA7;1, 4-1-80; Ord. No. 2011-989, &#xA7;1, 12-6-11)  
</text><type>section</type><prefixes><section>(d)</section><section>(2)</section></prefixes><entire_prefix>(d)(2)</entire_prefix><prefix_anchor>(d)(2)</prefix_anchor><level>2</level></section></text></law>
