<?xml version="1.0"?>
<law><law_id>570</law_id><section_number>12-1027</section_number><catch_line>SUBSCRIPTIONS OF PUBLICATIONS.</catch_line><history/><order_by>12-1027</order_by><metadata/><url>/12-1027/</url><token>12-1027</token><structure><unit label="division" level="1" identifier="II">Division II - Planning and Development</unit><unit label="part" level="3" identifier="12">PART 12 - LICENSING AND REGULATION</unit><unit label="chapter" level="4" identifier="1">CHAPTER 1. - STREETS AND PUBLIC WAYS</unit><unit label="article" level="2" identifier="B">ARTICLE B. - STREET USE AND CLEANLINESS</unit></structure><referred_to_by/><text><section id="1602" prefix=""><text>It shall be unlawful for any person to solicit subscriptions for papers, magazines, books, or other publications on the streets or sidewalks of the City, or in any public park within the City limits. 
(Code 1959 , &#xA7;19-17)</text><type>section</type><prefixes><section/></prefixes><entire_prefix/><prefix_anchor/><level>1</level></section></text></law>
