<?xml version="1.0"?>
<law><law_id>596</law_id><section_number>12-1057</section_number><catch_line>STANDARDS OF CONDUCT FOR PICKETING ACTIVITIES.</catch_line><history/><order_by>12-1057</order_by><metadata/><url>/12-1057/</url><token>12-1057</token><structure><unit label="division" level="1" identifier="II">Division II - Planning and Development</unit><unit label="part" level="3" identifier="12">PART 12 - LICENSING AND REGULATION</unit><unit label="chapter" level="4" identifier="1">CHAPTER 1. - STREETS AND PUBLIC WAYS</unit><unit label="article" level="2" identifier="C">ARTICLE C. - PARADES, DEMONSTRATIONS AND STREET EVENTS</unit></structure><referred_to_by><reference>12-1057</reference></referred_to_by><text><section id="1665" prefix="(a)"><text>Picketing shall be conducted only on portions of the public ways not used primarily for vehicular parking or moving traffic.</text><type>section</type><prefixes><section>(a)</section></prefixes><entire_prefix>(a)</entire_prefix><prefix_anchor>(a)</prefix_anchor><level>1</level></section><section id="1666" prefix="(b)"><text>Pickets may carry written or printed placards or signs not exceeding thirty-six (36) inches provided the words used would not tend to incite violence.</text><type>section</type><prefixes><section>(b)</section></prefixes><entire_prefix>(b)</entire_prefix><prefix_anchor>(b)</prefix_anchor><level>1</level></section><section id="1667" prefix="(c)"><text/><type>section</type><prefixes><section>(c)</section></prefixes><entire_prefix>(c)</entire_prefix><prefix_anchor>(c)</prefix_anchor><level>1</level></section><section id="1668" prefix="(d)"><text>Pickets shall be restricted to the use of the outermost half of the sidewalk or other public way nearest the street and shall not at any time nor in any way obstruct, interfere with, or block: persons entering or exiting from vehicles; persons crossing streets or otherwise using the public way; the entrance or exit to any building or access to property abutting the street or sidewalk; or pedestrian or vehicular traffic.</text><type>section</type><prefixes><section>(d)</section></prefixes><entire_prefix>(d)</entire_prefix><prefix_anchor>(d)</prefix_anchor><level>1</level></section><section id="1669" prefix="(e)"><text>No person observing, engaging in, or assisting in picketing shall bring to or allow to remain in the immediate area of picketing any vicious animal.</text><type>section</type><prefixes><section>(e)</section></prefixes><entire_prefix>(e)</entire_prefix><prefix_anchor>(e)</prefix_anchor><level>1</level></section><section id="1670" prefix="(f)"><text>It shall be unlawful for a group of ten or more persons to picket without filing a notice as required herein.</text><type>section</type><prefixes><section>(f)</section></prefixes><entire_prefix>(f)</entire_prefix><prefix_anchor>(f)</prefix_anchor><level>1</level></section><section id="1671" prefix="(g)"><text>The provisions of &#xA7;&#xA7;12-1055 through 12-1057 are mandatory, and not merely directory, and failure to comply with the provisions of these sections is hereby declared to be unlawful and punishable as provided by law. 
(Code 1959 , &#xA7;15-35.1(d)&#x2014;(i), (k)&#x2014;(m); Ord. No. 2006-977, &#xA7;2, 3-7-06)</text><type>section</type><prefixes><section>(g)</section></prefixes><entire_prefix>(g)</entire_prefix><prefix_anchor>(g)</prefix_anchor><level>1</level></section></text></law>
