<?xml version="1.0"?>
<law><law_id>557</law_id><section_number>12-1004</section_number><catch_line>CELLARS AND VAULTS UNDER SIDEWALKS.</catch_line><history/><order_by>12-1004</order_by><metadata/><url>/12-1004/</url><token>12-1004</token><structure><unit label="division" level="1" identifier="II">Division II - Planning and Development</unit><unit label="part" level="3" identifier="12">PART 12 - LICENSING AND REGULATION</unit><unit label="chapter" level="4" identifier="1">CHAPTER 1. - STREETS AND PUBLIC WAYS</unit><unit label="article" level="2" identifier="A">ARTICLE A. - STREET OBSTRUCTIONS AND ENCROACHMENTS</unit></structure><referred_to_by/><text><section id="1522" prefix="(a)"><text>No person shall appropriate any space under a sidewalk for cellar, vault or other underground uses without first obtaining approval of the Council. When approved, underground structures shall be constructed so as not to interfere with public utilities.</text><type>section</type><prefixes><section>(a)</section></prefixes><entire_prefix>(a)</entire_prefix><prefix_anchor>(a)</prefix_anchor><level>1</level></section><section id="1523" prefix="(b)"><text>The sidewalk over any such underground space permitted shall be constructed and maintained by the owner of such structure so as to permit safe travel over the same by pedestrians.</text><type>section</type><prefixes><section>(b)</section></prefixes><entire_prefix>(b)</entire_prefix><prefix_anchor>(b)</prefix_anchor><level>1</level></section><section id="1524" prefix="(c)"><text>The roof over any such underground space shall be of approved noncombustible material. Glass lights shall not be permitted within the sidewalk area over cellars, vaults or other underground structures. 
(Code 1959 , &#xA7;19-5)</text><type>section</type><prefixes><section>(c)</section></prefixes><entire_prefix>(c)</entire_prefix><prefix_anchor>(c)</prefix_anchor><level>1</level></section></text></law>
