<?xml version="1.0"?>
<law><law_id>630</law_id><section_number>12-2047</section_number><catch_line/><history/><order_by>12-2047</order_by><metadata/><url>/12-2047/</url><token>12-2047</token><structure><unit label="division" level="1" identifier="II">Division II - Planning and Development</unit><unit label="part" level="3" identifier="12">PART 12 - LICENSING AND REGULATION</unit><unit label="chapter" level="4" identifier="2">CHAPTER 2. - BUSINESSES AND TRADES</unit><unit label="article" level="2" identifier="B">ARTICLE B. - VEHICLES FOR HIRE</unit></structure><referred_to_by/><text><section id="1789" prefix=""><text>The hours of the taxi inspector shall be set by special memorandum from the Chief of Police. 
(Ord. No. 1980-487, &#xA7;20, 10-7-80)</text><type>section</type><prefixes><section/></prefixes><entire_prefix/><prefix_anchor/><level>1</level></section></text></law>
