<?xml version="1.0"?>
<law><law_id>717</law_id><section_number>12-2163</section_number><catch_line>DEFINITIONS.</catch_line><history/><order_by>12-2163</order_by><metadata/><url>/12-2163/</url><token>12-2163</token><structure><unit label="division" level="1" identifier="II">Division II - Planning and Development</unit><unit label="part" level="3" identifier="12">PART 12 - LICENSING AND REGULATION</unit><unit label="chapter" level="4" identifier="2">CHAPTER 2. - BUSINESSES AND TRADES</unit><unit label="article" level="2" identifier="G">ARTICLE G. - PROBATIONARY RENTAL OCCUPANCY PERMIT [8]</unit></structure><referred_to_by><reference>12-2164</reference><reference>12-2165</reference><reference>12-2166</reference><reference>12-2168</reference></referred_to_by><text><section id="2108" prefix="(a)"><text/><type>section</type><prefixes><section>(a)</section></prefixes><entire_prefix>(a)</entire_prefix><prefix_anchor>(a)</prefix_anchor><level>1</level></section><section id="2109" prefix="(b)"><text>Dwelling: A dwelling unit used for residential purposes other than a dwelling unit in a bed and breakfast inn; hotel or motel; guest house; rest home; rooming house, boarding house, lodging house; or tourist home.</text><type>section</type><prefixes><section>(b)</section></prefixes><entire_prefix>(b)</entire_prefix><prefix_anchor>(b)</prefix_anchor><level>1</level></section><section id="2110" prefix="(c)"><text>Dwelling unit: One (1) or more rooms physically arranged as to create an independent housekeeping establishment with separate facilities for cooking, sleeping, and toilet. A dwelling unit can be occupied by only one (1) family. A dwelling unit can also contain a utility apartment or rented rooms in accordance with &#xA7;10-2072(b).</text><type>section</type><prefixes><section>(c)</section></prefixes><entire_prefix>(c)</entire_prefix><prefix_anchor>(c)</prefix_anchor><level>1</level></section><section id="2111" prefix="(d)"><text>Fifth degree of kinship: Collateral kin within five degrees of kinship removed from the owner with the degree of kinship to be computed as provided in N.C.G.S. &#xA7;104A-1.</text><type>section</type><prefixes><section>(d)</section></prefixes><entire_prefix>(d)</entire_prefix><prefix_anchor>(d)</prefix_anchor><level>1</level></section><section id="2112" prefix="(e)"><text>Housing Code: The provisions of the Raleigh City Code codified at &#xA7;&#xA7;10-6121 through 10-6137</text><type>section</type><prefixes><section>(e)</section></prefixes><entire_prefix>(e)</entire_prefix><prefix_anchor>(e)</prefix_anchor><level>1</level></section><section id="2113" prefix="(f)"><text>Inspections Department: The Inspections Department of the City of Raleigh.</text><type>section</type><prefixes><section>(f)</section></prefixes><entire_prefix>(f)</entire_prefix><prefix_anchor>(f)</prefix_anchor><level>1</level></section><section id="2114" prefix="(g)"><text>Licensed rental agency: A rental agency holding a current privilege license issued by the State of North Carolina pursuant to N.C.G.S. &#xA7;105-41(a)(8) or (9).</text><type>section</type><prefixes><section>(g)</section></prefixes><entire_prefix>(g)</entire_prefix><prefix_anchor>(g)</prefix_anchor><level>1</level></section><section id="2115" prefix="(h)"><text>Notice of violation: A City issued list of failures to comply with the City Code at the dwelling included in the notice sent to the owner(s) pursuant to N.C.G.S. &#xA7;&#xA7;160A-428 and 160A-429; &#xA7;&#xA7;10-6126, 10-6127, 10-2152, and 12-6003</text><type>section</type><prefixes><section>(h)</section></prefixes><entire_prefix>(h)</entire_prefix><prefix_anchor>(h)</prefix_anchor><level>1</level></section><section id="2116" prefix="(i)"><text/><type>section</type><prefixes><section>(i)</section></prefixes><entire_prefix>(i)</entire_prefix><prefix_anchor>(i)</prefix_anchor><level>1</level></section><section id="2117" prefix="(1)"><text>	Shall have title to any dwelling or dwelling unit, with or without accompanying actual possession thereof; or 
</text><type>section</type><prefixes><section>(i)</section><section>(1)</section></prefixes><entire_prefix>(i)(1)</entire_prefix><prefix_anchor>(i)(1)</prefix_anchor><level>2</level></section><section id="2118" prefix="(2)"><text>	Shall have charge, care or control of any dwelling or dwelling unit, as owner or agent of the owner, or as executor, executrix, administrator, administratrix, trustee or guardian of the estate of the owner. Any such person thus representing the actual owner shall be bound to comply with the provisions of this article, and of rules and regulations adopted pursuant thereto, to the same extent as if the person were the owner; or 
</text><type>section</type><prefixes><section>(i)</section><section>(2)</section></prefixes><entire_prefix>(i)(2)</entire_prefix><prefix_anchor>(i)(2)</prefix_anchor><level>2</level></section><section id="2119" prefix="(3)"><text>	For violations of the Housing Code, shall be a mortgagee of record. 
</text><type>section</type><prefixes><section>(i)</section><section>(3)</section></prefixes><entire_prefix>(i)(3)</entire_prefix><prefix_anchor>(i)(3)</prefix_anchor><level>2</level></section><section id="2120" prefix="(j)"><text>Person: Associations, corporations, limited liability companies, company, firm, partnerships, joint ventures, public or private institutions, corporations, trusts, estates, utilities, cooperatives, commissions, boards, condominiums, interstate bodies and bodies politic and corporate as well as to individuals or other legal entities.</text><type>section</type><prefixes><section>(j)</section></prefixes><entire_prefix>(j)</entire_prefix><prefix_anchor>(j)</prefix_anchor><level>1</level></section><section id="2121" prefix="(k)"><text>Probationary rental occupancy permit: A permit issued to the owner of a probationary rental residential dwelling pursuant to this article.</text><type>section</type><prefixes><section>(k)</section></prefixes><entire_prefix>(k)</entire_prefix><prefix_anchor>(k)</prefix_anchor><level>1</level></section><section id="2122" prefix="(l)"><text/><type>section</type><prefixes><section>(l)</section></prefixes><entire_prefix>(l)</entire_prefix><prefix_anchor>(l)</prefix_anchor><level>1</level></section><section id="2123" prefix="(1)"><text>	A violation of &#xA7;10-6058 by reoccupancy of a dwelling previously found unsafe; 
</text><type>section</type><prefixes><section>(l)</section><section>(1)</section></prefixes><entire_prefix>(l)(1)</entire_prefix><prefix_anchor>(l)(1)</prefix_anchor><level>2</level></section><section id="2124" prefix="(2)"><text>	A violation of &#xA7;10-6137 by reoccupancy before certification of compliance with the Housing Code by the Inspections Department; 
</text><type>section</type><prefixes><section>(l)</section><section>(2)</section></prefixes><entire_prefix>(l)(2)</entire_prefix><prefix_anchor>(l)(2)</prefix_anchor><level>2</level></section><section id="2125" prefix="(3)"><text>	Activities resulting in (a) a third conviction for violation of &#xA7;13-3017 the Nuisance Party ordinance, within the twenty-four (24) month period following notice from the PROP Team of the Police Department of the first conviction or (b) a third civil penalty for violation of &#xA7;13-3017, within the twenty-four (24) month period following notice from the PROP Team of the Police Department of the first notice of violation; 
</text><type>section</type><prefixes><section>(l)</section><section>(3)</section></prefixes><entire_prefix>(l)(3)</entire_prefix><prefix_anchor>(l)(3)</prefix_anchor><level>2</level></section><section id="2126" prefix="(4)"><text>	Activities resulting in (a) a third conviction for violation of &#xA7;12-5007, the Prohibited Noises ordinance, within the twenty-four (24) month period following notice from the PROP Team of the Police Department of the first conviction or (b) a third civil penalty for violation of &#xA7;12-5007, within the twenty-four (24) month period following notice from the PROP Team of the Police Department of the first notice of violation; 
</text><type>section</type><prefixes><section>(l)</section><section>(4)</section></prefixes><entire_prefix>(l)(4)</entire_prefix><prefix_anchor>(l)(4)</prefix_anchor><level>2</level></section><section id="2127" prefix="(5)"><text>	A violation of &#xA7;10-6058 by the failure to repair, vacate or demolish within the time provided for compliance with the Code in the order issued by the Inspections Department pursuant to N.C.G.S. &#xA7;160A-429; 
</text><type>section</type><prefixes><section>(l)</section><section>(5)</section></prefixes><entire_prefix>(l)(5)</entire_prefix><prefix_anchor>(l)(5)</prefix_anchor><level>2</level></section><section id="2128" prefix="(6)"><text>	A violation of &#xA7;10-6137 by the failure to repair, vacate or demolish the dwelling within the time provided for compliance with the Code in the order issued by the Inspections Department pursuant to &#xA7;10-6127 
</text><type>section</type><prefixes><section>(l)</section><section>(6)</section></prefixes><entire_prefix>(l)(6)</entire_prefix><prefix_anchor>(l)(6)</prefix_anchor><level>2</level></section><section id="2129" prefix="(7)"><text>	A violation of &#xA7;10-2151 by housing more inhabitants than permitted in the zoning Code section applicable to the dwelling; 
</text><type>section</type><prefixes><section>(l)</section><section>(7)</section></prefixes><entire_prefix>(l)(7)</entire_prefix><prefix_anchor>(l)(7)</prefix_anchor><level>2</level></section><section id="2130" prefix="(8)"><text>	A zoning vehicle violation by the failure to comply in a timely manner with an order issued by Inspections Department due to the unlawful storage of unlicensed, uninspected, wrecked, crushed, dismantled, or partially dismantled automotive vehicles on the premises; 
</text><type>section</type><prefixes><section>(l)</section><section>(8)</section></prefixes><entire_prefix>(l)(8)</entire_prefix><prefix_anchor>(l)(8)</prefix_anchor><level>2</level></section><section id="2131" prefix="(9)"><text>	A second nuisance abatement pursuant to &#xA7;12-6003 within a twenty-four (24) month period; 
(10)	A fourth notice of violation within a twenty-four (24) month period, when the prior notices of violations were resolved by corrective action and without issuance of any order or mandate for corrective action, of any of the following sections &#xA7;&#xA7;10-2151, 10-6058, 10-6137 and 12-6003 of the City Code. 
</text><type>section</type><prefixes><section>(l)</section><section>(9)</section></prefixes><entire_prefix>(l)(9)</entire_prefix><prefix_anchor>(l)(9)</prefix_anchor><level>2</level></section><section id="2132" prefix="(11"><text>	Activities resulting in a third conviction for a criminal activity on the premises of the dwelling following notice from the PROP Team of the Police Department within the twenty-four (24)month period following notice from the first conviction for a criminal activity on the premises of the dwelling. 
</text><type>section</type><prefixes><section>(l)</section><section>(11</section></prefixes><entire_prefix>(l)(11</entire_prefix><prefix_anchor>(l)(11</prefix_anchor><level>2</level></section><section id="2133" prefix="(m)"><text>Public nuisance violation: A determination by a Code enforcement official that any of the nuisances listed in &#xA7;12-6002 exists at a property which determination is included in a notice sent to the property owner pursuance to &#xA7;12-6003(a).</text><type>section</type><prefixes><section>(m)</section></prefixes><entire_prefix>(m)</entire_prefix><prefix_anchor>(m)</prefix_anchor><level>1</level></section><section id="2134" prefix="(n)"><text>Violation: A determination by a Code enforcement official or a judge, after a notice of violation of the City Code and an opportunity for response to the noticed alleged failures, that an order or other mandate should issue to the owner or any other person imposing a sanction or requiring further actions to comply with the City Code, including without any limitation the payment of civil penalties or administrative fees, implementation of corrective measures, or cessation of activities which are not authorized by the City Code, or conviction of a criminal Code offense for failure to comply with the Code provisions listed in (l) of this section.</text><type>section</type><prefixes><section>(n)</section></prefixes><entire_prefix>(n)</entire_prefix><prefix_anchor>(n)</prefix_anchor><level>1</level></section><section id="2135" prefix="(o)"><text>Zoning vehicle violation: A determination that unlicensed, uninspected, wrecked, crushed, dismantled, or partially dismantled automotive vehicles are present on the premises in violation of the zoning Code including the provisions at &#xA7;&#xA7;10-2015(c), 10-2016(c), 10-2017(c), 10-2018(c), 10-2019(c), 10-2020(c), 10-2021(c), 10-2022(c), 10-2023(c), 10-2024(c), 10-2025(c), 10-2030(c), 10-2031(c), 10-2032(c), 10-2035(c), 10-2036(c), 10-2037(c), 10-2040(c), 10-2041(c), 10-2042(c), 10-2043(c), 10-2045(c) and 10-2050(c).</text><type>section</type><prefixes><section>(o)</section></prefixes><entire_prefix>(o)</entire_prefix><prefix_anchor>(o)</prefix_anchor><level>1</level></section><section id="2136" prefix="(p)"><text>Criminal Activity: Means conviction of a tenant or tenant guest for conduct on the premises of the dwelling under any of the following: (i) N.C.G.S. 14-204; (ii) N.C.G.S. 14-71.1 on the premises; (iii) N.C.G.S. 18B-300; (iv) N.C.G.S. 14-409 or N.C.G.S. 14-415.1; (v) N.C.G.S. 14-292; or (iv) N.C.G.S. 14-288.2. 
(Ord. No. 2004-720, &#xA7;1, 10-19-04; Ord. No. 2006-54, &#xA7;&#xA7;1&#x2014;8, 7-11-06; Ord. No. 2008-415, &#xA7;&#xA7;2&#x2014;4, 7-1-08)</text><type>section</type><prefixes><section>(p)</section></prefixes><entire_prefix>(p)</entire_prefix><prefix_anchor>(p)</prefix_anchor><level>1</level></section></text></law>
