<?xml version="1.0"?>
<law><law_id>732</law_id><section_number>12-2179</section_number><catch_line>STANDARDS.</catch_line><history/><order_by>12-2179</order_by><metadata/><url>/12-2179/</url><token>12-2179</token><structure><unit label="division" level="1" identifier="II">Division II - Planning and Development</unit><unit label="part" level="3" identifier="12">PART 12 - LICENSING AND REGULATION</unit><unit label="chapter" level="4" identifier="2">CHAPTER 2. - BUSINESSES AND TRADES</unit><unit label="article" level="2" identifier="H">ARTICLE H. - RENTAL DWELLING REGISTRATION AND PROP NOTIFICATION</unit></structure><referred_to_by><reference>12-2177</reference></referred_to_by><text><section id="2218" prefix="(a)"><text/><type>section</type><prefixes><section>(a)</section></prefixes><entire_prefix>(a)</entire_prefix><prefix_anchor>(a)</prefix_anchor><level>1</level></section><section id="2219" prefix="(b)"><text>The owner shall maintain a current list of occupants. Upon request, by City inspectors, police, and fire and emergency response personnel investigating violations or potential violations of the City Code or State law, the owner shall present the list of occupants to the investigating personnel.</text><type>section</type><prefixes><section>(b)</section></prefixes><entire_prefix>(b)</entire_prefix><prefix_anchor>(b)</prefix_anchor><level>1</level></section><section id="2220" prefix="(c)"><text>The Public Utilities Department shall not provide water service to a vacant rental residential dwelling which is not registered in compliance with this Article. 
(Ord. No. 2008-415B, &#xA7;1, 7-1-08)</text><type>section</type><prefixes><section>(c)</section></prefixes><entire_prefix>(c)</entire_prefix><prefix_anchor>(c)</prefix_anchor><level>1</level></section></text></law>
