<?xml version="1.0"?>
<law><law_id>607</law_id><section_number>12-2026</section_number><catch_line>OWNER INFORMATION FILE.</catch_line><history/><order_by>12-2026</order_by><metadata/><url>/12-2026/</url><token>12-2026</token><structure><unit label="division" level="1" identifier="II">Division II - Planning and Development</unit><unit label="part" level="3" identifier="12">PART 12 - LICENSING AND REGULATION</unit><unit label="chapter" level="4" identifier="2">CHAPTER 2. - BUSINESSES AND TRADES</unit><unit label="article" level="2" identifier="B">ARTICLE B. - VEHICLES FOR HIRE</unit></structure><referred_to_by><reference>12-2024</reference></referred_to_by><text><section id="1733" prefix=""><text>Every owner shall maintain on file with the taxicab inspector, his name, business address, garage address, all business telephone numbers listed in his name, and the names of all drivers, their license numbers and addresses, and shall, within forty-eight (48) hours after any change in connection therewith report such change or changes to the taxicab inspector in writing. In case more than one owner operates under the same name, the owner of the name may keep the records and make the reports required by this article in behalf of all owners operating under his name; but his failure to do so shall not relieve such other owners of responsibility for such records and reports with respect to taxicabs owned by them, it being the intention of this article to impose such responsibilities upon each owner. 
(Code 1959 , &#xA7;22-6; Ord. No. 1980-487, &#xA7;7, 10-7-80)</text><type>section</type><prefixes><section/></prefixes><entire_prefix/><prefix_anchor/><level>1</level></section></text></law>
