<?xml version="1.0"?>
<law><law_id>663</law_id><section_number>12-2090</section_number><catch_line>SAFETY PERMIT.</catch_line><history/><order_by>12-2090</order_by><metadata/><url>/12-2090/</url><token>12-2090</token><structure><unit label="division" level="1" identifier="II">Division II - Planning and Development</unit><unit label="part" level="3" identifier="12">PART 12 - LICENSING AND REGULATION</unit><unit label="chapter" level="4" identifier="2">CHAPTER 2. - BUSINESSES AND TRADES</unit><unit label="article" level="2" identifier="B">ARTICLE B. - VEHICLES FOR HIRE</unit></structure><referred_to_by/><text><section id="1897" prefix=""><text>The taxicab inspector shall have the authority to issue a taxicab safety permit on forms prescribed by him for periods of time not to exceed ten (10) days. The holder of such a permit shall be authorized to occupy the front seat of a taxicab while in operation, and shall observe all rules and regulations of this article while on duty. 
(Code 1959 , &#xA7;22-52)</text><type>section</type><prefixes><section/></prefixes><entire_prefix/><prefix_anchor/><level>1</level></section></text></law>
