<?xml version="1.0"?>
<law><law_id>639</law_id><section_number>12-2056</section_number><catch_line>PERMIT ISSUANCE, RENEWAL REQUIREMENT; EXCEPTIONS.</catch_line><history/><order_by>12-2056</order_by><metadata/><url>/12-2056/</url><token>12-2056</token><structure><unit label="division" level="1" identifier="II">Division II - Planning and Development</unit><unit label="part" level="3" identifier="12">PART 12 - LICENSING AND REGULATION</unit><unit label="chapter" level="4" identifier="2">CHAPTER 2. - BUSINESSES AND TRADES</unit><unit label="article" level="2" identifier="B">ARTICLE B. - VEHICLES FOR HIRE</unit></structure><referred_to_by/><text><section id="1818" prefix="(a)"><text>Every owner shall provide service at least eighteen (18) hours each day, shall provide dispatching by two-way radio in each taxicab, and shall be listed under the firm name in the current or first subsequent publication of the Raleigh telephone directory following adoption of this section.</text><type>section</type><prefixes><section>(a)</section></prefixes><entire_prefix>(a)</entire_prefix><prefix_anchor>(a)</prefix_anchor><level>1</level></section><section id="1819" prefix="(b)"><text/><type>section</type><prefixes><section>(b)</section></prefixes><entire_prefix>(b)</entire_prefix><prefix_anchor>(b)</prefix_anchor><level>1</level></section></text></law>
