<?xml version="1.0"?>
<law><law_id>685</law_id><section_number>12-2122</section_number><catch_line>ISSUANCE OF PERMIT.</catch_line><history/><order_by>12-2122</order_by><metadata/><url>/12-2122/</url><token>12-2122</token><structure><unit label="division" level="1" identifier="II">Division II - Planning and Development</unit><unit label="part" level="3" identifier="12">PART 12 - LICENSING AND REGULATION</unit><unit label="chapter" level="4" identifier="2">CHAPTER 2. - BUSINESSES AND TRADES</unit><unit label="article" level="2" identifier="D">ARTICLE D. - AMUSEMENTS [4]</unit></structure><referred_to_by/><text><section id="1987" prefix="(a)"><text>The amplified entertainment permit shall be issued by the Chief Financial Officer or his designee upon verification by the Inspections Department and the Fire Department that all relevant code and safety to life requirements have been met. The permit shall be applied for on a form supplied by the Chief Financial Officer or his designee. The application shall contain the name of the Manager, the name of the registered agent for service of process and such other information as the Chief Financial Officer or his designee may deem relevant and appropriate. Upon receipt of the application, the Chief Financial Officer or his designee shall forward a copy of the same to the Inspection Department for verification of the zoning and building code requirements necessary for the issuance of a license. 
The Chief Financial Officer or his designee is directed to require the name of the business owner as a part of the application for an Amplified Entertainment Permit. Any change in the ownership of a business after the issuance of the permit shall cause the permit to be immediately invalid and cause the new owner to reapply for the permit. A change in ownership shall mean acquisition of more than ten percent of the stock in a publicly traded corporation, any change in the ownership of shares in a privately held corporation, sale of all or part of a sole proprietorship, or any change in the membership of any form of limited liability organization.</text><type>section</type><prefixes><section>(a)</section></prefixes><entire_prefix>(a)</entire_prefix><prefix_anchor>(a)</prefix_anchor><level>1</level></section><section id="1988" prefix="(b)"><text>The fee for an initial amplified entertainment permit shall be five hundred dollars ($500.00). Each annual renewal shall be one hundred dollars ($100.00).</text><type>section</type><prefixes><section>(b)</section></prefixes><entire_prefix>(b)</entire_prefix><prefix_anchor>(b)</prefix_anchor><level>1</level></section><section id="1989" prefix="(c)"><text/><type>section</type><prefixes><section>(c)</section></prefixes><entire_prefix>(c)</entire_prefix><prefix_anchor>(c)</prefix_anchor><level>1</level></section><section id="1990" prefix="(1)"><text/><type>section</type><prefixes><section>(c)</section><section>(1)</section></prefixes><entire_prefix>(c)(1)</entire_prefix><prefix_anchor>(c)(1)</prefix_anchor><level>2</level></section><section id="1991" prefix="(2)"><text>	The number and type of police calls within a three-block area within the past six (6) months and the relationship of the calls to the establishment holding the permit; 
</text><type>section</type><prefixes><section>(c)</section><section>(2)</section></prefixes><entire_prefix>(c)(2)</entire_prefix><prefix_anchor>(c)(2)</prefix_anchor><level>2</level></section><section id="1992" prefix="(3)"><text>	The zoning classification of surrounding properties; 
</text><type>section</type><prefixes><section>(c)</section><section>(3)</section></prefixes><entire_prefix>(c)(3)</entire_prefix><prefix_anchor>(c)(3)</prefix_anchor><level>2</level></section><section id="1993" prefix="(4)"><text>	The status of any previously issued permits.
If, after a review of the foregoing factors, any adverse conditions exist on any one (1) of the factors, the appeal will not be allowed. 
(Ord. No. 1999-539, &#xA7;1, 4-6-99; Ord. No. 2009-642, &#xA7;&#xA7;1, 2, 9-1-09) 
</text><type>section</type><prefixes><section>(c)</section><section>(4)</section></prefixes><entire_prefix>(c)(4)</entire_prefix><prefix_anchor>(c)(4)</prefix_anchor><level>2</level></section></text></law>
