<?xml version="1.0"?>
<law><law_id>684</law_id><section_number>12-2121</section_number><catch_line>OUTDOOR DINING.</catch_line><history/><order_by>12-2121</order_by><metadata/><url>/12-2121/</url><token>12-2121</token><structure><unit label="division" level="1" identifier="II">Division II - Planning and Development</unit><unit label="part" level="3" identifier="12">PART 12 - LICENSING AND REGULATION</unit><unit label="chapter" level="4" identifier="2">CHAPTER 2. - BUSINESSES AND TRADES</unit><unit label="article" level="2" identifier="D">ARTICLE D. - AMUSEMENTS [4]</unit></structure><referred_to_by/><text><section id="1980" prefix="(a)"><text/><type>section</type><prefixes><section>(a)</section></prefixes><entire_prefix>(a)</entire_prefix><prefix_anchor>(a)</prefix_anchor><level>1</level></section><section id="1981" prefix="(1)"><text>	The restaurant property has a common boundary line with a public sidewalk. 
</text><type>section</type><prefixes><section>(a)</section><section>(1)</section></prefixes><entire_prefix>(a)(1)</entire_prefix><prefix_anchor>(a)(1)</prefix_anchor><level>2</level></section><section id="1982" prefix="(2)"><text>	The sidewalk is of adequate width to allow the proposed pedestrian use and normal pedestrian traffic.
</text><type>section</type><prefixes><section>(a)</section><section>(2)</section></prefixes><entire_prefix>(a)(2)</entire_prefix><prefix_anchor>(a)(2)</prefix_anchor><level>2</level></section><section id="1983" prefix="(3)"><text>	The applicant submits a valid insurance policy that will indemnify the City for any damage to the sidewalk and for any damages for which the City might incur liability because of property damage or personal injury arising out of the use of the sidewalk for dining purposes. The minimum liability limit of the policy shall be one million dollars ($1,000,000.00). 
</text><type>section</type><prefixes><section>(a)</section><section>(3)</section></prefixes><entire_prefix>(a)(3)</entire_prefix><prefix_anchor>(a)(3)</prefix_anchor><level>2</level></section><section id="1984" prefix="(4)"><text>	The applicant shall pay an annual fee of one hundred dollars ($100.00) for the use of the sidewalk. 
</text><type>section</type><prefixes><section>(a)</section><section>(4)</section></prefixes><entire_prefix>(a)(4)</entire_prefix><prefix_anchor>(a)(4)</prefix_anchor><level>2</level></section><section id="1985" prefix="(5)"><text>	The area to be used for dining shall be fenced off and separated from the sidewalk by a barrier at least three (3) feet high. The barrier shall be portable and shall not be chemically or mechanically attached to the sidewalk. 
</text><type>section</type><prefixes><section>(a)</section><section>(5)</section></prefixes><entire_prefix>(a)(5)</entire_prefix><prefix_anchor>(a)(5)</prefix_anchor><level>2</level></section><section id="1986" prefix="(6)"><text>	Any such permit shall be revoked if the City Manager determines that the sidewalk is needed for pedestrian flow or if the holder of the permit violates any laws governing the use of the sidewalk. 
(Ord. No. 1999-539, &#xA7;1, 4-6-99) 
</text><type>section</type><prefixes><section>(a)</section><section>(6)</section></prefixes><entire_prefix>(a)(6)</entire_prefix><prefix_anchor>(a)(6)</prefix_anchor><level>2</level></section></text></law>
