<?xml version="1.0"?>
<law><law_id>708</law_id><section_number>12-2155</section_number><catch_line>DECLARATION OF NECESSITY.</catch_line><history/><order_by>12-2155</order_by><text><section id="2067" prefix="(a)"><text>Reduce the likelihood that these residential housing accommodations will become public nuisances in violation of G.S. 19-1(b).</text><type>section</type><prefixes><section>(a)</section></prefixes><entire_prefix>(a)</entire_prefix><prefix_anchor>(a)</prefix_anchor><level>1</level></section><section id="2068" prefix="(b)"><text>Promote responsible management of these housing accommodations.</text><type>section</type><prefixes><section>(b)</section></prefixes><entire_prefix>(b)</entire_prefix><prefix_anchor>(b)</prefix_anchor><level>1</level></section><section id="2069" prefix="(c)"><text>Assist in providing a safe habitat for residents and neighbors of these facilities.</text><type>section</type><prefixes><section>(c)</section></prefixes><entire_prefix>(c)</entire_prefix><prefix_anchor>(c)</prefix_anchor><level>1</level></section><section id="2070" prefix="(d)"><text>Safeguard property values. 
(Ord. No. 1992-31, &#xA7;1, 8-4-92)</text><type>section</type><prefixes><section>(d)</section></prefixes><entire_prefix>(d)</entire_prefix><prefix_anchor>(d)</prefix_anchor><level>1</level></section></text><metadata/><url>/12-2155/</url><token>12-2155</token><structure><unit label="division" level="1" identifier="II">Division II - Planning and Development</unit><unit label="part" level="3" identifier="12">PART 12 - LICENSING AND REGULATION</unit><unit label="chapter" level="4" identifier="2">CHAPTER 2. - BUSINESSES AND TRADES</unit><unit label="article" level="2" identifier="F">ARTICLE F. - SHORT-TERM RESIDENTIAL OCCUPANCIES [7]</unit></structure><referred_to_by><reference>12-2161</reference></referred_to_by></law>
