<?xml version="1.0"?>
<law><law_id>738</law_id><section_number>12-2184</section_number><catch_line>METHODS OF SERVICE.</catch_line><history/><order_by>12-2184</order_by><metadata/><url>/12-2184/</url><token>12-2184</token><structure><unit label="division" level="1" identifier="II">Division II - Planning and Development</unit><unit label="part" level="3" identifier="12">PART 12 - LICENSING AND REGULATION</unit><unit label="chapter" level="4" identifier="2">CHAPTER 2. - BUSINESSES AND TRADES</unit><unit label="article" level="2" identifier="H">ARTICLE H. - RENTAL DWELLING REGISTRATION AND PROP NOTIFICATION</unit></structure><referred_to_by/><text><section id="2234" prefix="(a)"><text>Notices, orders or other documents issued pursuant to this article shall be served upon persons either personally or by first class regular mail. Service shall be deemed sufficient if regular mail is not returned by the post office within ten (10) days after the mailing. If regular mail is used, a notice of the pending proceedings shall be posted in a conspicuous place on the premises affected.</text><type>section</type><prefixes><section>(a)</section></prefixes><entire_prefix>(a)</entire_prefix><prefix_anchor>(a)</prefix_anchor><level>1</level></section><section id="2235" prefix="(b)"><text>If the identities of any owners or whereabouts of persons are unknown and the same cannot be ascertained by the Inspections Department in the exercise of reasonable diligence, or if the owners are known but have refused to accept service by registered or certified mail, and the Inspections Department shall make an affidavit to that effect, stating the steps taken to determine and locate the persons in interest, then the serving of such complaint or order upon such owners or persons may be made by publication in a newspaper having general circulation in the City at least once no later than time at which personal service would be required under this article. Where such service is by publication, a notice of the pending proceedings shall be posted in a conspicuous place on the premises thereby affected. 
(Ord. No. 2008-415B, &#xA7;1, 7-1-08)</text><type>section</type><prefixes><section>(b)</section></prefixes><entire_prefix>(b)</entire_prefix><prefix_anchor>(b)</prefix_anchor><level>1</level></section></text></law>
