<?xml version="1.0"?>
<law><law_id>695</law_id><section_number>12-2134</section_number><catch_line>LICENSING OF MASSAGE BUSINESS OPERATORS.</catch_line><history/><order_by>12-2134</order_by><metadata/><url>/12-2134/</url><token>12-2134</token><structure><unit label="division" level="1" identifier="II">Division II - Planning and Development</unit><unit label="part" level="3" identifier="12">PART 12 - LICENSING AND REGULATION</unit><unit label="chapter" level="4" identifier="2">CHAPTER 2. - BUSINESSES AND TRADES</unit><unit label="article" level="2" identifier="E">ARTICLE E. - MASSAGES [6]</unit></structure><referred_to_by/><text><section id="2016" prefix="(a)"><text>No person, partnership, corporation, or association shall operate a massage business as herein defined unless such person, partnership, corporation, or association shall have first applied for and received the regulatory license provided by this section.</text><type>section</type><prefixes><section>(a)</section></prefixes><entire_prefix>(a)</entire_prefix><prefix_anchor>(a)</prefix_anchor><level>1</level></section><section id="2017" prefix="(b)"><text/><type>section</type><prefixes><section>(b)</section></prefixes><entire_prefix>(b)</entire_prefix><prefix_anchor>(b)</prefix_anchor><level>1</level></section><section id="2018" prefix="(1)"><text>	If the applicant is a person, the name and residence address of such person. If the applicant is a partnership, corporation or association, the name, residence address, and social security number of all persons having any legal or beneficial interest in such applicant; 
</text><type>section</type><prefixes><section>(b)</section><section>(1)</section></prefixes><entire_prefix>(b)(1)</entire_prefix><prefix_anchor>(b)(1)</prefix_anchor><level>2</level></section><section id="2019" prefix="(2)"><text>	The address of the premises where the massage business shall be located. Nothing in this subsection shall prevent a massagist employed by a licensed massage business from performing massages on behalf of that business at locations removed from the physical premises where the massage business is licensed; 
</text><type>section</type><prefixes><section>(b)</section><section>(2)</section></prefixes><entire_prefix>(b)(2)</entire_prefix><prefix_anchor>(b)(2)</prefix_anchor><level>2</level></section><section id="2020" prefix="(3)"><text>	A complete statement of all convictions of any person(s) whose name(s) is (are) required to be given in paragraph (b)(1) above, for any felony, for any offense involving the sale of narcotics or controlled substances, or for prostitution or any violation of any law relative to prostitution; 
</text><type>section</type><prefixes><section>(b)</section><section>(3)</section></prefixes><entire_prefix>(b)(3)</entire_prefix><prefix_anchor>(b)(3)</prefix_anchor><level>2</level></section><section id="2021" prefix="(4)"><text>	A complete statement of any revocation, by any governmental unit, of any license to operate a massage business or to engage in the business or profession of massage held by any person(s) whose name(s) is (are) required to be given in paragraph (b)(1) above; 
</text><type>section</type><prefixes><section>(b)</section><section>(4)</section></prefixes><entire_prefix>(b)(4)</entire_prefix><prefix_anchor>(b)(4)</prefix_anchor><level>2</level></section><section id="2022" prefix="(5)"><text>	A complete statement of any conviction of any person(s) whose name(s) is (are) required to be given in paragraph (b)(1) above, for violation of any statute, law, ordinance, or regulation of any government concerning the operation of a massage business or the business or profession of massage; 
</text><type>section</type><prefixes><section>(b)</section><section>(5)</section></prefixes><entire_prefix>(b)(5)</entire_prefix><prefix_anchor>(b)(5)</prefix_anchor><level>2</level></section><section id="2023" prefix="(6)"><text>	The name and address of any massage business or other establishment owned or operated by any person(s) whose name(s) is (are) required to be given in paragraph (b)(1) or profession of massage is carried on; 
</text><type>section</type><prefixes><section>(b)</section><section>(6)</section></prefixes><entire_prefix>(b)(6)</entire_prefix><prefix_anchor>(b)(6)</prefix_anchor><level>2</level></section><section id="2024" prefix="(7)"><text>	A description of any other business to be operated on the same premises or on adjoining premises owned or controlled by the applicant; 
</text><type>section</type><prefixes><section>(b)</section><section>(7)</section></prefixes><entire_prefix>(b)(7)</entire_prefix><prefix_anchor>(b)(7)</prefix_anchor><level>2</level></section><section id="2025" prefix="(8)"><text>	A list of the names, addresses, North Carolina massage and bodywork therapy license numbers, and home telephone numbers, of all employees of the establishment. The list shall indicate which employees will perform massage. 
</text><type>section</type><prefixes><section>(b)</section><section>(8)</section></prefixes><entire_prefix>(b)(8)</entire_prefix><prefix_anchor>(b)(8)</prefix_anchor><level>2</level></section><section id="2026" prefix="(c)"><text/><type>section</type><prefixes><section>(c)</section></prefixes><entire_prefix>(c)</entire_prefix><prefix_anchor>(c)</prefix_anchor><level>1</level></section><section id="2027" prefix="(d)"><text/><type>section</type><prefixes><section>(d)</section></prefixes><entire_prefix>(d)</entire_prefix><prefix_anchor>(d)</prefix_anchor><level>1</level></section><section id="2028" prefix="(1)"><text>	The application contains no misstatement of fact;
</text><type>section</type><prefixes><section>(d)</section><section>(1)</section></prefixes><entire_prefix>(d)(1)</entire_prefix><prefix_anchor>(d)(1)</prefix_anchor><level>2</level></section><section id="2029" prefix="(2)"><text>	All persons employed as massagists or who will perform massage hold a valid license to practice massage and bodywork therapy issued by the State of North Carolina. 
</text><type>section</type><prefixes><section>(d)</section><section>(2)</section></prefixes><entire_prefix>(d)(2)</entire_prefix><prefix_anchor>(d)(2)</prefix_anchor><level>2</level></section><section id="2030" prefix="(3)"><text>	The massage business operator agrees to supervise adequately the activities of the massagists who work in the massage business. 
</text><type>section</type><prefixes><section>(d)</section><section>(3)</section></prefixes><entire_prefix>(d)(3)</entire_prefix><prefix_anchor>(d)(3)</prefix_anchor><level>2</level></section><section id="2031" prefix="(4)"><text>	The applicant, or any person having any legal or beneficial ownership interest in the applicant, has not been convicted of any crime involving sexual misconduct, including but not limited to a violation of: G.S. 14-177&#x2014;14-202.4 (offenses against public morality and decency); G.S. 14-203&#x2014;14-208 (prostitution); &#xA7;&#xA7;13-3002 and 13-2015 of this Code; any Federal statute relating to prostitution; any crime involving the sale of narcotics or controlled substances, or any law or ordinance of any governmental unit concerning or related to the business or profession of massage; 
</text><type>section</type><prefixes><section>(d)</section><section>(4)</section></prefixes><entire_prefix>(d)(4)</entire_prefix><prefix_anchor>(d)(4)</prefix_anchor><level>2</level></section><section id="2032" prefix="(5)"><text>	The applicant conforms to all requirements of applicable zoning, building, and fire prevention codes, unless the applicant is exempt from building and fire prevention inspections as set out above. 
</text><type>section</type><prefixes><section>(d)</section><section>(5)</section></prefixes><entire_prefix>(d)(5)</entire_prefix><prefix_anchor>(d)(5)</prefix_anchor><level>2</level></section><section id="2033" prefix="(6)"><text>	The applicant or any person having a legal or beneficial ownership interest in the applicant has not, for the three-year period preceding the application, had a previously issued license for engaging in the business or profession of massage revoked; and 
</text><type>section</type><prefixes><section>(d)</section><section>(6)</section></prefixes><entire_prefix>(d)(6)</entire_prefix><prefix_anchor>(d)(6)</prefix_anchor><level>2</level></section><section id="2034" prefix="(7)"><text>	The business, by reason of the manner or place in which it is to be conducted, will not constitute a nuisance or in any other manner amount to a menace to good order, the public health, safety or morals. 
</text><type>section</type><prefixes><section>(d)</section><section>(7)</section></prefixes><entire_prefix>(d)(7)</entire_prefix><prefix_anchor>(d)(7)</prefix_anchor><level>2</level></section><section id="2035" prefix="(e)"><text>Upon approval of the application and upon receipt of a fifty-dollar license fee, the collector of revenue shall issue a regulatory license to applicant. 
(Ord. No. 2001-935, &#xA7;3, 2-6-01)</text><type>section</type><prefixes><section>(e)</section></prefixes><entire_prefix>(e)</entire_prefix><prefix_anchor>(e)</prefix_anchor><level>1</level></section></text></law>
