<?xml version="1.0"?>
<law><law_id>723</law_id><section_number>12-2169</section_number><catch_line>ADMINISTRATIVE FEE AND ARBITRATION FEE.</catch_line><history/><order_by>12-2169</order_by><metadata/><url>/12-2169/</url><token>12-2169</token><structure><unit label="division" level="1" identifier="II">Division II - Planning and Development</unit><unit label="part" level="3" identifier="12">PART 12 - LICENSING AND REGULATION</unit><unit label="chapter" level="4" identifier="2">CHAPTER 2. - BUSINESSES AND TRADES</unit><unit label="article" level="2" identifier="G">ARTICLE G. - PROBATIONARY RENTAL OCCUPANCY PERMIT [8]</unit></structure><referred_to_by/><text><section id="2181" prefix="(a)"><text>Fee for each violation. 
Any person who violates this article shall pay an administrative fee of two hundred dollars ($200.00) per violation and the costs to the City of service of orders and notices.</text><type>section</type><prefixes><section>(a)</section></prefixes><entire_prefix>(a)</entire_prefix><prefix_anchor>(a)</prefix_anchor><level>1</level></section><section id="2182" prefix="(b)"><text>Fee for arbitration. 
Any person who files an appeal shall pay an administrative fee of two hundred ($200.00) to the City at the time the appeal request is made. Failure to pay the administrative fee shall cause the appeal to be denied. The person who filed the appeal shall be responsible for paying one-half of the costs of the arbitration fee. If the person who appeals is the prevailing party, the administrative fee and the portion of the arbitration fee shall be reimbursed. 
(Ord. No. 2004-720, &#xA7;1, 10-19-04; Ord. No. 2006-54, &#xA7;12, 7-11-06)</text><type>section</type><prefixes><section>(b)</section></prefixes><entire_prefix>(b)</entire_prefix><prefix_anchor>(b)</prefix_anchor><level>1</level></section></text></law>
