<?xml version="1.0"?>
<law><law_id>729</law_id><section_number>12-2176</section_number><catch_line>DEFINITIONS.</catch_line><history/><order_by>12-2176</order_by><metadata/><url>/12-2176/</url><token>12-2176</token><structure><unit label="division" level="1" identifier="II">Division II - Planning and Development</unit><unit label="part" level="3" identifier="12">PART 12 - LICENSING AND REGULATION</unit><unit label="chapter" level="4" identifier="2">CHAPTER 2. - BUSINESSES AND TRADES</unit><unit label="article" level="2" identifier="H">ARTICLE H. - RENTAL DWELLING REGISTRATION AND PROP NOTIFICATION</unit></structure><referred_to_by/><text><section id="2198" prefix="(a)"><text>Apartment house: Any dwelling containing three (3) or more dwelling units.</text><type>section</type><prefixes><section>(a)</section></prefixes><entire_prefix>(a)</entire_prefix><prefix_anchor>(a)</prefix_anchor><level>1</level></section><section id="2199" prefix="(b)"><text>Apartment project: A systematically built group of apartment houses.</text><type>section</type><prefixes><section>(b)</section></prefixes><entire_prefix>(b)</entire_prefix><prefix_anchor>(b)</prefix_anchor><level>1</level></section><section id="2200" prefix="(c)"><text/><type>section</type><prefixes><section>(c)</section></prefixes><entire_prefix>(c)</entire_prefix><prefix_anchor>(c)</prefix_anchor><level>1</level></section><section id="2201" prefix="(d)"><text>Dwelling: A dwelling unit used for residential purposes other than a dwelling unit in a bed and breakfast inn; hotel or motel; guest house; rest home; rooming house, boarding house, lodging house; or a tourist home.</text><type>section</type><prefixes><section>(d)</section></prefixes><entire_prefix>(d)</entire_prefix><prefix_anchor>(d)</prefix_anchor><level>1</level></section><section id="2202" prefix="(e)"><text>Dwelling unit: One (1) or more rooms physically arranged as to create an independent housekeeping establishment with separate facilities for cooking, sleeping, and toilet. A dwelling unit can be occupied by only one (1) family. A dwelling unit can also contain a utility apartment or rented rooms in accordance with &#xA7;10-2072(b).</text><type>section</type><prefixes><section>(e)</section></prefixes><entire_prefix>(e)</entire_prefix><prefix_anchor>(e)</prefix_anchor><level>1</level></section><section id="2203" prefix="(f)"><text>Inspections Department: The Inspections Department of the City of Raleigh.</text><type>section</type><prefixes><section>(f)</section></prefixes><entire_prefix>(f)</entire_prefix><prefix_anchor>(f)</prefix_anchor><level>1</level></section><section id="2204" prefix="(g)"><text>Manager: Any person who has been hired and is paid by the owner to manage any dwelling or dwelling unit which is rented or offered for rent as a residential dwelling.</text><type>section</type><prefixes><section>(g)</section></prefixes><entire_prefix>(g)</entire_prefix><prefix_anchor>(g)</prefix_anchor><level>1</level></section><section id="2205" prefix="(h)"><text/><type>section</type><prefixes><section>(h)</section></prefixes><entire_prefix>(h)</entire_prefix><prefix_anchor>(h)</prefix_anchor><level>1</level></section><section id="2206" prefix="(1)"><text>	Shall have title to any dwelling or dwelling unit, with or without accompanying actual possession thereof; or 
</text><type>section</type><prefixes><section>(h)</section><section>(1)</section></prefixes><entire_prefix>(h)(1)</entire_prefix><prefix_anchor>(h)(1)</prefix_anchor><level>2</level></section><section id="2207" prefix="(2)"><text>	Shall have charge, care or control of any dwelling or dwelling unit, as owner or agent of the owner, or as executor, executrix, administrator, administratrix, trustee or guardian of the estate of the owner. Any such person thus representing the actual owner shall be bound to comply with the provisions of this article, and of rules and regulations adopted pursuant thereto, to the same extent as if the person were the owner. 
</text><type>section</type><prefixes><section>(h)</section><section>(2)</section></prefixes><entire_prefix>(h)(2)</entire_prefix><prefix_anchor>(h)(2)</prefix_anchor><level>2</level></section><section id="2208" prefix="(i)"><text>Person: Associations, corporations, limited liability companies, company, firm, partnerships, joint ventures, public or private institutions, corporations, trusts, estates, utilities, cooperatives, commissions, boards, condominiums, interstate bodies and bodies politic and corporate as well as to individuals or other legal entities.</text><type>section</type><prefixes><section>(i)</section></prefixes><entire_prefix>(i)</entire_prefix><prefix_anchor>(i)</prefix_anchor><level>1</level></section><section id="2209" prefix="(j)"><text>Property: A parcel of land, either vacant or occupied by one or more principal buildings, as identified by the Wake County Register of Deeds tax records. 
(Ord. No. 2008-415B, &#xA7;1, 7-1-08; Ord. No. 2011-980, &#xA7;1, 11-15-11)</text><type>section</type><prefixes><section>(j)</section></prefixes><entire_prefix>(j)</entire_prefix><prefix_anchor>(j)</prefix_anchor><level>1</level></section></text></law>
