<?xml version="1.0"?>
<law><law_id>709</law_id><section_number>12-2156</section_number><catch_line>LICENSE REQUIRED.</catch_line><history/><order_by>12-2156</order_by><metadata/><url>/12-2156/</url><token>12-2156</token><structure><unit label="division" level="1" identifier="II">Division II - Planning and Development</unit><unit label="part" level="3" identifier="12">PART 12 - LICENSING AND REGULATION</unit><unit label="chapter" level="4" identifier="2">CHAPTER 2. - BUSINESSES AND TRADES</unit><unit label="article" level="2" identifier="F">ARTICLE F. - SHORT-TERM RESIDENTIAL OCCUPANCIES [7]</unit></structure><referred_to_by><reference>12-2159</reference></referred_to_by><text><section id="2071" prefix="(a)"><text/><type>section</type><prefixes><section>(a)</section></prefixes><entire_prefix>(a)</entire_prefix><prefix_anchor>(a)</prefix_anchor><level>1</level></section><section id="2072" prefix="(b)"><text/><type>section</type><prefixes><section>(b)</section></prefixes><entire_prefix>(b)</entire_prefix><prefix_anchor>(b)</prefix_anchor><level>1</level></section><section id="2073" prefix="(1)"><text>	The owner actually maintains and occupies one of the living quarters as his residence and there are no more than four (4) living quarters on the premises. 
</text><type>section</type><prefixes><section>(b)</section><section>(1)</section></prefixes><entire_prefix>(b)(1)</entire_prefix><prefix_anchor>(b)(1)</prefix_anchor><level>2</level></section><section id="2074" prefix="(2)"><text>	The business is paying the State sales tax imposed under G.S. 105-164.4(a)(3). 
</text><type>section</type><prefixes><section>(b)</section><section>(2)</section></prefixes><entire_prefix>(b)(2)</entire_prefix><prefix_anchor>(b)(2)</prefix_anchor><level>2</level></section><section id="2075" prefix="(c)"><text>Every application for the privilege license prescribed herein shall be upon a form approved by the City Manager and shall be filed with the City Revenue Collector. Every application shall be made under oath and shall contain sufficient information to enable the City to determine that the standards of &#xA7;12-2157 are being met.</text><type>section</type><prefixes><section>(c)</section></prefixes><entire_prefix>(c)</entire_prefix><prefix_anchor>(c)</prefix_anchor><level>1</level></section><section id="2076" prefix="(d)"><text>For purposes of this article, it is immaterial whether payments are called rent, finance charge, or any other name, and it is immaterial whether the occupants are limited to any particular room in the living quarter. 
(Ord. No. 1992-31, &#xA7;1, 8-4-92; Ord. No. 1994-340, &#xA7;1, 2-15-94; Ord. No. 1997-49, &#xA7;1, 2-4-97)</text><type>section</type><prefixes><section>(d)</section></prefixes><entire_prefix>(d)</entire_prefix><prefix_anchor>(d)</prefix_anchor><level>1</level></section></text></law>
