<?xml version="1.0"?>
<law><law_id>602</law_id><section_number>12-2022</section_number><catch_line>DEFINITIONS.</catch_line><history/><order_by>12-2022</order_by><metadata/><url>/12-2022/</url><token>12-2022</token><structure><unit label="division" level="1" identifier="II">Division II - Planning and Development</unit><unit label="part" level="3" identifier="12">PART 12 - LICENSING AND REGULATION</unit><unit label="chapter" level="4" identifier="2">CHAPTER 2. - BUSINESSES AND TRADES</unit><unit label="article" level="2" identifier="B">ARTICLE B. - VEHICLES FOR HIRE</unit></structure><referred_to_by><reference>12-2023</reference><reference>12-2024</reference></referred_to_by><text><section id="1700" prefix="(a)"><text/><type>section</type><prefixes><section>(a)</section></prefixes><entire_prefix>(a)</entire_prefix><prefix_anchor>(a)</prefix_anchor><level>1</level></section><section id="1701" prefix="(1)"><text>	other than motor buses operating along regular routes and schedules, or between fixed termini
</text><type>section</type><prefixes><section>(a)</section><section>(1)</section></prefixes><entire_prefix>(a)(1)</entire_prefix><prefix_anchor>(a)(1)</prefix_anchor><level>2</level></section><section id="1702" prefix="(2)"><text>	other than vehicles contracted by the Dept. of Education for student transportation.
</text><type>section</type><prefixes><section>(a)</section><section>(2)</section></prefixes><entire_prefix>(a)(2)</entire_prefix><prefix_anchor>(a)(2)</prefix_anchor><level>2</level></section><section id="1703" prefix="(b)"><text/><type>section</type><prefixes><section>(b)</section></prefixes><entire_prefix>(b)</entire_prefix><prefix_anchor>(b)</prefix_anchor><level>1</level></section><section id="1704" prefix="(c)"><text/><type>section</type><prefixes><section>(c)</section></prefixes><entire_prefix>(c)</entire_prefix><prefix_anchor>(c)</prefix_anchor><level>1</level></section><section id="1705" prefix="(d)"><text/><type>section</type><prefixes><section>(d)</section></prefixes><entire_prefix>(d)</entire_prefix><prefix_anchor>(d)</prefix_anchor><level>1</level></section><section id="1706" prefix="(e)"><text>Owner. 
The word owner shall mean and include any person having control of the operation or maintenance and collection of the revenue of taxicabs; person who holds the legal title of a vehicle, or in the event a vehicle is subject to an agreement for conditional sale or lease thereof, with the right of purchase upon performance of the conditions stated in the agreement and with the immediate right of possession vested in the original vendee or lessee, or, in the event a mortgagor of a vehicle is entitled to possession, then such conditional vendee or lessee or mortgagor shall be deemed the owner for the purpose of this article.</text><type>section</type><prefixes><section>(e)</section></prefixes><entire_prefix>(e)</entire_prefix><prefix_anchor>(e)</prefix_anchor><level>1</level></section><section id="1707" prefix="(f)"><text>Driver. 
The word driver shall mean and include every person in charge of or operating a taxicab.</text><type>section</type><prefixes><section>(f)</section></prefixes><entire_prefix>(f)</entire_prefix><prefix_anchor>(f)</prefix_anchor><level>1</level></section><section id="1708" prefix="(g)"><text/><type>section</type><prefixes><section>(g)</section></prefixes><entire_prefix>(g)</entire_prefix><prefix_anchor>(g)</prefix_anchor><level>1</level></section><section id="1709" prefix="(h)"><text/><type>section</type><prefixes><section>(h)</section></prefixes><entire_prefix>(h)</entire_prefix><prefix_anchor>(h)</prefix_anchor><level>1</level></section><section id="1710" prefix="(i)"><text>Shuttle. 
Shall mean any passenger vehicle for hire that provides shuttle transportation to passengers to or from prescribed locations such as the airport, hotels, motels, shopping centers, stadiums, coliseums or theaters, pursuant to a contract or agreement, and that does not accept or discharge passengers indiscriminately between prescribed locations. No shuttle vehicle shall engage in cruising or be operated by on call or demand.</text><type>section</type><prefixes><section>(i)</section></prefixes><entire_prefix>(i)</entire_prefix><prefix_anchor>(i)</prefix_anchor><level>1</level></section><section id="1711" prefix="(j)"><text/><type>section</type><prefixes><section>(j)</section></prefixes><entire_prefix>(j)</entire_prefix><prefix_anchor>(j)</prefix_anchor><level>1</level></section><section id="1712" prefix="(k)"><text/><type>section</type><prefixes><section>(k)</section></prefixes><entire_prefix>(k)</entire_prefix><prefix_anchor>(k)</prefix_anchor><level>1</level></section><section id="1713" prefix="(l)"><text>Premium taxi service trip. 
The words premium taxi service trip shall mean each stop and the taximeter shall be cleared at the termination of each trip except in instances when the lessee of a taxicab requests discharge of a passenger enroute to a final destination, and in such event the final destination shall be the termination of the trip. In every instance when the taxicab fare is paid to the taxicab driver, it shall be the duty of the taxicab driver to clear the meter.</text><type>section</type><prefixes><section>(l)</section></prefixes><entire_prefix>(l)</entire_prefix><prefix_anchor>(l)</prefix_anchor><level>1</level></section><section id="1714" prefix="(m)"><text>Shared taxi service trip. 
The words shared taxi service trip shall mean the journey of a passenger from his origin to his destination.</text><type>section</type><prefixes><section>(m)</section></prefixes><entire_prefix>(m)</entire_prefix><prefix_anchor>(m)</prefix_anchor><level>1</level></section><section id="1715" prefix="(n)"><text>Response time. 
The words response time shall mean the time elapsed between the time which a prospective passenger specifies as the time he wishes to have a vehicle at his trip origin, and the time when the vehicle arrives at that location.</text><type>section</type><prefixes><section>(n)</section></prefixes><entire_prefix>(n)</entire_prefix><prefix_anchor>(n)</prefix_anchor><level>1</level></section><section id="1716" prefix="(o)"><text>Accessible Raleigh Transportation (ART) Program. 
The words Accessible Raleigh Transportation (ART) Program or ART service shall mean taxi service provided to persons certified by the City as disabled. Charges for service under the ART program will be paid with a special currency or scrip approved by the City which can be redeemed by the City at full face value.</text><type>section</type><prefixes><section>(o)</section></prefixes><entire_prefix>(o)</entire_prefix><prefix_anchor>(o)</prefix_anchor><level>1</level></section><section id="1717" prefix="(p)"><text>Handivan. 
The word handivan shall mean and include every public passenger vehicle with less than sixteen (16) passenger capacity equipped to transport persons who are confined to wheelchairs.</text><type>section</type><prefixes><section>(p)</section></prefixes><entire_prefix>(p)</entire_prefix><prefix_anchor>(p)</prefix_anchor><level>1</level></section><section id="1718" prefix="(q)"><text/><type>section</type><prefixes><section>(q)</section></prefixes><entire_prefix>(q)</entire_prefix><prefix_anchor>(q)</prefix_anchor><level>1</level></section></text></law>
