<?xml version="1.0"?>
<law><law_id>739</law_id><section_number>12-2185</section_number><catch_line>RELATION TO OTHER LAWS.</catch_line><history/><order_by>12-2185</order_by><metadata/><url>/12-2185/</url><token>12-2185</token><structure><unit label="division" level="1" identifier="II">Division II - Planning and Development</unit><unit label="part" level="3" identifier="12">PART 12 - LICENSING AND REGULATION</unit><unit label="chapter" level="4" identifier="2">CHAPTER 2. - BUSINESSES AND TRADES</unit><unit label="article" level="2" identifier="H">ARTICLE H. - RENTAL DWELLING REGISTRATION AND PROP NOTIFICATION</unit></structure><referred_to_by/><text><section id="2236" prefix=""><text>Nothing in this article shall authorize or condone any violation of Federal, state, and City fair housing laws and state landlord and tenant laws. This article shall not diminish any private right of action of any person. 
(Ord. No. 2008-415B, &#xA7;1, 7-1-08)</text><type>section</type><prefixes><section/></prefixes><entire_prefix/><prefix_anchor/><level>1</level></section></text></law>
