<?xml version="1.0"?>
<law><law_id>615</law_id><section_number>12-2033</section_number><catch_line>SANITATION.</catch_line><history/><order_by>12-2033</order_by><metadata/><url>/12-2033/</url><token>12-2033</token><structure><unit label="division" level="1" identifier="II">Division II - Planning and Development</unit><unit label="part" level="3" identifier="12">PART 12 - LICENSING AND REGULATION</unit><unit label="chapter" level="4" identifier="2">CHAPTER 2. - BUSINESSES AND TRADES</unit><unit label="article" level="2" identifier="B">ARTICLE B. - VEHICLES FOR HIRE</unit></structure><referred_to_by><reference>12-2024</reference></referred_to_by><text><section id="1762" prefix=""><text>Every owner of a taxicab or taxicabs shall clean the exterior as needed and shall clean the interior of such taxicab at least once in every twenty-four (24) hours, and shall disinfect the interior when required by the taxicab inspector. 
(Code 1959 , &#xA7;22-13)</text><type>section</type><prefixes><section/></prefixes><entire_prefix/><prefix_anchor/><level>1</level></section></text></law>
