<?xml version="1.0"?>
<law><law_id>712</law_id><section_number>12-2159</section_number><catch_line>ENFORCEMENT.</catch_line><history/><order_by>12-2159</order_by><metadata/><url>/12-2159/</url><token>12-2159</token><structure><unit label="division" level="1" identifier="II">Division II - Planning and Development</unit><unit label="part" level="3" identifier="12">PART 12 - LICENSING AND REGULATION</unit><unit label="chapter" level="4" identifier="2">CHAPTER 2. - BUSINESSES AND TRADES</unit><unit label="article" level="2" identifier="F">ARTICLE F. - SHORT-TERM RESIDENTIAL OCCUPANCIES [7]</unit></structure><referred_to_by/><text><section id="2085" prefix="(a)"><text/><type>section</type><prefixes><section>(a)</section></prefixes><entire_prefix>(a)</entire_prefix><prefix_anchor>(a)</prefix_anchor><level>1</level></section><section id="2086" prefix="(1)"><text>	Any person who shall operate a business without first applying for and obtaining the license required in &#xA7;12-2156 shall be subject to a civil penalty of one thousand dollars ($1,000.00), and each continuing day of noncompliance following notice thereof shall result in the assessment of an additional civil penalty of five hundred dollars ($500.00) per day. 
</text><type>section</type><prefixes><section>(a)</section><section>(1)</section></prefixes><entire_prefix>(a)(1)</entire_prefix><prefix_anchor>(a)(1)</prefix_anchor><level>2</level></section><section id="2087" prefix="(2)"><text>	Any licensee who after receiving written notice by the City violates &#xA7;12-2157 shall be subject to a civil penalty of five hundred dollars ($500.00). Thereafter, each and every subsequent single violation occurring on the same business location, within the same two-year period shall be assessed a civil penalty of one thousand dollars ($1,000.00). 
</text><type>section</type><prefixes><section>(a)</section><section>(2)</section></prefixes><entire_prefix>(a)(2)</entire_prefix><prefix_anchor>(a)(2)</prefix_anchor><level>2</level></section><section id="2088" prefix="(b)"><text>Equitable remedies, including injunctions. 
As authorized by the City Council, the City may apply for any appropriate equitable remedy to enforce the provisions of this article, including mandatory or prohibitory injunctions commanding the party to correct the unlawful condition or cease the unlawful use of the business.</text><type>section</type><prefixes><section>(b)</section></prefixes><entire_prefix>(b)</entire_prefix><prefix_anchor>(b)</prefix_anchor><level>1</level></section><section id="2089" prefix="(c)"><text>Criminal offense. 
A violation of this article shall constitute a misdemeanor offense as provided by G.S. 14-4, and the maximum fine or term of imprisonment or both as authorized by law is hereby imposed.</text><type>section</type><prefixes><section>(c)</section></prefixes><entire_prefix>(c)</entire_prefix><prefix_anchor>(c)</prefix_anchor><level>1</level></section><section id="2090" prefix="(d)"><text>Revocation of license. 
Following a written recommendation of the City Manager which describes the nature of any violation, the City Council may revoke a license issued pursuant to &#xA7;12-2156 if it determines that the licensee has violated any provision of this article and other means of enforcement have failed to deter the licensee from operating in violation of this article. 
(Ord. No. 1992-31, &#xA7;1, 8-4-92; Ord. No. 1994-340, &#xA7;2, 2-15-94; Ord. No. 1997-49, &#xA7;3, 2-4-97)</text><type>section</type><prefixes><section>(d)</section></prefixes><entire_prefix>(d)</entire_prefix><prefix_anchor>(d)</prefix_anchor><level>1</level></section></text></law>
