<?xml version="1.0"?>
<law><law_id>660</law_id><section_number>12-2087</section_number><catch_line>APPEAL FROM REFUSAL.</catch_line><history/><order_by>12-2087</order_by><metadata/><url>/12-2087/</url><token>12-2087</token><structure><unit label="division" level="1" identifier="II">Division II - Planning and Development</unit><unit label="part" level="3" identifier="12">PART 12 - LICENSING AND REGULATION</unit><unit label="chapter" level="4" identifier="2">CHAPTER 2. - BUSINESSES AND TRADES</unit><unit label="article" level="2" identifier="B">ARTICLE B. - VEHICLES FOR HIRE</unit></structure><referred_to_by><reference>12-2091</reference></referred_to_by><text><section id="1884" prefix="(a)"><text>In case of refusal by the taxicab inspector to grant a permit under this section, the applicant shall have the right to appeal, in writing, within ten (10) days of each successive administrative refusal, to the Chief of Police and then to the City Manager.</text><type>section</type><prefixes><section>(a)</section></prefixes><entire_prefix>(a)</entire_prefix><prefix_anchor>(a)</prefix_anchor><level>1</level></section><section id="1885" prefix="(b)"><text>Within ten (10) days after the refusal of the City Manager, he may appeal, in writing, to and be heard by the Council.</text><type>section</type><prefixes><section>(b)</section></prefixes><entire_prefix>(b)</entire_prefix><prefix_anchor>(b)</prefix_anchor><level>1</level></section><section id="1886" prefix="(c)"><text>Each written notice of appeal shall be filed with the City Clerk.</text><type>section</type><prefixes><section>(c)</section></prefixes><entire_prefix>(c)</entire_prefix><prefix_anchor>(c)</prefix_anchor><level>1</level></section><section id="1887" prefix="(d)"><text/><type>section</type><prefixes><section>(d)</section></prefixes><entire_prefix>(d)</entire_prefix><prefix_anchor>(d)</prefix_anchor><level>1</level></section><section id="1888" prefix="(e)"><text/><type>section</type><prefixes><section>(e)</section></prefixes><entire_prefix>(e)</entire_prefix><prefix_anchor>(e)</prefix_anchor><level>1</level></section><section id="1889" prefix="(f)"><text>The Council may attach conditions to any appeal it sustains.</text><type>section</type><prefixes><section>(f)</section></prefixes><entire_prefix>(f)</entire_prefix><prefix_anchor>(f)</prefix_anchor><level>1</level></section><section id="1890" prefix="(g)"><text>After refusal by the administration or Council, the applicant shall make no new application within twenty-four (24) months from the date he submitted the original application.</text><type>section</type><prefixes><section>(g)</section></prefixes><entire_prefix>(g)</entire_prefix><prefix_anchor>(g)</prefix_anchor><level>1</level></section><section id="1891" prefix="(h)"><text/><type>section</type><prefixes><section>(h)</section></prefixes><entire_prefix>(h)</entire_prefix><prefix_anchor>(h)</prefix_anchor><level>1</level></section></text></law>
