<?xml version="1.0"?>
<law><law_id>722</law_id><section_number>12-2168</section_number><catch_line>APPEAL.</catch_line><history/><order_by>12-2168</order_by><metadata/><url>/12-2168/</url><token>12-2168</token><structure><unit label="division" level="1" identifier="II">Division II - Planning and Development</unit><unit label="part" level="3" identifier="12">PART 12 - LICENSING AND REGULATION</unit><unit label="chapter" level="4" identifier="2">CHAPTER 2. - BUSINESSES AND TRADES</unit><unit label="article" level="2" identifier="G">ARTICLE G. - PROBATIONARY RENTAL OCCUPANCY PERMIT [8]</unit></structure><referred_to_by/><text><section id="2175" prefix="(1)"><text/><type>section</type><prefixes><section>(1)</section></prefixes><entire_prefix>(1)</entire_prefix><prefix_anchor>(1)</prefix_anchor><level>1</level></section><section id="2176" prefix="(2)"><text/><type>section</type><prefixes><section>(2)</section></prefixes><entire_prefix>(2)</entire_prefix><prefix_anchor>(2)</prefix_anchor><level>1</level></section><section id="2177" prefix="(3)"><text>An appeal may be taken from any decision of arbitrator by giving notice of appeal to the City Council within thirty (30) days after service of the written decision of the arbitrator. Notice of appeal shall be given by delivery of a written statement to the City Manager stating the grounds for the appeal and providing the City Manager with a copy of the written decision of the arbitrator. The written appeal shall identify the application the article at issue and provide the reasons the petitioner contends that it was wrongly applied. The Director of the Inspection Department shall transmit to the City Manager all documents constituting the record upon which the decision by the arbitrator was made.</text><type>section</type><prefixes><section>(3)</section></prefixes><entire_prefix>(3)</entire_prefix><prefix_anchor>(3)</prefix_anchor><level>1</level></section><section id="2178" prefix="(4)"><text/><type>section</type><prefixes><section>(4)</section></prefixes><entire_prefix>(4)</entire_prefix><prefix_anchor>(4)</prefix_anchor><level>1</level></section><section id="2179" prefix="(5)"><text>All decisions of the Director of the Inspections Department and City Council shall be served on the petitioner.</text><type>section</type><prefixes><section>(5)</section></prefixes><entire_prefix>(5)</entire_prefix><prefix_anchor>(5)</prefix_anchor><level>1</level></section><section id="2180" prefix="(6)"><text>The enforcement of an order issued by the Inspections Department which includes the revocation of a residential rental occupancy permit shall be stayed upon the filing of an appeal and until a final order is issued by the Director of the Inspections Department or City Council. 
(Ord. No. 2004-720, &#xA7;1, 10-19-04; Ord. No. 2006-54, &#xA7;&#xA7;11, 14, 15, 7-11-06)</text><type>section</type><prefixes><section>(6)</section></prefixes><entire_prefix>(6)</entire_prefix><prefix_anchor>(6)</prefix_anchor><level>1</level></section></text></law>
