<?xml version="1.0"?>
<law><law_id>700</law_id><section_number>12-2139</section_number><catch_line>POSTING OF LICENSE.</catch_line><history/><order_by>12-2139</order_by><metadata/><url>/12-2139/</url><token>12-2139</token><structure><unit label="division" level="1" identifier="II">Division II - Planning and Development</unit><unit label="part" level="3" identifier="12">PART 12 - LICENSING AND REGULATION</unit><unit label="chapter" level="4" identifier="2">CHAPTER 2. - BUSINESSES AND TRADES</unit><unit label="article" level="2" identifier="E">ARTICLE E. - MASSAGES [6]</unit></structure><referred_to_by/><text><section id="2054" prefix="(a)"><text>It shall be unlawful for any massagist to fail to post the license required by this article in his or her work area.</text><type>section</type><prefixes><section>(a)</section></prefixes><entire_prefix>(a)</entire_prefix><prefix_anchor>(a)</prefix_anchor><level>1</level></section><section id="2055" prefix="(b)"><text>It shall be unlawful for any person, corporation, partnership, or association licensed under this article not to display such license in a prominent place.</text><type>section</type><prefixes><section>(b)</section></prefixes><entire_prefix>(b)</entire_prefix><prefix_anchor>(b)</prefix_anchor><level>1</level></section><section id="2056" prefix="(c)"><text>Violation of this section shall be grounds for revocation. 
(Ord. No. 2001-935, &#xA7;3, 2-6-01)</text><type>section</type><prefixes><section>(c)</section></prefixes><entire_prefix>(c)</entire_prefix><prefix_anchor>(c)</prefix_anchor><level>1</level></section></text></law>
