<?xml version="1.0"?>
<law><law_id>734</law_id><section_number>12-2181</section_number><catch_line>ENFORCEMENT.</catch_line><history/><order_by>12-2181</order_by><metadata/><url>/12-2181/</url><token>12-2181</token><structure><unit label="division" level="1" identifier="II">Division II - Planning and Development</unit><unit label="part" level="3" identifier="12">PART 12 - LICENSING AND REGULATION</unit><unit label="chapter" level="4" identifier="2">CHAPTER 2. - BUSINESSES AND TRADES</unit><unit label="article" level="2" identifier="H">ARTICLE H. - RENTAL DWELLING REGISTRATION AND PROP NOTIFICATION</unit></structure><referred_to_by/><text><section id="2224" prefix="(a)"><text>Fifty dollars ($50.00) for a first violation, and each continuing day of noncompliance following written notice thereof shall result in the assessment of an additional civil penalty of fifty dollars ($50.00) per day;</text><type>section</type><prefixes><section>(a)</section></prefixes><entire_prefix>(a)</entire_prefix><prefix_anchor>(a)</prefix_anchor><level>1</level></section><section id="2225" prefix="(b)"><text>Equitable remedies, including injunctions. As authorized by the City Council, the City may apply to the courts for any appropriate equitable remedy to enforce the provisions of this article, including mandatory or prohibitory injunctions commanding the party to correct the unlawful condition or cease the unlawful use of the business.</text><type>section</type><prefixes><section>(b)</section></prefixes><entire_prefix>(b)</entire_prefix><prefix_anchor>(b)</prefix_anchor><level>1</level></section><section id="2226" prefix="(c)"><text>Not a criminal violation. Any person violating any of the provisions of this article shall be subject to the civil penalties and permit revocations set forth. Any violation of this article shall be deemed a non-criminal violation and shall not be a misdemeanor or infraction pursuant to G.S. 14-4 or &#xA7;14-1005(a) of this Code of Ordinances. 
(Ord. No. 2008-415B, &#xA7;1, 7-1-08)</text><type>section</type><prefixes><section>(c)</section></prefixes><entire_prefix>(c)</entire_prefix><prefix_anchor>(c)</prefix_anchor><level>1</level></section></text></law>
