<?xml version="1.0"?>
<law><law_id>733</law_id><section_number>12-2180</section_number><catch_line>COMPLIANCE WITH PROVISIONS.</catch_line><history/><order_by>12-2180</order_by><metadata/><url>/12-2180/</url><token>12-2180</token><structure><unit label="division" level="1" identifier="II">Division II - Planning and Development</unit><unit label="part" level="3" identifier="12">PART 12 - LICENSING AND REGULATION</unit><unit label="chapter" level="4" identifier="2">CHAPTER 2. - BUSINESSES AND TRADES</unit><unit label="article" level="2" identifier="H">ARTICLE H. - RENTAL DWELLING REGISTRATION AND PROP NOTIFICATION</unit></structure><referred_to_by><reference>12-2177</reference></referred_to_by><text><section id="2221" prefix="(a)"><text>Any person required by this article to register a rental residential dwelling who files a complete application for registration within ten (10) days following notice from the Inspections Department that this Article applies to the dwelling shall be deemed compliant with this article unless and until the application is denied.</text><type>section</type><prefixes><section>(a)</section></prefixes><entire_prefix>(a)</entire_prefix><prefix_anchor>(a)</prefix_anchor><level>1</level></section><section id="2222" prefix="(b)"><text>It shall be unlawful to rent, to receive rental income from, or to offer for rent a dwelling subject to the registration requirements of this Article beginning ten (10) days after service of notice by the Inspections Department that registration is required under this Article unless a complete application for a &#xA7;12-2177 registration has been submitted for the dwelling.</text><type>section</type><prefixes><section>(b)</section></prefixes><entire_prefix>(b)</entire_prefix><prefix_anchor>(b)</prefix_anchor><level>1</level></section><section id="2223" prefix="(c)"><text>Any mortgagee of record, not otherwise defined as an owner, shall be deemed compliant with this article unless and until the other owners of the rental residential dwelling fail to comply with the registration requirement of this Article. A mortgagee of record, not otherwise defined as an owner, shall not be liable for civil penalties or administrative fees in excess of the liability of the other owners. 
(Ord. No. 2008-415B, &#xA7;1, 7-1-08)</text><type>section</type><prefixes><section>(c)</section></prefixes><entire_prefix>(c)</entire_prefix><prefix_anchor>(c)</prefix_anchor><level>1</level></section></text></law>
