<?xml version="1.0"?>
<law><law_id>730</law_id><section_number>12-2177</section_number><catch_line>REGISTRATION REQUIREMENT.</catch_line><history/><order_by>12-2177</order_by><metadata/><url>/12-2177/</url><token>12-2177</token><structure><unit label="division" level="1" identifier="II">Division II - Planning and Development</unit><unit label="part" level="3" identifier="12">PART 12 - LICENSING AND REGULATION</unit><unit label="chapter" level="4" identifier="2">CHAPTER 2. - BUSINESSES AND TRADES</unit><unit label="article" level="2" identifier="H">ARTICLE H. - RENTAL DWELLING REGISTRATION AND PROP NOTIFICATION</unit></structure><referred_to_by><reference>12-2180</reference><reference>12-2182</reference></referred_to_by><text><section id="2210" prefix="(a)"><text>Unless compliance with this article is deemed pursuant to &#xA7;12-2180, it shall be unlawful for an owner to rent, to receive rental income from, or to offer for rent, any rental residential dwelling required to be registered under this part without first registering the dwelling under this part or when the permit issued under &#xA7;12-2164 is revoked. The owner of a rental residential dwelling shall hold a registration under this part for each rental residential dwelling located on a separate tax parcel and shall abide by the Standards in &#xA7;12-2179 in order to be eligible to retain the registration. When a manager is contracted to manage multiple dwellings in a single townhouse development or apartment house, a single registration will be required which registration will be issued to the manager of the dwelling units.</text><type>section</type><prefixes><section>(a)</section></prefixes><entire_prefix>(a)</entire_prefix><prefix_anchor>(a)</prefix_anchor><level>1</level></section><section id="2211" prefix="(b)"><text>Every application for rental registration shall be filed on a form approved by the Director of the Inspections Department and shall be filed with the Inspections Department. Every application shall be made under oath and shall contain the information required to identify the owner of the dwelling(s) to be registered, contact information including a street address and telephone numbers, and identification and contact information for any manager or other alternate contact person for the dwelling(s). Every application shall include the registration fee as applicable for the property. The owner shall also provide an electronic mail address and a facsimile number in the registration application. Each rented dwelling unit must be registered, however, an owner of multiple units may register all units using one registration form. Within thirty (30) days of receipt of a complete application and a non-refundable application fee of thirty dollars ($30.00), the Inspections Department shall review each application and determine whether the application should be approved. The Inspections Department shall deny any application which does not satisfy the minimum requirements of this article and any application submitted by an owner during a period of permit revocation pursuant to &#xA7;12-2167</text><type>section</type><prefixes><section>(b)</section></prefixes><entire_prefix>(b)</entire_prefix><prefix_anchor>(b)</prefix_anchor><level>1</level></section><section id="2212" prefix="(c)"><text/><type>section</type><prefixes><section>(c)</section></prefixes><entire_prefix>(c)</entire_prefix><prefix_anchor>(c)</prefix_anchor><level>1</level></section><section id="2213" prefix="(1)"><text>	For a property with twenty (20) or more residential rental dwellings, the fee shall be fifty dollars ($50.00); 
</text><type>section</type><prefixes><section>(c)</section><section>(1)</section></prefixes><entire_prefix>(c)(1)</entire_prefix><prefix_anchor>(c)(1)</prefix_anchor><level>2</level></section><section id="2214" prefix="(2)"><text>	For a property with fewer than twenty (20) but more than three (3) residential rental dwellings, the fee shall be twenty-five dollars ($25.00); and 
</text><type>section</type><prefixes><section>(c)</section><section>(2)</section></prefixes><entire_prefix>(c)(2)</entire_prefix><prefix_anchor>(c)(2)</prefix_anchor><level>2</level></section><section id="2215" prefix="(3)"><text>	For a property with three or fewer residential rental dwellings, the fee shall be fifteen dollars ($15.00). 
(Ord. No. 2008-415B, &#xA7;1, 7-1-08; Ord. No. 2011-980, &#xA7;&#xA7;2, 3, 11-15-11) 
</text><type>section</type><prefixes><section>(c)</section><section>(3)</section></prefixes><entire_prefix>(c)(3)</entire_prefix><prefix_anchor>(c)(3)</prefix_anchor><level>2</level></section></text></law>
