<?xml version="1.0"?>
<law><law_id>617</law_id><section_number>12-2035</section_number><catch_line>ACCEPTING ADDITIONAL PASSENGERS.</catch_line><history/><order_by>12-2035</order_by><metadata/><url>/12-2035/</url><token>12-2035</token><structure><unit label="division" level="1" identifier="II">Division II - Planning and Development</unit><unit label="part" level="3" identifier="12">PART 12 - LICENSING AND REGULATION</unit><unit label="chapter" level="4" identifier="2">CHAPTER 2. - BUSINESSES AND TRADES</unit><unit label="article" level="2" identifier="B">ARTICLE B. - VEHICLES FOR HIRE</unit></structure><referred_to_by/><text><section id="1765" prefix=""><text>Whenever any taxicab providing premium taxi service is occupied by a passenger or passengers, the driver shall not permit any other person to occupy or ride in such taxicab if the original passenger or passengers object thereto. If a child under fourteen (14) years of age is the original passenger, no other passenger shall be permitted in such taxicab without the consent of the parent or guardian. 
(Code 1959 , &#xA7;22-15; Ord. No. 1980-487, &#xA7;15, 10-7-80)</text><type>section</type><prefixes><section/></prefixes><entire_prefix/><prefix_anchor/><level>1</level></section></text></law>
