<?xml version="1.0"?>
<law><law_id>604</law_id><section_number>12-2023</section_number><catch_line>TAXICAB INSPECTOR; OFFICE CREATED; DUTIES GENERALLY.</catch_line><history/><order_by>12-2023</order_by><metadata/><url>/12-2023/</url><token>12-2023</token><structure><unit label="division" level="1" identifier="II">Division II - Planning and Development</unit><unit label="part" level="3" identifier="12">PART 12 - LICENSING AND REGULATION</unit><unit label="chapter" level="4" identifier="2">CHAPTER 2. - BUSINESSES AND TRADES</unit><unit label="article" level="2" identifier="B">ARTICLE B. - VEHICLES FOR HIRE</unit></structure><referred_to_by/><text><section id="1720" prefix=""><text>There is hereby created the office of taxicab inspector. The taxicab inspector shall be responsible for the inspection of taxicabs and other vehicles, the practical administration of this article, and the safety and welfare of the public in connection with the operation and use of taxicabs and other vehicles as defined by this article. 
The taxicab inspector shall from time to time cause to be made an inspection of taxicabs and other vehicles as defined in &#xA7;12-2022. If any vehicle shall be found unsafe or unfit for operation, written notice shall be given the driver and the holder of the certificate and license therefor of such condition, and such vehicle shall not be operated thereafter until the same has been put in safe and fit condition. 
(Code 1959 , &#xA7;22-3; Ord. No. 1980-487, &#xA7;4, 10-7-80; Ord. No. 1990-674, &#xA7;2, 11-6-90; Ord. No. 2009-671, &#xA7;5, 11-3-09)</text><type>section</type><prefixes><section/></prefixes><entire_prefix/><prefix_anchor/><level>1</level></section></text></law>
