<?xml version="1.0"?>
<law><law_id>622</law_id><section_number>12-2040</section_number><catch_line>USE OF TOBACCO.</catch_line><history/><order_by>12-2040</order_by><metadata/><url>/12-2040/</url><token>12-2040</token><structure><unit label="division" level="1" identifier="II">Division II - Planning and Development</unit><unit label="part" level="3" identifier="12">PART 12 - LICENSING AND REGULATION</unit><unit label="chapter" level="4" identifier="2">CHAPTER 2. - BUSINESSES AND TRADES</unit><unit label="article" level="2" identifier="B">ARTICLE B. - VEHICLES FOR HIRE</unit></structure><referred_to_by/><text><section id="1770" prefix=""><text>The use of tobacco in taxicabs is controlled by the public transportation provisions of &#xA7;13-3016 of this Code. 
(Code 1959 , &#xA7;22-21; Ord. No. 1980-487, &#xA7;16, 10-7-80; Ord. No. 1999-691, &#xA7;6, 11-16-99)</text><type>section</type><prefixes><section/></prefixes><entire_prefix/><prefix_anchor/><level>1</level></section></text></law>
