<?xml version="1.0"?>
<law><law_id>704</law_id><section_number>12-2142</section_number><catch_line>APPEALS.</catch_line><history/><order_by>12-2142</order_by><metadata/><url>/12-2142/</url><token>12-2142</token><structure><unit label="division" level="1" identifier="II">Division II - Planning and Development</unit><unit label="part" level="3" identifier="12">PART 12 - LICENSING AND REGULATION</unit><unit label="chapter" level="4" identifier="2">CHAPTER 2. - BUSINESSES AND TRADES</unit><unit label="article" level="2" identifier="E">ARTICLE E. - MASSAGES [6]</unit></structure><referred_to_by/><text><section id="2063" prefix=""><text>Anyone denied a license or anyone whose license is revoked pursuant to this article may file, within thirty (30) days of such final determination, an appeal to the City Council. All filings shall be dated and submitted to the City Clerk. The City Council shall consider the matter de novo, and if after a review of the applicable testimony, facts, and code provisions the City Council determines that proper grounds exist for the denial or revocation of the license, the appeal will not be allowed. 
(Ord. No. 2001-935, &#xA7;3, 2-6-01)</text><type>section</type><prefixes><section/></prefixes><entire_prefix/><prefix_anchor/><level>1</level></section></text></law>
