<?xml version="1.0"?>
<law><law_id>612</law_id><section_number>12-2031</section_number><catch_line>CONDITION OF VEHICLE; INSPECTION.</catch_line><history/><order_by>12-2031</order_by><metadata/><url>/12-2031/</url><token>12-2031</token><structure><unit label="division" level="1" identifier="II">Division II - Planning and Development</unit><unit label="part" level="3" identifier="12">PART 12 - LICENSING AND REGULATION</unit><unit label="chapter" level="4" identifier="2">CHAPTER 2. - BUSINESSES AND TRADES</unit><unit label="article" level="2" identifier="B">ARTICLE B. - VEHICLES FOR HIRE</unit></structure><referred_to_by><reference>12-2024</reference></referred_to_by><text><section id="1759" prefix=""><text>Every vehicle operating under this chapter shall be periodically inspected by the taxicab inspector at such intervals as shall be established by the taxicab inspector to insure the taxicab is mechanically and structurally in good repair and working order and is safe to operate under the streets of the City. 
Annual/semi-annual inspection of taxicabs will be at the discretion of the taxicab inspector. 
Beginning on January 1, 2011, an inspection fee of fifteen dollars ($15.00) per vehicle shall accompany each semi-annual and/or annual inspection, and on January 1, 2012, the cost will cap at twenty-five dollars ($25.00). Also, beginning on January 1, 2011, an inspection fee of fifteen dollars ($15.00) shall accompany each inspection performed outside of the semi-annual and/or annual inspection for additional vehicles added to a fleet or for replacement of an existing vehicle, and on January 1, 2012, the cost will cap at twenty-five dollars ($25.00). 
A penalty fee of one hundred fifty dollars ($150.00) shall accompany any vehicle that fails to come for the semi-annual and/or annual inspection without prior approval from the taxicab inspector. 
(Code 1959 , &#xA7;22-11; Ord. No. 1980-487, &#xA7;12, 10-7-80; Ord. No. 2009-671, &#xA7;19, 11-3-09)</text><type>section</type><prefixes><section/></prefixes><entire_prefix/><prefix_anchor/><level>1</level></section></text></law>
