<?xml version="1.0"?>
<law><law_id>721</law_id><section_number>12-2167</section_number><catch_line>ENFORCEMENT.</catch_line><history/><order_by>12-2167</order_by><metadata/><url>/12-2167/</url><token>12-2167</token><structure><unit label="division" level="1" identifier="II">Division II - Planning and Development</unit><unit label="part" level="3" identifier="12">PART 12 - LICENSING AND REGULATION</unit><unit label="chapter" level="4" identifier="2">CHAPTER 2. - BUSINESSES AND TRADES</unit><unit label="article" level="2" identifier="G">ARTICLE G. - PROBATIONARY RENTAL OCCUPANCY PERMIT [8]</unit></structure><referred_to_by><reference>12-2177</reference></referred_to_by><text><section id="2166" prefix="(a)"><text>Fifty dollars ($50.00) for a first violation, and each continuing day of noncompliance following written notice thereof shall result in the assessment of an additional civil penalty of fifty dollars ($50.00) per day;</text><type>section</type><prefixes><section>(a)</section></prefixes><entire_prefix>(a)</entire_prefix><prefix_anchor>(a)</prefix_anchor><level>1</level></section><section id="2167" prefix="(b)"><text>Equitable remedies, including injunctions. 
As authorized by the City Council, the City may apply to the courts for any appropriate equitable remedy to enforce the provisions of this article, including mandatory or prohibitory injunctions commanding the party to correct the unlawful condition or cease the unlawful use of the business.</text><type>section</type><prefixes><section>(b)</section></prefixes><entire_prefix>(b)</entire_prefix><prefix_anchor>(b)</prefix_anchor><level>1</level></section><section id="2168" prefix="(c)"><text/><type>section</type><prefixes><section>(c)</section></prefixes><entire_prefix>(c)</entire_prefix><prefix_anchor>(c)</prefix_anchor><level>1</level></section><section id="2169" prefix="(1)"><text>	For each dwelling where a second violation of this article occurs within twenty-four (24) months of the most recent violation of this article, the Department of Inspections shall issue an order revoking the residential rental occupancy permit for a period of two (2) years, or when no permit had been issued the dwelling, making the probationary residential rental dwelling ineligible for a permit for a period of two (2) years. 
</text><type>section</type><prefixes><section>(c)</section><section>(1)</section></prefixes><entire_prefix>(c)(1)</entire_prefix><prefix_anchor>(c)(1)</prefix_anchor><level>2</level></section><section id="2170" prefix="(2)"><text>	For each dwelling where a third violation of this article occurs within twenty-four (24) months of the most recent violation of this article, the Department of Inspections shall issue an order revoking every probationary rental occupancy permit issued to, or held in the name of the owner of the dwelling where the violation occurred, for a period of two (2) years, and making the owner ineligible to hold a probationary rental occupancy permit for a period of two (2) years. 
</text><type>section</type><prefixes><section>(c)</section><section>(2)</section></prefixes><entire_prefix>(c)(2)</entire_prefix><prefix_anchor>(c)(2)</prefix_anchor><level>2</level></section><section id="2171" prefix="(3)"><text>	Ten (10) days following the service on the permittee of a written recommendation by the Director of the Inspections Department which describes the nature of any violation, the Director of the Inspections Department may revoke a permit issued pursuant to &#xA7;12-2164 if it is determined that the permittee has violated any provision of this article and other means of enforcement have failed to deter the permittee from operating in violation of this article. 
</text><type>section</type><prefixes><section>(c)</section><section>(3)</section></prefixes><entire_prefix>(c)(3)</entire_prefix><prefix_anchor>(c)(3)</prefix_anchor><level>2</level></section><section id="2172" prefix="(d)"><text>Probationary status. 
Following a determination that a permittee under this article has violated the provisions of this article, the permittee shall be sent a notice that the permit is on a probationary status and will be revoked for a period of twenty-four (24) months if the permittee commits a second violation during the twenty-four (24) month period following the first violation. Following a determination that a permittee under this article has violated the provisions of this article a second time within any twenty-four (24) month period, the permittee shall be sent a notice that the permit is on a probationary status and if the permittee commits a third violation during the twenty-four (24) month period following the first violation, every probationary rental occupancy permit issued to, or held in the name of the owner where the violation occurred, will be revoked for a period of twenty-four (24) months.</text><type>section</type><prefixes><section>(d)</section></prefixes><entire_prefix>(d)</entire_prefix><prefix_anchor>(d)</prefix_anchor><level>1</level></section><section id="2173" prefix="(e)"><text>Cancellation of revocation orders. 
The Director of the Inspections Department shall cancel an order revoking a probationary rental occupancy permit when the owner requesting cancellation of the revocation order has paid all outstanding fees and civil penalties for the dwelling and the owner has no pending appeals of any notices or orders and: 
1.	Within five (5) working days of the service of the order, the owner obtains approval from the Inspections Department of a management plan for the dwelling to achieve full compliance with the standards in &#xA7;12-2165 within the time otherwise provided by the Code, or such time as the Inspections Department finds reasonable and; 
2.	The owner by power of attorney appoints a licensed rental agency to manage the property for the two (2) year period following the approval; or 
3.	Within fifteen (15) days of the service of the order, the new owner of the dwelling unit, who is not a prior owner, not related by marriage or within the fifth degree of kinship to the seller, is not a business affiliate of the prior owner, submits an affidavit so attesting along with proof of title transfer, pays all outstanding fees and civil penalties, and shows the Inspections Department that the dwelling complies with the standards in &#xA7;12-2165</text><type>section</type><prefixes><section>(e)</section></prefixes><entire_prefix>(e)</entire_prefix><prefix_anchor>(e)</prefix_anchor><level>1</level></section><section id="2174" prefix="(f)"><text>Not a criminal violation. 
Any person violating any of the provisions of this article shall be subject to the civil penalties and permit revocations set forth. Any violation of this article shall be deemed a non-criminal violation and shall not be a misdemeanor or infraction pursuant to G.S. 14-4 or &#xA7;14-1005(a) of this Code of Ordinances. 
(Ord. No. 2004-720, &#xA7;1, 10-19-04; Ord. No. 2006-54, &#xA7;&#xA7;14, 15, 7-11-06)</text><type>section</type><prefixes><section>(f)</section></prefixes><entire_prefix>(f)</entire_prefix><prefix_anchor>(f)</prefix_anchor><level>1</level></section></text></law>
