<?xml version="1.0"?>
<law><law_id>627</law_id><section_number>12-2044</section_number><catch_line>HIRING WITH INTENT NOT TO PAY.</catch_line><history/><order_by>12-2044</order_by><metadata/><url>/12-2044/</url><token>12-2044</token><structure><unit label="division" level="1" identifier="II">Division II - Planning and Development</unit><unit label="part" level="3" identifier="12">PART 12 - LICENSING AND REGULATION</unit><unit label="chapter" level="4" identifier="2">CHAPTER 2. - BUSINESSES AND TRADES</unit><unit label="article" level="2" identifier="B">ARTICLE B. - VEHICLES FOR HIRE</unit></structure><referred_to_by/><text><section id="1786" prefix=""><text>Any person who engages, uses, employs or hires any truck, automobile, taxicab, ambulance or other vehicle and who fails or refuses to pay for same, with intent to cheat and defraud the owner and/or agent of the owner of the rental price, charge, fee or fare, therefor, shall be guilty of a misdemeanor. 
(Code 1959 , &#xA7;22-24.1)</text><type>section</type><prefixes><section/></prefixes><entire_prefix/><prefix_anchor/><level>1</level></section></text></law>
