<?xml version="1.0"?>
<law><law_id>626</law_id><section_number>12-2043</section_number><catch_line>FARES; SCHEDULE.</catch_line><history/><order_by>12-2043</order_by><metadata/><url>/12-2043/</url><token>12-2043</token><structure><unit label="division" level="1" identifier="II">Division II - Planning and Development</unit><unit label="part" level="3" identifier="12">PART 12 - LICENSING AND REGULATION</unit><unit label="chapter" level="4" identifier="2">CHAPTER 2. - BUSINESSES AND TRADES</unit><unit label="article" level="2" identifier="B">ARTICLE B. - VEHICLES FOR HIRE</unit></structure><referred_to_by><reference>12-2046</reference></referred_to_by><text><section id="1774" prefix="(a)"><text/><type>section</type><prefixes><section>(a)</section></prefixes><entire_prefix>(a)</entire_prefix><prefix_anchor>(a)</prefix_anchor><level>1</level></section><section id="1775" prefix="(1)"><text>	Mileage rates. One dollar and ninety-five cents ($1.95) for the first one-tenth mile or fraction thereof, and twenty-five cents ($0.25) for each additional one-tenth of a mile or fraction thereof. 
</text><type>section</type><prefixes><section>(a)</section><section>(1)</section></prefixes><entire_prefix>(a)(1)</entire_prefix><prefix_anchor>(a)(1)</prefix_anchor><level>2</level></section><section id="1776" prefix="(2)"><text>	Waiting time. Twenty-five cents ($0.25) for each one minute of waiting time or fraction thereof.
</text><type>section</type><prefixes><section>(a)</section><section>(2)</section></prefixes><entire_prefix>(a)(2)</entire_prefix><prefix_anchor>(a)(2)</prefix_anchor><level>2</level></section><section id="1777" prefix="(b)"><text>Effective from and after April 15, 1995, handivan service: a surcharge of seven dollars and fifty cents ($7.50) per one-way trip added to the premium taxi rate.</text><type>section</type><prefixes><section>(b)</section></prefixes><entire_prefix>(b)</entire_prefix><prefix_anchor>(b)</prefix_anchor><level>1</level></section><section id="1778" prefix="(c)"><text/><type>section</type><prefixes><section>(c)</section></prefixes><entire_prefix>(c)</entire_prefix><prefix_anchor>(c)</prefix_anchor><level>1</level></section><section id="1779" prefix="(1)"><text>	Foot lockers. Fifty cents ($0.50) each.
</text><type>section</type><prefixes><section>(c)</section><section>(1)</section></prefixes><entire_prefix>(c)(1)</entire_prefix><prefix_anchor>(c)(1)</prefix_anchor><level>2</level></section><section id="1780" prefix="(2)"><text>	Trunks. One dollar ($1.00) for each trunk, except where two (2) persons are required to handle, the charge shall be one dollar and fifty cents ($1.50) for each trunk. 
</text><type>section</type><prefixes><section>(c)</section><section>(2)</section></prefixes><entire_prefix>(c)(2)</entire_prefix><prefix_anchor>(c)(2)</prefix_anchor><level>2</level></section><section id="1781" prefix="(3)"><text>	Hand baggage. Ten cents ($0.10) for each handling in excess of one handbag per person. 
</text><type>section</type><prefixes><section>(c)</section><section>(3)</section></prefixes><entire_prefix>(c)(3)</entire_prefix><prefix_anchor>(c)(3)</prefix_anchor><level>2</level></section><section id="1782" prefix="(4)"><text>	Groceries in bags. Ten cents ($0.10) for each bag in excess of one bag per person. 
</text><type>section</type><prefixes><section>(c)</section><section>(4)</section></prefixes><entire_prefix>(c)(4)</entire_prefix><prefix_anchor>(c)(4)</prefix_anchor><level>2</level></section><section id="1783" prefix="(5)"><text>	Groceries in cartons, boxes or crates. Ten cents ($0.10) for each container.
</text><type>section</type><prefixes><section>(c)</section><section>(5)</section></prefixes><entire_prefix>(c)(5)</entire_prefix><prefix_anchor>(c)(5)</prefix_anchor><level>2</level></section><section id="1784" prefix="(6)"><text>	Bulky items. Fifty cents ($0.50) for each article, container of commodity (such as, but not limited to, bags, cartons, boxes or crates of groceries, coal, feed, fertilizer, rolls of roofing paper, etc.) weighing more than fifty (50) pounds. 
</text><type>section</type><prefixes><section>(c)</section><section>(6)</section></prefixes><entire_prefix>(c)(6)</entire_prefix><prefix_anchor>(c)(6)</prefix_anchor><level>2</level></section><section id="1785" prefix="(d)"><text/><type>section</type><prefixes><section>(d)</section></prefixes><entire_prefix>(d)</entire_prefix><prefix_anchor>(d)</prefix_anchor><level>1</level></section></text></law>
