<?xml version="1.0"?>
<law><law_id>711</law_id><section_number>12-2158</section_number><catch_line>COMPLIANCE WITH PROVISIONS.</catch_line><history/><order_by>12-2158</order_by><metadata/><url>/12-2158/</url><token>12-2158</token><structure><unit label="division" level="1" identifier="II">Division II - Planning and Development</unit><unit label="part" level="3" identifier="12">PART 12 - LICENSING AND REGULATION</unit><unit label="chapter" level="4" identifier="2">CHAPTER 2. - BUSINESSES AND TRADES</unit><unit label="article" level="2" identifier="F">ARTICLE F. - SHORT-TERM RESIDENTIAL OCCUPANCIES [7]</unit></structure><referred_to_by/><text><section id="2084" prefix=""><text>All persons required by this article to have a license that are operating a business shall have thirty (30) days from the application of this article to file for any required license. The Inspection Department shall inspect each rooming business annually to determine compliance. 
(Ord. No. 1992-31, &#xA7;1, 8-4-92) 
Cross reference: Compliance with fair housing and landlord and tenant laws, &#xA7;12-2160</text><type>section</type><prefixes><section/></prefixes><entire_prefix/><prefix_anchor/><level>1</level></section></text></law>
