<?xml version="1.0"?>
<law><law_id>720</law_id><section_number>12-2166</section_number><catch_line>COMPLIANCE WITH PROVISIONS.</catch_line><history/><order_by>12-2166</order_by><metadata/><url>/12-2166/</url><token>12-2166</token><structure><unit label="division" level="1" identifier="II">Division II - Planning and Development</unit><unit label="part" level="3" identifier="12">PART 12 - LICENSING AND REGULATION</unit><unit label="chapter" level="4" identifier="2">CHAPTER 2. - BUSINESSES AND TRADES</unit><unit label="article" level="2" identifier="G">ARTICLE G. - PROBATIONARY RENTAL OCCUPANCY PERMIT [8]</unit></structure><referred_to_by><reference>12-2164</reference></referred_to_by><text><section id="2160" prefix="(a)"><text>Any person required by this article to have a permit for a probationary rental residential dwelling who files a complete application for any required permit within ten (10) days following notice from the Inspections Department that this article applies to the dwelling shall be deemed compliant with this article unless and until the application is denied.</text><type>section</type><prefixes><section>(a)</section></prefixes><entire_prefix>(a)</entire_prefix><prefix_anchor>(a)</prefix_anchor><level>1</level></section><section id="2161" prefix="(b)"><text>It shall be unlawful to rent, to receive rental income from, or to offer for rent a dwelling subject to the permit requirements of this article beginning ten (10) days after service of notice by the Inspections Department that a permit is required under this part unless a complete application for a &#xA7;12-2164(a) permit has been submitted for the dwelling.</text><type>section</type><prefixes><section>(b)</section></prefixes><entire_prefix>(b)</entire_prefix><prefix_anchor>(b)</prefix_anchor><level>1</level></section><section id="2162" prefix="(c)"><text/><type>section</type><prefixes><section>(c)</section></prefixes><entire_prefix>(c)</entire_prefix><prefix_anchor>(c)</prefix_anchor><level>1</level></section><section id="2163" prefix="(d)"><text>Any person who has been designated as a process service agent and is not the record owner of the probationary rental residential dwelling shall be deemed compliant with this article upon promptly notifying the Inspections Department that the notice or order delivered for service cannot be delivered to the owner and upon filing with the Inspections Department an affidavit or other notarized statement that the agency relationship has been terminated and that all prior notices and orders were delivered to the owner.</text><type>section</type><prefixes><section>(d)</section></prefixes><entire_prefix>(d)</entire_prefix><prefix_anchor>(d)</prefix_anchor><level>1</level></section><section id="2164" prefix="(e)"><text>If the activities, violations or abatements which individually or cumulatively could cause a property or dwelling to be deemed a probationary rental residential dwelling under &#xA7;12-2163(l) are the result of tenant behavior or actions, an owner shall be entitled to relief from any such violation(s) [i.e. the violation(s) shall not be counted as a strike against the owner] by evicting or removing the tenant, so long as the owner can show that the tenant behavior or action is the basis of the eviction or removal of the tenant. No owner may obtain relief for more than two (2) violations in any three (3) year period per dwelling under this subsection. Any owner who evicted or removed the tenant as a result of the tenant causing such violation(s), whether such removal is the result of a tenant voluntarily vacating the dwelling or as a result of court action, shall be deemed compliant with this Article upon filing with the Inspections Department an affidavit or other notarized statement stating that (1) the tenant cited for the violation</text><type>section</type><prefixes><section>(e)</section></prefixes><entire_prefix>(e)</entire_prefix><prefix_anchor>(e)</prefix_anchor><level>1</level></section><section id="2165" prefix="(f)"><text>Any mortgagee of record, not otherwise defined as an owner, shall be deemed compliant with this article unless and until the other owners of the probationary rental residential dwelling fail to comply with notices of violations or orders, including for the payment of civil penalties. A mortgagee of record, not otherwise defined as an owner, shall not be liable for civil penalties or administrative fees in excess of the liability of the other owners. 
(Ord. No. 2004-720, &#xA7;1, 10-19-04; Ord. No. 2006-54, &#xA7;&#xA7;10, 14, 15, 7-11-06)</text><type>section</type><prefixes><section>(f)</section></prefixes><entire_prefix>(f)</entire_prefix><prefix_anchor>(f)</prefix_anchor><level>1</level></section></text></law>
