<?xml version="1.0"?>
<law><law_id>726</law_id><section_number>12-2171</section_number><catch_line>RELATION TO OTHER LAWS.</catch_line><history/><order_by>12-2171</order_by><metadata/><url>/12-2171/</url><token>12-2171</token><structure><unit label="division" level="1" identifier="II">Division II - Planning and Development</unit><unit label="part" level="3" identifier="12">PART 12 - LICENSING AND REGULATION</unit><unit label="chapter" level="4" identifier="2">CHAPTER 2. - BUSINESSES AND TRADES</unit><unit label="article" level="2" identifier="G">ARTICLE G. - PROBATIONARY RENTAL OCCUPANCY PERMIT [8]</unit></structure><referred_to_by/><text><section id="2190" prefix=""><text>Nothing in this article shall authorize or condone any violation of Federal, state, and City fair housing laws and state landlord and tenant laws. This article shall not diminish any private right of action of any person. 
(Ord. No. 2004-720, &#xA7;1, 10-19-04) 
State law references: State Fair Housing Act, G.S. Ch. 41A; landlord and tenant, G.S. Ch. 42.</text><type>section</type><prefixes><section/></prefixes><entire_prefix/><prefix_anchor/><level>1</level></section></text></law>
