<?xml version="1.0"?>
<law><law_id>635</law_id><section_number>12-2053</section_number><catch_line>ISSUANCE.</catch_line><history/><order_by>12-2053</order_by><metadata/><url>/12-2053/</url><token>12-2053</token><structure><unit label="division" level="1" identifier="II">Division II - Planning and Development</unit><unit label="part" level="3" identifier="12">PART 12 - LICENSING AND REGULATION</unit><unit label="chapter" level="4" identifier="2">CHAPTER 2. - BUSINESSES AND TRADES</unit><unit label="article" level="2" identifier="B">ARTICLE B. - VEHICLES FOR HIRE</unit></structure><referred_to_by/><text><section id="1810" prefix="(a)"><text/><type>section</type><prefixes><section>(a)</section></prefixes><entire_prefix>(a)</entire_prefix><prefix_anchor>(a)</prefix_anchor><level>1</level></section><section id="1811" prefix="(1)"><text>	That the applicant has not complied with all of the provisions of this chapter; or
</text><type>section</type><prefixes><section>(a)</section><section>(1)</section></prefixes><entire_prefix>(a)(1)</entire_prefix><prefix_anchor>(a)(1)</prefix_anchor><level>2</level></section><section id="1812" prefix="(2)"><text>	That the criminal record of the applicant (or of the officers, directors, or supervising employees of a corporate applicant), if any, is such that it would be against the public interest and welfare for such application to be granted; or 
</text><type>section</type><prefixes><section>(a)</section><section>(2)</section></prefixes><entire_prefix>(a)(2)</entire_prefix><prefix_anchor>(a)(2)</prefix_anchor><level>2</level></section><section id="1813" prefix="(3)"><text>	That applicant has made a false or misleading statement in his application.
</text><type>section</type><prefixes><section>(a)</section><section>(3)</section></prefixes><entire_prefix>(a)(3)</entire_prefix><prefix_anchor>(a)(3)</prefix_anchor><level>2</level></section><section id="1814" prefix="(b)"><text/><type>section</type><prefixes><section>(b)</section></prefixes><entire_prefix>(b)</entire_prefix><prefix_anchor>(b)</prefix_anchor><level>1</level></section></text></law>
