<?xml version="1.0"?>
<law><law_id>673</law_id><section_number>12-2104</section_number><catch_line/><history/><order_by>12-2104</order_by><metadata/><url>/12-2104/</url><token>12-2104</token><structure><unit label="division" level="1" identifier="II">Division II - Planning and Development</unit><unit label="part" level="3" identifier="12">PART 12 - LICENSING AND REGULATION</unit><unit label="chapter" level="4" identifier="2">CHAPTER 2. - BUSINESSES AND TRADES</unit><unit label="article" level="2" identifier="C">ARTICLE C. - PAWNBROKERS [3]</unit></structure><referred_to_by/><text><section id="1939" prefix=""><text>A license issued pursuant to &#xA7;12-2103 may be revoked by action of the Council for substantial abuses of this article or G.S. 91A-1-22. Before the Council revokes a license pursuant to this chapter, and before the Council considers an application for a license pursuant to this chapter, a written notice shall be sent to the licensee or applicant affected, by certified mail, return receipt requested, to the address listed on the application. The notice shall advise the affected party of a right to appear before the Council, with or without legal counsel, at a stated time and place at least ten (10) days following the date of the notice for the purpose of presenting any evidence relevant to such revocation or application and for the purpose of cross-examining any person providing evidence against the respondent. A revocation hearing can be initiated by the Chief of Police or by the City Council. 
(Ord. No. 1992-982, &#xA7;4, 6-2-92)</text><type>section</type><prefixes><section/></prefixes><entire_prefix/><prefix_anchor/><level>1</level></section></text></law>
