<?xml version="1.0"?>
<law><law_id>699</law_id><section_number>12-2138</section_number><catch_line>EMPLOYER TO USE ONLY LICENSED EMPLOYEES.</catch_line><history/><order_by>12-2138</order_by><metadata/><url>/12-2138/</url><token>12-2138</token><structure><unit label="division" level="1" identifier="II">Division II - Planning and Development</unit><unit label="part" level="3" identifier="12">PART 12 - LICENSING AND REGULATION</unit><unit label="chapter" level="4" identifier="2">CHAPTER 2. - BUSINESSES AND TRADES</unit><unit label="article" level="2" identifier="E">ARTICLE E. - MASSAGES [6]</unit></structure><referred_to_by/><text><section id="2053" prefix=""><text>It shall be unlawful for any person, corporation, partnership or association licensed under this chapter to allow or permit any person to massage or treat any person upon the premises operated by the licensee unless the person giving such massage or treatment has complied with all requirements of licensing under this chapter. Violation of this section shall also be grounds for revocation of the license issued pursuant to this chapter. 
(Ord. No. 2001-935, &#xA7;3, 2-6-01)</text><type>section</type><prefixes><section/></prefixes><entire_prefix/><prefix_anchor/><level>1</level></section></text></law>
