<?xml version="1.0"?>
<law><law_id>716</law_id><section_number>12-2162</section_number><catch_line>FINDINGS AND DECLARATION OF NECESSITY.</catch_line><history/><order_by>12-2162</order_by><text><section id="2102" prefix="(a)"><text>Reduce the likelihood that these residential housing accommodations will become public nuisances in violation of G.S. 19-1(b).</text><type>section</type><prefixes><section>(a)</section></prefixes><entire_prefix>(a)</entire_prefix><prefix_anchor>(a)</prefix_anchor><level>1</level></section><section id="2103" prefix="(b)"><text>Promote responsible management of these housing accommodations.</text><type>section</type><prefixes><section>(b)</section></prefixes><entire_prefix>(b)</entire_prefix><prefix_anchor>(b)</prefix_anchor><level>1</level></section><section id="2104" prefix="(c)"><text>Assist in providing a safe habitat for residents and neighbors of these facilities.</text><type>section</type><prefixes><section>(c)</section></prefixes><entire_prefix>(c)</entire_prefix><prefix_anchor>(c)</prefix_anchor><level>1</level></section><section id="2105" prefix="(d)"><text>Safeguard property values.</text><type>section</type><prefixes><section>(d)</section></prefixes><entire_prefix>(d)</entire_prefix><prefix_anchor>(d)</prefix_anchor><level>1</level></section><section id="2106" prefix="(e)"><text>Reduce the likelihood that housing accommodations where such problems most frequently have arisen and which are unfit for human habitation, dangerous, or injurious to the public will exist or be occupied.</text><type>section</type><prefixes><section>(e)</section></prefixes><entire_prefix>(e)</entire_prefix><prefix_anchor>(e)</prefix_anchor><level>1</level></section><section id="2107" prefix="(f)"><text>Expedite repair of residential housing accommodations where such problems arise. 
(Ord. No. 2004-720, &#xA7;1, 10-19-04; Ord. No. 2008-415, &#xA7;1, 7-1-08)</text><type>section</type><prefixes><section>(f)</section></prefixes><entire_prefix>(f)</entire_prefix><prefix_anchor>(f)</prefix_anchor><level>1</level></section></text><metadata/><url>/12-2162/</url><token>12-2162</token><structure><unit label="division" level="1" identifier="II">Division II - Planning and Development</unit><unit label="part" level="3" identifier="12">PART 12 - LICENSING AND REGULATION</unit><unit label="chapter" level="4" identifier="2">CHAPTER 2. - BUSINESSES AND TRADES</unit><unit label="article" level="2" identifier="G">ARTICLE G. - PROBATIONARY RENTAL OCCUPANCY PERMIT [8]</unit></structure><referred_to_by/></law>
