<?xml version="1.0"?>
<law><law_id>676</law_id><section_number>12-2111</section_number><catch_line>THEATERS AND SHOWS; ADVANCE APPLICATION FOR LICENSE, ISSUANCE DISCRETIONARY; TYPES OF SHOWS PROHIBITED.</catch_line><history/><order_by>12-2111</order_by><text><section id="1959" prefix="(a)"><text>Before any license or permit shall be issued to any carnival company and shows of like character, moving picture and vaudeville shows, museums and menageries, merry-go-rounds and ferris wheels, and other like amusement enterprises, conducted for profit and filling week-stand engagements, or in giving week-stand exhibitions, application shall be made therefor for a period of thirty (30) days before any license or permit shall be issued to such company or enterprise, and it shall be in the discretion of the Council as to whether any license or permit shall be issued to such company or enterprise.</text><type>section</type><prefixes><section>(a)</section></prefixes><entire_prefix>(a)</entire_prefix><prefix_anchor>(a)</prefix_anchor><level>1</level></section><section id="1960" prefix="(b)"><text>It shall be unlawful for any person within the City limits to exhibit or show, for profit, in a tent or tents or other temporary structures, any circus, carnival or other show of like kind or description, including side shows, vaudeville shows, museums, menageries, and like amusements or exhibitions; or to operate merry-go-rounds, ferris wheels or other riding devices of like character for private profit. 
(Code 1959 , &#xA7;3-1) 
State law reference: Authority to regulate and prohibit amusements, G.S. 160A-181.</text><type>section</type><prefixes><section>(b)</section></prefixes><entire_prefix>(b)</entire_prefix><prefix_anchor>(b)</prefix_anchor><level>1</level></section></text><metadata/><url>/12-2111/</url><token>12-2111</token><structure><unit label="division" level="1" identifier="II">Division II - Planning and Development</unit><unit label="part" level="3" identifier="12">PART 12 - LICENSING AND REGULATION</unit><unit label="chapter" level="4" identifier="2">CHAPTER 2. - BUSINESSES AND TRADES</unit><unit label="article" level="2" identifier="D">ARTICLE D. - AMUSEMENTS [4]</unit></structure><referred_to_by/></law>
