<?xml version="1.0"?>
<law><law_id>696</law_id><section_number>12-2135</section_number><catch_line/><history/><order_by>12-2135</order_by><metadata/><url>/12-2135/</url><token>12-2135</token><structure><unit label="division" level="1" identifier="II">Division II - Planning and Development</unit><unit label="part" level="3" identifier="12">PART 12 - LICENSING AND REGULATION</unit><unit label="chapter" level="4" identifier="2">CHAPTER 2. - BUSINESSES AND TRADES</unit><unit label="article" level="2" identifier="E">ARTICLE E. - MASSAGES [6]</unit></structure><referred_to_by/><text><section id="2036" prefix="(a)"><text/><type>section</type><prefixes><section>(a)</section></prefixes><entire_prefix>(a)</entire_prefix><prefix_anchor>(a)</prefix_anchor><level>1</level></section><section id="2037" prefix="(1)"><text>	That the licensee has violated any provision of this chapter;
</text><type>section</type><prefixes><section>(a)</section><section>(1)</section></prefixes><entire_prefix>(a)(1)</entire_prefix><prefix_anchor>(a)(1)</prefix_anchor><level>2</level></section><section id="2038" prefix="(2)"><text/><type>section</type><prefixes><section>(a)</section><section>(2)</section></prefixes><entire_prefix>(a)(2)</entire_prefix><prefix_anchor>(a)(2)</prefix_anchor><level>2</level></section><section id="2039" prefix="(3)"><text/><type>section</type><prefixes><section>(a)</section><section>(3)</section></prefixes><entire_prefix>(a)(3)</entire_prefix><prefix_anchor>(a)(3)</prefix_anchor><level>2</level></section><section id="2040" prefix="(4)"><text/><type>section</type><prefixes><section>(a)</section><section>(4)</section></prefixes><entire_prefix>(a)(4)</entire_prefix><prefix_anchor>(a)(4)</prefix_anchor><level>2</level></section><section id="2041" prefix="(5)"><text>	That the licensee violates any zoning, building, or fire prevention ordinance, or if exempted from building or fire prevention inspections, performs massage to a client or for a fee within the home or allows the public to enter the home in connection with the massage business; 
</text><type>section</type><prefixes><section>(a)</section><section>(5)</section></prefixes><entire_prefix>(a)(5)</entire_prefix><prefix_anchor>(a)(5)</prefix_anchor><level>2</level></section><section id="2042" prefix="(6)"><text>	That the licensed business is conducted or allowed to be conducted in a manner constituting a public nuisance; or
</text><type>section</type><prefixes><section>(a)</section><section>(6)</section></prefixes><entire_prefix>(a)(6)</entire_prefix><prefix_anchor>(a)(6)</prefix_anchor><level>2</level></section><section id="2043" prefix="(7)"><text/><type>section</type><prefixes><section>(a)</section><section>(7)</section></prefixes><entire_prefix>(a)(7)</entire_prefix><prefix_anchor>(a)(7)</prefix_anchor><level>2</level></section><section id="2044" prefix="(b)"><text/><type>section</type><prefixes><section>(b)</section></prefixes><entire_prefix>(b)</entire_prefix><prefix_anchor>(b)</prefix_anchor><level>1</level></section></text></law>
