<?xml version="1.0"?>
<law><law_id>701</law_id><section_number>12-2140</section_number><catch_line>EMPLOYMENT OF MINORS.</catch_line><history/><order_by>12-2140</order_by><metadata/><url>/12-2140/</url><token>12-2140</token><structure><unit label="division" level="1" identifier="II">Division II - Planning and Development</unit><unit label="part" level="3" identifier="12">PART 12 - LICENSING AND REGULATION</unit><unit label="chapter" level="4" identifier="2">CHAPTER 2. - BUSINESSES AND TRADES</unit><unit label="article" level="2" identifier="E">ARTICLE E. - MASSAGES [6]</unit></structure><referred_to_by/><text><section id="2057" prefix=""><text>It shall be unlawful for any person, corporation, partnership, or association licensed pursuant to this article to employ any person under the age of eighteen (18) years in the operation of a massage business. A violation of this section shall also be grounds for revocation of any license issued to such violator pursuant to this article. 
(Ord. No. 2001-935, &#xA7;3, 2-6-01)</text><type>section</type><prefixes><section/></prefixes><entire_prefix/><prefix_anchor/><level>1</level></section></text></law>
