<?xml version="1.0"?>
<law><law_id>670</law_id><section_number>12-2101</section_number><catch_line>DEFINITIONS.</catch_line><history/><order_by>12-2101</order_by><text><section id="1919" prefix=""><text>As used in this article the following terms shall be defined as follows: 
Pawn or Pawn Transaction: A written bailment of personal property as security for debt, redeemable on certain terms within one hundred eighty (180) days, unless renewed, and with an implied power of sale on default. 
Pawnbroker: A person engaged in the business of lending money on the security of pledged goods and who may also purchase merchandise for resale from dealers and traders. 
Pawnshop: The location at which or in which a pawnbroker regularly conducts business. 
Person: Any individual, corporation, joint venture, association, or any other legal entity, however organized. 
Pledged Goods: Tangible personal property which is deposited with or otherwise delivered into the possession of a pawnbroker in the course of his business in connection with a pawn transaction. 
Purchase: Any item purchased from an individual for the purpose of resale whereby the seller no longer has a vested interest in the item. 
(Ord. No. 1992-982, &#xA7;1, 6-2-92)</text><type>section</type><prefixes><section/></prefixes><entire_prefix/><prefix_anchor/><level>1</level></section></text><metadata/><url>/12-2101/</url><token>12-2101</token><structure><unit label="division" level="1" identifier="II">Division II - Planning and Development</unit><unit label="part" level="3" identifier="12">PART 12 - LICENSING AND REGULATION</unit><unit label="chapter" level="4" identifier="2">CHAPTER 2. - BUSINESSES AND TRADES</unit><unit label="article" level="2" identifier="C">ARTICLE C. - PAWNBROKERS [3]</unit></structure><referred_to_by><reference>12-2106</reference></referred_to_by></law>
