<?xml version="1.0"?>
<law><law_id>634</law_id><section_number>12-2052</section_number><catch_line>APPLICATION.</catch_line><history/><order_by>12-2052</order_by><metadata/><url>/12-2052/</url><token>12-2052</token><structure><unit label="division" level="1" identifier="II">Division II - Planning and Development</unit><unit label="part" level="3" identifier="12">PART 12 - LICENSING AND REGULATION</unit><unit label="chapter" level="4" identifier="2">CHAPTER 2. - BUSINESSES AND TRADES</unit><unit label="article" level="2" identifier="B">ARTICLE B. - VEHICLES FOR HIRE</unit></structure><referred_to_by/><text><section id="1793" prefix="(a)"><text/><type>section</type><prefixes><section>(a)</section></prefixes><entire_prefix>(a)</entire_prefix><prefix_anchor>(a)</prefix_anchor><level>1</level></section><section id="1794" prefix="(1)"><text>	The name and address of the applicant (owner or driver), and if the applicant (owner or driver) be a corporation, a certified copy of the articles of incorporation. 
</text><type>section</type><prefixes><section>(a)</section><section>(1)</section></prefixes><entire_prefix>(a)(1)</entire_prefix><prefix_anchor>(a)(1)</prefix_anchor><level>2</level></section><section id="1795" prefix="(2)"><text>	The number of vehicles actually owned and the number of vehicles actually operated by such owner on the date of such application, if any; 
</text><type>section</type><prefixes><section>(a)</section><section>(2)</section></prefixes><entire_prefix>(a)(2)</entire_prefix><prefix_anchor>(a)(2)</prefix_anchor><level>2</level></section><section id="1796" prefix="(3)"><text/><type>section</type><prefixes><section>(a)</section><section>(3)</section></prefixes><entire_prefix>(a)(3)</entire_prefix><prefix_anchor>(a)(3)</prefix_anchor><level>2</level></section><section id="1797" prefix="(4)"><text>	The net worth of the applicant (owner) over and above all debts, judgments, claims and demands whatsoever; 
</text><type>section</type><prefixes><section>(a)</section><section>(4)</section></prefixes><entire_prefix>(a)(4)</entire_prefix><prefix_anchor>(a)(4)</prefix_anchor><level>2</level></section><section id="1798" prefix="(5)"><text>	Whether there are any unpaid or unbonded judgments of record against such owner, and if so, the title of all actions and the amount of all judgments unpaid or unbonded, and reference to the judgment docket and page where the judgment is recorded; 
</text><type>section</type><prefixes><section>(a)</section><section>(5)</section></prefixes><entire_prefix>(a)(5)</entire_prefix><prefix_anchor>(a)(5)</prefix_anchor><level>2</level></section><section id="1799" prefix="(6)"><text/><type>section</type><prefixes><section>(a)</section><section>(6)</section></prefixes><entire_prefix>(a)(6)</entire_prefix><prefix_anchor>(a)(6)</prefix_anchor><level>2</level></section><section id="1800" prefix="(7)"><text>	Whether there are any liens, mortgages, or other encumbrances on such taxicabs, and, if so, the amount and character thereof;
</text><type>section</type><prefixes><section>(a)</section><section>(7)</section></prefixes><entire_prefix>(a)(7)</entire_prefix><prefix_anchor>(a)(7)</prefix_anchor><level>2</level></section><section id="1801" prefix="(8)"><text>	The experience of the applicant in the transportation of passengers for hire;
</text><type>section</type><prefixes><section>(a)</section><section>(8)</section></prefixes><entire_prefix>(a)(8)</entire_prefix><prefix_anchor>(a)(8)</prefix_anchor><level>2</level></section><section id="1802" prefix="(9)"><text/><type>section</type><prefixes><section>(a)</section><section>(9)</section></prefixes><entire_prefix>(a)(9)</entire_prefix><prefix_anchor>(a)(9)</prefix_anchor><level>2</level></section><section id="1803" prefix="(11"><text>	Criminal History Records Information obtained by the North Carolina Department of Justice or the Federal Bureau of Investigation shall be privileged information and shall be kept confidential and not disseminated outside the Raleigh Police Department. This information shall not be public record information as defined by Chapter 132 of the North Carolina General Statues; 
</text><type>section</type><prefixes><section>(a)</section><section>(11</section></prefixes><entire_prefix>(a)(11</entire_prefix><prefix_anchor>(a)(11</prefix_anchor><level>2</level></section><section id="1804" prefix="(12"><text>	Authority to conduct Criminal History Records Check is referenced with North Carolina General Statute 160A-304.
</text><type>section</type><prefixes><section>(a)</section><section>(12</section></prefixes><entire_prefix>(a)(12</entire_prefix><prefix_anchor>(a)(12</prefix_anchor><level>2</level></section><section id="1805" prefix="(13"><text/><type>section</type><prefixes><section>(a)</section><section>(13</section></prefixes><entire_prefix>(a)(13</entire_prefix><prefix_anchor>(a)(13</prefix_anchor><level>2</level></section><section id="1806" prefix="(14"><text>	Any of the following information obtained from Criminal History Records shall be deemed sufficient for refusing to issue a permit or for revoking a permit already issued: 
</text><type>section</type><prefixes><section>(a)</section><section>(14</section></prefixes><entire_prefix>(a)(14</entire_prefix><prefix_anchor>(a)(14</prefix_anchor><level>2</level></section><section id="1807" prefix="(i)"><text>Conviction of a felony against this State, or a conviction of any offense against another State or the United States which would have been a felony if committed in this State; 
(ii)	Violation of any federal or State law relating to the use, possession, or sale of alcoholic beverages, or narcotics or barbiturate drugs; 
(iii)	Addiction to or habitual use of alcoholic beverages or narcotics or barbiturate drugs;
(iv)	Violation of any federal or State law relating to prostitution;</text><type>section</type><prefixes><section>(i)</section></prefixes><entire_prefix>(i)</entire_prefix><prefix_anchor>(i)</prefix_anchor><level>1</level></section><section id="1808" prefix="(v)"><text/><type>section</type><prefixes><section>(v)</section></prefixes><entire_prefix>(v)</entire_prefix><prefix_anchor>(v)</prefix_anchor><level>1</level></section><section id="1809" prefix="(b)"><text>The applicant shall from time to time furnish to the Council such other information as the Council, in its discretion, may require. 
(Code 1959 , &#xA7;22-28; Ord. No. 1988-220, &#xA7;2, 7-19-88; Ord. No. 2009-671, &#xA7;&#xA7;24&#x2014;26, 11-3-09; Ord. No. 2009-672, &#xA7;1, 11-3-09)</text><type>section</type><prefixes><section>(b)</section></prefixes><entire_prefix>(b)</entire_prefix><prefix_anchor>(b)</prefix_anchor><level>1</level></section></text></law>
