<?xml version="1.0"?>
<law><law_id>731</law_id><section_number>12-2178</section_number><catch_line>REGISTRATION UPDATES.</catch_line><history/><order_by>12-2178</order_by><metadata/><url>/12-2178/</url><token>12-2178</token><structure><unit label="division" level="1" identifier="II">Division II - Planning and Development</unit><unit label="part" level="3" identifier="12">PART 12 - LICENSING AND REGULATION</unit><unit label="chapter" level="4" identifier="2">CHAPTER 2. - BUSINESSES AND TRADES</unit><unit label="article" level="2" identifier="H">ARTICLE H. - RENTAL DWELLING REGISTRATION AND PROP NOTIFICATION</unit></structure><referred_to_by/><text><section id="2216" prefix="(a)"><text>Any person taking title to a rental residential dwelling shall be the holder of the registration held by the prior owner for thirty (30) days after the transfer of title is recorded in the Wake County Registry or otherwise becomes legally binding. Upon the expiration of the thirty (30) day period a new registration shall be required.</text><type>section</type><prefixes><section>(a)</section></prefixes><entire_prefix>(a)</entire_prefix><prefix_anchor>(a)</prefix_anchor><level>1</level></section><section id="2217" prefix="(b)"><text>The owner of a registered dwelling shall update annually the information previously provided, or sooner as required by the Director of the Inspections Department. 
(Ord. No. 2008-415B, &#xA7;1, 7-1-08; Ord. No. 2011-980, &#xA7;4, 11-15-11)</text><type>section</type><prefixes><section>(b)</section></prefixes><entire_prefix>(b)</entire_prefix><prefix_anchor>(b)</prefix_anchor><level>1</level></section></text></law>
