<?xml version="1.0"?>
<law><law_id>648</law_id><section_number>12-2071</section_number><catch_line>PARTICIPATION REQUIREMENTS.</catch_line><history/><order_by>12-2071</order_by><metadata/><url>/12-2071/</url><token>12-2071</token><structure><unit label="division" level="1" identifier="II">Division II - Planning and Development</unit><unit label="part" level="3" identifier="12">PART 12 - LICENSING AND REGULATION</unit><unit label="chapter" level="4" identifier="2">CHAPTER 2. - BUSINESSES AND TRADES</unit><unit label="article" level="2" identifier="B">ARTICLE B. - VEHICLES FOR HIRE</unit></structure><referred_to_by><reference>12-2075</reference></referred_to_by><text><section id="1835" prefix=""><text>Any taxicab company that operates six (6) or more taxicabs must accept scrip of a type approved by the City in payment for premium taxi service. Scrip shall be sold to eligible ART users in appropriate denominations. The charge in scrip for a trip taken by an ART user shall be an amount no greater than that indicated in the rate schedule rounded to the nearest multiple of twenty-five cents ($0.25). Any taxicab company which has less than six (6) taxicabs in operation is exempt from this division. 
(Ord. No. 1989-383, &#xA7;3, 6-6-89)</text><type>section</type><prefixes><section/></prefixes><entire_prefix/><prefix_anchor/><level>1</level></section></text></law>
