<?xml version="1.0"?>
<law><law_id>687</law_id><section_number>12-2124</section_number><catch_line>PENALTIES.</catch_line><history/><order_by>12-2124</order_by><metadata/><url>/12-2124/</url><token>12-2124</token><structure><unit label="division" level="1" identifier="II">Division II - Planning and Development</unit><unit label="part" level="3" identifier="12">PART 12 - LICENSING AND REGULATION</unit><unit label="chapter" level="4" identifier="2">CHAPTER 2. - BUSINESSES AND TRADES</unit><unit label="article" level="2" identifier="D">ARTICLE D. - AMUSEMENTS [4]</unit></structure><referred_to_by><reference>12-2123</reference></referred_to_by><text><section id="1995" prefix="(a)"><text/><type>section</type><prefixes><section>(a)</section></prefixes><entire_prefix>(a)</entire_prefix><prefix_anchor>(a)</prefix_anchor><level>1</level></section><section id="1996" prefix="(1)"><text>	First offense in any
twelve-month period &amp;..$500.00 
</text><type>section</type><prefixes><section>(a)</section><section>(1)</section></prefixes><entire_prefix>(a)(1)</entire_prefix><prefix_anchor>(a)(1)</prefix_anchor><level>2</level></section><section id="1997" prefix="(2)"><text>	Second offense in any
twelve-month period &amp;..1,000.00 
</text><type>section</type><prefixes><section>(a)</section><section>(2)</section></prefixes><entire_prefix>(a)(2)</entire_prefix><prefix_anchor>(a)(2)</prefix_anchor><level>2</level></section><section id="1998" prefix="(3)"><text>	Third offense in any
twelve-month period &amp;..5,000.00 
</text><type>section</type><prefixes><section>(a)</section><section>(3)</section></prefixes><entire_prefix>(a)(3)</entire_prefix><prefix_anchor>(a)(3)</prefix_anchor><level>2</level></section><section id="1999" prefix="(4)"><text>	Fourth offense in any twelve-month period &amp;..One
year 
suspension 
</text><type>section</type><prefixes><section>(a)</section><section>(4)</section></prefixes><entire_prefix>(a)(4)</entire_prefix><prefix_anchor>(a)(4)</prefix_anchor><level>2</level></section><section id="2000" prefix="(b)"><text>In addition to the above fines and suspension, a violation of this article is also a misdemeanor and may also be enforced through injunctive or other equitable relief.</text><type>section</type><prefixes><section>(b)</section></prefixes><entire_prefix>(b)</entire_prefix><prefix_anchor>(b)</prefix_anchor><level>1</level></section><section id="2001" prefix="(c)"><text/><type>section</type><prefixes><section>(c)</section></prefixes><entire_prefix>(c)</entire_prefix><prefix_anchor>(c)</prefix_anchor><level>1</level></section></text></law>
