<?xml version="1.0"?>
<law><law_id>735</law_id><section_number>12-2182</section_number><catch_line>APPEAL.</catch_line><history/><order_by>12-2182</order_by><metadata/><url>/12-2182/</url><token>12-2182</token><structure><unit label="division" level="1" identifier="II">Division II - Planning and Development</unit><unit label="part" level="3" identifier="12">PART 12 - LICENSING AND REGULATION</unit><unit label="chapter" level="4" identifier="2">CHAPTER 2. - BUSINESSES AND TRADES</unit><unit label="article" level="2" identifier="H">ARTICLE H. - RENTAL DWELLING REGISTRATION AND PROP NOTIFICATION</unit></structure><referred_to_by/><text><section id="2227" prefix="(1)"><text>An appeal must be filed in writing with the Director of the Inspections Department within thirty (30) days after service of the written notice or order of the Director of the Inspections Department on the petitioner. The written appeal shall identify the application of the article at issue and provide the reasons the petitioner contends that it was wrongly applied and any supporting documentation.</text><type>section</type><prefixes><section>(1)</section></prefixes><entire_prefix>(1)</entire_prefix><prefix_anchor>(1)</prefix_anchor><level>1</level></section><section id="2228" prefix="(2)"><text/><type>section</type><prefixes><section>(2)</section></prefixes><entire_prefix>(2)</entire_prefix><prefix_anchor>(2)</prefix_anchor><level>1</level></section><section id="2229" prefix="(3)"><text>An appeal may be taken from any decision of arbitrator by giving notice of appeal to the City Council within thirty (30) days after service of the written decision of the arbitrator. Notice of appeal shall be given by delivery of a written statement to the City Manager stating the grounds for the appeal and providing the City Manager with a copy of the written decision of the arbitrator. The written appeal shall identify the application the article at issue and provide the reasons the petitioner contends that it was wrongly applied. The Director of the Inspection Department shall transmit to the City Manager all documents constituting the record upon which the decision by the arbitrator was made.</text><type>section</type><prefixes><section>(3)</section></prefixes><entire_prefix>(3)</entire_prefix><prefix_anchor>(3)</prefix_anchor><level>1</level></section><section id="2230" prefix="(4)"><text/><type>section</type><prefixes><section>(4)</section></prefixes><entire_prefix>(4)</entire_prefix><prefix_anchor>(4)</prefix_anchor><level>1</level></section><section id="2231" prefix="(5)"><text>All decisions of the Director of the Inspections Department and City Council shall be served on the petitioner. 
(Ord. No. 2008-415B, &#xA7;1, 7-1-08)</text><type>section</type><prefixes><section>(5)</section></prefixes><entire_prefix>(5)</entire_prefix><prefix_anchor>(5)</prefix_anchor><level>1</level></section></text></law>
