<?xml version="1.0"?>
<law><law_id>707</law_id><section_number>12-2145</section_number><catch_line>RESERVED.</catch_line><history/><order_by>12-2145</order_by><metadata/><url>/12-2145/</url><token>12-2145</token><structure><unit label="division" level="1" identifier="II">Division II - Planning and Development</unit><unit label="part" level="3" identifier="12">PART 12 - LICENSING AND REGULATION</unit><unit label="chapter" level="4" identifier="2">CHAPTER 2. - BUSINESSES AND TRADES</unit><unit label="article" level="2" identifier="E">ARTICLE E. - MASSAGES [6]</unit></structure><referred_to_by><reference>12-2145</reference></referred_to_by><text><section id="2066" prefix=""><text/><type>section</type><prefixes><section/></prefixes><entire_prefix/><prefix_anchor/><level>1</level></section></text></law>
