<?xml version="1.0"?>
<law><law_id>683</law_id><section_number>12-2120</section_number><catch_line>OUTDOOR AMPLIFIED ENTERTAINMENT.</catch_line><history/><order_by>12-2120</order_by><metadata/><url>/12-2120/</url><token>12-2120</token><structure><unit label="division" level="1" identifier="II">Division II - Planning and Development</unit><unit label="part" level="3" identifier="12">PART 12 - LICENSING AND REGULATION</unit><unit label="chapter" level="4" identifier="2">CHAPTER 2. - BUSINESSES AND TRADES</unit><unit label="article" level="2" identifier="D">ARTICLE D. - AMUSEMENTS [4]</unit></structure><referred_to_by/><text><section id="1971" prefix="(a)"><text>Stadiums and arenas holding existing special use permits for their operation.</text><type>section</type><prefixes><section>(a)</section></prefixes><entire_prefix>(a)</entire_prefix><prefix_anchor>(a)</prefix_anchor><level>1</level></section><section id="1972" prefix="(b)"><text>Shopping centers containing more than one hundred thousand (100,000) square feet of retail space so long as no such event continues more than seven (7) consecutive days and so long as the total number of days devoted to such events in a calendar year does not exceed twenty (20) days or four (4) weekends.</text><type>section</type><prefixes><section>(b)</section></prefixes><entire_prefix>(b)</entire_prefix><prefix_anchor>(b)</prefix_anchor><level>1</level></section><section id="1973" prefix="(c)"><text>Parades and spectators and participants in parades.</text><type>section</type><prefixes><section>(c)</section></prefixes><entire_prefix>(c)</entire_prefix><prefix_anchor>(c)</prefix_anchor><level>1</level></section><section id="1974" prefix="(d)"><text>Outdoor events, races, festivals or concerts on public property or public vehicular areas that are sponsored, cosponsored, or permitted by the City. 
(Ord. No. 1999-539, &#xA7;1, 4-6-99; Ord. No. 2001-990, &#xA7;1, 4-17-01; Ord. No. 2008-417, &#xA7;2, 6-17-08)</text><type>section</type><prefixes><section>(d)</section></prefixes><entire_prefix>(d)</entire_prefix><prefix_anchor>(d)</prefix_anchor><level>1</level></section><section id="1975" prefix="(e)"><text>Landscaping, screening, fencing with respect to protecting affected properties from anticipated noise, loss of privacy, and glare; preserving of important natural features; or harmonizing the request with affected properties.</text><type>section</type><prefixes><section>(e)</section></prefixes><entire_prefix>(e)</entire_prefix><prefix_anchor>(e)</prefix_anchor><level>1</level></section><section id="1976" prefix="(f)"><text>Control or elimination of noise, dust, vibration, and lighting.</text><type>section</type><prefixes><section>(f)</section></prefixes><entire_prefix>(f)</entire_prefix><prefix_anchor>(f)</prefix_anchor><level>1</level></section><section id="1977" prefix="(g)"><text/><type>section</type><prefixes><section>(g)</section></prefixes><entire_prefix>(g)</entire_prefix><prefix_anchor>(g)</prefix_anchor><level>1</level></section><section id="1978" prefix="(4)"><text>	Duration of permit. 
Any special use permit issued by the City Council may be limited in its duration and may contain other conditions and limitations including, but not limited to, hours of operation. The special use permit shall remain in full force and effect so long as the establishment maintains a valid amplified entertainment permit unless the conditions of approval of the special use permit set out a different term of validity. 
</text><type>section</type><prefixes><section>(g)</section><section>(4)</section></prefixes><entire_prefix>(g)(4)</entire_prefix><prefix_anchor>(g)(4)</prefix_anchor><level>2</level></section><section id="1979" prefix="(5)"><text>	Exemptions. 
The following activities are exempted from the regulations controlling outdoor amplified sound: 
</text><type>section</type><prefixes><section>(g)</section><section>(5)</section></prefixes><entire_prefix>(g)(5)</entire_prefix><prefix_anchor>(g)(5)</prefix_anchor><level>2</level></section></text></law>
