<?xml version="1.0"?>
<law><law_id>702</law_id><section_number>12-2141</section_number><catch_line>HOURS OF OPERATION.</catch_line><history/><order_by>12-2141</order_by><metadata/><url>/12-2141/</url><token>12-2141</token><structure><unit label="division" level="1" identifier="II">Division II - Planning and Development</unit><unit label="part" level="3" identifier="12">PART 12 - LICENSING AND REGULATION</unit><unit label="chapter" level="4" identifier="2">CHAPTER 2. - BUSINESSES AND TRADES</unit><unit label="article" level="2" identifier="E">ARTICLE E. - MASSAGES [6]</unit></structure><referred_to_by/><text><section id="2058" prefix="(a)"><text>It shall be unlawful for any person licensed as a massagist to massage or treat any person between the hours of 11:30 p.m. and 5:00 a.m.</text><type>section</type><prefixes><section>(a)</section></prefixes><entire_prefix>(a)</entire_prefix><prefix_anchor>(a)</prefix_anchor><level>1</level></section><section id="2059" prefix="(b)"><text>It shall be unlawful for any person, corporation, partnership, or association licensed under this article to admit customers or prospective customers, or remain open for business, or allow, permit, or condone any massage or treatment of any person upon the premises between the hours of 11:30 p.m. and 5:00 a.m.</text><type>section</type><prefixes><section>(b)</section></prefixes><entire_prefix>(b)</entire_prefix><prefix_anchor>(b)</prefix_anchor><level>1</level></section><section id="2060" prefix="(c)"><text>A violation of this section shall be deemed sufficient grounds for revocation of a license. 
(Ord. No. 2001-935, &#xA7;3, 2-6-01)</text><type>section</type><prefixes><section>(c)</section></prefixes><entire_prefix>(c)</entire_prefix><prefix_anchor>(c)</prefix_anchor><level>1</level></section></text></law>
