<?xml version="1.0"?>
<law><law_id>664</law_id><section_number>12-2091</section_number><catch_line>REVOCATION.</catch_line><history/><order_by>12-2091</order_by><metadata/><url>/12-2091/</url><token>12-2091</token><structure><unit label="division" level="1" identifier="II">Division II - Planning and Development</unit><unit label="part" level="3" identifier="12">PART 12 - LICENSING AND REGULATION</unit><unit label="chapter" level="4" identifier="2">CHAPTER 2. - BUSINESSES AND TRADES</unit><unit label="article" level="2" identifier="B">ARTICLE B. - VEHICLES FOR HIRE</unit></structure><referred_to_by/><text><section id="1898" prefix="(a)"><text/><type>section</type><prefixes><section>(a)</section></prefixes><entire_prefix>(a)</entire_prefix><prefix_anchor>(a)</prefix_anchor><level>1</level></section><section id="1899" prefix="(1)"><text>	If he finds that the person holding the permit has made a material false statement in the application for the permit or attachments to it; 
</text><type>section</type><prefixes><section>(a)</section><section>(1)</section></prefixes><entire_prefix>(a)(1)</entire_prefix><prefix_anchor>(a)(1)</prefix_anchor><level>2</level></section><section id="1900" prefix="(2)"><text/><type>section</type><prefixes><section>(a)</section><section>(2)</section></prefixes><entire_prefix>(a)(2)</entire_prefix><prefix_anchor>(a)(2)</prefix_anchor><level>2</level></section><section id="1901" prefix="(3)"><text>	If he finds that the person holding the permit is physically or mentally incapable of operating a taxicab in a safe manner; 
</text><type>section</type><prefixes><section>(a)</section><section>(3)</section></prefixes><entire_prefix>(a)(3)</entire_prefix><prefix_anchor>(a)(3)</prefix_anchor><level>2</level></section><section id="1902" prefix="(4)"><text>	If he finds that the permit holder, while driving a taxicab is not clean in dress and person; 
</text><type>section</type><prefixes><section>(a)</section><section>(4)</section></prefixes><entire_prefix>(a)(4)</entire_prefix><prefix_anchor>(a)(4)</prefix_anchor><level>2</level></section><section id="1903" prefix="(5)"><text>	If he finds the driver has become addicted to alcohol or drugs; 
</text><type>section</type><prefixes><section>(a)</section><section>(5)</section></prefixes><entire_prefix>(a)(5)</entire_prefix><prefix_anchor>(a)(5)</prefix_anchor><level>2</level></section><section id="1904" prefix="(6)"><text/><type>section</type><prefixes><section>(a)</section><section>(6)</section></prefixes><entire_prefix>(a)(6)</entire_prefix><prefix_anchor>(a)(6)</prefix_anchor><level>2</level></section><section id="1905" prefix="(7)"><text/><type>section</type><prefixes><section>(a)</section><section>(7)</section></prefixes><entire_prefix>(a)(7)</entire_prefix><prefix_anchor>(a)(7)</prefix_anchor><level>2</level></section><section id="1906" prefix="(8)"><text>	If he finds that the person holding the permit has been convicted of or has entered a plea of guilty of nolo contendere to: 
a.	A felony;
b.	A crime involving the driving of an automobile resulting in death;
c.	Driving a motor vehicle while intoxicated;
d.	A violation of any Federal or state statute relating to the use, possession, sale of intoxicating liquors, alcoholic beverages, beer or wine, narcotic, barbituric or other habit-forming drugs; 
e.	A violation of any state or Federal statute relating to prostitution or lotteries;
f.	Any crime which is so offensive to the public safety or morals and/or so recent as to justify a finding that the applicant does not possess a good moral character. 
</text><type>section</type><prefixes><section>(a)</section><section>(8)</section></prefixes><entire_prefix>(a)(8)</entire_prefix><prefix_anchor>(a)(8)</prefix_anchor><level>2</level></section><section id="1907" prefix="(9)"><text>	If found after investigation and review that the permit holder has given reason to believe he/she has engaged in conduct that is detrimental to the health and safety of another person that renders the holder unfit to operate a taxicab in the City of Raleigh. 
(10)	If found after investigation and review that the permit holder knowingly transported a passenger for the purpose of committing a crime. 
</text><type>section</type><prefixes><section>(a)</section><section>(9)</section></prefixes><entire_prefix>(a)(9)</entire_prefix><prefix_anchor>(a)(9)</prefix_anchor><level>2</level></section><section id="1908" prefix="(b)"><text>No revocation shall become permanently effective until the person whose permit is being revoked is given reasonable notice and an opportunity to appeal, successively, to the Chief of Police, the City Manager, and to the Council, as provided in &#xA7;12-2087 herein. The City Manager may affirm the action of the Chief of Police in revoking a permit; or, may make the revocation effective for a fixed period of time not to be less than thirty (30) days; or, may suspend a revocation upon condition that the revocation shall become effective if another violation of this part occurs within one (1) year from the date of the first violation. Upon revocation, a notice thereof shall be served upon the person holding the permit, who shall immediately surrender the permit. The permit shall be retained by the Police Chief or his designee pending a failure to appeal or a final decision as to revocation.</text><type>section</type><prefixes><section>(b)</section></prefixes><entire_prefix>(b)</entire_prefix><prefix_anchor>(b)</prefix_anchor><level>1</level></section><section id="1909" prefix="(c)"><text/><type>section</type><prefixes><section>(c)</section></prefixes><entire_prefix>(c)</entire_prefix><prefix_anchor>(c)</prefix_anchor><level>1</level></section></text></law>
