<?xml version="1.0"?>
<law><law_id>611</law_id><section_number>12-2030</section_number><catch_line>IDENTIFICATION OF VEHICLES.</catch_line><history/><order_by>12-2030</order_by><metadata/><url>/12-2030/</url><token>12-2030</token><structure><unit label="division" level="1" identifier="II">Division II - Planning and Development</unit><unit label="part" level="3" identifier="12">PART 12 - LICENSING AND REGULATION</unit><unit label="chapter" level="4" identifier="2">CHAPTER 2. - BUSINESSES AND TRADES</unit><unit label="article" level="2" identifier="B">ARTICLE B. - VEHICLES FOR HIRE</unit></structure><referred_to_by/><text><section id="1754" prefix="(a)"><text/><type>section</type><prefixes><section>(a)</section></prefixes><entire_prefix>(a)</entire_prefix><prefix_anchor>(a)</prefix_anchor><level>1</level></section><section id="1755" prefix="(b)"><text>Colors of paint to be used for lettering and number shall be of sharp contrast with color of surface paint to which this is applied, so as to be evenly visible at a reasonable distance, especially at nighttime with streetlights. No lettering or numbers shall be acceptable which have been painted upon a sheet of metal or other material which in turn can be removed or detached to conceal the identification of such cab company and cab number, provided that an owner who operates under the name of another owner may use the same color scheme as such other owner.</text><type>section</type><prefixes><section>(b)</section></prefixes><entire_prefix>(b)</entire_prefix><prefix_anchor>(b)</prefix_anchor><level>1</level></section><section id="1756" prefix="(c)"><text>No vehicle covered by the terms of this chapter shall be licensed nor shall a permit be issued for any vehicle whose color scheme, identifying design, monogram or insignia to be used thereon shall conflict with or imitate any color scheme, identifying design, monogram or insignia used on a vehicle or vehicles already operating under a permit issued pursuant to this article, in such a manner as to be misleading or tending to deceive the public; provided, after a license or permit has been issued for a taxicab hereunder, if the color scheme, identifying design, monogram or insignia thereof is changed so as to be in conflict with or imitate any existing approved color scheme, identifying design, monogram or insignia used by any other owner in such a manner as to be misleading or tending to deceive the public, the license of or permit covering such taxicab or taxicabs shall be suspended or revoked.</text><type>section</type><prefixes><section>(c)</section></prefixes><entire_prefix>(c)</entire_prefix><prefix_anchor>(c)</prefix_anchor><level>1</level></section><section id="1757" prefix="(d)"><text>It is a violation of this article for any owner to engage in false or misleading marketing or advertising included but not limited to the use of the name or color scheme of a competing taxi company licensed under the provisions of this article.</text><type>section</type><prefixes><section>(d)</section></prefixes><entire_prefix>(d)</entire_prefix><prefix_anchor>(d)</prefix_anchor><level>1</level></section><section id="1758" prefix="(e)"><text>In lieu of paint, any material required by this section to be painted on a taxicab may be placed on the cab through the use of an adhesive decal containing the required information and name. This authorization does not include or permit the use of magnetic signs or devices to convey the required information. 
(Code 1959 , &#xA7;22-10; Ord. No. 1980-487, &#xA7;12, 10-7-80; Ord. No. 1988-220, &#xA7;1, 7-19-88; Ord. No. 1999-691, &#xA7;&#xA7;4, 5, 11-16-99; Ord. No. 2003-390, &#xA7;2, 2-18-03)</text><type>section</type><prefixes><section>(e)</section></prefixes><entire_prefix>(e)</entire_prefix><prefix_anchor>(e)</prefix_anchor><level>1</level></section></text></law>
