<?xml version="1.0"?>
<law><law_id>672</law_id><section_number>12-2103</section_number><catch_line>ISSUANCE OF LICENSE.</catch_line><history/><order_by>12-2103</order_by><metadata/><url>/12-2103/</url><token>12-2103</token><structure><unit label="division" level="1" identifier="II">Division II - Planning and Development</unit><unit label="part" level="3" identifier="12">PART 12 - LICENSING AND REGULATION</unit><unit label="chapter" level="4" identifier="2">CHAPTER 2. - BUSINESSES AND TRADES</unit><unit label="article" level="2" identifier="C">ARTICLE C. - PAWNBROKERS [3]</unit></structure><referred_to_by><reference>12-2104</reference></referred_to_by><text><section id="1929" prefix="(a)"><text/><type>section</type><prefixes><section>(a)</section></prefixes><entire_prefix>(a)</entire_prefix><prefix_anchor>(a)</prefix_anchor><level>1</level></section><section id="1930" prefix="(1)"><text>	The application contains no misstatement of fact.
</text><type>section</type><prefixes><section>(a)</section><section>(1)</section></prefixes><entire_prefix>(a)(1)</entire_prefix><prefix_anchor>(a)(1)</prefix_anchor><level>2</level></section><section id="1931" prefix="(2)"><text>	The applicant conforms to all requirements of applicable zoning, building, and fire prevention codes.
</text><type>section</type><prefixes><section>(a)</section><section>(2)</section></prefixes><entire_prefix>(a)(2)</entire_prefix><prefix_anchor>(a)(2)</prefix_anchor><level>2</level></section><section id="1932" prefix="(3)"><text>	The applicant shall not have been convicted of a felony within a ten-year period preceding the filing of the application. 
</text><type>section</type><prefixes><section>(a)</section><section>(3)</section></prefixes><entire_prefix>(a)(3)</entire_prefix><prefix_anchor>(a)(3)</prefix_anchor><level>2</level></section><section id="1933" prefix="(4)"><text>	Parking facilities and traffic facilities in the neighborhood.
</text><type>section</type><prefixes><section>(a)</section><section>(4)</section></prefixes><entire_prefix>(a)(4)</entire_prefix><prefix_anchor>(a)(4)</prefix_anchor><level>2</level></section><section id="1934" prefix="(5)"><text>	The recommendations of the City of Raleigh Police Department. 
</text><type>section</type><prefixes><section>(a)</section><section>(5)</section></prefixes><entire_prefix>(a)(5)</entire_prefix><prefix_anchor>(a)(5)</prefix_anchor><level>2</level></section><section id="1935" prefix="(6)"><text>	Any other evidence that would tend to show whether the applicant would comply with the provisions of G.S. Chapter 91A and the applicable provisions of this Code and whether the operation of the business at that location would be detrimental to the neighborhood. 
</text><type>section</type><prefixes><section>(a)</section><section>(6)</section></prefixes><entire_prefix>(a)(6)</entire_prefix><prefix_anchor>(a)(6)</prefix_anchor><level>2</level></section><section id="1936" prefix="(7)"><text>	This ordinance [section] shall apply to all pawnbroker licenses pending on May 8, 1995, and to all applications for such licenses filed after that date. 
</text><type>section</type><prefixes><section>(a)</section><section>(7)</section></prefixes><entire_prefix>(a)(7)</entire_prefix><prefix_anchor>(a)(7)</prefix_anchor><level>2</level></section><section id="1937" prefix="(b)"><text>Upon approval of the application by the Council and upon receipt of a license fee of two hundred seventy-five dollars ($275.00), the Revenue Collector shall issue a pawnbrokers license to the applicant. The license must be renewed annually.</text><type>section</type><prefixes><section>(b)</section></prefixes><entire_prefix>(b)</entire_prefix><prefix_anchor>(b)</prefix_anchor><level>1</level></section><section id="1938" prefix="(c)"><text>At the time of receiving the license the applicant shall file with the City Clerk a bond payable to the City in the amount of five thousand dollars ($5,000.00) to be executed by the licensee and by two (2) sureties or a surety company licensed to do business in North Carolina, which shall be for the faithful performance of the requirements and obligations pertaining to the licensed business. The City may sue for forfeiture of the bond upon breach, and any other person who obtains a judgment against a pawnbroker and upon which judgment execution is returned unsatisfied may maintain an action in his own name upon the bond to satisfy the judgment. 
(Ord. No. 1992-982, &#xA7;3, 6-2-92; Ord. No. 1995-639, &#xA7;1, 5-2-95; Ord. No. 1995-679, &#xA7;1, 7-5-95)</text><type>section</type><prefixes><section>(c)</section></prefixes><entire_prefix>(c)</entire_prefix><prefix_anchor>(c)</prefix_anchor><level>1</level></section></text></law>
