<?xml version="1.0"?>
<law><law_id>618</law_id><section_number>12-2036</section_number><catch_line>RESTRICTION ON NUMBER OF PASSENGERS.</catch_line><history/><order_by>12-2036</order_by><metadata/><url>/12-2036/</url><token>12-2036</token><structure><unit label="division" level="1" identifier="II">Division II - Planning and Development</unit><unit label="part" level="3" identifier="12">PART 12 - LICENSING AND REGULATION</unit><unit label="chapter" level="4" identifier="2">CHAPTER 2. - BUSINESSES AND TRADES</unit><unit label="article" level="2" identifier="B">ARTICLE B. - VEHICLES FOR HIRE</unit></structure><referred_to_by/><text><section id="1766" prefix=""><text>No driver shall permit more persons to be carried in a taxicab at any one time than the seating capacity of such taxicab (as rated by the automobile manufacturer), including the driver, children in arms excepted. 
(Code 1959 , &#xA7;22-16)</text><type>section</type><prefixes><section/></prefixes><entire_prefix/><prefix_anchor/><level>1</level></section></text></law>
