<?xml version="1.0"?>
<law><law_id>697</law_id><section_number>12-2136</section_number><catch_line>LICENSING OF MASSAGISTS.</catch_line><history/><order_by>12-2136</order_by><metadata/><url>/12-2136/</url><token>12-2136</token><structure><unit label="division" level="1" identifier="II">Division II - Planning and Development</unit><unit label="part" level="3" identifier="12">PART 12 - LICENSING AND REGULATION</unit><unit label="chapter" level="4" identifier="2">CHAPTER 2. - BUSINESSES AND TRADES</unit><unit label="article" level="2" identifier="E">ARTICLE E. - MASSAGES [6]</unit></structure><referred_to_by/><text><section id="2045" prefix="(a)"><text>No person shall engage in the business or profession of massage unless such person shall have first applied for and received the regulatory license provided by this section.</text><type>section</type><prefixes><section>(a)</section></prefixes><entire_prefix>(a)</entire_prefix><prefix_anchor>(a)</prefix_anchor><level>1</level></section><section id="2046" prefix="(b)"><text/><type>section</type><prefixes><section>(b)</section></prefixes><entire_prefix>(b)</entire_prefix><prefix_anchor>(b)</prefix_anchor><level>1</level></section><section id="2047" prefix="(1)"><text>	The name, age, social security number, and current business and residence addresses of the applicant; 
</text><type>section</type><prefixes><section>(b)</section><section>(1)</section></prefixes><entire_prefix>(b)(1)</entire_prefix><prefix_anchor>(b)(1)</prefix_anchor><level>2</level></section><section id="2048" prefix="(2)"><text/><type>section</type><prefixes><section>(b)</section><section>(2)</section></prefixes><entire_prefix>(b)(2)</entire_prefix><prefix_anchor>(b)(2)</prefix_anchor><level>2</level></section><section id="2049" prefix="(3)"><text/><type>section</type><prefixes><section>(b)</section><section>(3)</section></prefixes><entire_prefix>(b)(3)</entire_prefix><prefix_anchor>(b)(3)</prefix_anchor><level>2</level></section><section id="2050" prefix="(c)"><text>The application shall be approved if it is determined that the applicant possesses a current, valid license to practice massage and bodywork therapy issued by the State of North Carolina and has not been previously convicted of any violation of any provision of this article or misstated any information submitted in the application. Upon approval of the application and upon receipt of a twenty-five dollar ($25.00) license fee, the collector of revenue shall issue a regulatory license to the applicant. 
(Ord. No. 2001-935, &#xA7;3, 2-6-01)</text><type>section</type><prefixes><section>(c)</section></prefixes><entire_prefix>(c)</entire_prefix><prefix_anchor>(c)</prefix_anchor><level>1</level></section></text></law>
