<?xml version="1.0"?>
<law><law_id>671</law_id><section_number>12-2102</section_number><catch_line>LICENSING OF PAWNBROKERS.</catch_line><history/><order_by>12-2102</order_by><metadata/><url>/12-2102/</url><token>12-2102</token><structure><unit label="division" level="1" identifier="II">Division II - Planning and Development</unit><unit label="part" level="3" identifier="12">PART 12 - LICENSING AND REGULATION</unit><unit label="chapter" level="4" identifier="2">CHAPTER 2. - BUSINESSES AND TRADES</unit><unit label="article" level="2" identifier="C">ARTICLE C. - PAWNBROKERS [3]</unit></structure><referred_to_by/><text><section id="1920" prefix="(a)"><text>No person, firm, or corporation shall establish or operate a pawnbroker business without first having applied for and been granted the license provided by this section.</text><type>section</type><prefixes><section>(a)</section></prefixes><entire_prefix>(a)</entire_prefix><prefix_anchor>(a)</prefix_anchor><level>1</level></section><section id="1921" prefix="(b)"><text/><type>section</type><prefixes><section>(b)</section></prefixes><entire_prefix>(b)</entire_prefix><prefix_anchor>(b)</prefix_anchor><level>1</level></section><section id="1922" prefix="(1)"><text>	The name and address of the person, and in case of a firm or partnership, the names and addresses of the persons composing such firm or of the officers of a corporation. 
</text><type>section</type><prefixes><section>(b)</section><section>(1)</section></prefixes><entire_prefix>(b)(1)</entire_prefix><prefix_anchor>(b)(1)</prefix_anchor><level>2</level></section><section id="1923" prefix="(2)"><text>	The name of the business and the street address and mailing address where the business is to be operated. 
</text><type>section</type><prefixes><section>(b)</section><section>(2)</section></prefixes><entire_prefix>(b)(2)</entire_prefix><prefix_anchor>(b)(2)</prefix_anchor><level>2</level></section><section id="1924" prefix="(3)"><text>	A statement indicating the amount of net assets or capital proposed to be used by the petitioner in operation of the business. This statement shall be accompanied by an unaudited statement from an accountant verifying the information contained in the statement. 
</text><type>section</type><prefixes><section>(b)</section><section>(3)</section></prefixes><entire_prefix>(b)(3)</entire_prefix><prefix_anchor>(b)(3)</prefix_anchor><level>2</level></section><section id="1925" prefix="(4)"><text>	An affidavit by the petitioner that he has not been convicted of a felony.
</text><type>section</type><prefixes><section>(b)</section><section>(4)</section></prefixes><entire_prefix>(b)(4)</entire_prefix><prefix_anchor>(b)(4)</prefix_anchor><level>2</level></section><section id="1926" prefix="(5)"><text>	A certificate from the Chief of Police, sheriff of the County, or the State bureau of investigation certifying that the petitioner has not been convicted of a felony. 
</text><type>section</type><prefixes><section>(b)</section><section>(5)</section></prefixes><entire_prefix>(b)(5)</entire_prefix><prefix_anchor>(b)(5)</prefix_anchor><level>2</level></section><section id="1927" prefix="(c)"><text>The Revenue Collector shall transmit a copy of the application to the Police Department for an investigative report, to the Inspections Department for a determination as to compliance with zoning and development regulations, and to the Fire Department to determine compliance with laws relating to fire protection. These department shall report back to the Revenue Collector within a reasonable period of time not to exceed thirty (30) days.</text><type>section</type><prefixes><section>(c)</section></prefixes><entire_prefix>(c)</entire_prefix><prefix_anchor>(c)</prefix_anchor><level>1</level></section><section id="1928" prefix="(d)"><text>An application in proper form shall be placed on the printed agenda of the first regular Council meeting after completion of the reports and for which the normal agenda deadline date can be met. 
(Ord. No. 1992-982, &#xA7;2, 6-2-92)</text><type>section</type><prefixes><section>(d)</section></prefixes><entire_prefix>(d)</entire_prefix><prefix_anchor>(d)</prefix_anchor><level>1</level></section></text></law>
