<?xml version="1.0"?>
<law><law_id>719</law_id><section_number>12-2165</section_number><catch_line>STANDARDS.</catch_line><history/><order_by>12-2165</order_by><metadata/><url>/12-2165/</url><token>12-2165</token><structure><unit label="division" level="1" identifier="II">Division II - Planning and Development</unit><unit label="part" level="3" identifier="12">PART 12 - LICENSING AND REGULATION</unit><unit label="chapter" level="4" identifier="2">CHAPTER 2. - BUSINESSES AND TRADES</unit><unit label="article" level="2" identifier="G">ARTICLE G. - PROBATIONARY RENTAL OCCUPANCY PERMIT [8]</unit></structure><referred_to_by><reference>12-2164</reference><reference>12-2167</reference></referred_to_by><text><section id="2150" prefix="(a)"><text/><type>section</type><prefixes><section>(a)</section></prefixes><entire_prefix>(a)</entire_prefix><prefix_anchor>(a)</prefix_anchor><level>1</level></section><section id="2151" prefix="(b)"><text>The permittee at least once during the first year of the permit period shall attend one residential management course conducted or approved by the City. The Inspections Department shall maintain a list of approved courses.</text><type>section</type><prefixes><section>(b)</section></prefixes><entire_prefix>(b)</entire_prefix><prefix_anchor>(b)</prefix_anchor><level>1</level></section><section id="2152" prefix="(c)"><text>The permittee shall maintain the dwelling so that it does not violate any applicable provision of the zoning Code, minimum housing Code, or other Code provision listed in the definition of probationary rental residential dwelling at &#xA7;12-2163</text><type>section</type><prefixes><section>(c)</section></prefixes><entire_prefix>(c)</entire_prefix><prefix_anchor>(c)</prefix_anchor><level>1</level></section><section id="2153" prefix="(d)"><text>The permittee shall maintain a current list of occupants. Upon request, by City inspectors, police, and fire and emergency response personnel investigating violations or potential violations of this article, the permittee shall present the list of occupants to the investigating personnel.</text><type>section</type><prefixes><section>(d)</section></prefixes><entire_prefix>(d)</entire_prefix><prefix_anchor>(d)</prefix_anchor><level>1</level></section><section id="2154" prefix="(e)"><text>The permittee shall obtain a &#xA7;10-6125(c) certificate of housing Code compliance before a vacant probationary rental residential dwelling with an unresolved notice of violation of the Housing Code is occupied by another tenant.</text><type>section</type><prefixes><section>(e)</section></prefixes><entire_prefix>(e)</entire_prefix><prefix_anchor>(e)</prefix_anchor><level>1</level></section><section id="2155" prefix="(f)"><text>The permittee shall comply with the requirements of this article.</text><type>section</type><prefixes><section>(f)</section></prefixes><entire_prefix>(f)</entire_prefix><prefix_anchor>(f)</prefix_anchor><level>1</level></section><section id="2156" prefix="(g)"><text>The Public Utilities Department shall not provide water service to a vacant probationary rental residential dwelling which is in violation of the Housing Code until a certificate of housing Code compliance has been issued for the dwelling pursuant to &#xA7;10-6125(c), unless the Director of the Public Utilities Department determines such service is necessary for public health reasons and will not be used by occupants of the dwelling for residential purposes.</text><type>section</type><prefixes><section>(g)</section></prefixes><entire_prefix>(g)</entire_prefix><prefix_anchor>(g)</prefix_anchor><level>1</level></section><section id="2157" prefix="(h)"><text>Within thirty (30) days of the designation of a dwelling as probationary residential rental dwelling, the owner shall deliver a written notification, using the form approved by the Department of Inspections, to each tenant that the dwelling is a probationary rental residential dwelling. Prior to entering into a rental agreement, whether oral or written, the permittee shall provide written notification, using the form approved by the Department of Inspections, to each prospective tenant that the dwelling is a probationary rental residential dwelling. In the notification, the permittee shall explain the possible enforcement actions which can be applied for violations of the probationary rental occupancy permit. The permittee shall provide proof of the delivery to the Inspections Department along with a copy of the notification within ten (10) days of receipt of proof of delivery.</text><type>section</type><prefixes><section>(h)</section></prefixes><entire_prefix>(h)</entire_prefix><prefix_anchor>(h)</prefix_anchor><level>1</level></section><section id="2158" prefix="(i)"><text>Within thirty (30) days of the designation of a dwelling as probationary residential rental dwelling, the owner of a condominium or a dwelling in a townhouse development, shall deliver a written notification, using the form approved by the Department of Inspections, to the association or governing body which controls the property commonly owned and associated with the dwelling, that the dwelling is a probationary rental residential dwelling. In the notification, the permittee shall explain the possible enforcement actions which can be applied for violations of the probationary rental occupancy permit on the common property of the association. The permittee shall provide proof of the delivery to the Inspections Department along with a copy of the notification within ten (10) days of receipt of proof of delivery.</text><type>section</type><prefixes><section>(i)</section></prefixes><entire_prefix>(i)</entire_prefix><prefix_anchor>(i)</prefix_anchor><level>1</level></section><section id="2159" prefix="(j)"><text>Within thirty (30) days of the designation of an apartment house as probationary residential rental dwelling and when the persons owning the apartment house and the apartment complex are not the same person, the owner of an apartment house, shall deliver a written notification, using the form approved by the Department of Inspections, to the owner of the apartment project which controls the property commonly owned and associated with the apartment house, that the apartment house is a probationary rental residential dwelling. In the notification, the permittee shall explain the possible enforcement actions which can be applied for violations of the probationary rental occupancy permit on the common property of the apartment complex. The permittee shall provide proof of the delivery to the Inspections Department along with a copy of the notification within ten (10) days of receipt of proof of delivery. 
(Ord. No. 2004-720, &#xA7;1, 10-19-04; Ord. No. 2006-54, &#xA7;&#xA7;9, 14, 15, 7-11-06)</text><type>section</type><prefixes><section>(j)</section></prefixes><entire_prefix>(j)</entire_prefix><prefix_anchor>(j)</prefix_anchor><level>1</level></section></text></law>
