<?xml version="1.0"?>
<law><law_id>681</law_id><section_number>12-2118</section_number><catch_line>DEFINITION.</catch_line><history/><order_by>12-2118</order_by><metadata/><url>/12-2118/</url><token>12-2118</token><structure><unit label="division" level="1" identifier="II">Division II - Planning and Development</unit><unit label="part" level="3" identifier="12">PART 12 - LICENSING AND REGULATION</unit><unit label="chapter" level="4" identifier="2">CHAPTER 2. - BUSINESSES AND TRADES</unit><unit label="article" level="2" identifier="D">ARTICLE D. - AMUSEMENTS [4]</unit></structure><referred_to_by><reference>12-2126</reference></referred_to_by><text><section id="1965" prefix=""><text>All establishments located in Raleigh and providing amplified music or other amplified entertainment shall possess an amplified entertainment permit. Amplified entertainment shall mean any type of music or other entertainment delivered through and by an electronic system. Televisions operating with no amplification other than their internal speakers and background music systems operated at a low amplification and not intended for entertainment shall not be deemed amplified entertainment. Religious worship facilities, schools and any establishment providing amplified entertainment four (4) or fewer times a year are exempt from the provisions of this division. 
(Ord. No. 1999-539, &#xA7;1, 4-6-99; Ord. No. 2005-851, &#xA7;1, 6-7-05)</text><type>section</type><prefixes><section/></prefixes><entire_prefix/><prefix_anchor/><level>1</level></section></text></law>
