<?xml version="1.0"?>
<law><law_id>659</law_id><section_number>12-2086</section_number><catch_line>REFUSAL TO ISSUE.</catch_line><history/><order_by>12-2086</order_by><metadata/><url>/12-2086/</url><token>12-2086</token><structure><unit label="division" level="1" identifier="II">Division II - Planning and Development</unit><unit label="part" level="3" identifier="12">PART 12 - LICENSING AND REGULATION</unit><unit label="chapter" level="4" identifier="2">CHAPTER 2. - BUSINESSES AND TRADES</unit><unit label="article" level="2" identifier="B">ARTICLE B. - VEHICLES FOR HIRE</unit></structure><referred_to_by/><text><section id="1875" prefix="(a)"><text/><type>section</type><prefixes><section>(a)</section></prefixes><entire_prefix>(a)</entire_prefix><prefix_anchor>(a)</prefix_anchor><level>1</level></section><section id="1876" prefix="(b)"><text/><type>section</type><prefixes><section>(b)</section></prefixes><entire_prefix>(b)</entire_prefix><prefix_anchor>(b)</prefix_anchor><level>1</level></section><section id="1877" prefix="(c)"><text>Who, within a period of five (5) years immediately prior to the date of his application, has been convicted of a felony; unless the conviction is for a felony drug offense in which case application may not be made for a period of ten (10) years. Persons convicted of the felonies of homicide, manslaughter, death by motor vehicle, hit and run, assault, sexual assault, robbery, blackmail, extortion, kidnapping and arson are not eligible to receive permits pursuant to this article.</text><type>section</type><prefixes><section>(c)</section></prefixes><entire_prefix>(c)</entire_prefix><prefix_anchor>(c)</prefix_anchor><level>1</level></section><section id="1878" prefix="(d)"><text>Who, within a period of five (5) years immediately prior to the date of his application, has been convicted of any crime involving the driving of an automobile resulting in death to any person.</text><type>section</type><prefixes><section>(d)</section></prefixes><entire_prefix>(d)</entire_prefix><prefix_anchor>(d)</prefix_anchor><level>1</level></section><section id="1879" prefix="(e)"><text>Who, within a period of five (5) years immediately prior to the date of his application, has been convicted of driving a motor vehicle while intoxicated.</text><type>section</type><prefixes><section>(e)</section></prefixes><entire_prefix>(e)</entire_prefix><prefix_anchor>(e)</prefix_anchor><level>1</level></section><section id="1880" prefix="(f)"><text>Who, within a period of five (5) years immediately prior to the date of this application, has been convicted of a violation of any City, County, state or Federal law relating to the use, possession or sale of intoxicating liquors, alcoholic beverages, beer or wine, narcotic or barbituric or other habit-forming drugs.</text><type>section</type><prefixes><section>(f)</section></prefixes><entire_prefix>(f)</entire_prefix><prefix_anchor>(f)</prefix_anchor><level>1</level></section><section id="1881" prefix="(g)"><text>Who, within a period of five (5) years immediately prior to the date of his application, shall have been convicted of a violation of any City, County, state or Federal law relating to prostitution or lotteries.</text><type>section</type><prefixes><section>(g)</section></prefixes><entire_prefix>(g)</entire_prefix><prefix_anchor>(g)</prefix_anchor><level>1</level></section><section id="1882" prefix="(h)"><text>Who, within a period of five (5) years immediately prior to the date of his application, has been a habitual user of intoxicating liquors, alcoholic beverages, narcotic, barbituric or other habit-forming drugs.</text><type>section</type><prefixes><section>(h)</section></prefixes><entire_prefix>(h)</entire_prefix><prefix_anchor>(h)</prefix_anchor><level>1</level></section><section id="1883" prefix="(i)"><text>Who is a person of such bad character or reputation that it would be clearly contrary to the public interest, safety and welfare to permit such applicant to drive a taxicab. 
(Code 1959 , &#xA7;22-48; Ord. No. 1999-691, &#xA7;13, 11-16-99; Ord. No. 2009-671, &#xA7;&#xA7;36&#x2014;38, 11-3-09)</text><type>section</type><prefixes><section>(i)</section></prefixes><entire_prefix>(i)</entire_prefix><prefix_anchor>(i)</prefix_anchor><level>1</level></section></text></law>
