<?xml version="1.0"?>
<law><law_id>616</law_id><section_number>12-2034</section_number><catch_line/><history/><order_by>12-2034</order_by><metadata/><url>/12-2034/</url><token>12-2034</token><structure><unit label="division" level="1" identifier="II">Division II - Planning and Development</unit><unit label="part" level="3" identifier="12">PART 12 - LICENSING AND REGULATION</unit><unit label="chapter" level="4" identifier="2">CHAPTER 2. - BUSINESSES AND TRADES</unit><unit label="article" level="2" identifier="B">ARTICLE B. - VEHICLES FOR HIRE</unit></structure><referred_to_by/><text><section id="1763" prefix="(a)"><text>Every driver shall maintain a daily manifest upon which are recorded all trips made each day, showing time and place of origin and destination of each trip, the number of passengers and amount of fare, and, in the case of trips taken by persons who are eligible to use ART scrip, record in addition, the ART identification number of the user, the exact fare registered on the taximeter and the amount of scrip used to pay for the trip. All such completed manifests shall be returned to the owner by the driver at the conclusion of his tour of duty. The forms for such records shall be furnished to the driver by the owner and shall be of a character approved by the City Manager.</text><type>section</type><prefixes><section>(a)</section></prefixes><entire_prefix>(a)</entire_prefix><prefix_anchor>(a)</prefix_anchor><level>1</level></section><section id="1764" prefix="(b)"><text/><type>section</type><prefixes><section>(b)</section></prefixes><entire_prefix>(b)</entire_prefix><prefix_anchor>(b)</prefix_anchor><level>1</level></section></text></law>
