<?xml version="1.0"?>
<law><law_id>688</law_id><section_number>12-2125</section_number><catch_line>EFFECTIVE DATE.</catch_line><history/><order_by>12-2125</order_by><metadata/><url>/12-2125/</url><token>12-2125</token><structure><unit label="division" level="1" identifier="II">Division II - Planning and Development</unit><unit label="part" level="3" identifier="12">PART 12 - LICENSING AND REGULATION</unit><unit label="chapter" level="4" identifier="2">CHAPTER 2. - BUSINESSES AND TRADES</unit><unit label="article" level="2" identifier="D">ARTICLE D. - AMUSEMENTS [4]</unit></structure><referred_to_by/><text><section id="2002" prefix=""><text>Unless otherwise indicated, all provisions of this article shall become immediately applicable to all existing class one and class two entertainment centers on the effective date of this article. 
(Ord. No. 1999-539, &#xA7;1, 4-6-99)</text><type>section</type><prefixes><section/></prefixes><entire_prefix/><prefix_anchor/><level>1</level></section></text></law>
