<?xml version="1.0"?>
<law><law_id>605</law_id><section_number>12-2024</section_number><catch_line>COMPLIANCE WITH ARTICLE; ENFORCEMENT SANCTIONS.</catch_line><history/><order_by>12-2024</order_by><metadata/><url>/12-2024/</url><token>12-2024</token><structure><unit label="division" level="1" identifier="II">Division II - Planning and Development</unit><unit label="part" level="3" identifier="12">PART 12 - LICENSING AND REGULATION</unit><unit label="chapter" level="4" identifier="2">CHAPTER 2. - BUSINESSES AND TRADES</unit><unit label="article" level="2" identifier="B">ARTICLE B. - VEHICLES FOR HIRE</unit></structure><referred_to_by/><text><section id="1721" prefix="(a)"><text>It shall be unlawful for any person to engage in the business of operating one or more taxicabs, or to drive any taxicab, within the corporate limits of the City or within a radius of one mile beyond the corporate limits in all directions unless such person shall have complied with and shall continue to comply with the provisions of this chapter. The provisions of this chapter shall not apply to any taxicab operated between fixed termini only one of which is within the corporate limits of the City and within a radius of one mile beyond the corporate limits; that is, where only the point of origin or only the point of destination, respectively, of any trip is within the corporate limits of the City and within a radius of one mile beyond in all directions, except that any such surrounding territory shall be subject to the following sections of this chapter, to wit: &#xA7;&#xA7;12-2025, 12-2026, 12-2027, 12-2029, 12-2031, 12-2032, 12-2033, 12-2039, 12-2041, 12-2042, 12-2081 through 12-2093 to the extent applicable; nor shall the provisions of this article apply to any taxicab operated through the corporate limits of the City without picking up and discharging any passenger within the City and surrounding one-mile territory.</text><type>section</type><prefixes><section>(a)</section></prefixes><entire_prefix>(a)</entire_prefix><prefix_anchor>(a)</prefix_anchor><level>1</level></section><section id="1722" prefix="(b)"><text/><type>section</type><prefixes><section>(b)</section></prefixes><entire_prefix>(b)</entire_prefix><prefix_anchor>(b)</prefix_anchor><level>1</level></section><section id="1723" prefix="(1)"><text/><type>section</type><prefixes><section>(b)</section><section>(1)</section></prefixes><entire_prefix>(b)(1)</entire_prefix><prefix_anchor>(b)(1)</prefix_anchor><level>2</level></section><section id="1724" prefix="(2)"><text>	For the second, and successive violations under the provisions of this article during a single calendar year, the civil penalty shall be double that imposed for the first violation. 
</text><type>section</type><prefixes><section>(b)</section><section>(2)</section></prefixes><entire_prefix>(b)(2)</entire_prefix><prefix_anchor>(b)(2)</prefix_anchor><level>2</level></section><section id="1725" prefix="(3)"><text/><type>section</type><prefixes><section>(b)</section><section>(3)</section></prefixes><entire_prefix>(b)(3)</entire_prefix><prefix_anchor>(b)(3)</prefix_anchor><level>2</level></section><section id="1726" prefix="(4)"><text>	Any permit required to be issued and renewed under the terms of this article shall not be issued or renewed in the event civil penalties for violations remain unpaid by the applicant or by an employee of the applicant. 
</text><type>section</type><prefixes><section>(b)</section><section>(4)</section></prefixes><entire_prefix>(b)(4)</entire_prefix><prefix_anchor>(b)(4)</prefix_anchor><level>2</level></section><section id="1727" prefix="(5)"><text/><type>section</type><prefixes><section>(b)</section><section>(5)</section></prefixes><entire_prefix>(b)(5)</entire_prefix><prefix_anchor>(b)(5)</prefix_anchor><level>2</level></section><section id="1728" prefix="(c)"><text/><type>section</type><prefixes><section>(c)</section></prefixes><entire_prefix>(c)</entire_prefix><prefix_anchor>(c)</prefix_anchor><level>1</level></section><section id="1729" prefix="(d)"><text>It shall be unlawful for any limousine or vehicle for hire to operate within the City of Raleigh without a for hire tag issued by the North Carolina Department of Motor Vehicles in accordance with NCGS 20-86 and 20-87.</text><type>section</type><prefixes><section>(d)</section></prefixes><entire_prefix>(d)</entire_prefix><prefix_anchor>(d)</prefix_anchor><level>1</level></section><section id="1730" prefix="(e)"><text>It shall be unlawful for any limousine, vehicle for hire or shuttle to cruise, as defined by Raleigh City Code 12-2022(c). This restriction shall not apply to properly registered taxicabs.</text><type>section</type><prefixes><section>(e)</section></prefixes><entire_prefix>(e)</entire_prefix><prefix_anchor>(e)</prefix_anchor><level>1</level></section><section id="1731" prefix="(f)"><text>Violations of subsection (d) or (e) of this section, in addition to all other remedies and sanctions under this Code or State law, shall be a misdemeanor. 
(Code 1959 , &#xA7;22-4; Ord. No. 1980-487, &#xA7;5, 10-7-80; Ord. No. 1999-691, &#xA7;1, 11-16-99; Ord. No. 2003-409, &#xA7;1, 3-18-03; Ord. No. 2009-671, &#xA7;&#xA7;6&#x2014;9, 11-3-09)</text><type>section</type><prefixes><section>(f)</section></prefixes><entire_prefix>(f)</entire_prefix><prefix_anchor>(f)</prefix_anchor><level>1</level></section></text></law>
