<?xml version="1.0"?>
<law><law_id>653</law_id><section_number>12-2081</section_number><catch_line>REQUIRED.</catch_line><history/><order_by>12-2081</order_by><metadata/><url>/12-2081/</url><token>12-2081</token><structure><unit label="division" level="1" identifier="II">Division II - Planning and Development</unit><unit label="part" level="3" identifier="12">PART 12 - LICENSING AND REGULATION</unit><unit label="chapter" level="4" identifier="2">CHAPTER 2. - BUSINESSES AND TRADES</unit><unit label="article" level="2" identifier="B">ARTICLE B. - VEHICLES FOR HIRE</unit></structure><referred_to_by><reference>12-2024</reference></referred_to_by><text><section id="1840" prefix="(a)"><text/><type>section</type><prefixes><section>(a)</section></prefixes><entire_prefix>(a)</entire_prefix><prefix_anchor>(a)</prefix_anchor><level>1</level></section><section id="1841" prefix="(b)"><text>Each driver, while on duty, shall display his permit card in a frame in the taxicab he is driving in such a manner as to be in full view of all passengers at all times. The driver shall retain custody of it and present it, on demand, for inspection by any passenger or law enforcement officer. 
(Code 1959 , &#xA7;22-43; Ord. No. 1978-799, &#xA7;8, 5-16-78)</text><type>section</type><prefixes><section>(b)</section></prefixes><entire_prefix>(b)</entire_prefix><prefix_anchor>(b)</prefix_anchor><level>1</level></section></text></law>
