<?xml version="1.0"?>
<law><law_id>657</law_id><section_number>12-2085</section_number><catch_line>QUALIFICATIONS.</catch_line><history/><order_by>12-2085</order_by><metadata/><url>/12-2085/</url><token>12-2085</token><structure><unit label="division" level="1" identifier="II">Division II - Planning and Development</unit><unit label="part" level="3" identifier="12">PART 12 - LICENSING AND REGULATION</unit><unit label="chapter" level="4" identifier="2">CHAPTER 2. - BUSINESSES AND TRADES</unit><unit label="article" level="2" identifier="B">ARTICLE B. - VEHICLES FOR HIRE</unit></structure><referred_to_by/><text><section id="1868" prefix="(a)"><text/><type>section</type><prefixes><section>(a)</section></prefixes><entire_prefix>(a)</entire_prefix><prefix_anchor>(a)</prefix_anchor><level>1</level></section><section id="1869" prefix="(b)"><text>Be of good health, with good eyesight and hearing, and not have any illness or disease which would materially impair his ability to drive a taxicab.</text><type>section</type><prefixes><section>(b)</section></prefixes><entire_prefix>(b)</entire_prefix><prefix_anchor>(b)</prefix_anchor><level>1</level></section><section id="1870" prefix="(c)"><text>Any applicant who has ever been treated for any mental disorder, heart attack, epilepsy or diabetes shall have a written opinion from a physician or psychiatrist stating that the applicant is physically capable to operate a taxicab.</text><type>section</type><prefixes><section>(c)</section></prefixes><entire_prefix>(c)</entire_prefix><prefix_anchor>(c)</prefix_anchor><level>1</level></section><section id="1871" prefix="(d)"><text>Be able to read, write and speak English, except renewals.</text><type>section</type><prefixes><section>(d)</section></prefixes><entire_prefix>(d)</entire_prefix><prefix_anchor>(d)</prefix_anchor><level>1</level></section><section id="1872" prefix="(e)"><text>Every driver shall wear shoes and clean clothing. Short shorts, mini-skirts, or short dresses are not permitted. Also not permitted are undershirts, T-shirts, tank top shirts, or any lewd, vulgar, or inappropriate clothing. A flip-flop style sandal shoe is not permitted.</text><type>section</type><prefixes><section>(e)</section></prefixes><entire_prefix>(e)</entire_prefix><prefix_anchor>(e)</prefix_anchor><level>1</level></section><section id="1873" prefix="(f)"><text>Not be addicted to intoxicant, alcohol or narcotic barbituric or other habit-forming drugs.
(Code 1959 , &#xA7;22-47; Ord. No. 1999-691, &#xA7;12, 11-16-99; Ord. No. 2009-671, &#xA7;&#xA7;34, 35, 11-3-09)</text><type>section</type><prefixes><section>(f)</section></prefixes><entire_prefix>(f)</entire_prefix><prefix_anchor>(f)</prefix_anchor><level>1</level></section></text></law>
