<?xml version="1.0"?>
<law><law_id>651</law_id><section_number>12-2074</section_number><catch_line>PENALTIES.</catch_line><history/><order_by>12-2074</order_by><metadata/><url>/12-2074/</url><token>12-2074</token><structure><unit label="division" level="1" identifier="II">Division II - Planning and Development</unit><unit label="part" level="3" identifier="12">PART 12 - LICENSING AND REGULATION</unit><unit label="chapter" level="4" identifier="2">CHAPTER 2. - BUSINESSES AND TRADES</unit><unit label="article" level="2" identifier="B">ARTICLE B. - VEHICLES FOR HIRE</unit></structure><referred_to_by><reference>12-2075</reference></referred_to_by><text><section id="1838" prefix=""><text>Any violation of the Accessible Raleigh Transportation Program regulations shall constitute a misdemeanor. It shall specifically be a violation for anyone purchasing scrip to resell the scrip to a third party or to use the scrip for any purpose other than the provision of transportation services. It shall also be a violation for any taxicab driver to take scrip from anyone other than the authorized purchaser of the scrip. 
(Ord. No. 1989-383, &#xA7;6, 6-6-89)</text><type>section</type><prefixes><section/></prefixes><entire_prefix/><prefix_anchor/><level>1</level></section></text></law>
