<?xml version="1.0"?>
<law><law_id>654</law_id><section_number>12-2082</section_number><catch_line>APPLICATION.</catch_line><history/><order_by>12-2082</order_by><metadata/><url>/12-2082/</url><token>12-2082</token><structure><unit label="division" level="1" identifier="II">Division II - Planning and Development</unit><unit label="part" level="3" identifier="12">PART 12 - LICENSING AND REGULATION</unit><unit label="chapter" level="4" identifier="2">CHAPTER 2. - BUSINESSES AND TRADES</unit><unit label="article" level="2" identifier="B">ARTICLE B. - VEHICLES FOR HIRE</unit></structure><referred_to_by/><text><section id="1842" prefix="(a)"><text/><type>section</type><prefixes><section>(a)</section></prefixes><entire_prefix>(a)</entire_prefix><prefix_anchor>(a)</prefix_anchor><level>1</level></section><section id="1843" prefix="(1)"><text>	The full name, age, date of birth, place of birth and address of the applicant.
</text><type>section</type><prefixes><section>(a)</section><section>(1)</section></prefixes><entire_prefix>(a)(1)</entire_prefix><prefix_anchor>(a)(1)</prefix_anchor><level>2</level></section><section id="1844" prefix="(2)"><text/><type>section</type><prefixes><section>(a)</section><section>(2)</section></prefixes><entire_prefix>(a)(2)</entire_prefix><prefix_anchor>(a)(2)</prefix_anchor><level>2</level></section><section id="1845" prefix="(3)"><text/><type>section</type><prefixes><section>(a)</section><section>(3)</section></prefixes><entire_prefix>(a)(3)</entire_prefix><prefix_anchor>(a)(3)</prefix_anchor><level>2</level></section><section id="1846" prefix="(4)"><text/><type>section</type><prefixes><section>(a)</section><section>(4)</section></prefixes><entire_prefix>(a)(4)</entire_prefix><prefix_anchor>(a)(4)</prefix_anchor><level>2</level></section><section id="1847" prefix="(5)"><text/><type>section</type><prefixes><section>(a)</section><section>(5)</section></prefixes><entire_prefix>(a)(5)</entire_prefix><prefix_anchor>(a)(5)</prefix_anchor><level>2</level></section><section id="1848" prefix="(6)"><text/><type>section</type><prefixes><section>(a)</section><section>(6)</section></prefixes><entire_prefix>(a)(6)</entire_prefix><prefix_anchor>(a)(6)</prefix_anchor><level>2</level></section><section id="1849" prefix="(7)"><text/><type>section</type><prefixes><section>(a)</section><section>(7)</section></prefixes><entire_prefix>(a)(7)</entire_prefix><prefix_anchor>(a)(7)</prefix_anchor><level>2</level></section><section id="1850" prefix="(8)"><text/><type>section</type><prefixes><section>(a)</section><section>(8)</section></prefixes><entire_prefix>(a)(8)</entire_prefix><prefix_anchor>(a)(8)</prefix_anchor><level>2</level></section><section id="1851" prefix="(9)"><text>	Such other information as the taxicab inspector or City Council may require. 
</text><type>section</type><prefixes><section>(a)</section><section>(9)</section></prefixes><entire_prefix>(a)(9)</entire_prefix><prefix_anchor>(a)(9)</prefix_anchor><level>2</level></section><section id="1852" prefix="(b)"><text/><type>section</type><prefixes><section>(b)</section></prefixes><entire_prefix>(b)</entire_prefix><prefix_anchor>(b)</prefix_anchor><level>1</level></section><section id="1853" prefix="(1)"><text>	Full fingerprints of the applicant.
</text><type>section</type><prefixes><section>(b)</section><section>(1)</section></prefixes><entire_prefix>(b)(1)</entire_prefix><prefix_anchor>(b)(1)</prefix_anchor><level>2</level></section><section id="1854" prefix="(2)"><text>	Four (4) front view photographs of the applicant of such sizes as specified by the Chief of Police or his designee.
</text><type>section</type><prefixes><section>(b)</section><section>(2)</section></prefixes><entire_prefix>(b)(2)</entire_prefix><prefix_anchor>(b)(2)</prefix_anchor><level>2</level></section><section id="1855" prefix="(3)"><text>	A certificate of a physician in the City stating that the applicant is not afflicted with any disease, physical disability, hearing deficit, vision deficit, or any other physical affliction which would materially impair his ability to drive a taxicab in a safe manner and in a manner that will not endanger the health of the public. 
</text><type>section</type><prefixes><section>(b)</section><section>(3)</section></prefixes><entire_prefix>(b)(3)</entire_prefix><prefix_anchor>(b)(3)</prefix_anchor><level>2</level></section><section id="1856" prefix="(4)"><text>	A current health certificate issued by the Board of Health.
</text><type>section</type><prefixes><section>(b)</section><section>(4)</section></prefixes><entire_prefix>(b)(4)</entire_prefix><prefix_anchor>(b)(4)</prefix_anchor><level>2</level></section><section id="1857" prefix="(5)"><text>	The sum of fifty dollars ($50.00) and an additional amount to be determined by the Chief of Police or his designee to cover the cost of the fingerprint check. Both fees are non-refundable. 
</text><type>section</type><prefixes><section>(b)</section><section>(5)</section></prefixes><entire_prefix>(b)(5)</entire_prefix><prefix_anchor>(b)(5)</prefix_anchor><level>2</level></section><section id="1858" prefix="(6)"><text>	On forms provided by the taxicab inspector: 
a.	A testimonial from his last employer;
b.	A letter of introduction from his prospective employer; and
c.	Affidavits of his good character from two (2) reputable citizens of the City who have known him personally and have observed his conduct for one year next preceding the date of his application. 
</text><type>section</type><prefixes><section>(b)</section><section>(6)</section></prefixes><entire_prefix>(b)(6)</entire_prefix><prefix_anchor>(b)(6)</prefix_anchor><level>2</level></section><section id="1859" prefix="(7)"><text/><type>section</type><prefixes><section>(b)</section><section>(7)</section></prefixes><entire_prefix>(b)(7)</entire_prefix><prefix_anchor>(b)(7)</prefix_anchor><level>2</level></section><section id="1860" prefix="(c)"><text/><type>section</type><prefixes><section>(c)</section></prefixes><entire_prefix>(c)</entire_prefix><prefix_anchor>(c)</prefix_anchor><level>1</level></section></text></law>
