<?xml version="1.0"?>
<law><law_id>620</law_id><section_number>12-2038</section_number><catch_line>DECEPTION OF PASSENGERS.</catch_line><history/><order_by>12-2038</order_by><metadata/><url>/12-2038/</url><token>12-2038</token><structure><unit label="division" level="1" identifier="II">Division II - Planning and Development</unit><unit label="part" level="3" identifier="12">PART 12 - LICENSING AND REGULATION</unit><unit label="chapter" level="4" identifier="2">CHAPTER 2. - BUSINESSES AND TRADES</unit><unit label="article" level="2" identifier="B">ARTICLE B. - VEHICLES FOR HIRE</unit></structure><referred_to_by/><text><section id="1768" prefix=""><text>No driver shall deceive or attempt to deceive any passenger who may ride in his taxicab, or who may desire to ride in such taxicab as to his destination or the rate of fare to be charged, or shall convey any passenger, or cause him to be conveyed, to a place other than directed by him. In no event shall any operator providing premium service take a longer route to the destination than necessary, unless so requested by the passenger. 
(Code 1959 , &#xA7;22-19)</text><type>section</type><prefixes><section/></prefixes><entire_prefix/><prefix_anchor/><level>1</level></section></text></law>
