<?xml version="1.0"?>
<law><law_id>686</law_id><section_number>12-2123</section_number><catch_line>ADDITIONAL PROHIBITIONS.</catch_line><history/><order_by>12-2123</order_by><metadata/><url>/12-2123/</url><token>12-2123</token><structure><unit label="division" level="1" identifier="II">Division II - Planning and Development</unit><unit label="part" level="3" identifier="12">PART 12 - LICENSING AND REGULATION</unit><unit label="chapter" level="4" identifier="2">CHAPTER 2. - BUSINESSES AND TRADES</unit><unit label="article" level="2" identifier="D">ARTICLE D. - AMUSEMENTS [4]</unit></structure><referred_to_by><reference>12-2126</reference></referred_to_by><text><section id="1994" prefix=""><text>The use or possession of controlled substances, alcohol or ABC law violations and acts of violence on the premises or in parking areas provided by the permittee for its patrons of an establishment holding an amplified entertainment permit are prohibited. Violation of any of these conditions is punishable according to the schedule of fines, penalties and suspensions set out in &#xA7;12-2124. 
(Ord. No. 1999-539, &#xA7;1, 4-6-99; Ord. No. 2006-24, &#xA7;1, 5-16-06)</text><type>section</type><prefixes><section/></prefixes><entire_prefix/><prefix_anchor/><level>1</level></section></text></law>
