<?xml version="1.0"?>
<law><law_id>693</law_id><section_number>12-2132</section_number><catch_line>EXEMPTIONS.</catch_line><history/><order_by>12-2132</order_by><metadata/><url>/12-2132/</url><token>12-2132</token><structure><unit label="division" level="1" identifier="II">Division II - Planning and Development</unit><unit label="part" level="3" identifier="12">PART 12 - LICENSING AND REGULATION</unit><unit label="chapter" level="4" identifier="2">CHAPTER 2. - BUSINESSES AND TRADES</unit><unit label="article" level="2" identifier="E">ARTICLE E. - MASSAGES [6]</unit></structure><referred_to_by><reference>12-2145</reference></referred_to_by><text><section id="2007" prefix="(a)"><text>Trainers of any amateur, semiprofessional, or professional athlete or athletic team within the framework of athletic participation.</text><type>section</type><prefixes><section>(a)</section></prefixes><entire_prefix>(a)</entire_prefix><prefix_anchor>(a)</prefix_anchor><level>1</level></section><section id="2008" prefix="(b)"><text>Massage practiced at any State accredited school, college, university, or seminary.</text><type>section</type><prefixes><section>(b)</section></prefixes><entire_prefix>(b)</entire_prefix><prefix_anchor>(b)</prefix_anchor><level>1</level></section><section id="2009" prefix="(c)"><text>Massage practiced at any hospital, clinic, nursing home, convalescent home, or sanitarium established and licensed pursuant to the laws of this State.</text><type>section</type><prefixes><section>(c)</section></prefixes><entire_prefix>(c)</entire_prefix><prefix_anchor>(c)</prefix_anchor><level>1</level></section><section id="2010" prefix="(d)"><text>Any person exempted from the requirement of a North Carolina massage and bodywork therapy license under G.S. &#xA7;90-624. 
(Ord. No. 2001-935, &#xA7;3, 2-6-01)</text><type>section</type><prefixes><section>(d)</section></prefixes><entire_prefix>(d)</entire_prefix><prefix_anchor>(d)</prefix_anchor><level>1</level></section></text></law>
