<?xml version="1.0"?>
<law><law_id>690</law_id><section_number>12-2131</section_number><catch_line>MASSAGES; PURPOSE.</catch_line><history/><order_by>12-2131</order_by><text><section id="2004" prefix=""><text>To protect public health, safety, welfare, and morals, and to the extent allowed under North Carolina law, the following privilege license provisions and regulations are ordained for the privilege of carrying on the business, trade, or profession of massagist and for the operation or carrying on of the businesses, trades, or professions commonly known as massage parlors, health salons, physical culture studios, or similar establishments by whatever name designated, wherein massage or other physical manipulation of the human body is carried on or practiced. 
(Code 1959 , &#xA7;14-200; Ord. No. 2001-935, &#xA7;1, 2-6-01) 
Cross reference: Massage of private parts of another, &#xA7;13-3006</text><type>section</type><prefixes><section/></prefixes><entire_prefix/><prefix_anchor/><level>1</level></section></text><metadata/><url>/12-2131/</url><token>12-2131</token><structure><unit label="division" level="1" identifier="II">Division II - Planning and Development</unit><unit label="part" level="3" identifier="12">PART 12 - LICENSING AND REGULATION</unit><unit label="chapter" level="4" identifier="2">CHAPTER 2. - BUSINESSES AND TRADES</unit><unit label="article" level="2" identifier="E">ARTICLE E. - MASSAGES [6]</unit></structure><referred_to_by/></law>
