<?xml version="1.0"?>
<law><law_id>737</law_id><section_number>12-2183</section_number><catch_line>ARBITRATION FEE.</catch_line><history/><order_by>12-2183</order_by><metadata/><url>/12-2183/</url><token>12-2183</token><structure><unit label="division" level="1" identifier="II">Division II - Planning and Development</unit><unit label="part" level="3" identifier="12">PART 12 - LICENSING AND REGULATION</unit><unit label="chapter" level="4" identifier="2">CHAPTER 2. - BUSINESSES AND TRADES</unit><unit label="article" level="2" identifier="H">ARTICLE H. - RENTAL DWELLING REGISTRATION AND PROP NOTIFICATION</unit></structure><referred_to_by/><text><section id="2233" prefix=""><text>Any person who files an appeal shall pay an administrative fee of two hundred ($200.00) to the City at the time the appeal request is made. Failure to pay the administrative fee shall cause the appeal to be denied. The person who filed the appeal shall be responsible for paying one-half of the costs of the arbitration fee. If the person who appeals is the prevailing party, the administrative fee and the portion of the arbitration fee shall be reimbursed. 
(Ord. No. 2008-415B, &#xA7;1, 7-1-08)</text><type>section</type><prefixes><section/></prefixes><entire_prefix/><prefix_anchor/><level>1</level></section></text></law>
