<?xml version="1.0"?>
<law><law_id>609</law_id><section_number>12-2028</section_number><catch_line>EQUIPMENT; ITEMS REQUIRED.</catch_line><history/><order_by>12-2028</order_by><metadata/><url>/12-2028/</url><token>12-2028</token><structure><unit label="division" level="1" identifier="II">Division II - Planning and Development</unit><unit label="part" level="3" identifier="12">PART 12 - LICENSING AND REGULATION</unit><unit label="chapter" level="4" identifier="2">CHAPTER 2. - BUSINESSES AND TRADES</unit><unit label="article" level="2" identifier="B">ARTICLE B. - VEHICLES FOR HIRE</unit></structure><referred_to_by/><text><section id="1736" prefix="(a)"><text/><type>section</type><prefixes><section>(a)</section></prefixes><entire_prefix>(a)</entire_prefix><prefix_anchor>(a)</prefix_anchor><level>1</level></section><section id="1737" prefix="(b)"><text>Shall be equipped with a standard speedometer properly installed, maintained in good working order and exposed to view. No taxicab shall be operated in taxicab service while such speedometer is out of repair or disconnected.</text><type>section</type><prefixes><section>(b)</section></prefixes><entire_prefix>(b)</entire_prefix><prefix_anchor>(b)</prefix_anchor><level>1</level></section><section id="1738" prefix="(c)"><text>Shall be equipped with a heater with a shutoff appliance thereon, sufficient to heat the interior of the cab adequately in cold weather and shall be equipped with an air conditioner with a shutoff appliance thereon, sufficient to cool the interior of the cab adequately in warm weather.</text><type>section</type><prefixes><section>(c)</section></prefixes><entire_prefix>(c)</entire_prefix><prefix_anchor>(c)</prefix_anchor><level>1</level></section><section id="1739" prefix="(d)"><text/><type>section</type><prefixes><section>(d)</section></prefixes><entire_prefix>(d)</entire_prefix><prefix_anchor>(d)</prefix_anchor><level>1</level></section><section id="1740" prefix="(e)"><text>Shall be equipped with a single-tariff taximeter of a type approved by the Council, inspected for accuracy and installed according to the requirements of the taxicab inspector unless the taxicab is to be used exclusively to provide shared taxi service; provided, no taxicab shall be operated while occupied by a person in addition to the driver with the taximeter not engaged, except when the taxicab is being used to provide shared taxi service. The taximeter shall be attached to and located within the taxicab so as to be in front of the passengers, visible to them at all times, day and night; the face of the taximeter shall be illuminated. The taximeter shall be operated mechanically by a mechanism of standard design and construction, operated either from the transmission or from one of the front wheels of the taxicab by a flexible and permanently attached driving mechanism. 
The taximeter shall be sealed at all points and connections which, if manipulated, would affect its correct reading and recording. The taximeter on each taxicab shall be subject to inspection from time to time by the taxicab inspector. Any inspector or other officer of the Police Department is hereby authorized, either on complaint of any person or without such complaint, to inspect any taximeter, and upon discovery of any inaccuracy, to notify the owner and person operating the taxicab to cease operation on premium service; thereupon, such taxicab shall not be operated on premium service until the taximeter has been repaired and is in the required working condition, approved by the proper inspecting officer of the City.</text><type>section</type><prefixes><section>(e)</section></prefixes><entire_prefix>(e)</entire_prefix><prefix_anchor>(e)</prefix_anchor><level>1</level></section><section id="1741" prefix="(f)"><text>Handivans shall be equipped in the same manner as taxicabs as described in items (a) through (e) above. In addition, handivans shall be inspected by a mechanic certified to inspect the handiv</text><type>section</type><prefixes><section>(f)</section></prefixes><entire_prefix>(f)</entire_prefix><prefix_anchor>(f)</prefix_anchor><level>1</level></section><section id="1742" prefix="(g)"><text>All taxicabs shall be equipped with an amber safety warning light system for driver safety. The safety warning lights shall be approved by the taxicab inspector; and used by the driver only to summon assistance in the event that he/she has reason to believe that he/she is being threatened with harm.</text><type>section</type><prefixes><section>(g)</section></prefixes><entire_prefix>(g)</entire_prefix><prefix_anchor>(g)</prefix_anchor><level>1</level></section><section id="1743" prefix="(h)"><text/><type>section</type><prefixes><section>(h)</section></prefixes><entire_prefix>(h)</entire_prefix><prefix_anchor>(h)</prefix_anchor><level>1</level></section><section id="1744" prefix="(1)"><text>	The taxicab inspector is satisfied with the condition of the passenger vehicle for hire;
</text><type>section</type><prefixes><section>(h)</section><section>(1)</section></prefixes><entire_prefix>(h)(1)</entire_prefix><prefix_anchor>(h)(1)</prefix_anchor><level>2</level></section><section id="1745" prefix="(2)"><text/><type>section</type><prefixes><section>(h)</section><section>(2)</section></prefixes><entire_prefix>(h)(2)</entire_prefix><prefix_anchor>(h)(2)</prefix_anchor><level>2</level></section><section id="1746" prefix="(3)"><text/><type>section</type><prefixes><section>(h)</section><section>(3)</section></prefixes><entire_prefix>(h)(3)</entire_prefix><prefix_anchor>(h)(3)</prefix_anchor><level>2</level></section><section id="1747" prefix="(4)"><text>	All taxicabs shall be clean, operable and in good repair. Trunks in all taxicabs shall be clean and empty except for one spare tire and necessary emergency equipment. 
</text><type>section</type><prefixes><section>(h)</section><section>(4)</section></prefixes><entire_prefix>(h)(4)</entire_prefix><prefix_anchor>(h)(4)</prefix_anchor><level>2</level></section><section id="1748" prefix="(i)"><text>Door handles and locks. All doors shall operate easily, shall close securely from both the outside and inside of the vehicle, and shall be accessible to passengers. No devices that restrict the ability of a passenger from readily exiting the vehicle in an emergency are allowed.</text><type>section</type><prefixes><section>(i)</section></prefixes><entire_prefix>(i)</entire_prefix><prefix_anchor>(i)</prefix_anchor><level>1</level></section><section id="1749" prefix="(j)"><text>No person shall equip, mark, paint, or display marking lights or windshield lights or in any way cause a motor vehicle to resemble a duly licensed taxicab or create a public impression that a motor vehicle is a duly licensed public vehicle approved by the taxicab inspector under the authority of Chapter 12 of the City of Raleigh Taxicab Ordinance.</text><type>section</type><prefixes><section>(j)</section></prefixes><entire_prefix>(j)</entire_prefix><prefix_anchor>(j)</prefix_anchor><level>1</level></section><section id="1750" prefix="(k)"><text>North Carolina State law requires that all children who are under age eight (8) and under eighty (80) pounds ride in a properly used car seat or booster seat. Children may be moved into a seat belt when they reach age eight (8) or eighty (80) pounds, whichever comes first. If a lap/shoulder belt is not available for a child who weighs more than forty (40) pounds, a properly fitted lap belt may be used, since booster seats should not be used with lap-only belts. North Carolina State law also requires that car seats be installed in the rear seat if the child is less than five (5) years old and weighs less than forty (40) pounds, and if vehicle has a passenger side airbag and a rear seat, unless the car seat is specifically designed for use with air bags. Children though age sixteen (16) who are not required to be in car seats by weight must wear a seatbelt. No taxicab/vehicle for hire may transport any passenger(s) eight (8) years old and younger without a car seat or a booster seat per N.C. State law.</text><type>section</type><prefixes><section>(k)</section></prefixes><entire_prefix>(k)</entire_prefix><prefix_anchor>(k)</prefix_anchor><level>1</level></section><section id="1751" prefix="(l)"><text/><type>section</type><prefixes><section>(l)</section></prefixes><entire_prefix>(l)</entire_prefix><prefix_anchor>(l)</prefix_anchor><level>1</level></section><section id="1752" prefix="(m)"><text>Drivers of taxicabs shall not receive or discharge passengers in the roadway, but shall pull up to the sidewalk on the right-hand side of the roadway and there receive or discharge passengers. Drivers may discharge passengers from either side of the roadway on one-way streets. 
No driver shall park or stop or operate his taxicab in such a manner as to unduly obstruct traffic or to constitute a nuisance to other vehicles and pedestrians. 
(Code 1959 , &#xA7;22-8; Ord. No. 1980-487, &#xA7;&#xA7;10, 11, 10-7-80; Ord. No. 1990-674, &#xA7;3, 11-6-90; Ord. No. 2009-671, &#xA7;&#xA7;11&#x2014;15, 11-3-09) 
State law reference: Requirements for motor vehicles generally, G.S. 20-115 et seq.</text><type>section</type><prefixes><section>(m)</section></prefixes><entire_prefix>(m)</entire_prefix><prefix_anchor>(m)</prefix_anchor><level>1</level></section></text></law>
