<?xml version="1.0"?>
<law><law_id>677</law_id><section_number>12-2112</section_number><catch_line>SALE OF TICKETS IN EXCESS OF SEATS.</catch_line><history/><order_by>12-2112</order_by><metadata/><url>/12-2112/</url><token>12-2112</token><structure><unit label="division" level="1" identifier="II">Division II - Planning and Development</unit><unit label="part" level="3" identifier="12">PART 12 - LICENSING AND REGULATION</unit><unit label="chapter" level="4" identifier="2">CHAPTER 2. - BUSINESSES AND TRADES</unit><unit label="article" level="2" identifier="D">ARTICLE D. - AMUSEMENTS [4]</unit></structure><referred_to_by/><text><section id="1961" prefix=""><text>It shall be unlawful for any person operating a theater or moving picture show in the City to sell a greater number of tickets than there are seats provided for the accommodation of patrons for any performance. 
(Code 1959 , &#xA7;3-2)</text><type>section</type><prefixes><section/></prefixes><entire_prefix/><prefix_anchor/><level>1</level></section></text></law>
