<?xml version="1.0"?>
<law><law_id>796</law_id><section_number>12-3073</section_number><catch_line>NOTICE OF AND APPEALS FROM DECISION OF AGENCIES.</catch_line><history/><order_by>12-3073</order_by><metadata/><url>/12-3073/</url><token>12-3073</token><structure><unit label="division" level="1" identifier="II">Division II - Planning and Development</unit><unit label="part" level="3" identifier="12">PART 12 - LICENSING AND REGULATION</unit><unit label="chapter" level="4" identifier="3">CHAPTER 3. - ANIMALS</unit><unit label="article" level="2" identifier="E">ARTICLE E. - ADMINISTRATION AND ENFORCEMENT</unit></structure><referred_to_by/><text><section id="2349" prefix=""><text>Notice of recommendation not to issue a license under this chapter or to revoke a license shall be given to the licensee. Administrative appeals shall be, first, to the Director of Finance and then to the City Manager. An appeal of a decision to recommend the revocation of a license shall suspend the operation of that decision. 
(Code 1959 , &#xA7;4-48)</text><type>section</type><prefixes><section/></prefixes><entire_prefix/><prefix_anchor/><level>1</level></section></text></law>
