<?xml version="1.0"?>
<law><law_id>748</law_id><section_number>12-3008</section_number><catch_line>INOCULATION OF DOGS, CATS AND OTHER PETS.</catch_line><history/><order_by>12-3008</order_by><text><section id="2263" prefix="(a)"><text>Inoculation. 
It shall be unlawful for an owner to fail to provide current inoculation against rabies (hydrophobia) for any dog or cat four (4) months of age or older. A rabies inoculation shall be deemed current for a cat if the inoculation has been given within the preceding twelve (12) months. A rabies inoculation shall be deemed current for a dog if two (2) inoculations have been given one year apart and booster doses of rabies vaccine administered every three (3) years thereafter. 
State law reference: Rabies vaccination, G.S. 130A-185.</text><type>section</type><prefixes><section>(a)</section></prefixes><entire_prefix>(a)</entire_prefix><prefix_anchor>(a)</prefix_anchor><level>1</level></section><section id="2264" prefix="(b)"><text/><type>section</type><prefixes><section>(b)</section></prefixes><entire_prefix>(b)</entire_prefix><prefix_anchor>(b)</prefix_anchor><level>1</level></section><section id="2265" prefix="(1)"><text>	Any person inoculating an animal against rabies shall issue to the owner of the animal inoculated a numbered metallic tag, stamped with the number and the year for which it is issued, and indicating that the animal has been inoculated against rabies. 
</text><type>section</type><prefixes><section>(b)</section><section>(1)</section></prefixes><entire_prefix>(b)(1)</entire_prefix><prefix_anchor>(b)(1)</prefix_anchor><level>2</level></section><section id="2266" prefix="(2)"><text/><type>section</type><prefixes><section>(b)</section><section>(2)</section></prefixes><entire_prefix>(b)(2)</entire_prefix><prefix_anchor>(b)(2)</prefix_anchor><level>2</level></section><section id="2267" prefix="(3)"><text>	Cats shall not be required to wear the metallic inoculation tag, but the owner of a cat shall maintain the tag or the rabies vaccination certificates as written evidence to prove the cat has a current rabies inoculation. 
(Ord. No. 1980-502, &#xA7;2, 10-21-80) 
State law reference: Rabies vaccination tags, G.S. 130A-190. 
</text><type>section</type><prefixes><section>(b)</section><section>(3)</section></prefixes><entire_prefix>(b)(3)</entire_prefix><prefix_anchor>(b)(3)</prefix_anchor><level>2</level></section></text><metadata/><url>/12-3008/</url><token>12-3008</token><structure><unit label="division" level="1" identifier="II">Division II - Planning and Development</unit><unit label="part" level="3" identifier="12">PART 12 - LICENSING AND REGULATION</unit><unit label="chapter" level="4" identifier="3">CHAPTER 3. - ANIMALS</unit><unit label="article" level="2" identifier="B">ARTICLE B. - DOGS AND CATS [9]</unit></structure><referred_to_by/></law>
