<?xml version="1.0"?>
<law><law_id>756</law_id><section_number>12-3022</section_number><catch_line>RESERVED. </catch_line><history/><order_by>12-3022</order_by><metadata/><url>/12-3022/</url><token>12-3022</token><structure><unit label="division" level="1" identifier="II">Division II - Planning and Development</unit><unit label="part" level="3" identifier="12">PART 12 - LICENSING AND REGULATION</unit><unit label="chapter" level="4" identifier="3">CHAPTER 3. - ANIMALS</unit><unit label="article" level="2" identifier="C">ARTICLE C. - NUISANCE ANIMALS</unit></structure><referred_to_by/><text><section id="2288" prefix=""><text/><type>section</type><prefixes><section/></prefixes><entire_prefix/><prefix_anchor/><level>1</level></section></text></law>
