<?xml version="1.0"?>
<law><law_id>792</law_id><section_number>12-3069</section_number><catch_line>FINES AND PENALTIES.</catch_line><history/><order_by>12-3069</order_by><metadata/><url>/12-3069/</url><token>12-3069</token><structure><unit label="division" level="1" identifier="II">Division II - Planning and Development</unit><unit label="part" level="3" identifier="12">PART 12 - LICENSING AND REGULATION</unit><unit label="chapter" level="4" identifier="3">CHAPTER 3. - ANIMALS</unit><unit label="article" level="2" identifier="E">ARTICLE E. - ADMINISTRATION AND ENFORCEMENT</unit></structure><referred_to_by><reference>12-3069</reference></referred_to_by><text><section id="2343" prefix="(a)"><text>Any violation of this chapter is both a civil offense and a misdemeanor criminal offense. The fine for a criminal violation of this chapter shall be up to five hundred dollars ($500.00) or larger if allowed by G.S. 14-4. Misdemeanor violations shall be enforced by the issuance of citations or by arrest according to the same procedures used for other criminal violations.</text><type>section</type><prefixes><section>(a)</section></prefixes><entire_prefix>(a)</entire_prefix><prefix_anchor>(a)</prefix_anchor><level>1</level></section><section id="2344" prefix="(b)"><text>The first violation of this chapter shall subject the violator to a civil penalty of fifty dollars ($50.00); the second violation during a twelve-month period shall be subject to a one hundred dollar ($100.00) penalty; the third and subsequent violations shall be subject to a one hundred fifty dollar ($150.00) penalty. Notwithstanding this schedule of penalties, the fourth and subsequent violations of &#xA7;12-3021 et seq. of this chapter (Public Nuisance Animals) shall subject the violator to a two hundred fifty dollar ($250.00) penalty. Civil citations shall be served personally upon the violator by the animal control officer, by a member of the Raleigh Police Department, or by any other means authorized for the service of civil process by the North Carolina Rules of Civil Procedure.</text><type>section</type><prefixes><section>(b)</section></prefixes><entire_prefix>(b)</entire_prefix><prefix_anchor>(b)</prefix_anchor><level>1</level></section><section id="2345" prefix="(c)"><text/><type>section</type><prefixes><section>(c)</section></prefixes><entire_prefix>(c)</entire_prefix><prefix_anchor>(c)</prefix_anchor><level>1</level></section></text></law>
