<?xml version="1.0"?>
<law><law_id>797</law_id><section_number>12-3074</section_number><catch_line>UNAUTHORIZED USE OF LICENSE RECEIPTS OR INOCULATION CERTIFICATES.</catch_line><history/><order_by>12-3074</order_by><metadata/><url>/12-3074/</url><token>12-3074</token><structure><unit label="division" level="1" identifier="II">Division II - Planning and Development</unit><unit label="part" level="3" identifier="12">PART 12 - LICENSING AND REGULATION</unit><unit label="chapter" level="4" identifier="3">CHAPTER 3. - ANIMALS</unit><unit label="article" level="2" identifier="E">ARTICLE E. - ADMINISTRATION AND ENFORCEMENT</unit></structure><referred_to_by/><text><section id="2350" prefix=""><text>It shall be unlawful for any person to use for any dog, attack and security dog training facility, or holding facility, a license receipt, or a rabies inoculation certificate issued to another person, dog, cat, or facility. 
(Code 1959 , &#xA7;4-49; Ord. No. 1980-502, &#xA7;4, 10-21-80; Ord. No. 2012-59, &#xA7;5, 6-5-12, eff. 1-1-13)</text><type>section</type><prefixes><section/></prefixes><entire_prefix/><prefix_anchor/><level>1</level></section></text></law>
