<?xml version="1.0"?>
<law><law_id>788</law_id><section_number>12-3066</section_number><catch_line>SUMMARY DESTRUCTION OF ANIMALS FOR HUMANE REASONS.</catch_line><history/><order_by>12-3066</order_by><metadata/><url>/12-3066/</url><token>12-3066</token><structure><unit label="division" level="1" identifier="II">Division II - Planning and Development</unit><unit label="part" level="3" identifier="12">PART 12 - LICENSING AND REGULATION</unit><unit label="chapter" level="4" identifier="3">CHAPTER 3. - ANIMALS</unit><unit label="article" level="2" identifier="E">ARTICLE E. - ADMINISTRATION AND ENFORCEMENT</unit></structure><referred_to_by/><text><section id="2338" prefix=""><text>When, in the judgment of the person in charge of impoundment facility, it is determined that any impounded animal should be destroyed for humane reasons, or to protect the public from imminent danger to persons or property, such animal may be destroyed without regard to any time limitations otherwise established herein. 
(Code 1959 , &#xA7;4-40)</text><type>section</type><prefixes><section/></prefixes><entire_prefix/><prefix_anchor/><level>1</level></section></text></law>
