<?xml version="1.0"?>
<law><law_id>759</law_id><section_number>12-3032</section_number><catch_line>PERMIT TO LOCATE, ERECT OR PLACE.</catch_line><history/><order_by>12-3032</order_by><metadata/><url>/12-3032/</url><token>12-3032</token><structure><unit label="division" level="1" identifier="II">Division II - Planning and Development</unit><unit label="part" level="3" identifier="12">PART 12 - LICENSING AND REGULATION</unit><unit label="chapter" level="4" identifier="3">CHAPTER 3. - ANIMALS</unit><unit label="article" level="2" identifier="D">ARTICLE D. - STABLES AND HOLDING FACILITIES</unit></structure><referred_to_by/><text><section id="2291" prefix=""><text>Before any person shall locate, erect or place any stable on any lot within the corporate limits of the City, he shall make application to the Wake County Health Department and the City Inspection Division. Such permits may be issued, upon compliance with this chapter and with standards and procedures of those agencies. 
(Code 1959 , &#xA7;4-15)</text><type>section</type><prefixes><section/></prefixes><entire_prefix/><prefix_anchor/><level>1</level></section></text></law>
