<?xml version="1.0"?>
<law><law_id>795</law_id><section_number>12-3072</section_number><catch_line>REVOCATION OF HOLDING FACILITY LICENSES.</catch_line><history/><order_by>12-3072</order_by><metadata/><url>/12-3072/</url><token>12-3072</token><structure><unit label="division" level="1" identifier="II">Division II - Planning and Development</unit><unit label="part" level="3" identifier="12">PART 12 - LICENSING AND REGULATION</unit><unit label="chapter" level="4" identifier="3">CHAPTER 3. - ANIMALS</unit><unit label="article" level="2" identifier="E">ARTICLE E. - ADMINISTRATION AND ENFORCEMENT</unit></structure><referred_to_by/><text><section id="2348" prefix=""><text>Any holding facility license issued pursuant to this chapter may be revoked on the recommendation of the City administration if the licensee fails to comply with any provisions of this chapter. 
(Code 1959 , &#xA7;4-47)</text><type>section</type><prefixes><section/></prefixes><entire_prefix/><prefix_anchor/><level>1</level></section></text></law>
