<?xml version="1.0"?>
<law><law_id>794</law_id><section_number>12-3071</section_number><catch_line>REFUSAL TO ISSUE LICENSE WHEN APPLICANT IN VIOLATION OF LAW.</catch_line><history/><order_by>12-3071</order_by><metadata/><url>/12-3071/</url><token>12-3071</token><structure><unit label="division" level="1" identifier="II">Division II - Planning and Development</unit><unit label="part" level="3" identifier="12">PART 12 - LICENSING AND REGULATION</unit><unit label="chapter" level="4" identifier="3">CHAPTER 3. - ANIMALS</unit><unit label="article" level="2" identifier="E">ARTICLE E. - ADMINISTRATION AND ENFORCEMENT</unit></structure><referred_to_by/><text><section id="2347" prefix=""><text>Any license provided for in this chapter may be denied on the recommendation of the City administration where the applicant is or would be in violation of any law. 
(Code 1959 , &#xA7;4-46)</text><type>section</type><prefixes><section/></prefixes><entire_prefix/><prefix_anchor/><level>1</level></section></text></law>
