<?xml version="1.0"?>
<law><law_id>746</law_id><section_number>12-3007</section_number><catch_line>RUNNING AT LARGE PROHIBITED.</catch_line><history/><order_by>12-3007</order_by><metadata/><url>/12-3007/</url><token>12-3007</token><structure><unit label="division" level="1" identifier="II">Division II - Planning and Development</unit><unit label="part" level="3" identifier="12">PART 12 - LICENSING AND REGULATION</unit><unit label="chapter" level="4" identifier="3">CHAPTER 3. - ANIMALS</unit><unit label="article" level="2" identifier="A">ARTICLE A. - GENERAL PROVISIONS</unit></structure><referred_to_by/><text><section id="2260" prefix="(a)"><text>It shall be unlawful for the owner of any domesticated animal to allow such animal to be at-large within the corporate limits of the City or on any City property.</text><type>section</type><prefixes><section>(a)</section></prefixes><entire_prefix>(a)</entire_prefix><prefix_anchor>(a)</prefix_anchor><level>1</level></section><section id="2261" prefix="(b)"><text/><type>section</type><prefixes><section>(b)</section></prefixes><entire_prefix>(b)</entire_prefix><prefix_anchor>(b)</prefix_anchor><level>1</level></section></text></law>
