<?xml version="1.0"?>
<law><law_id>785</law_id><section_number>12-3063</section_number><catch_line>PERIODS OF IMPOUNDMENT.</catch_line><history/><order_by>12-3063</order_by><metadata/><url>/12-3063/</url><token>12-3063</token><structure><unit label="division" level="1" identifier="II">Division II - Planning and Development</unit><unit label="part" level="3" identifier="12">PART 12 - LICENSING AND REGULATION</unit><unit label="chapter" level="4" identifier="3">CHAPTER 3. - ANIMALS</unit><unit label="article" level="2" identifier="E">ARTICLE E. - ADMINISTRATION AND ENFORCEMENT</unit></structure><referred_to_by><reference>12-3021</reference></referred_to_by><text><section id="2333" prefix="(a)"><text>Domesticated animals, other than dogs, shall be impounded for no less than five (5) weekdays. Such animals shall be impounded in a humane manner.</text><type>section</type><prefixes><section>(a)</section></prefixes><entire_prefix>(a)</entire_prefix><prefix_anchor>(a)</prefix_anchor><level>1</level></section><section id="2334" prefix="(b)"><text>Dogs shall be impounded for no less than five (5) weekdays. Such animals shall be impounded in a humane manner. 
(Code 1959 , &#xA7;4-37; Ord. No. 2012-59, &#xA7;3, 6-5-12, eff. 1-1-13)</text><type>section</type><prefixes><section>(b)</section></prefixes><entire_prefix>(b)</entire_prefix><prefix_anchor>(b)</prefix_anchor><level>1</level></section></text></law>
