<?xml version="1.0"?>
<law><law_id>777</law_id><section_number>12-3049</section_number><catch_line>CATTERIES LICENSE; REQUIRED.</catch_line><history/><order_by>12-3049</order_by><metadata/><url>/12-3049/</url><token>12-3049</token><structure><unit label="division" level="1" identifier="II">Division II - Planning and Development</unit><unit label="part" level="3" identifier="12">PART 12 - LICENSING AND REGULATION</unit><unit label="chapter" level="4" identifier="3">CHAPTER 3. - ANIMALS</unit><unit label="article" level="2" identifier="D">ARTICLE D. - STABLES AND HOLDING FACILITIES</unit></structure><referred_to_by/><text><section id="2324" prefix=""><text>It shall be unlawful for any person to operate a cattery in the City without possessing a valid cattery license. 
(Code 1959 , &#xA7;4-32)</text><type>section</type><prefixes><section/></prefixes><entire_prefix/><prefix_anchor/><level>1</level></section></text></law>
