<?xml version="1.0"?>
<law><law_id>766</law_id><section_number>12-3039</section_number><catch_line>GENERAL HEALTH CONDITIONS IN HOLDING FACILITIES.</catch_line><history/><order_by>12-3039</order_by><metadata/><url>/12-3039/</url><token>12-3039</token><structure><unit label="division" level="1" identifier="II">Division II - Planning and Development</unit><unit label="part" level="3" identifier="12">PART 12 - LICENSING AND REGULATION</unit><unit label="chapter" level="4" identifier="3">CHAPTER 3. - ANIMALS</unit><unit label="article" level="2" identifier="D">ARTICLE D. - STABLES AND HOLDING FACILITIES</unit></structure><referred_to_by/><text><section id="2311" prefix=""><text>Any animal in a holding facility which shows signs of illness or contagious disease shall be isolated in such manner as to prevent the spread of such illness or disease to other animals. All sick, diseased or injured animals in such facilities shall be provided appropriate veterinary care; and areas where said animal has been shall be decontaminated. All holding facilities shall, in addition to complying with other applicable provisions of this chapter, provide for healthy and comfortable temperatures, in accordance with the age and species of animals, in areas outside building where animals are kept. 
(Code 1959 , &#xA7;4-22)</text><type>section</type><prefixes><section/></prefixes><entire_prefix/><prefix_anchor/><level>1</level></section></text></law>
