<?xml version="1.0"?>
<law><law_id>741</law_id><section_number>12-3002</section_number><catch_line>GENERAL RESPONSIBILITIES OF DIVISION; PERSONAL LIABILITY OF MUNICIPAL OFFICERS, AGENTS, EMPLOYEES.</catch_line><history/><order_by>12-3002</order_by><metadata/><url>/12-3002/</url><token>12-3002</token><structure><unit label="division" level="1" identifier="II">Division II - Planning and Development</unit><unit label="part" level="3" identifier="12">PART 12 - LICENSING AND REGULATION</unit><unit label="chapter" level="4" identifier="3">CHAPTER 3. - ANIMALS</unit><unit label="article" level="2" identifier="A">ARTICLE A. - GENERAL PROVISIONS</unit></structure><referred_to_by/><text><section id="2238" prefix="(a)"><text/><type>section</type><prefixes><section>(a)</section></prefixes><entire_prefix>(a)</entire_prefix><prefix_anchor>(a)</prefix_anchor><level>1</level></section><section id="2239" prefix="(1)"><text>	Seeing that all dogs in the City are adequately inoculated against rabies; 
</text><type>section</type><prefixes><section>(a)</section><section>(1)</section></prefixes><entire_prefix>(a)(1)</entire_prefix><prefix_anchor>(a)(1)</prefix_anchor><level>2</level></section><section id="2240" prefix="(2)"><text>	Cooperating with the health director and County health officers and assisting in the enforcement of the laws of the State with regard to the control of animals and especially with regard to the vaccination of dogs against rabies and the confinement of vicious dogs; 
</text><type>section</type><prefixes><section>(a)</section><section>(2)</section></prefixes><entire_prefix>(a)(2)</entire_prefix><prefix_anchor>(a)(2)</prefix_anchor><level>2</level></section><section id="2241" prefix="(3)"><text>	Investigating all complaints with regard to animals covered by this chapter;
</text><type>section</type><prefixes><section>(a)</section><section>(3)</section></prefixes><entire_prefix>(a)(3)</entire_prefix><prefix_anchor>(a)(3)</prefix_anchor><level>2</level></section><section id="2242" prefix="(4)"><text>	Making such canvasses of the City, including the homes in the City as it deems necessary and practical, for the purpose of ascertaining that all dogs are vaccinated against rabies; 
</text><type>section</type><prefixes><section>(a)</section><section>(4)</section></prefixes><entire_prefix>(a)(4)</entire_prefix><prefix_anchor>(a)(4)</prefix_anchor><level>2</level></section><section id="2243" prefix="(5)"><text>	Enforcing within the City all of the State laws and City ordinances for the care, control and custody of animals covered by this chapter. 
</text><type>section</type><prefixes><section>(a)</section><section>(5)</section></prefixes><entire_prefix>(a)(5)</entire_prefix><prefix_anchor>(a)(5)</prefix_anchor><level>2</level></section><section id="2244" prefix="(b)"><text>Except as may be otherwise provided by statute or local law or ordinance, no officer, agent or employee of the municipality charged with the duty of enforcing the provisions of this chapter or other applicable law shall be personally liable for any damage that may accrue to persons or property as a result of any act required or permitted in the discharge of such duties. 
(Code 1959 , &#xA7;4-2; Ord. No. 1991-850, &#xA7;1, 10-1-91; Ord. No. 2012-59, &#xA7;1, 6-5-12, eff. 1-1-13)</text><type>section</type><prefixes><section>(b)</section></prefixes><entire_prefix>(b)</entire_prefix><prefix_anchor>(b)</prefix_anchor><level>1</level></section></text></law>
