<?xml version="1.0"?>
<law><law_id>761</law_id><section_number>12-3034</section_number><catch_line>MANURE, REFUSE BINS.</catch_line><history/><order_by>12-3034</order_by><metadata/><url>/12-3034/</url><token>12-3034</token><structure><unit label="division" level="1" identifier="II">Division II - Planning and Development</unit><unit label="part" level="3" identifier="12">PART 12 - LICENSING AND REGULATION</unit><unit label="chapter" level="4" identifier="3">CHAPTER 3. - ANIMALS</unit><unit label="article" level="2" identifier="D">ARTICLE D. - STABLES AND HOLDING FACILITIES</unit></structure><referred_to_by/><text><section id="2293" prefix=""><text>Every person owning or controlling any stable or stable yard in the City on a lot less than one (1) acre in size shall provide and maintain, in connection therewith, a bin or pit which is watertight, flyproof and otherwise constructed and maintained so as to prevent the entrance or egress of flies and so as to be easily emptied and cleaned. All droppings, manure, and other refuse accumulating each day shall be placed in such containers; and the accumulation must be sterilized each day. Authorized agents of the City may immediately remove the contents and assess the actual and reasonable costs of such removal to the owner, upon discovering fly maggots in any such receptacle. 
(Code 1959 , &#xA7;4-17)</text><type>section</type><prefixes><section/></prefixes><entire_prefix/><prefix_anchor/><level>1</level></section></text></law>
