<?xml version="1.0"?>
<law><law_id>767</law_id><section_number>12-3040</section_number><catch_line>PET SHOPS LICENSE; REQUIRED.</catch_line><history/><order_by>12-3040</order_by><metadata/><url>/12-3040/</url><token>12-3040</token><structure><unit label="division" level="1" identifier="II">Division II - Planning and Development</unit><unit label="part" level="3" identifier="12">PART 12 - LICENSING AND REGULATION</unit><unit label="chapter" level="4" identifier="3">CHAPTER 3. - ANIMALS</unit><unit label="article" level="2" identifier="D">ARTICLE D. - STABLES AND HOLDING FACILITIES</unit></structure><referred_to_by/><text><section id="2312" prefix=""><text>It shall be unlawful for any person to operate a pet shop in the City without possessing a valid pet shop license. 
(Code 1959 , &#xA7;4-23)</text><type>section</type><prefixes><section/></prefixes><entire_prefix/><prefix_anchor/><level>1</level></section></text></law>
