<?xml version="1.0"?>
<law><law_id>784</law_id><section_number>12-3062</section_number><catch_line>NOTICE TO OWNER OF IMPOUNDED ANIMAL.</catch_line><history/><order_by>12-3062</order_by><metadata/><url>/12-3062/</url><token>12-3062</token><structure><unit label="division" level="1" identifier="II">Division II - Planning and Development</unit><unit label="part" level="3" identifier="12">PART 12 - LICENSING AND REGULATION</unit><unit label="chapter" level="4" identifier="3">CHAPTER 3. - ANIMALS</unit><unit label="article" level="2" identifier="E">ARTICLE E. - ADMINISTRATION AND ENFORCEMENT</unit></structure><referred_to_by/><text><section id="2332" prefix=""><text/><type>section</type><prefixes><section/></prefixes><entire_prefix/><prefix_anchor/><level>1</level></section></text></law>
