<?xml version="1.0"?>
<law><law_id>749</law_id><section_number>12-3009</section_number><catch_line>ADEQUATE FEED, WATER AND SHELTER.</catch_line><history/><order_by>12-3009</order_by><metadata/><url>/12-3009/</url><token>12-3009</token><structure><unit label="division" level="1" identifier="II">Division II - Planning and Development</unit><unit label="part" level="3" identifier="12">PART 12 - LICENSING AND REGULATION</unit><unit label="chapter" level="4" identifier="3">CHAPTER 3. - ANIMALS</unit><unit label="article" level="2" identifier="B">ARTICLE B. - DOGS AND CATS [9]</unit></structure><referred_to_by/><text><section id="2268" prefix="(a)"><text>All dogs and cats shall be given adequate feed, adequate water and adequate shelter. Adequate shelter is defined as an enclosure of at least three (3) sides, a roof and a floor. The enclosure shall be ventilated and must have sufficient room for the animal(s) to move around freely and to lie down comfortably.</text><type>section</type><prefixes><section>(a)</section></prefixes><entire_prefix>(a)</entire_prefix><prefix_anchor>(a)</prefix_anchor><level>1</level></section><section id="2269" prefix="(b)"><text/><type>section</type><prefixes><section>(b)</section></prefixes><entire_prefix>(b)</entire_prefix><prefix_anchor>(b)</prefix_anchor><level>1</level></section><section id="2270" prefix="(1)"><text>	Underneath outside steps, decks and stoops; or
</text><type>section</type><prefixes><section>(b)</section><section>(1)</section></prefixes><entire_prefix>(b)(1)</entire_prefix><prefix_anchor>(b)(1)</prefix_anchor><level>2</level></section><section id="2271" prefix="(2)"><text>	Inside of vehicles; or
</text><type>section</type><prefixes><section>(b)</section><section>(2)</section></prefixes><entire_prefix>(b)(2)</entire_prefix><prefix_anchor>(b)(2)</prefix_anchor><level>2</level></section><section id="2272" prefix="(3)"><text>	Underneath vehicles; or
</text><type>section</type><prefixes><section>(b)</section><section>(3)</section></prefixes><entire_prefix>(b)(3)</entire_prefix><prefix_anchor>(b)(3)</prefix_anchor><level>2</level></section><section id="2273" prefix="(4)"><text>	Inside metal or plastic barrels or cardboard boxes; or
</text><type>section</type><prefixes><section>(b)</section><section>(4)</section></prefixes><entire_prefix>(b)(4)</entire_prefix><prefix_anchor>(b)(4)</prefix_anchor><level>2</level></section><section id="2274" prefix="(5)"><text>	Rooms, sheds or other buildings without windows or proper ventilation.
(Ord. No. 2003-411, &#xA7;1, 3-18-03) 
</text><type>section</type><prefixes><section>(b)</section><section>(5)</section></prefixes><entire_prefix>(b)(5)</entire_prefix><prefix_anchor>(b)(5)</prefix_anchor><level>2</level></section></text></law>
