<?xml version="1.0"?>
<law><law_id>764</law_id><section_number>12-3037</section_number><catch_line>STANDARDS FOR TRAINERS OF ATTACK AND SECURITY DOGS.</catch_line><history/><order_by>12-3037</order_by><metadata/><url>/12-3037/</url><token>12-3037</token><structure><unit label="division" level="1" identifier="II">Division II - Planning and Development</unit><unit label="part" level="3" identifier="12">PART 12 - LICENSING AND REGULATION</unit><unit label="chapter" level="4" identifier="3">CHAPTER 3. - ANIMALS</unit><unit label="article" level="2" identifier="D">ARTICLE D. - STABLES AND HOLDING FACILITIES</unit></structure><referred_to_by/><text><section id="2306" prefix="(a)"><text>Fencing of runs. 
Runs must have at least six (6) foot high fences completely surrounding them.</text><type>section</type><prefixes><section>(a)</section></prefixes><entire_prefix>(a)</entire_prefix><prefix_anchor>(a)</prefix_anchor><level>1</level></section><section id="2307" prefix="(b)"><text>Locking of gates and entrances. 
All gates and entrances to the runs, kennel, and training area must be kept locked when not in use.</text><type>section</type><prefixes><section>(b)</section></prefixes><entire_prefix>(b)</entire_prefix><prefix_anchor>(b)</prefix_anchor><level>1</level></section><section id="2308" prefix="(c)"><text>Perimeter fences; anti-climbers. 
A perimeter fence of at least six (6) feet high must be installed to encircle the training and kennel areas to which are to be added anti-climbers. Fences must be maintained in escape-proof condition.</text><type>section</type><prefixes><section>(c)</section></prefixes><entire_prefix>(c)</entire_prefix><prefix_anchor>(c)</prefix_anchor><level>1</level></section><section id="2309" prefix="(d)"><text>Confinement of dogs. 
A dog in training as an attack and security dog shall at all times be confined to its kennel, run, training, or other confined area. 
(Code 1959 , &#xA7;4-20)</text><type>section</type><prefixes><section>(d)</section></prefixes><entire_prefix>(d)</entire_prefix><prefix_anchor>(d)</prefix_anchor><level>1</level></section></text></law>
