<?xml version="1.0"?>
<law><law_id>763</law_id><section_number>12-3036</section_number><catch_line>KENNEL STANDARDS.</catch_line><history/><order_by>12-3036</order_by><metadata/><url>/12-3036/</url><token>12-3036</token><structure><unit label="division" level="1" identifier="II">Division II - Planning and Development</unit><unit label="part" level="3" identifier="12">PART 12 - LICENSING AND REGULATION</unit><unit label="chapter" level="4" identifier="3">CHAPTER 3. - ANIMALS</unit><unit label="article" level="2" identifier="D">ARTICLE D. - STABLES AND HOLDING FACILITIES</unit></structure><referred_to_by/><text><section id="2302" prefix="(a)"><text>Building temperature. 
Enclosures must be provided which shall allow adequate protection against weather extremes. Floors of buildings, runs and walls shall be of an impervious material to permit proper cleaning and disinfecting. Healthful building temperatures shall be maintained.</text><type>section</type><prefixes><section>(a)</section></prefixes><entire_prefix>(a)</entire_prefix><prefix_anchor>(a)</prefix_anchor><level>1</level></section><section id="2303" prefix="(b)"><text>Cages and runs. 
Each animal shall have sufficient space to stand up, lie down and turn around without touching the sides or top of cages. Cages are to be of material and construction that permits cleaning and sanitizing. Cage floors of concrete, unless radiantly heated, shall have a resting board or some type of bedding. Runs shall provide an adequate exercise area and protection from the weather. Runs shall have an impervious surface. All animal quarters and runs are to be kept clean, dry and in a sanitary condition.</text><type>section</type><prefixes><section>(b)</section></prefixes><entire_prefix>(b)</entire_prefix><prefix_anchor>(b)</prefix_anchor><level>1</level></section><section id="2304" prefix="(c)"><text>Feeding. 
The food shall be free from contamination, wholesome, palatable and of sufficient quantity and nutritive value to meet the normal daily requirements for the condition and size of the animal.</text><type>section</type><prefixes><section>(c)</section></prefixes><entire_prefix>(c)</entire_prefix><prefix_anchor>(c)</prefix_anchor><level>1</level></section><section id="2305" prefix="(d)"><text>Watering of animals. 
All animals shall have fresh water available at all times. Water vessels shall be mounted or secured in a manner that prevents tipping and be of the removable type. 
(Code 1959 , &#xA7;4-19)</text><type>section</type><prefixes><section>(d)</section></prefixes><entire_prefix>(d)</entire_prefix><prefix_anchor>(d)</prefix_anchor><level>1</level></section></text></law>
