<?xml version="1.0"?>
<law><law_id>762</law_id><section_number>12-3035</section_number><catch_line>PET SHOP STANDARDS.</catch_line><history/><order_by>12-3035</order_by><metadata/><url>/12-3035/</url><token>12-3035</token><structure><unit label="division" level="1" identifier="II">Division II - Planning and Development</unit><unit label="part" level="3" identifier="12">PART 12 - LICENSING AND REGULATION</unit><unit label="chapter" level="4" identifier="3">CHAPTER 3. - ANIMALS</unit><unit label="article" level="2" identifier="D">ARTICLE D. - STABLES AND HOLDING FACILITIES</unit></structure><referred_to_by/><text><section id="2294" prefix="(a)"><text>Water. 
There shall be available hot water at a minimum temperature of 140 degrees for washing cages and disinfecting them, and cold water easily accessible to all parts of the shop. Fresh water will be available to all species at all times. Containers are to be cleaned and disinfected each day. All water containers shall be mounted so the animal cannot turn them over, and be removable for cleaning.</text><type>section</type><prefixes><section>(a)</section></prefixes><entire_prefix>(a)</entire_prefix><prefix_anchor>(a)</prefix_anchor><level>1</level></section><section id="2295" prefix="(b)"><text>Room temperature. 
The room temperature of the shop shall be maintained at a level that is healthful for every species of animal kept in the shop.</text><type>section</type><prefixes><section>(b)</section></prefixes><entire_prefix>(b)</entire_prefix><prefix_anchor>(b)</prefix_anchor><level>1</level></section><section id="2296" prefix="(c)"><text>Cages and enclosures. 
All cages and enclosures are to be of a nonporous material for easy cleaning and disinfecting. Each cage must be of sufficient size that any animal will have room to stand, turn, and stretch out to his full length.</text><type>section</type><prefixes><section>(c)</section></prefixes><entire_prefix>(c)</entire_prefix><prefix_anchor>(c)</prefix_anchor><level>1</level></section><section id="2297" prefix="(d)"><text>Feeding. 
All animals under three (3) months old are to be fed at least three (3) times per 24 hours. Food for all animals shall be served in a clean dish so mounted that the animals cannot readily tip it over or defecate or urinate therein.</text><type>section</type><prefixes><section>(d)</section></prefixes><entire_prefix>(d)</entire_prefix><prefix_anchor>(d)</prefix_anchor><level>1</level></section><section id="2298" prefix="(e)"><text>Birds. 
Each bird must have sufficient room to sit on a perch. Perches shall be placed horizontal to each other in the same cage. Cages must be cleaned every day and cages must be disinfected when birds are sold. Parrots and other large birds shall have separate cages from smaller birds.</text><type>section</type><prefixes><section>(e)</section></prefixes><entire_prefix>(e)</entire_prefix><prefix_anchor>(e)</prefix_anchor><level>1</level></section><section id="2299" prefix="(f)"><text>Bedding. 
There shall be sufficient clean, dry bedding to meet the needs of each individual animal.</text><type>section</type><prefixes><section>(f)</section></prefixes><entire_prefix>(f)</entire_prefix><prefix_anchor>(f)</prefix_anchor><level>1</level></section><section id="2300" prefix="(g)"><text>Fish. 
The temperature of water in which fish are kept shall be maintained at a constant temperature that is healthful.</text><type>section</type><prefixes><section>(g)</section></prefixes><entire_prefix>(g)</entire_prefix><prefix_anchor>(g)</prefix_anchor><level>1</level></section><section id="2301" prefix="(h)"><text>General feeding, watering, sanitation requirements. 
All animals must be fed, watered and cages cleaned every day, including Sundays and holidays. 
(Code 1959 , &#xA7;4-18)</text><type>section</type><prefixes><section>(h)</section></prefixes><entire_prefix>(h)</entire_prefix><prefix_anchor>(h)</prefix_anchor><level>1</level></section></text></law>
