<?xml version="1.0"?>
<law><law_id>786</law_id><section_number>12-3064</section_number><catch_line>REDEMPTION OF IMPOUNDED ANIMAL.</catch_line><history/><order_by>12-3064</order_by><metadata/><url>/12-3064/</url><token>12-3064</token><structure><unit label="division" level="1" identifier="II">Division II - Planning and Development</unit><unit label="part" level="3" identifier="12">PART 12 - LICENSING AND REGULATION</unit><unit label="chapter" level="4" identifier="3">CHAPTER 3. - ANIMALS</unit><unit label="article" level="2" identifier="E">ARTICLE E. - ADMINISTRATION AND ENFORCEMENT</unit></structure><referred_to_by><reference>12-3021</reference></referred_to_by><text><section id="2335" prefix="(a)"><text>The owner of an impounded animal shall be entitled to redeem such animal, except as provided in this article, upon the payment of all redemption fees, and upon furnishing proof of ownership. Any dog or cat redeemed which has not been inoculated against rabies shall be so inoculated within two (2) weekdays of redemption, and failure of the owner of the dog or cat to cause the dog or cat to be so inoculated shall be unlawful.</text><type>section</type><prefixes><section>(a)</section></prefixes><entire_prefix>(a)</entire_prefix><prefix_anchor>(a)</prefix_anchor><level>1</level></section><section id="2336" prefix="(b)"><text>Redemption fees as provided in this section shall be ten dollars ($10.00) for each animal and the expense incurred for feeding and sheltering. The redemption fee for an animal which has once previously been impounded within the last six (6) months shall be fifteen dollars ($15.00) and feeding and sheltering expenses. The redemption fee for an animal which has previously been impounded more than once within six (6) months shall be thirty dollars ($30.00) and feeding and sheltering expenses. 
(Code 1959 , &#xA7;4-38; Ord. No. 1980-502, &#xA7;3, 10-21-80; Ord. No. 1988-212, &#xA7;1, 7-5-88; Ord. No. 2012-59, &#xA7;4, 6-5-12, eff. 1-1-13)</text><type>section</type><prefixes><section>(b)</section></prefixes><entire_prefix>(b)</entire_prefix><prefix_anchor>(b)</prefix_anchor><level>1</level></section></text></law>
