<?xml version="1.0"?>
<law><law_id>744</law_id><section_number>12-3005</section_number><catch_line>BIRD SANCTUARY; AREA DESIGNATED; HUNTING, TRAPPING, SHOOTING THEREIN; POSTING OF REGULATIONS.</catch_line><history/><order_by>12-3005</order_by><metadata/><url>/12-3005/</url><token>12-3005</token><structure><unit label="division" level="1" identifier="II">Division II - Planning and Development</unit><unit label="part" level="3" identifier="12">PART 12 - LICENSING AND REGULATION</unit><unit label="chapter" level="4" identifier="3">CHAPTER 3. - ANIMALS</unit><unit label="article" level="2" identifier="A">ARTICLE A. - GENERAL PROVISIONS</unit></structure><referred_to_by/><text><section id="2256" prefix="(a)"><text>The area embraced within the corporate limits of the City and all land owned or leased by the City outside the corporate limits is hereby designated as a bird sanctuary.</text><type>section</type><prefixes><section>(a)</section></prefixes><entire_prefix>(a)</entire_prefix><prefix_anchor>(a)</prefix_anchor><level>1</level></section><section id="2257" prefix="(b)"><text>It shall be unlawful intentionally to trap, hunt, shoot, or otherwise kill, within the sanctuary hereby established, any native wild bird; provided, it shall be lawful to trap starlings or similar birds or fowl specifically declared a nuisance by the City Council when such birds or fowl are found to be congregating in such number in a particular locality that they constitute a nuisance or a menace to health or property.</text><type>section</type><prefixes><section>(b)</section></prefixes><entire_prefix>(b)</entire_prefix><prefix_anchor>(b)</prefix_anchor><level>1</level></section><section id="2258" prefix="(c)"><text>The bird clubs of the City are hereby granted permission to erect artistic signs, giving notice of the regulations therein provided, at such places and of such design as may be approved by the City Manager. 
(Code 1959 , &#xA7;4-5) 
State law reference: Bird sanctuary establishment, G.S. 160A-188.</text><type>section</type><prefixes><section>(c)</section></prefixes><entire_prefix>(c)</entire_prefix><prefix_anchor>(c)</prefix_anchor><level>1</level></section></text></law>
