<?xml version="1.0"?>
<law><law_id>771</law_id><section_number>12-3043</section_number><catch_line>KENNEL LICENSE; REQUIRED; EXEMPTIONS.</catch_line><history/><order_by>12-3043</order_by><metadata/><url>/12-3043/</url><token>12-3043</token><structure><unit label="division" level="1" identifier="II">Division II - Planning and Development</unit><unit label="part" level="3" identifier="12">PART 12 - LICENSING AND REGULATION</unit><unit label="chapter" level="4" identifier="3">CHAPTER 3. - ANIMALS</unit><unit label="article" level="2" identifier="D">ARTICLE D. - STABLES AND HOLDING FACILITIES</unit></structure><referred_to_by/><text><section id="2316" prefix="(a)"><text>It shall be unlawful for any person to operate a kennel in the City without possessing a valid kennel license.</text><type>section</type><prefixes><section>(a)</section></prefixes><entire_prefix>(a)</entire_prefix><prefix_anchor>(a)</prefix_anchor><level>1</level></section><section id="2317" prefix="(b)"><text>Veterinary hospitals or clinics, research facilities where bona fide medical or related research (dental, veterinary, pharmaceutical or biological) is being conducted, humane shelters, and other animal establishments operated by state or local governments or which are licensed by Federal law are excluded from the kennel licensing requirements of this chapter. 
(Code 1959 , &#xA7;4-26)</text><type>section</type><prefixes><section>(b)</section></prefixes><entire_prefix>(b)</entire_prefix><prefix_anchor>(b)</prefix_anchor><level>1</level></section></text></law>
