<?xml version="1.0"?>
<law><law_id>773</law_id><section_number>12-3045</section_number><catch_line>FEE.</catch_line><history/><order_by>12-3045</order_by><metadata/><url>/12-3045/</url><token>12-3045</token><structure><unit label="division" level="1" identifier="II">Division II - Planning and Development</unit><unit label="part" level="3" identifier="12">PART 12 - LICENSING AND REGULATION</unit><unit label="chapter" level="4" identifier="3">CHAPTER 3. - ANIMALS</unit><unit label="article" level="2" identifier="D">ARTICLE D. - STABLES AND HOLDING FACILITIES</unit></structure><referred_to_by/><text><section id="2319" prefix="(a)"><text>The annual license fees for kennel operators shall be imposed pursuant to the provisions of Part 2, Chapter 2, Article B, of this Code.</text><type>section</type><prefixes><section>(a)</section></prefixes><entire_prefix>(a)</entire_prefix><prefix_anchor>(a)</prefix_anchor><level>1</level></section><section id="2320" prefix="(b)"><text>The fee requirements of this section shall be waived if the applicant has been granted a cattery license where the cattery is authorized to house the same number or less cats as dogs applied for by the applicant. If the application is for authorization to house more dogs than the applicant is authorized to house cats under a cattery license, the difference in license fees shall be the amount of the annual fee. 
(Code 1959 , &#xA7;4-28)</text><type>section</type><prefixes><section>(b)</section></prefixes><entire_prefix>(b)</entire_prefix><prefix_anchor>(b)</prefix_anchor><level>1</level></section></text></law>
