<?xml version="1.0"?>
<law><law_id>760</law_id><section_number>12-3033</section_number><catch_line>REMOVAL, RELOCATION FOR VIOLATION.</catch_line><history/><order_by>12-3033</order_by><metadata/><url>/12-3033/</url><token>12-3033</token><structure><unit label="division" level="1" identifier="II">Division II - Planning and Development</unit><unit label="part" level="3" identifier="12">PART 12 - LICENSING AND REGULATION</unit><unit label="chapter" level="4" identifier="3">CHAPTER 3. - ANIMALS</unit><unit label="article" level="2" identifier="D">ARTICLE D. - STABLES AND HOLDING FACILITIES</unit></structure><referred_to_by/><text><section id="2292" prefix=""><text>The Wake County Health Department and City Inspection Division, upon complaint or otherwise, may after investigation notify the owner or person controlling any stable who has violated any health requirement or provision of this chapter, to remove or relocate the stable so that the same shall conform to the applicable health regulations and requirements of this chapter. Such stable owner or controller shall thereupon bring his stable into compliance or vacate and remove the same within five (5) days after the receipt of such notice. 
(Code 1959 , &#xA7;4-16)</text><type>section</type><prefixes><section/></prefixes><entire_prefix/><prefix_anchor/><level>1</level></section></text></law>
