<?xml version="1.0"?>
<law><law_id>787</law_id><section_number>12-3065</section_number><catch_line>DISPOSITION OF UNREDEEMED ANIMALS.</catch_line><history/><order_by>12-3065</order_by><metadata/><url>/12-3065/</url><token>12-3065</token><structure><unit label="division" level="1" identifier="II">Division II - Planning and Development</unit><unit label="part" level="3" identifier="12">PART 12 - LICENSING AND REGULATION</unit><unit label="chapter" level="4" identifier="3">CHAPTER 3. - ANIMALS</unit><unit label="article" level="2" identifier="E">ARTICLE E. - ADMINISTRATION AND ENFORCEMENT</unit></structure><referred_to_by><reference>12-3021</reference></referred_to_by><text><section id="2337" prefix=""><text>At the end of the minimum time period indicated herein, unclaimed animals shall be deemed abandoned and shall be disposed of in a humane manner. 
(Code 1959 , &#xA7;4-39)</text><type>section</type><prefixes><section/></prefixes><entire_prefix/><prefix_anchor/><level>1</level></section></text></law>
