<?xml version="1.0"?>
<law><law_id>770</law_id><section_number>12-3042</section_number><catch_line>FEE; SEPARATE LICENSE FOR EACH FACILITY OPERATED.</catch_line><history/><order_by>12-3042</order_by><metadata/><url>/12-3042/</url><token>12-3042</token><structure><unit label="division" level="1" identifier="II">Division II - Planning and Development</unit><unit label="part" level="3" identifier="12">PART 12 - LICENSING AND REGULATION</unit><unit label="chapter" level="4" identifier="3">CHAPTER 3. - ANIMALS</unit><unit label="article" level="2" identifier="D">ARTICLE D. - STABLES AND HOLDING FACILITIES</unit></structure><referred_to_by/><text><section id="2315" prefix=""><text>The annual license fee for a pet shop shall be imposed pursuant to the provisions of Part 2, Chapter 2 of this Code relating to merchants. Pet shop licensees shall be required to obtain a separate license for each other holding facility operated on the same premises as the pet shop. 
(Code 1959 , &#xA7;4-25)</text><type>section</type><prefixes><section/></prefixes><entire_prefix/><prefix_anchor/><level>1</level></section></text></law>
