<?xml version="1.0"?>
<law><law_id>789</law_id><section_number>12-3067</section_number><catch_line>CONFINEMENT OF ANIMALS WITH HISTORY OF BITING PEOPLE.</catch_line><history/><order_by>12-3067</order_by><metadata/><url>/12-3067/</url><token>12-3067</token><structure><unit label="division" level="1" identifier="II">Division II - Planning and Development</unit><unit label="part" level="3" identifier="12">PART 12 - LICENSING AND REGULATION</unit><unit label="chapter" level="4" identifier="3">CHAPTER 3. - ANIMALS</unit><unit label="article" level="2" identifier="E">ARTICLE E. - ADMINISTRATION AND ENFORCEMENT</unit></structure><referred_to_by/><text><section id="2339" prefix=""><text>All fierce, dangerous or vicious animals, including dogs that have a history of unlawful biting of humans, shall be confined by the owner within a building or secure enclosure or by the animal control warden in the animal control shelter. Such animals shall not be released from confinement unless securely muzzled. 
(Code 1959 , &#xA7;4-41)</text><type>section</type><prefixes><section/></prefixes><entire_prefix/><prefix_anchor/><level>1</level></section></text></law>
