<?xml version="1.0"?>
<law><law_id>751</law_id><section_number>12-3011</section_number><catch_line>DOGS AT LARGE; DEFECATION ON STREETS AND PRIVATE PROPERTY.</catch_line><history/><order_by>12-3011</order_by><metadata/><url>/12-3011/</url><token>12-3011</token><structure><unit label="division" level="1" identifier="II">Division II - Planning and Development</unit><unit label="part" level="3" identifier="12">PART 12 - LICENSING AND REGULATION</unit><unit label="chapter" level="4" identifier="3">CHAPTER 3. - ANIMALS</unit><unit label="article" level="2" identifier="B">ARTICLE B. - DOGS AND CATS [9]</unit></structure><referred_to_by/><text><section id="2276" prefix="(a)"><text>It shall be unlawful for the owner of any dog to allow such animal to be at large in the City or on any City property.</text><type>section</type><prefixes><section>(a)</section></prefixes><entire_prefix>(a)</entire_prefix><prefix_anchor>(a)</prefix_anchor><level>1</level></section><section id="2277" prefix="(b)"><text>It shall be unlawful for any person owning, harboring, keeping, or in charge of any dog to fail to remove feces deposited by the dog on any street, sidewalk, park or other publicly owned area.</text><type>section</type><prefixes><section>(b)</section></prefixes><entire_prefix>(b)</entire_prefix><prefix_anchor>(b)</prefix_anchor><level>1</level></section><section id="2278" prefix="(c)"><text>It shall be unlawful for any person owning, harboring, keeping, or in charge of any dog to fail to remove feces deposited by the dog on any private property unless the owner of the property has given permission allowing such use of the property. 
(Code 1959 , &#xA7;4-8; Ord. No. 1979-184, 8-21-79; Ord. No. 1982-941, &#xA7;2, 7-20-82; Ord. No. 1984-307, &#xA7;2, 3-20-84)</text><type>section</type><prefixes><section>(c)</section></prefixes><entire_prefix>(c)</entire_prefix><prefix_anchor>(c)</prefix_anchor><level>1</level></section></text></law>
