<?xml version="1.0"?>
<law><law_id>745</law_id><section_number>12-3006</section_number><catch_line>ANIMALS OR FOWL BANNED FROM SALE.</catch_line><history/><order_by>12-3006</order_by><metadata/><url>/12-3006/</url><token>12-3006</token><structure><unit label="division" level="1" identifier="II">Division II - Planning and Development</unit><unit label="part" level="3" identifier="12">PART 12 - LICENSING AND REGULATION</unit><unit label="chapter" level="4" identifier="3">CHAPTER 3. - ANIMALS</unit><unit label="article" level="2" identifier="A">ARTICLE A. - GENERAL PROVISIONS</unit></structure><referred_to_by/><text><section id="2259" prefix=""><text>It shall be unlawful for any person to sell or offer for sale, or permit to be sold or offered for sale, within the corporate limits of the City, baby chickens, baby ducklings, or baby rabbits less than six (6) weeks of age; provided, this section shall not apply to hatcheries raising chickens or ducks expressly for the broiler market or for sale to farms. 
(Code 1959 , &#xA7;4-6)</text><type>section</type><prefixes><section/></prefixes><entire_prefix/><prefix_anchor/><level>1</level></section></text></law>
