<?xml version="1.0"?>
<law><law_id>740</law_id><section_number>12-3001</section_number><catch_line>DIVISION OF ANIMAL CONTROL CREATED; COMPOSITION; RESPONSIBILITY.</catch_line><history/><order_by>12-3001</order_by><text><section id="2237" prefix=""><text>The presence of animals at large, stray animals, nuisance animals, and diseased animals within the corporate limits of the City is hereby declared to be a public nuisance. Such animals are a threat to the health of the community and to the safety of persons and property alike. In order to abate and control this nuisance, there is hereby created within the Police Department of the City an animal control division, to be constituted and composed of such sworn officers of the Police Department as the Council and the City Manager may determine. 
(Code 1959 , &#xA7;4-1) 
Cross reference: Police Department, Part 5, Ch. 1. 
State law references: Animal shelters, G.S. 160A-493; regulation of wild and domestic animals, G.S. 160A-186, 187.</text><type>section</type><prefixes><section/></prefixes><entire_prefix/><prefix_anchor/><level>1</level></section></text><metadata/><url>/12-3001/</url><token>12-3001</token><structure><unit label="division" level="1" identifier="II">Division II - Planning and Development</unit><unit label="part" level="3" identifier="12">PART 12 - LICENSING AND REGULATION</unit><unit label="chapter" level="4" identifier="3">CHAPTER 3. - ANIMALS</unit><unit label="article" level="2" identifier="A">ARTICLE A. - GENERAL PROVISIONS</unit></structure><referred_to_by/></law>
