<?xml version="1.0"?>
<law><law_id>783</law_id><section_number>12-3061</section_number><catch_line>IMPOUNDMENT.</catch_line><history/><order_by>12-3061</order_by><text><section id="2331" prefix=""><text>Domesticated animals may be impounded when found at large. 
(Code 1959 , &#xA7;4-35)</text><type>section</type><prefixes><section/></prefixes><entire_prefix/><prefix_anchor/><level>1</level></section></text><metadata/><url>/12-3061/</url><token>12-3061</token><structure><unit label="division" level="1" identifier="II">Division II - Planning and Development</unit><unit label="part" level="3" identifier="12">PART 12 - LICENSING AND REGULATION</unit><unit label="chapter" level="4" identifier="3">CHAPTER 3. - ANIMALS</unit><unit label="article" level="2" identifier="E">ARTICLE E. - ADMINISTRATION AND ENFORCEMENT</unit></structure><referred_to_by/></law>
