<?xml version="1.0"?>
<law><law_id>772</law_id><section_number>12-3044</section_number><catch_line>APPLICATION.</catch_line><history/><order_by>12-3044</order_by><metadata/><url>/12-3044/</url><token>12-3044</token><structure><unit label="division" level="1" identifier="II">Division II - Planning and Development</unit><unit label="part" level="3" identifier="12">PART 12 - LICENSING AND REGULATION</unit><unit label="chapter" level="4" identifier="3">CHAPTER 3. - ANIMALS</unit><unit label="article" level="2" identifier="D">ARTICLE D. - STABLES AND HOLDING FACILITIES</unit></structure><referred_to_by/><text><section id="2318" prefix=""><text>An application for a kennel license shall be on a form provided by the City and shall state the name and address of the kennel, its owner and its operator, and the maximum number of dogs to be housed in the kennel. 
(Code 1959 , &#xA7;4-27)</text><type>section</type><prefixes><section/></prefixes><entire_prefix/><prefix_anchor/><level>1</level></section></text></law>
