<?xml version="1.0"?>
<law><law_id>790</law_id><section_number>12-3068</section_number><catch_line>DISPOSAL OF ANIMAL CARCASSES.</catch_line><history/><order_by>12-3068</order_by><metadata/><url>/12-3068/</url><token>12-3068</token><structure><unit label="division" level="1" identifier="II">Division II - Planning and Development</unit><unit label="part" level="3" identifier="12">PART 12 - LICENSING AND REGULATION</unit><unit label="chapter" level="4" identifier="3">CHAPTER 3. - ANIMALS</unit><unit label="article" level="2" identifier="E">ARTICLE E. - ADMINISTRATION AND ENFORCEMENT</unit></structure><referred_to_by/><text><section id="2340" prefix=""><text>The Solid Waste Services Director, upon request of any person, or otherwise, may pick up and dispose of any animal carcass within the area of his jurisdiction. When the owner of an animal, the carcass of which is disposed of by a public agency, can be identified, he shall be billed for the cost of the disposition. 
(Code 1959 , &#xA7;4-42; Ord. No. 1998-454, &#xA7;19, 11-4-98)</text><type>section</type><prefixes><section/></prefixes><entire_prefix/><prefix_anchor/><level>1</level></section></text></law>
