<?xml version="1.0"?>
<law><law_id>742</law_id><section_number>12-3003</section_number><catch_line>MEMBERS OF DIVISION TO HAVE POWER, AUTHORITY AND IMMUNITY OF PEACE OFFICERS, DUTY TO WEAR BADGE; FIREARMS.</catch_line><history/><order_by>12-3003</order_by><metadata/><url>/12-3003/</url><token>12-3003</token><structure><unit label="division" level="1" identifier="II">Division II - Planning and Development</unit><unit label="part" level="3" identifier="12">PART 12 - LICENSING AND REGULATION</unit><unit label="chapter" level="4" identifier="3">CHAPTER 3. - ANIMALS</unit><unit label="article" level="2" identifier="A">ARTICLE A. - GENERAL PROVISIONS</unit></structure><referred_to_by/><text><section id="2245" prefix="(a)"><text/><type>section</type><prefixes><section>(a)</section></prefixes><entire_prefix>(a)</entire_prefix><prefix_anchor>(a)</prefix_anchor><level>1</level></section><section id="2246" prefix="(b)"><text>Each member of the division, while performing his respective duties, shall wear a badge of a size and design to be determined by the Chief of Police.</text><type>section</type><prefixes><section>(b)</section></prefixes><entire_prefix>(b)</entire_prefix><prefix_anchor>(b)</prefix_anchor><level>1</level></section><section id="2247" prefix="(c)"><text>Notwithstanding the prior provisions of this section, members of the division shall not and are not hereby authorized to carry on their persons any firearms of any kind unless specifically authorized by the Chief of Police. However, members of the division may store at animal shelters or carry in department vehicles, firearms approved for use by the Chief of Police and use such firearms when necessary to enforce sections of this chapter or other applicable law for the control of wild, vicious, diseased or potentially dangerous animals when the officer in charge of the animal control division deems the action necessary. 
(Code 1959 , &#xA7;4-3)</text><type>section</type><prefixes><section>(c)</section></prefixes><entire_prefix>(c)</entire_prefix><prefix_anchor>(c)</prefix_anchor><level>1</level></section></text></law>
