<?xml version="1.0"?>
<law><law_id>743</law_id><section_number>12-3004</section_number><catch_line>DEFINITIONS.</catch_line><history/><order_by>12-3004</order_by><metadata/><url>/12-3004/</url><token>12-3004</token><structure><unit label="division" level="1" identifier="II">Division II - Planning and Development</unit><unit label="part" level="3" identifier="12">PART 12 - LICENSING AND REGULATION</unit><unit label="chapter" level="4" identifier="3">CHAPTER 3. - ANIMALS</unit><unit label="article" level="2" identifier="A">ARTICLE A. - GENERAL PROVISIONS</unit></structure><referred_to_by><reference>12-3021</reference></referred_to_by><text><section id="2248" prefix="(a)"><text>Is repeatedly found at large.</text><type>section</type><prefixes><section>(a)</section></prefixes><entire_prefix>(a)</entire_prefix><prefix_anchor>(a)</prefix_anchor><level>1</level></section><section id="2249" prefix="(b)"><text>Damages the property of anyone other than its owner.</text><type>section</type><prefixes><section>(b)</section></prefixes><entire_prefix>(b)</entire_prefix><prefix_anchor>(b)</prefix_anchor><level>1</level></section><section id="2250" prefix="(c)"><text>Is vicious.</text><type>section</type><prefixes><section>(c)</section></prefixes><entire_prefix>(c)</entire_prefix><prefix_anchor>(c)</prefix_anchor><level>1</level></section><section id="2251" prefix="(d)"><text>Causes fouling of the air by odors.</text><type>section</type><prefixes><section>(d)</section></prefixes><entire_prefix>(d)</entire_prefix><prefix_anchor>(d)</prefix_anchor><level>1</level></section><section id="2252" prefix="(e)"><text>Causes unsanitary condition of enclosures or surroundings.</text><type>section</type><prefixes><section>(e)</section></prefixes><entire_prefix>(e)</entire_prefix><prefix_anchor>(e)</prefix_anchor><level>1</level></section><section id="2253" prefix="(f)"><text>By virtue of number or type is offensive or dangerous to the public health, safety, or welfare.</text><type>section</type><prefixes><section>(f)</section></prefixes><entire_prefix>(f)</entire_prefix><prefix_anchor>(f)</prefix_anchor><level>1</level></section><section id="2254" prefix="(g)"><text>Excessively makes disturbing noises.</text><type>section</type><prefixes><section>(g)</section></prefixes><entire_prefix>(g)</entire_prefix><prefix_anchor>(g)</prefix_anchor><level>1</level></section><section id="2255" prefix="(h)"><text>Is diseased and dangerous to the public health.
Tether Tying out or fastening a dog outdoors on a rope, chain or other line for restraining a dog. The term does not mean the restraint of a dog on an attended leash. 
Trainer. Any individual who holds himself available to the general public for the purpose of training attack and security dogs. This does not include individuals who are in the business of obedience training only. 
Vicious animal. Any animal which constitutes a physical threat to human beings or other animals by virtue of attacks of such number and severity as to cause property damage or physical injury. 
Weekdays. Monday through Saturday inclusive, excluding local, state and national legal holidays. 
(Code 1959 , &#xA7;4-4; Ord. No. 1980-502, &#xA7;1, 10-21-80; Ord. No. 1996-833, &#xA7;1, 2-20-96; Ord. No. 2000-843, &#xA7;1, 7-18-00; Ord. No. 2003-400, &#xA7;1, 3-18-03; Ord. No. 2009-552, &#xA7;1, 3-3-09, eff. 7-1-09)</text><type>section</type><prefixes><section>(h)</section></prefixes><entire_prefix>(h)</entire_prefix><prefix_anchor>(h)</prefix_anchor><level>1</level></section></text></law>
