<?xml version="1.0"?>
<law><law_id>27</law_id><section_number>2-2084</section_number><catch_line>ADDITIONAL PENALTY FOR FAILURE TO PAY.</catch_line><history/><order_by>2-2084</order_by><metadata/><url>/2-2084/</url><token>2-2084</token><structure><unit label="division" level="1" identifier="II">Division II - Planning and Development</unit><unit label="part" level="3" identifier="2">PART 2 - FINANCE</unit><unit label="chapter" level="4" identifier="2">CHAPTER 2. - REVENUE AND TAXATION</unit><unit label="article" level="2" identifier="F">ARTICLE F. - TRANSIENT OCCUPANCY TAX; CONVENTION AND VISITORS BUREAU</unit></structure><referred_to_by><reference>2-2085</reference></referred_to_by><text><section id="68" prefix=""><text>In case of failure or refusal to file the return or pay the tax for a period of thirty (30) days after the time required for filing such return or for paying such tax, there shall be an additional tax, as a penalty, of five (5) per cent of the tax due, in addition to the penalty prescribed in &#xA7;2-2083, with an additional tax of five (5) per cent for each additional month or fraction thereof until the transient occupancy tax is paid. 
(Ord. No. 1986-825A, &#xA7;1, 7-15-86)</text><type>section</type><prefixes><section/></prefixes><entire_prefix/><prefix_anchor/><level>1</level></section></text></law>
