<?xml version="1.0"?>
<law><law_id>569</law_id><section_number>2-2016</section_number><catch_line>APPLICATION; FALSE STATEMENT THEREON.</catch_line><history/><order_by>2-2016</order_by><metadata/><url>/2-2016/</url><token>2-2016</token><structure><unit label="division" level="1" identifier="II">Division II - Planning and Development</unit><unit label="part" level="3" identifier="2">PART 2 - FINANCE</unit><unit label="chapter" level="4" identifier="2">CHAPTER 2. - REVENUE AND TAXATION</unit><unit label="article" level="2" identifier="B">ARTICLE B. - PRIVILEGE LICENSE TAXES [1]</unit></structure><referred_to_by/><text><section id="1593" prefix="(a)"><text>Every person desiring to obtain a license for the privilege of engaging in a business within the City shall make application therefor in writing to the Revenue Collector. The application, to be made on a form provided by the Revenue Collector, shall contain the following information: (i) name and nature of the business for which the license is sought; (ii) the address where the business is conducted, and a mailing address for the business, if different; (iii) the name and address of the person filling out the application, and his relationship to the business; (iv) the gross receipts of the business for the most recently completed tax year, if applicable; and (v) any other information which the Revenue Collector determines to be necessary.</text><type>section</type><prefixes><section>(a)</section></prefixes><entire_prefix>(a)</entire_prefix><prefix_anchor>(a)</prefix_anchor><level>1</level></section><section id="1594" prefix="(b)"><text>Any person who willfully makes a false statement on a license application shall be guilty of a misdemeanor and, upon conviction, shall be fined or imprisoned in the discretion of the court and any fine shall be in addition to the amount of the tax.</text><type>section</type><prefixes><section>(b)</section></prefixes><entire_prefix>(b)</entire_prefix><prefix_anchor>(b)</prefix_anchor><level>1</level></section><section id="1595" prefix="(c)"><text/><type>section</type><prefixes><section>(c)</section></prefixes><entire_prefix>(c)</entire_prefix><prefix_anchor>(c)</prefix_anchor><level>1</level></section><section id="1596" prefix="(1)"><text>	Class one&#x2014;Entertainment centers.
</text><type>section</type><prefixes><section>(c)</section><section>(1)</section></prefixes><entire_prefix>(c)(1)</entire_prefix><prefix_anchor>(c)(1)</prefix_anchor><level>2</level></section><section id="1597" prefix="(2)"><text>	Class two&#x2014;Entertainment centers.
</text><type>section</type><prefixes><section>(c)</section><section>(2)</section></prefixes><entire_prefix>(c)(2)</entire_prefix><prefix_anchor>(c)(2)</prefix_anchor><level>2</level></section><section id="1598" prefix="(3)"><text>	Dance halls.
</text><type>section</type><prefixes><section>(c)</section><section>(3)</section></prefixes><entire_prefix>(c)(3)</entire_prefix><prefix_anchor>(c)(3)</prefix_anchor><level>2</level></section><section id="1599" prefix="(4)"><text>	Private clubs.
</text><type>section</type><prefixes><section>(c)</section><section>(4)</section></prefixes><entire_prefix>(c)(4)</entire_prefix><prefix_anchor>(c)(4)</prefix_anchor><level>2</level></section><section id="1600" prefix="(5)"><text>	Public clubs.
</text><type>section</type><prefixes><section>(c)</section><section>(5)</section></prefixes><entire_prefix>(c)(5)</entire_prefix><prefix_anchor>(c)(5)</prefix_anchor><level>2</level></section><section id="1601" prefix="(6)"><text>	Establishments with live entertainment, but without alcoholic beverages.
(Ord. No. 1985-677, &#xA7;1, 11-19-85; Ord. No. 2001-935, &#xA7;4, 2-6-01) 
</text><type>section</type><prefixes><section>(c)</section><section>(6)</section></prefixes><entire_prefix>(c)(6)</entire_prefix><prefix_anchor>(c)(6)</prefix_anchor><level>2</level></section></text></law>
