<?xml version="1.0"?>
<law><law_id>481</law_id><section_number>2-2001</section_number><catch_line>COLLECTION OF PROCESSING FEE FOR RETURNED CHECKS PRESENTED TO THE REVENUE COLLECTOR.</catch_line><history/><order_by>2-2001</order_by><text><section id="1340" prefix=""><text/><type>section</type><prefixes><section/></prefixes><entire_prefix/><prefix_anchor/><level>1</level></section></text><metadata/><url>/2-2001/</url><token>2-2001</token><structure><unit label="division" level="1" identifier="II">Division II - Planning and Development</unit><unit label="part" level="3" identifier="2">PART 2 - FINANCE</unit><unit label="chapter" level="4" identifier="2">CHAPTER 2. - REVENUE AND TAXATION</unit><unit label="article" level="2" identifier="A">ARTICLE A. - GENERAL PROVISIONS</unit></structure><referred_to_by/></law>
