<?xml version="1.0"?>
<law><law_id>703</law_id><section_number>2-2028</section_number><catch_line>EXEMPTIONS.</catch_line><history/><order_by>2-2028</order_by><metadata/><url>/2-2028/</url><token>2-2028</token><structure><unit label="division" level="1" identifier="II">Division II - Planning and Development</unit><unit label="part" level="3" identifier="2">PART 2 - FINANCE</unit><unit label="chapter" level="4" identifier="2">CHAPTER 2. - REVENUE AND TAXATION</unit><unit label="article" level="2" identifier="B">ARTICLE B. - PRIVILEGE LICENSE TAXES [1]</unit></structure><referred_to_by/><text><section id="2061" prefix="(a)"><text>Any person who engages in business within this City for religious, nonprofit educational or charitable purposes shall be exempt from paying any privilege license tax levied by this article.</text><type>section</type><prefixes><section>(a)</section></prefixes><entire_prefix>(a)</entire_prefix><prefix_anchor>(a)</prefix_anchor><level>1</level></section><section id="2062" prefix="(b)"><text>All persons engaged in the business of renting commercial or residential real property are exempt from paying any privilege license tax, except parking lots and storage units or buildings shall pay any privilege license tax levied by this article. 
(Ord. No. 1991-883, &#xA7;1, 12-3-91; Ord. No. 1992-908, &#xA7;1, 1-21-92; Ord. No. 2011-931, &#xA7;1, 7-19-11)</text><type>section</type><prefixes><section>(b)</section></prefixes><entire_prefix>(b)</entire_prefix><prefix_anchor>(b)</prefix_anchor><level>1</level></section></text></law>
