<?xml version="1.0"?>
<law><law_id>680</law_id><section_number>2-2026</section_number><catch_line>NO ABATEMENT OF TAX.</catch_line><history/><order_by>2-2026</order_by><metadata/><url>/2-2026/</url><token>2-2026</token><structure><unit label="division" level="1" identifier="II">Division II - Planning and Development</unit><unit label="part" level="3" identifier="2">PART 2 - FINANCE</unit><unit label="chapter" level="4" identifier="2">CHAPTER 2. - REVENUE AND TAXATION</unit><unit label="article" level="2" identifier="B">ARTICLE B. - PRIVILEGE LICENSE TAXES [1]</unit></structure><referred_to_by/><text><section id="1964" prefix=""><text>If a licensee discontinues a business before the end of the period for which the license was issued, the license tax shall not be abated nor shall a refund of any part of the license tax be made; provided a tax refund may be granted by the Council when the applicant for the license never commenced the business.</text><type>section</type><prefixes><section/></prefixes><entire_prefix/><prefix_anchor/><level>1</level></section></text></law>
