<?xml version="1.0"?>
<law><law_id>692</law_id><section_number>2-2027</section_number><catch_line>EFFECT OF LICENSE.</catch_line><history/><order_by>2-2027</order_by><metadata/><url>/2-2027/</url><token>2-2027</token><structure><unit label="division" level="1" identifier="II">Division II - Planning and Development</unit><unit label="part" level="3" identifier="2">PART 2 - FINANCE</unit><unit label="chapter" level="4" identifier="2">CHAPTER 2. - REVENUE AND TAXATION</unit><unit label="article" level="2" identifier="B">ARTICLE B. - PRIVILEGE LICENSE TAXES [1]</unit></structure><referred_to_by/><text><section id="2006" prefix=""><text>The issuance of a license under this article does not authorize the carrying on of a business for which additional licenses or qualifications are required by state or local law, nor does the issuance of a license prevent the City from enacting additional regulations applicable to the licensee.</text><type>section</type><prefixes><section/></prefixes><entire_prefix/><prefix_anchor/><level>1</level></section></text></law>
