<?xml version="1.0"?>
<law><law_id>958</law_id><section_number>2-2074</section_number><catch_line>TAXICABS.</catch_line><history/><order_by>2-2074</order_by><metadata/><url>/2-2074/</url><token>2-2074</token><structure><unit label="division" level="1" identifier="II">Division II - Planning and Development</unit><unit label="part" level="3" identifier="2">PART 2 - FINANCE</unit><unit label="chapter" level="4" identifier="2">CHAPTER 2. - REVENUE AND TAXATION</unit><unit label="article" level="2" identifier="E">ARTICLE E. - MOTOR VEHICLES REGISTRATION [2]</unit></structure><referred_to_by/><text><section id="3816" prefix=""><text/><type>section</type><prefixes><section/></prefixes><entire_prefix/><prefix_anchor/><level>1</level></section></text></law>
