<?xml version="1.0"?>
<law><law_id>29</law_id><section_number>2-2086</section_number><catch_line>RETENTION OF ADMINISTRATIVE AND COLLECTION EXPENSES.</catch_line><history/><order_by>2-2086</order_by><metadata/><url>/2-2086/</url><token>2-2086</token><structure><unit label="division" level="1" identifier="II">Division II - Planning and Development</unit><unit label="part" level="3" identifier="2">PART 2 - FINANCE</unit><unit label="chapter" level="4" identifier="2">CHAPTER 2. - REVENUE AND TAXATION</unit><unit label="article" level="2" identifier="F">ARTICLE F. - TRANSIENT OCCUPANCY TAX; CONVENTION AND VISITORS BUREAU</unit></structure><referred_to_by/><text><section id="70" prefix=""><text>The City of Raleigh shall retain three (3) per cent of the gross proceeds of the tax collected to pay its costs for administrative and collection expenses. 
(Ord. No. 1986-825A, &#xA7;1, 7-15-86)</text><type>section</type><prefixes><section/></prefixes><entire_prefix/><prefix_anchor/><level>1</level></section></text></law>
