<?xml version="1.0"?>
<law><law_id>547</law_id><section_number>2-2014</section_number><catch_line>REVENUE COLLECTOR; DUTIES.</catch_line><history/><order_by>2-2014</order_by><metadata/><url>/2-2014/</url><token>2-2014</token><structure><unit label="division" level="1" identifier="II">Division II - Planning and Development</unit><unit label="part" level="3" identifier="2">PART 2 - FINANCE</unit><unit label="chapter" level="4" identifier="2">CHAPTER 2. - REVENUE AND TAXATION</unit><unit label="article" level="2" identifier="B">ARTICLE B. - PRIVILEGE LICENSE TAXES [1]</unit></structure><referred_to_by/><text><section id="1500" prefix="(a)"><text>The Revenue Collector is hereby designated as the proper City official to collect license taxes and to issue privilege licenses.</text><type>section</type><prefixes><section>(a)</section></prefixes><entire_prefix>(a)</entire_prefix><prefix_anchor>(a)</prefix_anchor><level>1</level></section><section id="1501" prefix="(b)"><text>The Revenue Collector shall make any investigation necessary to determine the tax liability of persons engaged in business within the City. If necessary, the Revenue Collector is authorized to enter upon the premises of any such business during normal business hours for the purpose of determining whether this article has been complied with.</text><type>section</type><prefixes><section>(b)</section></prefixes><entire_prefix>(b)</entire_prefix><prefix_anchor>(b)</prefix_anchor><level>1</level></section></text></law>
