<?xml version="1.0"?>
<law><law_id>980</law_id><section_number>2-2080</section_number><catch_line>IMPOSITION AND LEVY OF TAX.</catch_line><history/><order_by>2-2080</order_by><text><section id="4378" prefix=""><text>The City hereby imposes and levies a tax of three (3) per cent of the gross receipts of any person, firm, corporation, or association subject to the three (3) per cent sales tax levied by the State derived from the rental of any sleeping room or lodging furnished in any hotel, motel, or inn located in the City. The tax shall not apply, however, to any room or rooms, lodging or accommodations supplied to the same person for a period of ninety (90) continuous days or more. 
(Ord. No. 1986-825A, &#xA7;1, 7-15-86)</text><type>section</type><prefixes><section/></prefixes><entire_prefix/><prefix_anchor/><level>1</level></section></text><metadata/><url>/2-2080/</url><token>2-2080</token><structure><unit label="division" level="1" identifier="II">Division II - Planning and Development</unit><unit label="part" level="3" identifier="2">PART 2 - FINANCE</unit><unit label="chapter" level="4" identifier="2">CHAPTER 2. - REVENUE AND TAXATION</unit><unit label="article" level="2" identifier="F">ARTICLE F. - TRANSIENT OCCUPANCY TAX; CONVENTION AND VISITORS BUREAU</unit></structure><referred_to_by/></law>
