<?xml version="1.0"?>
<law><law_id>880</law_id><section_number>2-2061</section_number><catch_line>CREATION; CRIMINAL AND CIVIL PENALTIES FOR TRAFFIC VIOLATIONS.</catch_line><history/><order_by>2-2061</order_by><text><section id="2468" prefix="(a)"><text>There is hereby established, under the supervision and control of the Finance Director, a division to be known and designated as the violations division. The violations division shall be conveniently located in the municipal building and the persons in charge thereof shall be designated or appointed by the Finance Director with the approval of the City Manager.</text><type>section</type><prefixes><section>(a)</section></prefixes><entire_prefix>(a)</entire_prefix><prefix_anchor>(a)</prefix_anchor><level>1</level></section><section id="2469" prefix="(b)"><text>The violations bureau shall be responsible for the imposition of criminal and civil penalties for violations of the parking and traffic ordinances of the City, as provided by and according to the procedures set out in &#xA7;&#xA7; 11-2024 and 11-2025</text><type>section</type><prefixes><section>(b)</section></prefixes><entire_prefix>(b)</entire_prefix><prefix_anchor>(b)</prefix_anchor><level>1</level></section></text><metadata/><url>/2-2061/</url><token>2-2061</token><structure><unit label="division" level="1" identifier="II">Division II - Planning and Development</unit><unit label="part" level="3" identifier="2">PART 2 - FINANCE</unit><unit label="chapter" level="4" identifier="2">CHAPTER 2. - REVENUE AND TAXATION</unit><unit label="article" level="2" identifier="D">ARTICLE D. - VIOLATIONS DIVISION</unit></structure><referred_to_by/></law>
