<?xml version="1.0"?>
<law><law_id>758</law_id><section_number>2-2033</section_number><catch_line>REVOCATION OR SUSPENSION OF LICENSES.</catch_line><history/><order_by>2-2033</order_by><metadata/><url>/2-2033/</url><token>2-2033</token><structure><unit label="division" level="1" identifier="II">Division II - Planning and Development</unit><unit label="part" level="3" identifier="2">PART 2 - FINANCE</unit><unit label="chapter" level="4" identifier="2">CHAPTER 2. - REVENUE AND TAXATION</unit><unit label="article" level="2" identifier="B">ARTICLE B. - PRIVILEGE LICENSE TAXES [1]</unit></structure><referred_to_by/><text><section id="2290" prefix=""><text>Any license issued under this article shall be subject to revocation or suspension for a definite or indefinite time by the City Council, without refund of any part of the tax paid if the licensee or Manager or person in charge of the business or employee shall violate any article or law relative to such business, or be convicted of crime, or if, in the judgment of the Council, the licensed permit does, by reason of its nature or the manner or place in which it is conducted, constitute a nuisance, or is a menace to good order, or to public health, safety, or morals. Upon the revocation or suspension of any such license it shall be unlawful for the person to whom such license was granted to continue to conduct such business; upon the violation of this provision, the offender shall upon conviction be fined fifty dollars ($50.00) or imprisoned thirty (30) days. Each day such business is conducted after revocation or suspension of license shall constitute a separate offense. 
(Code 1959 , &#xA7;14-19)</text><type>section</type><prefixes><section/></prefixes><entire_prefix/><prefix_anchor/><level>1</level></section></text></law>
