<?xml version="1.0"?>
<law><law_id>536</law_id><section_number>2-2013</section_number><catch_line>LICENSE TAX LEVIED.</catch_line><history/><order_by>2-2013</order_by><metadata/><url>/2-2013/</url><token>2-2013</token><structure><unit label="division" level="1" identifier="II">Division II - Planning and Development</unit><unit label="part" level="3" identifier="2">PART 2 - FINANCE</unit><unit label="chapter" level="4" identifier="2">CHAPTER 2. - REVENUE AND TAXATION</unit><unit label="article" level="2" identifier="B">ARTICLE B. - PRIVILEGE LICENSE TAXES [1]</unit></structure><referred_to_by><reference>2-2015</reference><reference>2-2020</reference><reference>2-2021</reference><reference>2-2024</reference></referred_to_by><text><section id="1489" prefix=""><text>A license tax is hereby levied on the privilege of engaging in every business within the City which is listed in the schedule of taxes on file in the Department of Finance, Collections Division, hereby incorporated herein and made a part hereof by reference. Any person so engaged in business shall be responsible for making certain that the applicable license tax is paid.</text><type>section</type><prefixes><section/></prefixes><entire_prefix/><prefix_anchor/><level>1</level></section></text></law>
