<?xml version="1.0"?>
<law><law_id>947</law_id><section_number>2-2073</section_number><catch_line>PUBLIC UTILITIES.</catch_line><history/><order_by>2-2073</order_by><metadata/><url>/2-2073/</url><token>2-2073</token><structure><unit label="division" level="1" identifier="II">Division II - Planning and Development</unit><unit label="part" level="3" identifier="2">PART 2 - FINANCE</unit><unit label="chapter" level="4" identifier="2">CHAPTER 2. - REVENUE AND TAXATION</unit><unit label="article" level="2" identifier="E">ARTICLE E. - MOTOR VEHICLES REGISTRATION [2]</unit></structure><referred_to_by/><text><section id="3535" prefix=""><text>Any business entity regulated by the State and exempt from listing ad valorem property tax property with theCounty Tax Office shall still be liable for the tax imposed by this article. Any such business shall notify the Revenue Collector of the City of its exempt status and shall make its license payments directly to the Revenue Collector. 
(Ord. No. 1988-240, &#xA7;2, 9-6-88)</text><type>section</type><prefixes><section/></prefixes><entire_prefix/><prefix_anchor/><level>1</level></section></text></law>
