<?xml version="1.0"?>
<law><law_id>658</law_id><section_number>2-2024</section_number><catch_line>ASSIGNMENTS.</catch_line><history/><order_by>2-2024</order_by><metadata/><url>/2-2024/</url><token>2-2024</token><structure><unit label="division" level="1" identifier="II">Division II - Planning and Development</unit><unit label="part" level="3" identifier="2">PART 2 - FINANCE</unit><unit label="chapter" level="4" identifier="2">CHAPTER 2. - REVENUE AND TAXATION</unit><unit label="article" level="2" identifier="B">ARTICLE B. - PRIVILEGE LICENSE TAXES [1]</unit></structure><referred_to_by/><text><section id="1874" prefix=""><text>A license may be assigned if (i) a business licensed under this article and carried on at a fixed place is sold as a unit to any person, and (ii) the purchaser is to carry on the same business at the same place. Such a change shall be reported to the Revenue Collector pursuant to &#xA7;2-2013 of this article. Otherwise, each license issued under this article is a personal privilege and is not assignable; provided, any license issued under this article to bondsmen engaged in the business of writing appearance, compliance or bail bonds required in connection with criminal proceedings in any courts; collection agencies, contractors and construction companies, companies engaged in the business of selling or installing automatic sprinkler systems, gypsies, lightning rod agents, and peddlers, constitutes a personal privilege to conduct the business named in the license and shall not be transferred or assigned to any other person.</text><type>section</type><prefixes><section/></prefixes><entire_prefix/><prefix_anchor/><level>1</level></section></text></law>
