<?xml version="1.0"?>
<law><law_id>725</law_id><section_number>2-2030</section_number><catch_line>COLLECTION OF UNPAID TAX.</catch_line><history/><order_by>2-2030</order_by><metadata/><url>/2-2030/</url><token>2-2030</token><structure><unit label="division" level="1" identifier="II">Division II - Planning and Development</unit><unit label="part" level="3" identifier="2">PART 2 - FINANCE</unit><unit label="chapter" level="4" identifier="2">CHAPTER 2. - REVENUE AND TAXATION</unit><unit label="article" level="2" identifier="B">ARTICLE B. - PRIVILEGE LICENSE TAXES [1]</unit></structure><referred_to_by/><text><section id="2187" prefix="(a)"><text>All taxes imposed by this article shall be paid to the Revenue Collector and shall be due and payable on May 1 and delinquent and subject to penalty after June 1.</text><type>section</type><prefixes><section>(a)</section></prefixes><entire_prefix>(a)</entire_prefix><prefix_anchor>(a)</prefix_anchor><level>1</level></section><section id="2188" prefix="(b)"><text>If a person begins or continues to engage in a business taxed under this article without payment of the required privilege license tax, the Revenue Collector may use either of the following methods to collect the unpaid tax: (i) the remedy of levy and sale or attachment and garnishment, in accordance with G.S. 160A-207; or (ii) the remedy of levy and sale of real and personal property of the taxpayer in accordance with G.S. 105-109(d).</text><type>section</type><prefixes><section>(b)</section></prefixes><entire_prefix>(b)</entire_prefix><prefix_anchor>(b)</prefix_anchor><level>1</level></section><section id="2189" prefix="(c)"><text>Any person who begins or continues to engage in a business taxed under this article without payment of such tax is liable for an additional tax of two and one-half (&#xBD;) per cent of the original tax due for each thirty (30) days or portion thereof that the tax is delinquent, provided the additional tax shall be limited to fifty (50) per cent of the tax originally levied but in no event less than ten dollars ($10.00).</text><type>section</type><prefixes><section>(c)</section></prefixes><entire_prefix>(c)</entire_prefix><prefix_anchor>(c)</prefix_anchor><level>1</level></section></text></law>
