<?xml version="1.0"?>
<law><law_id>34</law_id><section_number>2-2091</section_number><catch_line>MEMBERSHIP.</catch_line><history/><order_by>2-2091</order_by><metadata/><url>/2-2091/</url><token>2-2091</token><structure><unit label="division" level="1" identifier="II">Division II - Planning and Development</unit><unit label="part" level="3" identifier="2">PART 2 - FINANCE</unit><unit label="chapter" level="4" identifier="2">CHAPTER 2. - REVENUE AND TAXATION</unit><unit label="article" level="2" identifier="F">ARTICLE F. - TRANSIENT OCCUPANCY TAX; CONVENTION AND VISITORS BUREAU</unit></structure><referred_to_by/><text><section id="75" prefix="(a)"><text>Five (5) owners or operators of hotels, motels, or other taxable establishments, three (3) of whom shall be elected by the City Council and two (2) of whom shall be elected by theCountyBoard of Commissioners from a list of at least ten (10) nominees furnished by the Raleigh Hotel and Motel Association. The list of nominees shall include the names of at least three (3) restaurant owners or operators.</text><type>section</type><prefixes><section>(a)</section></prefixes><entire_prefix>(a)</entire_prefix><prefix_anchor>(a)</prefix_anchor><level>1</level></section><section id="76" prefix="(b)"><text>Two (2) representatives of tourist or convention related businesses, one (1) appointed by the City Council and one (1) by theCountyBoard of Commissioners.</text><type>section</type><prefixes><section>(b)</section></prefixes><entire_prefix>(b)</entire_prefix><prefix_anchor>(b)</prefix_anchor><level>1</level></section><section id="77" prefix="(c)"><text>One (1) member nominated by the Greater Raleigh Chamber of Commerce and appointed by theCountyBoard of Commissioners.</text><type>section</type><prefixes><section>(c)</section></prefixes><entire_prefix>(c)</entire_prefix><prefix_anchor>(c)</prefix_anchor><level>1</level></section><section id="78" prefix="(d)"><text/><type>section</type><prefixes><section>(d)</section></prefixes><entire_prefix>(d)</entire_prefix><prefix_anchor>(d)</prefix_anchor><level>1</level></section></text></law>
