<?xml version="1.0"?>
<law><law_id>780</law_id><section_number>2-2041</section_number><catch_line>LICENSE; REQUIRED.</catch_line><history/><order_by>2-2041</order_by><text><section id="2328" prefix=""><text>Every person desiring to sell at retail or wholesale within the City any of the beverages defined and enumerated in G.S. 18B-101, as amended, shall first obtain a license from the Revenue Collector. No such license shall be issued by the Revenue Collector until the applicant has obtained the appropriate permit fromthe StateBoard of Alcoholic Control as provided by G.S. Chapter 18B. 
(Code 1959 , &#xA7;6-1; Ord. No. 1987-21, &#xA7;1, 7-21-87) 
State law references: State ABC permits, G.S. 18B-900 et seq.; taxes, G.S. Ch. 105-113.68 et seq.</text><type>section</type><prefixes><section/></prefixes><entire_prefix/><prefix_anchor/><level>1</level></section></text><metadata/><url>/2-2041/</url><token>2-2041</token><structure><unit label="division" level="1" identifier="II">Division II - Planning and Development</unit><unit label="part" level="3" identifier="2">PART 2 - FINANCE</unit><unit label="chapter" level="4" identifier="2">CHAPTER 2. - REVENUE AND TAXATION</unit><unit label="article" level="2" identifier="C">ARTICLE C. - BEER AND WINE</unit></structure><referred_to_by/></law>
