<?xml version="1.0"?>
<law><law_id>636</law_id><section_number>2-2022</section_number><catch_line>FORM AND CONTENTS OF LICENSE.</catch_line><history/><order_by>2-2022</order_by><metadata/><url>/2-2022/</url><token>2-2022</token><structure><unit label="division" level="1" identifier="II">Division II - Planning and Development</unit><unit label="part" level="3" identifier="2">PART 2 - FINANCE</unit><unit label="chapter" level="4" identifier="2">CHAPTER 2. - REVENUE AND TAXATION</unit><unit label="article" level="2" identifier="B">ARTICLE B. - PRIVILEGE LICENSE TAXES [1]</unit></structure><referred_to_by/><text><section id="1815" prefix=""><text>A license shall show the name of the person licensed, the place where the business is conducted (if it is to be conducted at one (1) place), the nature of business licensed, the period for which the license is issued, and the amount of tax paid. In addition, if a machine is licensed, the license shall show the serial number of the machine. The Revenue Collector shall keep a copy of each license issued.</text><type>section</type><prefixes><section/></prefixes><entire_prefix/><prefix_anchor/><level>1</level></section></text></law>
