<?xml version="1.0"?>
<law><law_id>28</law_id><section_number>2-2085</section_number><catch_line>MISDEMEANOR FOR WILLFUL VIOLATION.</catch_line><history/><order_by>2-2085</order_by><metadata/><url>/2-2085/</url><token>2-2085</token><structure><unit label="division" level="1" identifier="II">Division II - Planning and Development</unit><unit label="part" level="3" identifier="2">PART 2 - FINANCE</unit><unit label="chapter" level="4" identifier="2">CHAPTER 2. - REVENUE AND TAXATION</unit><unit label="article" level="2" identifier="F">ARTICLE F. - TRANSIENT OCCUPANCY TAX; CONVENTION AND VISITORS BUREAU</unit></structure><referred_to_by/><text><section id="69" prefix=""><text>Any person, firm, corporation, or association which willfully attempts in any manner to evade the occupancy tax or to make a return, and who willfully fails to pay such tax or make and file such return, shall, in addition to the penalties prescribed in &#xA7;&#xA7; 2-2083 and 2-2084 of this division, be guilty of a misdemeanor, and shall be punished by a fine not to exceed one thousand dollars ($1,000.00) or by imprisonment not to exceed six (6) months or by both such fine and imprisonment. 
(Ord. No. 1986-825A, &#xA7;1, 7-15-86)</text><type>section</type><prefixes><section/></prefixes><entire_prefix/><prefix_anchor/><level>1</level></section></text></law>
