<?xml version="1.0"?>
<law><law_id>592</law_id><section_number>2-2018</section_number><catch_line>PRORATION OF TAX; SEASONAL BUSINESSES.</catch_line><history/><order_by>2-2018</order_by><metadata/><url>/2-2018/</url><token>2-2018</token><structure><unit label="division" level="1" identifier="II">Division II - Planning and Development</unit><unit label="part" level="3" identifier="2">PART 2 - FINANCE</unit><unit label="chapter" level="4" identifier="2">CHAPTER 2. - REVENUE AND TAXATION</unit><unit label="article" level="2" identifier="B">ARTICLE B. - PRIVILEGE LICENSE TAXES [1]</unit></structure><referred_to_by/><text><section id="1650" prefix="(a)"><text>Except when a tax is based on gross receipts, if a business is begun after January 1, but before May 31, the tax shall be one-half of the amount otherwise due.</text><type>section</type><prefixes><section>(a)</section></prefixes><entire_prefix>(a)</entire_prefix><prefix_anchor>(a)</prefix_anchor><level>1</level></section><section id="1651" prefix="(b)"><text>Except when a tax is based on gross receipts, a person engaged in a business which is seasonal in nature is liable for one-half of the amount of tax otherwise due.</text><type>section</type><prefixes><section>(b)</section></prefixes><entire_prefix>(b)</entire_prefix><prefix_anchor>(b)</prefix_anchor><level>1</level></section></text></law>
