<?xml version="1.0"?>
<law><law_id>647</law_id><section_number>2-2023</section_number><catch_line>DISPLAY OF LICENSE.</catch_line><history/><order_by>2-2023</order_by><metadata/><url>/2-2023/</url><token>2-2023</token><structure><unit label="division" level="1" identifier="II">Division II - Planning and Development</unit><unit label="part" level="3" identifier="2">PART 2 - FINANCE</unit><unit label="chapter" level="4" identifier="2">CHAPTER 2. - REVENUE AND TAXATION</unit><unit label="article" level="2" identifier="B">ARTICLE B. - PRIVILEGE LICENSE TAXES [1]</unit></structure><referred_to_by/><text><section id="1834" prefix=""><text>Each person issued a license under this article shall post the license in a conspicuous place in his regular place of business. If there is no regular place of business, the business license shall be kept where it may be inspected while the person is engaged in business within the city by the Chief Financial Officer or his designee or a member of the Raleigh Police Department. If a machine or other item of personal property is licensed the license shall be affixed to the personal property. A business license must be presented to the Chief Financial Officer or a member of the Raleigh Police Department upon request. 
(Ord. No. 2011-942, &#xA7;1, 9-6-11)</text><type>section</type><prefixes><section/></prefixes><entire_prefix/><prefix_anchor/><level>1</level></section></text></law>
