<?xml version="1.0"?>
<law><law_id>525</law_id><section_number>2-2012</section_number><catch_line>CONSTRUCTION OF ARTICLE.</catch_line><history/><order_by>2-2012</order_by><metadata/><url>/2-2012/</url><token>2-2012</token><structure><unit label="division" level="1" identifier="II">Division II - Planning and Development</unit><unit label="part" level="3" identifier="2">PART 2 - FINANCE</unit><unit label="chapter" level="4" identifier="2">CHAPTER 2. - REVENUE AND TAXATION</unit><unit label="article" level="2" identifier="B">ARTICLE B. - PRIVILEGE LICENSE TAXES [1]</unit></structure><referred_to_by/><text><section id="1463" prefix=""><text>This article is enacted primarily for revenue purposes. Therefore, it should be construed to require payment of the maximum tax permitted under its terms. In addition, issuance of a license pursuant to this article does not excuse a licensee from compliance with any other applicable ordinance or statute. This article does not prevent the City from imposing license taxes on additional businesses, from increasing or decreasing the amount of any license tax, or from regulating any business taxes.</text><type>section</type><prefixes><section/></prefixes><entire_prefix/><prefix_anchor/><level>1</level></section></text></law>
