<?xml version="1.0"?>
<law><law_id>791</law_id><section_number>2-2042</section_number><catch_line>APPLICATION PROCEDURE; ISSUANCE.</catch_line><history/><order_by>2-2042</order_by><metadata/><url>/2-2042/</url><token>2-2042</token><structure><unit label="division" level="1" identifier="II">Division II - Planning and Development</unit><unit label="part" level="3" identifier="2">PART 2 - FINANCE</unit><unit label="chapter" level="4" identifier="2">CHAPTER 2. - REVENUE AND TAXATION</unit><unit label="article" level="2" identifier="C">ARTICLE C. - BEER AND WINE</unit></structure><referred_to_by/><text><section id="2341" prefix="(a)"><text>Application for a license shall be made upon forms provided by the Revenue Collector and shall be verified by the affidavit of the applicant made before a notary public or other person duly authorized by law to administer oaths. The application shall contain the information required under G.S. 105-113.70, and shall require the applicant to state whether he has, during the preceding license year, committed any act or permitted any condition for which his license was, or might have been, revoked or suspended.</text><type>section</type><prefixes><section>(a)</section></prefixes><entire_prefix>(a)</entire_prefix><prefix_anchor>(a)</prefix_anchor><level>1</level></section><section id="2342" prefix="(b)"><text>If from the statements and information provided in the application the applicant appears to possess all requisite qualifications under law, including a statement that he has not during the preceding license year, committed any act or permitted any condition for which his license was, or could have been revoked or suspended, thereby making issuance of the license mandatory pursuant to G.S. 105-113.70, the Revenue Collector shall issue the applicant a license. 
(Code 1959 , &#xA7;6-2; Ord. No. 1987-21, &#xA7;&#xA7;2&#x2014;4, 7-21-87) 
State law reference: Issuance of licenses, G.S. 105-113.70, 105-113.71.</text><type>section</type><prefixes><section>(b)</section></prefixes><entire_prefix>(b)</entire_prefix><prefix_anchor>(b)</prefix_anchor><level>1</level></section></text></law>
