<?xml version="1.0"?>
<law><law_id>714</law_id><section_number>2-2029</section_number><catch_line>UNLAWFUL TO CONDUCT BUSINESS WITHOUT A LICENSE.</catch_line><history/><order_by>2-2029</order_by><metadata/><url>/2-2029/</url><token>2-2029</token><structure><unit label="division" level="1" identifier="II">Division II - Planning and Development</unit><unit label="part" level="3" identifier="2">PART 2 - FINANCE</unit><unit label="chapter" level="4" identifier="2">CHAPTER 2. - REVENUE AND TAXATION</unit><unit label="article" level="2" identifier="B">ARTICLE B. - PRIVILEGE LICENSE TAXES [1]</unit></structure><referred_to_by/><text><section id="2092" prefix="(a)"><text>It shall be unlawful for any person to engage in a business within this City upon which a privilege license tax is imposed by this article, without having paid the license tax specified in the schedule of license taxes, hereby incorporated herein and on file in the Department of Finance, Revenue Collections Division. Violators shall be guilty of a misdemeanor and, upon conviction, shall be fined, or imprisoned in the discretion of the court; but the fine shall not be less than twenty (20) per cent of the tax in addition to the tax and the cost. Each day that a person engages in business in violation of this section constitutes a separate offense.</text><type>section</type><prefixes><section>(a)</section></prefixes><entire_prefix>(a)</entire_prefix><prefix_anchor>(a)</prefix_anchor><level>1</level></section><section id="2093" prefix="(b)"><text>The City may seek an injunction against any person engaging in business in violation of this section.</text><type>section</type><prefixes><section>(b)</section></prefixes><entire_prefix>(b)</entire_prefix><prefix_anchor>(b)</prefix_anchor><level>1</level></section><section id="2094" prefix="(c)"><text>A conviction under this section does not relieve a person of his liability for the license tax or taxes imposed by this article.</text><type>section</type><prefixes><section>(c)</section></prefixes><entire_prefix>(c)</entire_prefix><prefix_anchor>(c)</prefix_anchor><level>1</level></section></text></law>
