<?xml version="1.0"?>
<law><law_id>998</law_id><section_number>2-2082</section_number><catch_line>DEDUCTIONS AND REFUNDS.</catch_line><history/><order_by>2-2082</order_by><metadata/><url>/2-2082/</url><token>2-2082</token><structure><unit label="division" level="1" identifier="II">Division II - Planning and Development</unit><unit label="part" level="3" identifier="2">PART 2 - FINANCE</unit><unit label="chapter" level="4" identifier="2">CHAPTER 2. - REVENUE AND TAXATION</unit><unit label="article" level="2" identifier="F">ARTICLE F. - TRANSIENT OCCUPANCY TAX; CONVENTION AND VISITORS BUREAU</unit></structure><referred_to_by/><text><section id="4828" prefix=""><text>During any month following a month in which a hotel, motel, or inn has supplied a room to the same person for the ninetieth consecutive day, the hotel, motel or inn can apply to the City Revenue Collector, on a form available from that office for that purpose, for a deduction from transient occupancy taxes due that month in an amount equal to the tax previously paid on the receipts from the rental of the room supplied for the period of ninety (90) continuous days or more. A refund shall be issued by the Revenue Collector if no transient occupancy taxes are then due from which a deduction could be taken. 
(Ord. No. 1986-825A, &#xA7;1, 7-15-86)</text><type>section</type><prefixes><section/></prefixes><entire_prefix/><prefix_anchor/><level>1</level></section></text></law>
