<?xml version="1.0"?>
<law><law_id>38</law_id><section_number>2-2094</section_number><catch_line>STAFF.</catch_line><history/><order_by>2-2094</order_by><metadata/><url>/2-2094/</url><token>2-2094</token><structure><unit label="division" level="1" identifier="II">Division II - Planning and Development</unit><unit label="part" level="3" identifier="2">PART 2 - FINANCE</unit><unit label="chapter" level="4" identifier="2">CHAPTER 2. - REVENUE AND TAXATION</unit><unit label="article" level="2" identifier="F">ARTICLE F. - TRANSIENT OCCUPANCY TAX; CONVENTION AND VISITORS BUREAU</unit></structure><referred_to_by><reference>2-2094</reference><reference>II-2-3001</reference><reference>II-2-3002</reference><reference>II-2-3003</reference><reference>II-2-3004</reference><reference>II-2-3005</reference><reference>II-2-3006</reference><reference>II-2-4001</reference><reference>II-2-4002</reference><reference>II-2-4003</reference><reference>II-2-4004</reference><reference>II-3-1001</reference><reference>II-3-1002</reference><reference>II-3-2001</reference><reference>II-3-2002</reference><reference>II-3-2003</reference><reference>II-5-1001</reference><reference>II-5-1002</reference><reference>II-5-1003</reference><reference>II-5-1004</reference><reference>II-5-1005</reference></referred_to_by><text><section id="87" prefix=""><text/><type>section</type><prefixes><section/></prefixes><entire_prefix/><prefix_anchor/><level>1</level></section></text></law>
