<?xml version="1.0"?>
<law><law_id>825</law_id><section_number>2-2045</section_number><catch_line>WHOLESALE TAX.</catch_line><history/><order_by>2-2045</order_by><metadata/><url>/2-2045/</url><token>2-2045</token><structure><unit label="division" level="1" identifier="II">Division II - Planning and Development</unit><unit label="part" level="3" identifier="2">PART 2 - FINANCE</unit><unit label="chapter" level="4" identifier="2">CHAPTER 2. - REVENUE AND TAXATION</unit><unit label="article" level="2" identifier="C">ARTICLE C. - BEER AND WINE</unit></structure><referred_to_by/><text><section id="2396" prefix="(1)"><text>Where such wholesaler sells at wholesale only malt beverages or wine as defined in G.S. 18B-101, as amended, the tax shall be, per annum 	$37.50</text><type>section</type><prefixes><section>(1)</section></prefixes><entire_prefix>(1)</entire_prefix><prefix_anchor>(1)</prefix_anchor><level>1</level></section><section id="2397" prefix="(2)"><text>Where such wholesaler sells at wholesale both malt beverages and wines as defined in G.S. 18B-101, the tax shall be, per annum 	$62.50</text><type>section</type><prefixes><section>(2)</section></prefixes><entire_prefix>(2)</entire_prefix><prefix_anchor>(2)</prefix_anchor><level>1</level></section><section id="2398" prefix="(3)"><text>If any wholesaler maintains more than one place of business or storage warehouse from which orders are received or beverages are distributed, a separate license tax shall be paid for each separate place of business or warehouse.</text><type>section</type><prefixes><section>(3)</section></prefixes><entire_prefix>(3)</entire_prefix><prefix_anchor>(3)</prefix_anchor><level>1</level></section><section id="2399" prefix="(4)"><text>The owner or operator of every distributing warehouse selling, distributing or supplying to retail stores beverages enumerated in this section shall be deemed wholesale distributors within the meaning of this section and shall be liable for the tax imposed hereby. 
(Code 1959 , &#xA7;6-5; Ord. No. 1987-21, &#xA7;&#xA7;6, 7, 7-21-87) 
State law reference: Related provisions, G.S. 105-113.79.</text><type>section</type><prefixes><section>(4)</section></prefixes><entire_prefix>(4)</entire_prefix><prefix_anchor>(4)</prefix_anchor><level>1</level></section></text></law>
