<?xml version="1.0"?>
<law><law_id>625</law_id><section_number>2-2021</section_number><catch_line>SEPARATE PLACES OF BUSINESS.</catch_line><history/><order_by>2-2021</order_by><metadata/><url>/2-2021/</url><token>2-2021</token><structure><unit label="division" level="1" identifier="II">Division II - Planning and Development</unit><unit label="part" level="3" identifier="2">PART 2 - FINANCE</unit><unit label="chapter" level="4" identifier="2">CHAPTER 2. - REVENUE AND TAXATION</unit><unit label="article" level="2" identifier="B">ARTICLE B. - PRIVILEGE LICENSE TAXES [1]</unit></structure><referred_to_by/><text><section id="1773" prefix=""><text>Unless otherwise provided by State law or by the tax schedule provided for in &#xA7;2-2013 of this article, if a person engages in a business in two (2) or more separate places, a separate license tax shall be required for each such place of business. For purpose of this section, if a person engages in the same business at two (2) or more locations within the City, which locations (i) are contiguous, (ii) communicate with and open directly into each other, and (iii) are operated as a unit, the person is liable for only one license tax.</text><type>section</type><prefixes><section/></prefixes><entire_prefix/><prefix_anchor/><level>1</level></section></text></law>
