<?xml version="1.0"?>
<law><law_id>669</law_id><section_number>2-2025</section_number><catch_line>CHANGE IN PLACE OF BUSINESS.</catch_line><history/><order_by>2-2025</order_by><metadata/><url>/2-2025/</url><token>2-2025</token><structure><unit label="division" level="1" identifier="II">Division II - Planning and Development</unit><unit label="part" level="3" identifier="2">PART 2 - FINANCE</unit><unit label="chapter" level="4" identifier="2">CHAPTER 2. - REVENUE AND TAXATION</unit><unit label="article" level="2" identifier="B">ARTICLE B. - PRIVILEGE LICENSE TAXES [1]</unit></structure><referred_to_by/><text><section id="1918" prefix=""><text>If a person who has obtained a license for a business taxed under this article desires to move from one business location to another within the City, the license which has been issued shall be valid for the remainder of the license year at this new location and no additional tax need be paid. Within a reasonable time after the change in location; however, such person shall inform the Revenue Collector of the change in address.</text><type>section</type><prefixes><section/></prefixes><entire_prefix/><prefix_anchor/><level>1</level></section></text></law>
