<?xml version="1.0"?>
<law><law_id>581</law_id><section_number>2-2017</section_number><catch_line>COMPUTATION OF TAX BASED ON GROSS RECEIPTS.</catch_line><history/><order_by>2-2017</order_by><metadata/><url>/2-2017/</url><token>2-2017</token><structure><unit label="division" level="1" identifier="II">Division II - Planning and Development</unit><unit label="part" level="3" identifier="2">PART 2 - FINANCE</unit><unit label="chapter" level="4" identifier="2">CHAPTER 2. - REVENUE AND TAXATION</unit><unit label="article" level="2" identifier="B">ARTICLE B. - PRIVILEGE LICENSE TAXES [1]</unit></structure><referred_to_by/><text><section id="1618" prefix="(a)"><text/><type>section</type><prefixes><section>(a)</section></prefixes><entire_prefix>(a)</entire_prefix><prefix_anchor>(a)</prefix_anchor><level>1</level></section><section id="1619" prefix="(b)"><text>If a business has not been in operation long enough for the information required in subsection (a) of this section to be available, the Revenue Collector shall estimate gross receipts for the business, based on gross receipts of comparable businesses or any other information that the Revenue Collector considers useful.</text><type>section</type><prefixes><section>(b)</section></prefixes><entire_prefix>(b)</entire_prefix><prefix_anchor>(b)</prefix_anchor><level>1</level></section><section id="1620" prefix="(c)"><text>On or before the June 30 immediately after each license year, each licensee for whom the tax paid in the license year just concluded was based on estimated gross receipts shall submit to the Revenue Collector a sworn final report showing the amount of gross receipts for the license year. If the amount shown is more than estimated gross receipts, the licensee shall pay the amount of additional tax that would have been due had the estimate been accurate. If the amount shown is less than estimated gross receipts, the City shall refund to the licensee the difference between the actual tax paid and the amount of tax that would have been due had the estimate been accurate.</text><type>section</type><prefixes><section>(c)</section></prefixes><entire_prefix>(c)</entire_prefix><prefix_anchor>(c)</prefix_anchor><level>1</level></section></text></law>
