<?xml version="1.0"?>
<law><law_id>814</law_id><section_number>2-2044</section_number><catch_line>RETAIL TAX.</catch_line><history/><order_by>2-2044</order_by><metadata/><url>/2-2044/</url><token>2-2044</token><structure><unit label="division" level="1" identifier="II">Division II - Planning and Development</unit><unit label="part" level="3" identifier="2">PART 2 - FINANCE</unit><unit label="chapter" level="4" identifier="2">CHAPTER 2. - REVENUE AND TAXATION</unit><unit label="article" level="2" identifier="C">ARTICLE C. - BEER AND WINE</unit></structure><referred_to_by/><text><section id="2379" prefix="(a)"><text/><type>section</type><prefixes><section>(a)</section></prefixes><entire_prefix>(a)</entire_prefix><prefix_anchor>(a)</prefix_anchor><level>1</level></section><section id="2380" prefix="(1)"><text/><type>section</type><prefixes><section>(a)</section><section>(1)</section></prefixes><entire_prefix>(a)(1)</entire_prefix><prefix_anchor>(a)(1)</prefix_anchor><level>2</level></section><section id="2381" prefix="(2)"><text/><type>section</type><prefixes><section>(a)</section><section>(2)</section></prefixes><entire_prefix>(a)(2)</entire_prefix><prefix_anchor>(a)(2)</prefix_anchor><level>2</level></section><section id="2382" prefix="(b)"><text/><type>section</type><prefixes><section>(b)</section></prefixes><entire_prefix>(b)</entire_prefix><prefix_anchor>(b)</prefix_anchor><level>1</level></section><section id="2383" prefix="(1)"><text/><type>section</type><prefixes><section>(b)</section><section>(1)</section></prefixes><entire_prefix>(b)(1)</entire_prefix><prefix_anchor>(b)(1)</prefix_anchor><level>2</level></section><section id="2384" prefix="(2)"><text/><type>section</type><prefixes><section>(b)</section><section>(2)</section></prefixes><entire_prefix>(b)(2)</entire_prefix><prefix_anchor>(b)(2)</prefix_anchor><level>2</level></section><section id="2385" prefix="(c)"><text>The tax levied in this section is the tax for the first license issued to a person. The tax for each additional license of the same type issued to that person for the same year is one hundred ten (110) per cent of the base license tax, such increase to apply progressively for each additional license. There shall be no proration of license taxes. 
(Code 1959 , &#xA7;6-4; Ord. No. 1987-21, &#xA7;5, 7-21-87) 
State law reference: Related provisions, G.S. 105-113.77.</text><type>section</type><prefixes><section>(c)</section></prefixes><entire_prefix>(c)</entire_prefix><prefix_anchor>(c)</prefix_anchor><level>1</level></section></text></law>
