<?xml version="1.0"?>
<law><law_id>36</law_id><section_number>2-2093</section_number><catch_line>POWERS AND DUTIES.</catch_line><history/><order_by>2-2093</order_by><metadata/><url>/2-2093/</url><token>2-2093</token><structure><unit label="division" level="1" identifier="II">Division II - Planning and Development</unit><unit label="part" level="3" identifier="2">PART 2 - FINANCE</unit><unit label="chapter" level="4" identifier="2">CHAPTER 2. - REVENUE AND TAXATION</unit><unit label="article" level="2" identifier="F">ARTICLE F. - TRANSIENT OCCUPANCY TAX; CONVENTION AND VISITORS BUREAU</unit></structure><referred_to_by/><text><section id="80" prefix=""><text>The Bureau is to promote travel to and tourism in the City and County. To fulfill its duties, the Bureau may contract with any person, to advise and assist it in the promotion of travel, tourism and conventions. The Bureau may only spend funds for visitor promotion and convention promotion. 
(Ord. No. 1992-904, &#xA7;5, 1-7-92)</text><type>section</type><prefixes><section/></prefixes><entire_prefix/><prefix_anchor/><level>1</level></section></text></law>
