<?xml version="1.0"?>
<law><law_id>514</law_id><section_number>2-2011</section_number><catch_line>DEFINITIONS.</catch_line><history/><order_by>2-2011</order_by><text><section id="1433" prefix="(a)"><text>Business. 
The term business means any trade, occupation, profession, business, franchise, or calling of any kind, subject by the provisions of this article to a license tax.</text><type>section</type><prefixes><section>(a)</section></prefixes><entire_prefix>(a)</entire_prefix><prefix_anchor>(a)</prefix_anchor><level>1</level></section><section id="1434" prefix="(b)"><text>Engaged (or engaging) in business within the City. 
A person is engaged in business within the City when he engages in business activity of any type, either as owner or operator of such business, (i) by maintaining a business location within the City; (ii) by soliciting business within the City; or (iii) by picking up or delivering merchandise or performing services within the City.</text><type>section</type><prefixes><section>(b)</section></prefixes><entire_prefix>(b)</entire_prefix><prefix_anchor>(b)</prefix_anchor><level>1</level></section><section id="1435" prefix="(c)"><text>Person. 
The term person includes any individual, trustee, executor, other fiduciary, corporation, association, partnership, company, firm, or other legal entity or agent thereof.</text><type>section</type><prefixes><section>(c)</section></prefixes><entire_prefix>(c)</entire_prefix><prefix_anchor>(c)</prefix_anchor><level>1</level></section><section id="1436" prefix="(d)"><text>Seasonal in nature. 
A business is seasonal in nature when it is taxed by this article on an annual basis, but is operated within the City for less than six (6) months of the year.</text><type>section</type><prefixes><section>(d)</section></prefixes><entire_prefix>(d)</entire_prefix><prefix_anchor>(d)</prefix_anchor><level>1</level></section></text><metadata/><url>/2-2011/</url><token>2-2011</token><structure><unit label="division" level="1" identifier="II">Division II - Planning and Development</unit><unit label="part" level="3" identifier="2">PART 2 - FINANCE</unit><unit label="chapter" level="4" identifier="2">CHAPTER 2. - REVENUE AND TAXATION</unit><unit label="article" level="2" identifier="B">ARTICLE B. - PRIVILEGE LICENSE TAXES [1]</unit></structure><referred_to_by/></law>
