<?xml version="1.0"?>
<law><law_id>936</law_id><section_number>2-2072</section_number><catch_line>EXEMPTIONS.</catch_line><history/><order_by>2-2072</order_by><metadata/><url>/2-2072/</url><token>2-2072</token><structure><unit label="division" level="1" identifier="II">Division II - Planning and Development</unit><unit label="part" level="3" identifier="2">PART 2 - FINANCE</unit><unit label="chapter" level="4" identifier="2">CHAPTER 2. - REVENUE AND TAXATION</unit><unit label="article" level="2" identifier="E">ARTICLE E. - MOTOR VEHICLES REGISTRATION [2]</unit></structure><referred_to_by/><text><section id="3254" prefix=""><text>The motor vehicle license required by this article shall not apply to motor vehicles belonging to members of the armed forces of the United States on duty within the City and exempted by Title 50, United States Code, &#xA7;574, nor shall the license be required of motor vehicles held for sale as a part of the stock and trade of any motor vehicle dealer licensed under this chapter and bearing a state license issued pursuant to the General Statutes. 
(Ord. No. 1988-240, &#xA7;2, 9-6-88)</text><type>section</type><prefixes><section/></prefixes><entire_prefix/><prefix_anchor/><level>1</level></section></text></law>
