<?xml version="1.0"?>
<law><law_id>736</law_id><section_number>2-2031</section_number><catch_line>SCHEDULE OF LICENSE TAXES.</catch_line><history/><order_by>2-2031</order_by><metadata/><url>/2-2031/</url><token>2-2031</token><structure><unit label="division" level="1" identifier="II">Division II - Planning and Development</unit><unit label="part" level="3" identifier="2">PART 2 - FINANCE</unit><unit label="chapter" level="4" identifier="2">CHAPTER 2. - REVENUE AND TAXATION</unit><unit label="article" level="2" identifier="B">ARTICLE B. - PRIVILEGE LICENSE TAXES [1]</unit></structure><referred_to_by/><text><section id="2232" prefix=""><text>A current schedule of license taxes shall be maintained on file in the offices of the Department of Finance, Revenue Collections Division.</text><type>section</type><prefixes><section/></prefixes><entire_prefix/><prefix_anchor/><level>1</level></section></text></law>
