<?xml version="1.0"?>
<law><law_id>925</law_id><section_number>2-2071</section_number><catch_line>MOTOR VEHICLE LICENSE REQUIRED.</catch_line><history/><order_by>2-2071</order_by><text><section id="2973" prefix=""><text>Every self-propelled motor vehicle sited for ad valorem tax purposes in the City of Raleigh shall pay an annual fee of thirty dollars ($30.00) to the City of Raleigh for the privilege of operating said vehicle on the public ways. The annual payment shall be collected by the Wake County Tax Collector and the tax shall authorize the use of the vehicle for one (1) year from the date of the payment due date of the tax. 
(Ord. No. 1988-240, &#xA7;2, 9-6-88; Ord. No. 1991-806, &#xA7;1, 6-28-91; Ord. No. 1993-291, &#xA7;1, 12-7-93; Ord. No. 2006-81, &#xA7;1, 9-5-06; Ord. No. 2007-281, &#xA7;1, 8-7-07; Ord. No. 2010-752, &#xA7;1, 6-28-10; Ord. No. 2010-774, &#xA7;1, 9-7-10)</text><type>section</type><prefixes><section/></prefixes><entire_prefix/><prefix_anchor/><level>1</level></section></text><metadata/><url>/2-2071/</url><token>2-2071</token><structure><unit label="division" level="1" identifier="II">Division II - Planning and Development</unit><unit label="part" level="3" identifier="2">PART 2 - FINANCE</unit><unit label="chapter" level="4" identifier="2">CHAPTER 2. - REVENUE AND TAXATION</unit><unit label="article" level="2" identifier="E">ARTICLE E. - MOTOR VEHICLES REGISTRATION [2]</unit></structure><referred_to_by><reference>11-2021</reference><reference>2-2074</reference><reference>2-2075</reference></referred_to_by></law>
