<?xml version="1.0"?>
<law><law_id>877</law_id><section_number>4-1004</section_number><catch_line>POLICY OF NONDISCRIMINATION.</catch_line><history/><order_by>4-1004</order_by><metadata/><url>/4-1004/</url><token>4-1004</token><structure><unit label="division" level="1" identifier="II">Division II - Planning and Development</unit><unit label="part" level="3" identifier="4">PART 4 - COMMUNITY SERVICES [1]</unit><unit label="chapter" level="4" identifier="1">CHAPTER 1. - THE DEPARTMENT OF COMMUNITY SERVICES</unit><unit label="article" level="2" identifier="A">ARTICLE A. - GENERAL PROVISIONS</unit></structure><referred_to_by><reference>4-1004</reference></referred_to_by><text><section id="2461" prefix="(a)"><text>The policy of the City of Raleigh is and shall be to oppose any discrimination on account of age, handicap, sex, race, color, creed, sexual orientation, or national origin in any aspect of modern life.</text><type>section</type><prefixes><section>(a)</section></prefixes><entire_prefix>(a)</entire_prefix><prefix_anchor>(a)</prefix_anchor><level>1</level></section><section id="2462" prefix="(b)"><text>The administration, committees, commissions, and boards of the City are hereby directed to use their full power and resources, as by law duly given, to prohibit and discourage discrimination as hereinabove mentioned.</text><type>section</type><prefixes><section>(b)</section></prefixes><entire_prefix>(b)</entire_prefix><prefix_anchor>(b)</prefix_anchor><level>1</level></section><section id="2463" prefix="(c)"><text>The City Manager and the City Attorney are directed to include within the terms of all contracts of and grants from the City a nondiscrimination provision which will carry out the effect of this section; provided that nothing in this section shall be construed to encroach upon the powers or immunities of the State or Federal governments.</text><type>section</type><prefixes><section>(c)</section></prefixes><entire_prefix>(c)</entire_prefix><prefix_anchor>(c)</prefix_anchor><level>1</level></section><section id="2464" prefix="(d)"><text>The City Manager is directed to establish such policies as will insure that there is no discrimination in any function or area of City government.</text><type>section</type><prefixes><section>(d)</section></prefixes><entire_prefix>(d)</entire_prefix><prefix_anchor>(d)</prefix_anchor><level>1</level></section><section id="2465" prefix="(e)"><text/><type>section</type><prefixes><section>(e)</section></prefixes><entire_prefix>(e)</entire_prefix><prefix_anchor>(e)</prefix_anchor><level>1</level></section></text></law>
