<?xml version="1.0"?>
<law><law_id>875</law_id><section_number>4-1002</section_number><catch_line>DEPARTMENTAL ORGANIZATION.</catch_line><history/><order_by>4-1002</order_by><metadata/><url>/4-1002/</url><token>4-1002</token><structure><unit label="division" level="1" identifier="II">Division II - Planning and Development</unit><unit label="part" level="3" identifier="4">PART 4 - COMMUNITY SERVICES [1]</unit><unit label="chapter" level="4" identifier="1">CHAPTER 1. - THE DEPARTMENT OF COMMUNITY SERVICES</unit><unit label="article" level="2" identifier="A">ARTICLE A. - GENERAL PROVISIONS</unit></structure><referred_to_by/><text><section id="2449" prefix="(a)"><text>Neighborhood Services Division.</text><type>section</type><prefixes><section>(a)</section></prefixes><entire_prefix>(a)</entire_prefix><prefix_anchor>(a)</prefix_anchor><level>1</level></section><section id="2450" prefix="(b)"><text>Volunteer/Human Services Division.</text><type>section</type><prefixes><section>(b)</section></prefixes><entire_prefix>(b)</entire_prefix><prefix_anchor>(b)</prefix_anchor><level>1</level></section><section id="2451" prefix="(c)"><text>Satellite Services Division.</text><type>section</type><prefixes><section>(c)</section></prefixes><entire_prefix>(c)</entire_prefix><prefix_anchor>(c)</prefix_anchor><level>1</level></section><section id="2452" prefix="(d)"><text>Homeless Services Division.
(Ord. No. 1998-454, &#xA7;7, 11-4-98)</text><type>section</type><prefixes><section>(d)</section></prefixes><entire_prefix>(d)</entire_prefix><prefix_anchor>(d)</prefix_anchor><level>1</level></section></text></law>
