<?xml version="1.0"?>
<law><law_id>879</law_id><section_number>4-1005</section_number><catch_line>RESERVED. </catch_line><history/><order_by>4-1005</order_by><metadata/><url>/4-1005/</url><token>4-1005</token><structure><unit label="division" level="1" identifier="II">Division II - Planning and Development</unit><unit label="part" level="3" identifier="4">PART 4 - COMMUNITY SERVICES [1]</unit><unit label="chapter" level="4" identifier="1">CHAPTER 1. - THE DEPARTMENT OF COMMUNITY SERVICES</unit><unit label="article" level="2" identifier="A">ARTICLE A. - GENERAL PROVISIONS</unit></structure><referred_to_by/><text><section id="2467" prefix=""><text/><type>section</type><prefixes><section/></prefixes><entire_prefix/><prefix_anchor/><level>1</level></section></text></law>
