<?xml version="1.0"?>
<law><law_id>882</law_id><section_number>4-1012</section_number><catch_line>STAFF.</catch_line><history/><order_by>4-1012</order_by><metadata/><url>/4-1012/</url><token>4-1012</token><structure><unit label="division" level="1" identifier="II">Division II - Planning and Development</unit><unit label="part" level="3" identifier="4">PART 4 - COMMUNITY SERVICES [1]</unit><unit label="chapter" level="4" identifier="1">CHAPTER 1. - THE DEPARTMENT OF COMMUNITY SERVICES</unit><unit label="article" level="2" identifier="B">ARTICLE B. - CIVIL RIGHTS UNIT</unit></structure><referred_to_by/><text><section id="2471" prefix="(a)"><text>The staff shall be a unit in the Community Services Department.</text><type>section</type><prefixes><section>(a)</section></prefixes><entire_prefix>(a)</entire_prefix><prefix_anchor>(a)</prefix_anchor><level>1</level></section><section id="2472" prefix="(b)"><text>The staff shall coordinate their activities consistent with the policies and practices of the City.</text><type>section</type><prefixes><section>(b)</section></prefixes><entire_prefix>(b)</entire_prefix><prefix_anchor>(b)</prefix_anchor><level>1</level></section><section id="2473" prefix="(c)"><text>The Office of Civil Rights is responsible to the director of Community Services Department.
(Ord. No. 1977-473, 3-1-577, &#xA7;3)</text><type>section</type><prefixes><section>(c)</section></prefixes><entire_prefix>(c)</entire_prefix><prefix_anchor>(c)</prefix_anchor><level>1</level></section></text></law>
