<?xml version="1.0"?>
<law><law_id>876</law_id><section_number>4-1003</section_number><catch_line>FUNCTIONS AND DUTIES OF THE DEPARTMENT.</catch_line><history/><order_by>4-1003</order_by><metadata/><url>/4-1003/</url><token>4-1003</token><structure><unit label="division" level="1" identifier="II">Division II - Planning and Development</unit><unit label="part" level="3" identifier="4">PART 4 - COMMUNITY SERVICES [1]</unit><unit label="chapter" level="4" identifier="1">CHAPTER 1. - THE DEPARTMENT OF COMMUNITY SERVICES</unit><unit label="article" level="2" identifier="A">ARTICLE A. - GENERAL PROVISIONS</unit></structure><referred_to_by/><text><section id="2453" prefix="(a)"><text>Documenting the needs of the citizens of Raleigh in terms of human services.</text><type>section</type><prefixes><section>(a)</section></prefixes><entire_prefix>(a)</entire_prefix><prefix_anchor>(a)</prefix_anchor><level>1</level></section><section id="2454" prefix="(b)"><text>Documenting the services and opportunities that are presently available.</text><type>section</type><prefixes><section>(b)</section></prefixes><entire_prefix>(b)</entire_prefix><prefix_anchor>(b)</prefix_anchor><level>1</level></section><section id="2455" prefix="(c)"><text>Determining what additional services and opportunities are needed and to propose appropriate and feasible new programs for meeting these needs.</text><type>section</type><prefixes><section>(c)</section></prefixes><entire_prefix>(c)</entire_prefix><prefix_anchor>(c)</prefix_anchor><level>1</level></section><section id="2456" prefix="(d)"><text>Identifying those individuals within the community who are most likely going to benefit from the services and opportunities that are needed.</text><type>section</type><prefixes><section>(d)</section></prefixes><entire_prefix>(d)</entire_prefix><prefix_anchor>(d)</prefix_anchor><level>1</level></section><section id="2457" prefix="(e)"><text>Providing a means for making all persons aware of the services and opportunities that are available.</text><type>section</type><prefixes><section>(e)</section></prefixes><entire_prefix>(e)</entire_prefix><prefix_anchor>(e)</prefix_anchor><level>1</level></section><section id="2458" prefix="(f)"><text>Identifying and recommending responsible agents, including the State, County, private agencies, the City Community Services Department, and others to implement and coordinate the programs for the provision of services.</text><type>section</type><prefixes><section>(f)</section></prefixes><entire_prefix>(f)</entire_prefix><prefix_anchor>(f)</prefix_anchor><level>1</level></section><section id="2459" prefix="(g)"><text>Administering human service programs as designated by Council including the delivery and evaluation of services based on assessed needs and provisions for citizen participation in planning and delivery of services.</text><type>section</type><prefixes><section>(g)</section></prefixes><entire_prefix>(g)</entire_prefix><prefix_anchor>(g)</prefix_anchor><level>1</level></section><section id="2460" prefix="(h)"><text>Performing other functions and duties as prescribed by the City Manager.
Charter reference: Authority to engage in socio-economic programs, &#xA7;2.14(70). 
State law reference: Human relations programs, community action and manpower development, G.S. 160A-492.</text><type>section</type><prefixes><section>(h)</section></prefixes><entire_prefix>(h)</entire_prefix><prefix_anchor>(h)</prefix_anchor><level>1</level></section></text></law>
