<?xml version="1.0"?>
<law><law_id>883</law_id><section_number>4-1013</section_number><catch_line>DUTIES, POWERS, AND FUNCTIONS.</catch_line><history/><order_by>4-1013</order_by><metadata/><url>/4-1013/</url><token>4-1013</token><structure><unit label="division" level="1" identifier="II">Division II - Planning and Development</unit><unit label="part" level="3" identifier="4">PART 4 - COMMUNITY SERVICES [1]</unit><unit label="chapter" level="4" identifier="1">CHAPTER 1. - THE DEPARTMENT OF COMMUNITY SERVICES</unit><unit label="article" level="2" identifier="B">ARTICLE B. - CIVIL RIGHTS UNIT</unit></structure><referred_to_by/><text><section id="2474" prefix="(a)"><text>It is the intent of the Council that the unit of civil rights in its work will adopt the role of advocate rather than that of adversary.</text><type>section</type><prefixes><section>(a)</section></prefixes><entire_prefix>(a)</entire_prefix><prefix_anchor>(a)</prefix_anchor><level>1</level></section><section id="2475" prefix="(b)"><text/><type>section</type><prefixes><section>(b)</section></prefixes><entire_prefix>(b)</entire_prefix><prefix_anchor>(b)</prefix_anchor><level>1</level></section><section id="2476" prefix="(1)"><text>	To hear, investigate, conciliate and if necessary refer to appropriate enforcement agencies complaints of discrimination based on race, color, creed, sex, religion, national origin or age. 
</text><type>section</type><prefixes><section>(b)</section><section>(1)</section></prefixes><entire_prefix>(b)(1)</entire_prefix><prefix_anchor>(b)(1)</prefix_anchor><level>2</level></section><section id="2477" prefix="(2)"><text>	To recommend to the department such ordinances, resolutions and statements as will aid in carrying out the purposes of this unit. 
</text><type>section</type><prefixes><section>(b)</section><section>(2)</section></prefixes><entire_prefix>(b)(2)</entire_prefix><prefix_anchor>(b)(2)</prefix_anchor><level>2</level></section><section id="2478" prefix="(3)"><text/><type>section</type><prefixes><section>(b)</section><section>(3)</section></prefixes><entire_prefix>(b)(3)</entire_prefix><prefix_anchor>(b)(3)</prefix_anchor><level>2</level></section><section id="2479" prefix="(4)"><text>	To inquire into the manner and extent of the observance of the non-discriminatory contract clause of Ordinance No. (1969)-889 as amended. 
</text><type>section</type><prefixes><section>(b)</section><section>(4)</section></prefixes><entire_prefix>(b)(4)</entire_prefix><prefix_anchor>(b)(4)</prefix_anchor><level>2</level></section><section id="2480" prefix="(5)"><text>	To be responsible for such other appropriate duties, responsibilities and powers as may be deemed necessary by the City Manager or Council. 
</text><type>section</type><prefixes><section>(b)</section><section>(5)</section></prefixes><entire_prefix>(b)(5)</entire_prefix><prefix_anchor>(b)(5)</prefix_anchor><level>2</level></section><section id="2481" prefix="(6)"><text>	To seek to discourage, prevent and stop discriminatory practices against any individual or group because of race, color, creed, sex, religion, national origin or age and to seek fair and just solutions to other controversies involving human relations. 
</text><type>section</type><prefixes><section>(b)</section><section>(6)</section></prefixes><entire_prefix>(b)(6)</entire_prefix><prefix_anchor>(b)(6)</prefix_anchor><level>2</level></section><section id="2482" prefix="(7)"><text>	To define, plan and implement community educational programs in the field of human relations and human rights with the intent of fostering mutual understanding and respect, acceptance, and equality of opportunity and treatment among various economic, social, age, religious, ethnic and racial groups within the City toward the end of preventing intergroup conflict, discrimination, alienation or unjust practices. 
(Ord. No. 1977-473, 3/15/77, Sec. 4)  
</text><type>section</type><prefixes><section>(b)</section><section>(7)</section></prefixes><entire_prefix>(b)(7)</entire_prefix><prefix_anchor>(b)(7)</prefix_anchor><level>2</level></section></text></law>
