<?xml version="1.0"?>
<law><law_id>881</law_id><section_number>4-1011</section_number><catch_line>PURPOSE.</catch_line><history/><order_by>4-1011</order_by><text><section id="2470" prefix=""><text>The unit of civil rights is charged with assisting the City in developing a community with unity and harmony based on justice; a community free of discriminatory practices based on race, color, creed, age, sex, national origin, and thus enabling the City to benefit from the fullest realization of its human resource. 
(Ord. No. 1977-473, 3-15-77, &#xA7;2)</text><type>section</type><prefixes><section/></prefixes><entire_prefix/><prefix_anchor/><level>1</level></section></text><metadata/><url>/4-1011/</url><token>4-1011</token><structure><unit label="division" level="1" identifier="II">Division II - Planning and Development</unit><unit label="part" level="3" identifier="4">PART 4 - COMMUNITY SERVICES [1]</unit><unit label="chapter" level="4" identifier="1">CHAPTER 1. - THE DEPARTMENT OF COMMUNITY SERVICES</unit><unit label="article" level="2" identifier="B">ARTICLE B. - CIVIL RIGHTS UNIT</unit></structure><referred_to_by/></law>
