<?xml version="1.0"?>
<law><law_id>874</law_id><section_number>4-1001</section_number><catch_line>DIRECTOR, OFFICERS AND EMPLOYEES.</catch_line><history/><order_by>4-1001</order_by><text><section id="2448" prefix=""><text>The Department of Community Services shall consist of a director, who shall be its administrative head, and such other officers and employees as deemed necessary by the Manager and Council and whose salaries shall be fixed by the Council. 
Charter reference: Departments enumerated, &#xA7;6.1 et seq.</text><type>section</type><prefixes><section/></prefixes><entire_prefix/><prefix_anchor/><level>1</level></section></text><metadata/><url>/4-1001/</url><token>4-1001</token><structure><unit label="division" level="1" identifier="II">Division II - Planning and Development</unit><unit label="part" level="3" identifier="4">PART 4 - COMMUNITY SERVICES [1]</unit><unit label="chapter" level="4" identifier="1">CHAPTER 1. - THE DEPARTMENT OF COMMUNITY SERVICES</unit><unit label="article" level="2" identifier="A">ARTICLE A. - GENERAL PROVISIONS</unit></structure><referred_to_by/></law>
