<?xml version="1.0"?>
<law><law_id>82</law_id><section_number>5-2035</section_number><catch_line>PRIMARY AND SECONDARY FIRE DISTRICTS.</catch_line><history/><order_by>5-2035</order_by><metadata/><url>/5-2035/</url><token>5-2035</token><structure><unit label="division" level="1" identifier="II">Division II - Planning and Development</unit><unit label="part" level="3" identifier="5">PART 5 - PUBLIC SAFETY</unit><unit label="chapter" level="4" identifier="2">CHAPTER 2. - FIRE PROTECTION AND PREVENTION</unit><unit label="article" level="2" identifier="B">ARTICLE B. - FIRE PREVENTION [1]</unit></structure><referred_to_by><reference>5-2036</reference><reference>5-2037</reference></referred_to_by><text><section id="145" prefix="(a)"><text>The Primary Fire District. 
The primary fire district of the City is described as follows: 
Beginning at a point in the center of South Dawson Street and West Morgan Street; thence east to the center of the intersection of West Morgan Street and South McDowell Street; thence south to the intersection of South McDowell Street and West Hargett Street; thence west along the center of West Hargett Street, to the point and place of beginning.</text><type>section</type><prefixes><section>(a)</section></prefixes><entire_prefix>(a)</entire_prefix><prefix_anchor>(a)</prefix_anchor><level>1</level></section><section id="146" prefix="(b)"><text/><type>section</type><prefixes><section>(b)</section></prefixes><entire_prefix>(b)</entire_prefix><prefix_anchor>(b)</prefix_anchor><level>1</level></section><section id="147" prefix="(1)"><text>	The secondary fire district of the City is described as follows: 
Beginning at a point in the center of the intersection of South Blount Street and East Morgan Street; thence south to the intersection of South Blount Street and East Cabarrus Street; thence west to the center of the intersection of East Cabarrus Street and South Wilmington Street; thence south to the center of the intersection of South Wilmington Street and East South Street; thence west to the center of South Dawson Street and the east right-of-way of the southern railroad; thence northwest along the east right-of-way of the southern railroad to the center of South Dawson Street; thence north to the center of the intersection of South Dawson Street and West Hargett Street; thence west to the center of the intersection of West Hargett Street and South Harrington Street; thence north to the center of the intersection of Hillsborough Street and South Harrington Street; thence east along the center of Hillsborough Street to the intersection of Hillsborough Street and North Salisbury Street, thence east to the point and place of beginning, excluding that area described as the Primary Fire District in &#xA7;5-2035. 
</text><type>section</type><prefixes><section>(b)</section><section>(1)</section></prefixes><entire_prefix>(b)(1)</entire_prefix><prefix_anchor>(b)(1)</prefix_anchor><level>2</level></section><section id="148" prefix="(2)"><text>	Within the secondary fire district new wood frame structures shall be permitted to be constructed or enlarged when complying with all the following: 
a.	Constructed in compliance with the N.C. Building Code, and
b.	Building shall be fully sprinkled in compliance with standards set forth in the North Carolina Building Code, and 
c.	That exterior cladding and exterior components (stairs, balconies excluding trim) when intended shall be constructed of non-combustible materials. 
</text><type>section</type><prefixes><section>(b)</section><section>(2)</section></prefixes><entire_prefix>(b)(2)</entire_prefix><prefix_anchor>(b)(2)</prefix_anchor><level>2</level></section><section id="149" prefix="(3)"><text>	Within the secondary fire district all structures existing on the date of the adoption of Ordinance No. 2003-477 (July 15, 2003), may be repaired or altered, provided that when any proposed repair or alteration exceeds twenty-five (25) percent of the value of the structure, as determined by the Inspections Director, or when the occupancy use of the building is changed to a higher hazard group, the building shall be required to have either of the following: 
a.	A fire alarm system, or
b.	A fully sprinkled building, or
c.	All structural components provide a one-hour fire protected construction. Exception: Type IV (Heavy Timber) construction, parking structures and those surrounded on all sides by a minimum of thirty (30) feet. 
(Ord. No. 2011-873-TC-344, &#xA7;1, TC-6-11, 5-3-11) 
State law reference: G.S. 160A-435 through 437. 
</text><type>section</type><prefixes><section>(b)</section><section>(3)</section></prefixes><entire_prefix>(b)(3)</entire_prefix><prefix_anchor>(b)(3)</prefix_anchor><level>2</level></section></text></law>
