<?xml version="1.0"?>
<law><law_id>62</law_id><section_number>5-2002</section_number><catch_line>FUNCTIONS AND DUTIES OF THE DEPARTMENT.</catch_line><history/><order_by>5-2002</order_by><metadata/><url>/5-2002/</url><token>5-2002</token><structure><unit label="division" level="1" identifier="II">Division II - Planning and Development</unit><unit label="part" level="3" identifier="5">PART 5 - PUBLIC SAFETY</unit><unit label="chapter" level="4" identifier="2">CHAPTER 2. - FIRE PROTECTION AND PREVENTION</unit><unit label="article" level="2" identifier="A">ARTICLE A. - THE FIRE DEPARTMENT</unit></structure><referred_to_by/><text><section id="111" prefix="(a)"><text>Inspection of fire safety devices and equipment, constructions and obstructions;</text><type>section</type><prefixes><section>(a)</section></prefixes><entire_prefix>(a)</entire_prefix><prefix_anchor>(a)</prefix_anchor><level>1</level></section><section id="112" prefix="(b)"><text>Enforcement of fire prevention codes; instruction in the correction of violations and when necessary the correction of violations through the courts as a final action;</text><type>section</type><prefixes><section>(b)</section></prefixes><entire_prefix>(b)</entire_prefix><prefix_anchor>(b)</prefix_anchor><level>1</level></section><section id="113" prefix="(c)"><text>Responding to all calls, fire or rescue and the suppression of all fires as found;</text><type>section</type><prefixes><section>(c)</section></prefixes><entire_prefix>(c)</entire_prefix><prefix_anchor>(c)</prefix_anchor><level>1</level></section><section id="114" prefix="(d)"><text/><type>section</type><prefixes><section>(d)</section></prefixes><entire_prefix>(d)</entire_prefix><prefix_anchor>(d)</prefix_anchor><level>1</level></section><section id="115" prefix="(e)"><text>Supervising the upkeep of all fire stations, engine companies, truck companies, and auxiliary vehicles, including the testing and maintenance of fire hydrants. 
Charter reference: Fire Department, &#xA7;6.24 
State law reference: Fire protection, G.S. 160A, Article 14</text><type>section</type><prefixes><section>(e)</section></prefixes><entire_prefix>(e)</entire_prefix><prefix_anchor>(e)</prefix_anchor><level>1</level></section></text></law>
