<?xml version="1.0"?>
<law><law_id>80</law_id><section_number>5-2034</section_number><catch_line>RESPONSIBILITY FOR ENFORCEMENT; FIRE PREVENTION BUREAU.</catch_line><history/><order_by>5-2034</order_by><metadata/><url>/5-2034/</url><token>5-2034</token><structure><unit label="division" level="1" identifier="II">Division II - Planning and Development</unit><unit label="part" level="3" identifier="5">PART 5 - PUBLIC SAFETY</unit><unit label="chapter" level="4" identifier="2">CHAPTER 2. - FIRE PROTECTION AND PREVENTION</unit><unit label="article" level="2" identifier="B">ARTICLE B. - FIRE PREVENTION [1]</unit></structure><referred_to_by/><text><section id="140" prefix="(a)"><text>The Fire Prevention Code shall be enforced by the Fire Prevention Bureau within the Fire Department of the City, which shall be operated under the supervision of the Fire Chief.</text><type>section</type><prefixes><section>(a)</section></prefixes><entire_prefix>(a)</entire_prefix><prefix_anchor>(a)</prefix_anchor><level>1</level></section><section id="141" prefix="(b)"><text>The Chief in charge of the Fire Prevention Bureau, also known as the Fire Marshal, shall be appointed by the Chief of the Fire Department on the basis of the merit principle, and shall serve at the pleasure of the Fire Chief.</text><type>section</type><prefixes><section>(b)</section></prefixes><entire_prefix>(b)</entire_prefix><prefix_anchor>(b)</prefix_anchor><level>1</level></section><section id="142" prefix="(c)"><text>The Chief of the Fire Department may detail such members of Fire Department as fire prevention inspectors as he may determine necessary. 
(Ord. No. 2011-873-TC-344, &#xA7;1, TC-6-11, 5-3-11)</text><type>section</type><prefixes><section>(c)</section></prefixes><entire_prefix>(c)</entire_prefix><prefix_anchor>(c)</prefix_anchor><level>1</level></section></text></law>
