<?xml version="1.0"?>
<law><law_id>77</law_id><section_number>5-2031</section_number><catch_line>TITLE AND INTENT.</catch_line><history/><order_by>5-2031</order_by><text><section id="136" prefix=""><text/><type>section</type><prefixes><section/></prefixes><entire_prefix/><prefix_anchor/><level>1</level></section></text><metadata/><url>/5-2031/</url><token>5-2031</token><structure><unit label="division" level="1" identifier="II">Division II - Planning and Development</unit><unit label="part" level="3" identifier="5">PART 5 - PUBLIC SAFETY</unit><unit label="chapter" level="4" identifier="2">CHAPTER 2. - FIRE PROTECTION AND PREVENTION</unit><unit label="article" level="2" identifier="B">ARTICLE B. - FIRE PREVENTION [1]</unit></structure><referred_to_by><reference>5-2048</reference><reference>II-5-3001</reference><reference>II-5-3002</reference><reference>II-5-3003</reference><reference>II-5-3004</reference><reference>II-5-3005</reference><reference>II-5-3006</reference><reference>II-5-3007</reference><reference>II-5-3008</reference><reference>II-5-3009</reference><reference>II-5-3010</reference><reference>II-5-3011</reference><reference>II-5-3012</reference><reference>II-5-4001</reference><reference>II-5-4002</reference><reference>II-5-4003</reference><reference>II-5-4004</reference><reference>II-5-4005</reference></referred_to_by></law>
