<?xml version="1.0"?>
<law><law_id>61</law_id><section_number>5-2001</section_number><catch_line>FIRE CHIEF, OFFICERS AND EMPLOYEES.</catch_line><history/><order_by>5-2001</order_by><text><section id="110" prefix=""><text>The Fire Department shall consist of a Fire Chief, who shall be its administrative head, and such other officers and employees as deemed necessary by the Manager and Council and whose salaries shall be fixed by the Council.</text><type>section</type><prefixes><section/></prefixes><entire_prefix/><prefix_anchor/><level>1</level></section></text><metadata/><url>/5-2001/</url><token>5-2001</token><structure><unit label="division" level="1" identifier="II">Division II - Planning and Development</unit><unit label="part" level="3" identifier="5">PART 5 - PUBLIC SAFETY</unit><unit label="chapter" level="4" identifier="2">CHAPTER 2. - FIRE PROTECTION AND PREVENTION</unit><unit label="article" level="2" identifier="A">ARTICLE A. - THE FIRE DEPARTMENT</unit></structure><referred_to_by/></law>
