<?xml version="1.0"?>
<law><law_id>64</law_id><section_number>5-2004</section_number><catch_line>COMMAND AT FIRES; DUTIES OF FIRE CHIEF.</catch_line><history/><order_by>5-2004</order_by><metadata/><url>/5-2004/</url><token>5-2004</token><structure><unit label="division" level="1" identifier="II">Division II - Planning and Development</unit><unit label="part" level="3" identifier="5">PART 5 - PUBLIC SAFETY</unit><unit label="chapter" level="4" identifier="2">CHAPTER 2. - FIRE PROTECTION AND PREVENTION</unit><unit label="article" level="2" identifier="A">ARTICLE A. - THE FIRE DEPARTMENT</unit></structure><referred_to_by/><text><section id="117" prefix="(a)"><text>The captain of the company arriving first at the fire shall command the Fire Department until the arrival of the Chief or Assistant Chief, who shall immediately take control, and their orders shall be obeyed promptly.</text><type>section</type><prefixes><section>(a)</section></prefixes><entire_prefix>(a)</entire_prefix><prefix_anchor>(a)</prefix_anchor><level>1</level></section><section id="118" prefix="(b)"><text>The Chief shall have control of all property of the Fire Department; and shall inspect it once in every week and see that everything is kept in a condition for efficient service.</text><type>section</type><prefixes><section>(b)</section></prefixes><entire_prefix>(b)</entire_prefix><prefix_anchor>(b)</prefix_anchor><level>1</level></section><section id="119" prefix="(c)"><text>The Chief shall have power to make all rules and regulations subject to the legislative control of the Council and approval by the City Manager.</text><type>section</type><prefixes><section>(c)</section></prefixes><entire_prefix>(c)</entire_prefix><prefix_anchor>(c)</prefix_anchor><level>1</level></section><section id="120" prefix="(d)"><text>The Chief shall make monthly and annual inspection of the apparatus of the whole department, and make a report of same and of all fires to the City Manager.</text><type>section</type><prefixes><section>(d)</section></prefixes><entire_prefix>(d)</entire_prefix><prefix_anchor>(d)</prefix_anchor><level>1</level></section><section id="121" prefix="(e)"><text>During fires and inspections the Chief shall control all fireplugs, maintain order among the firefighters, and do all things proper for the efficient operation of the department.</text><type>section</type><prefixes><section>(e)</section></prefixes><entire_prefix>(e)</entire_prefix><prefix_anchor>(e)</prefix_anchor><level>1</level></section><section id="122" prefix="(f)"><text>The Chief shall examine all fire alarm boxes as often as necessary, shall have all repairs immediately attended to and shall examine all fire hydrants at least once in six (6) months, and shall make a report thereof to the City Manager.</text><type>section</type><prefixes><section>(f)</section></prefixes><entire_prefix>(f)</entire_prefix><prefix_anchor>(f)</prefix_anchor><level>1</level></section><section id="123" prefix="(g)"><text>Whenever any examination or inspection of Fire Department equipment or property, fire hydrants, fire alarm boxes, or other fixtures or equipment shall be required by this article or by any other ordinance to be made by the Chief of the Fire Department, the Chief is hereby authorized to delegate these such duties to such employees of the City as he may designate and to require reports with respect thereto as he may deem proper; but it shall remain the responsibility of the Chief to enforce such delegated duties and to require the employees so designated by him to carry out these duties in a timely, efficient and proper manner. If the inspections are not paid within forty-five (45) days from the date of the inspection a fifty dollar ($50.00) late fee will be assessed in addition to the inspection fee. 
(Code 1959 , &#xA7;10-3; Ord. No. 2002-346, &#xA7;1, 12-18-02)</text><type>section</type><prefixes><section>(g)</section></prefixes><entire_prefix>(g)</entire_prefix><prefix_anchor>(g)</prefix_anchor><level>1</level></section></text></law>
