<?xml version="1.0"?>
<law><law_id>85</law_id><section_number>5-2038</section_number><catch_line>REGULATION OF LIQUID PROPANE GAS TANKS.</catch_line><history/><order_by>5-2038</order_by><metadata/><url>/5-2038/</url><token>5-2038</token><structure><unit label="division" level="1" identifier="II">Division II - Planning and Development</unit><unit label="part" level="3" identifier="5">PART 5 - PUBLIC SAFETY</unit><unit label="chapter" level="4" identifier="2">CHAPTER 2. - FIRE PROTECTION AND PREVENTION</unit><unit label="article" level="2" identifier="B">ARTICLE B. - FIRE PREVENTION [1]</unit></structure><referred_to_by/><text><section id="155" prefix="(a)"><text/><type>section</type><prefixes><section>(a)</section></prefixes><entire_prefix>(a)</entire_prefix><prefix_anchor>(a)</prefix_anchor><level>1</level></section><section id="156" prefix="(1)"><text>	L.P. (liquefied petroleum) gas shall mean and include any materials having a vapor pressure not exceeding that allowed for commercial propane composed predominantly of the following hydrocarbons, either by themselves or as mixtures: propane, propylene, butane (normal butane or isobutane) and butylene (including isomers). 
</text><type>section</type><prefixes><section>(a)</section><section>(1)</section></prefixes><entire_prefix>(a)(1)</entire_prefix><prefix_anchor>(a)(1)</prefix_anchor><level>2</level></section><section id="157" prefix="(2)"><text>	L.P. tank shall mean container; any tank or container ranging from forty (40) pounds normal L.P. gas capacity to two thousand (2,000) gallons used for the storage or handling of L.P. gas. 
</text><type>section</type><prefixes><section>(a)</section><section>(2)</section></prefixes><entire_prefix>(a)(2)</entire_prefix><prefix_anchor>(a)(2)</prefix_anchor><level>2</level></section><section id="158" prefix="(3)"><text>	Permit shall mean a fire prevention permit issued by the Fire Prevention Bureau. 
</text><type>section</type><prefixes><section>(a)</section><section>(3)</section></prefixes><entire_prefix>(a)(3)</entire_prefix><prefix_anchor>(a)(3)</prefix_anchor><level>2</level></section><section id="159" prefix="(4)"><text>	N.F.P.A. 58 shall mean the current edition of Pamphlet No. 58 as written by the National Fire Protection Association. 
</text><type>section</type><prefixes><section>(a)</section><section>(4)</section></prefixes><entire_prefix>(a)(4)</entire_prefix><prefix_anchor>(a)(4)</prefix_anchor><level>2</level></section><section id="160" prefix="(5)"><text/><type>section</type><prefixes><section>(a)</section><section>(5)</section></prefixes><entire_prefix>(a)(5)</entire_prefix><prefix_anchor>(a)(5)</prefix_anchor><level>2</level></section><section id="161" prefix="(b)"><text/><type>section</type><prefixes><section>(b)</section></prefixes><entire_prefix>(b)</entire_prefix><prefix_anchor>(b)</prefix_anchor><level>1</level></section><section id="162" prefix="(1)"><text>	N.C. Administration Code, Title 2, Chapter 38, Section .0700, paragraph or rule .0701(1) as it pertains to installation and maintenance of L.P. gas containers from one (1) pound nominal L.P. gas capacity to two thousand (2,000) gallons L.P. gas capacity. 
</text><type>section</type><prefixes><section>(b)</section><section>(1)</section></prefixes><entire_prefix>(b)(1)</entire_prefix><prefix_anchor>(b)(1)</prefix_anchor><level>2</level></section><section id="163" prefix="(2)"><text/><type>section</type><prefixes><section>(b)</section><section>(2)</section></prefixes><entire_prefix>(b)(2)</entire_prefix><prefix_anchor>(b)(2)</prefix_anchor><level>2</level></section></text></law>
