<?xml version="1.0"?>
<law><law_id>65</law_id><section_number>5-2005</section_number><catch_line>DUTIES OF CHIEF OF POLICE AT FIRES.</catch_line><history/><order_by>5-2005</order_by><metadata/><url>/5-2005/</url><token>5-2005</token><structure><unit label="division" level="1" identifier="II">Division II - Planning and Development</unit><unit label="part" level="3" identifier="5">PART 5 - PUBLIC SAFETY</unit><unit label="chapter" level="4" identifier="2">CHAPTER 2. - FIRE PROTECTION AND PREVENTION</unit><unit label="article" level="2" identifier="A">ARTICLE A. - THE FIRE DEPARTMENT</unit></structure><referred_to_by/><text><section id="124" prefix=""><text>In case of fire the Police Department upon request of the Chief of the Fire Department shall furnish such help as is necessary. In case of the removal or exposure of property, he shall detail a sufficient number of citizens, or police officers, whose duty it shall be, under the direction of the Chief of Police, to guard all exposed property and detain all suspicious and disorderly persons, and to do whatever may be lawfully done to protect the rights of the citizens and preserve the public peace. 
(Code 1959 , &#xA7;10-4)</text><type>section</type><prefixes><section/></prefixes><entire_prefix/><prefix_anchor/><level>1</level></section></text></law>
