<?xml version="1.0"?>
<law><law_id>95</law_id><section_number>5-2047</section_number><catch_line>OVERSIGHT NOT TO LEGALIZE VIOLATION.</catch_line><history/><order_by>5-2047</order_by><metadata/><url>/5-2047/</url><token>5-2047</token><structure><unit label="division" level="1" identifier="II">Division II - Planning and Development</unit><unit label="part" level="3" identifier="5">PART 5 - PUBLIC SAFETY</unit><unit label="chapter" level="4" identifier="2">CHAPTER 2. - FIRE PROTECTION AND PREVENTION</unit><unit label="article" level="2" identifier="B">ARTICLE B. - FIRE PREVENTION [1]</unit></structure><referred_to_by/><text><section id="194" prefix=""><text>No oversight or dereliction of duty or issuance of a permit on the part of any inspector or other official or employee of the Office of the Fire Marshal shall be deemed to legalize or waive the violation of any provisions of the Code of the City of Raleigh or the laws of the State of North Carolina. 
(Ord. No. 2011-873-TC-344, &#xA7;1, TC-6-11, 5-3-11)</text><type>section</type><prefixes><section/></prefixes><entire_prefix/><prefix_anchor/><level>1</level></section></text></law>
