<?xml version="1.0"?>
<law><law_id>71</law_id><section_number>5-2010</section_number><catch_line>FIRE APPARATUS TO HAVE RIGHT-OF-WAY.</catch_line><history/><order_by>5-2010</order_by><metadata/><url>/5-2010/</url><token>5-2010</token><structure><unit label="division" level="1" identifier="II">Division II - Planning and Development</unit><unit label="part" level="3" identifier="5">PART 5 - PUBLIC SAFETY</unit><unit label="chapter" level="4" identifier="2">CHAPTER 2. - FIRE PROTECTION AND PREVENTION</unit><unit label="article" level="2" identifier="A">ARTICLE A. - THE FIRE DEPARTMENT</unit></structure><referred_to_by/><text><section id="130" prefix=""><text>In the event of an alarm of fire, the apparatus of the Fire Department shall have the right-of-way in and upon the streets, or railroad crossings in going to any fire, or being upon such streets, or railroad crossings. It shall be unlawful for any person to obstruct or willfully fail or refuse to make way for any of such apparatus. 
(Code 1959 , &#xA7;10-9) 
State law reference: Exceptions to right-of-way rules for emergency vehicles, G.S. 20-156.</text><type>section</type><prefixes><section/></prefixes><entire_prefix/><prefix_anchor/><level>1</level></section></text></law>
