<?xml version="1.0"?>
<law><law_id>66</law_id><section_number>5-2006</section_number><catch_line>DRIVING VEHICLE IN STREETS WHERE DEPARTMENT ASSEMBLED.</catch_line><history/><order_by>5-2006</order_by><metadata/><url>/5-2006/</url><token>5-2006</token><structure><unit label="division" level="1" identifier="II">Division II - Planning and Development</unit><unit label="part" level="3" identifier="5">PART 5 - PUBLIC SAFETY</unit><unit label="chapter" level="4" identifier="2">CHAPTER 2. - FIRE PROTECTION AND PREVENTION</unit><unit label="article" level="2" identifier="A">ARTICLE A. - THE FIRE DEPARTMENT</unit></structure><referred_to_by/><text><section id="125" prefix=""><text>It shall be unlawful for any person to ride, drive, or operate a vehicle through the streets or public vehicular areas in which the Fire Department is assembled for the purpose of extinguishing a fire. 
State law reference: Approach of emergency vehicles, G.S. 20-157.</text><type>section</type><prefixes><section/></prefixes><entire_prefix/><prefix_anchor/><level>1</level></section></text></law>
