<?xml version="1.0"?>
<law><law_id>72</law_id><section_number>5-2011</section_number><catch_line>INTERFERENCE WITH FIREFIGHTER; GETTING ON OR OFF APPARATUS; LOITERING; MEDDLING WITH APPARATUS.</catch_line><history/><order_by>5-2011</order_by><metadata/><url>/5-2011/</url><token>5-2011</token><structure><unit label="division" level="1" identifier="II">Division II - Planning and Development</unit><unit label="part" level="3" identifier="5">PART 5 - PUBLIC SAFETY</unit><unit label="chapter" level="4" identifier="2">CHAPTER 2. - FIRE PROTECTION AND PREVENTION</unit><unit label="article" level="2" identifier="A">ARTICLE A. - THE FIRE DEPARTMENT</unit></structure><referred_to_by/><text><section id="131" prefix=""><text>It shall be unlawful for any person to interfere with a firefighter in the discharge of his duty, or to get on or off of the apparatus going to or from a fire without authority from the Chief or Assistant Chief, or to loiter about the engine houses, or for any person to meddle with the engine, hose, or apparatus. 
(Code 1959 , &#xA7;10-10)</text><type>section</type><prefixes><section/></prefixes><entire_prefix/><prefix_anchor/><level>1</level></section></text></law>
