<?xml version="1.0"?>
<law><law_id>93</law_id><section_number>5-2045</section_number><catch_line>SMOKE DETECTORS REQUIRED.</catch_line><history/><order_by>5-2045</order_by><metadata/><url>/5-2045/</url><token>5-2045</token><structure><unit label="division" level="1" identifier="II">Division II - Planning and Development</unit><unit label="part" level="3" identifier="5">PART 5 - PUBLIC SAFETY</unit><unit label="chapter" level="4" identifier="2">CHAPTER 2. - FIRE PROTECTION AND PREVENTION</unit><unit label="article" level="2" identifier="B">ARTICLE B. - FIRE PREVENTION [1]</unit></structure><referred_to_by><reference>5-2048</reference><reference>II-5-3001</reference><reference>II-5-3002</reference><reference>II-5-3003</reference><reference>II-5-3004</reference><reference>II-5-3005</reference><reference>II-5-3006</reference><reference>II-5-3007</reference><reference>II-5-3008</reference><reference>II-5-3009</reference><reference>II-5-3010</reference><reference>II-5-3011</reference><reference>II-5-3012</reference><reference>II-5-4001</reference><reference>II-5-4002</reference><reference>II-5-4003</reference><reference>II-5-4004</reference><reference>II-5-4005</reference></referred_to_by><text><section id="186" prefix="(a)"><text>Smoke Detectors Required. 
Every owner of a rental residential dwelling unit lawfully constructed without smoke detectors shall install a smoke detector mounted on the ceiling or wall on every level, at a point centrally located in the corridor or area giving access to each group of rooms used for sleeping purposes and in common stairwells in each dwelling unit. Installation must be complete and smoke detectors fully operable within one hundred eighty (180) days after the application of this section.</text><type>section</type><prefixes><section>(a)</section></prefixes><entire_prefix>(a)</entire_prefix><prefix_anchor>(a)</prefix_anchor><level>1</level></section><section id="187" prefix="(b)"><text/><type>section</type><prefixes><section>(b)</section></prefixes><entire_prefix>(b)</entire_prefix><prefix_anchor>(b)</prefix_anchor><level>1</level></section><section id="188" prefix="(1)"><text>	Be listed by an agency approved by the N.C. State Building Code Council; and 
</text><type>section</type><prefixes><section>(b)</section><section>(1)</section></prefixes><entire_prefix>(b)(1)</entire_prefix><prefix_anchor>(b)(1)</prefix_anchor><level>2</level></section><section id="189" prefix="(2)"><text/><type>section</type><prefixes><section>(b)</section><section>(2)</section></prefixes><entire_prefix>(b)(2)</entire_prefix><prefix_anchor>(b)(2)</prefix_anchor><level>2</level></section><section id="190" prefix="(3)"><text/><type>section</type><prefixes><section>(b)</section><section>(3)</section></prefixes><entire_prefix>(b)(3)</entire_prefix><prefix_anchor>(b)(3)</prefix_anchor><level>2</level></section><section id="191" prefix="(4)"><text>	Be activated and provide an audible alarm.
</text><type>section</type><prefixes><section>(b)</section><section>(4)</section></prefixes><entire_prefix>(b)(4)</entire_prefix><prefix_anchor>(b)(4)</prefix_anchor><level>2</level></section><section id="192" prefix="(c)"><text>Maintenance. 
The owner of every rental residential unit where a smoke detector is installed pursuant to this section shall maintain and ensure that the smoke detector is kept in good working order at all times. If a battery-operated smoke detector is used, the batteries shall be replaced at least once per year. 
(Ord. No. 2011-873-TC-344, &#xA7;1, TC-6-11, 5-3-11) 
State law reference: 1991 Session Laws Chapter 312 &#xA7;2.</text><type>section</type><prefixes><section>(c)</section></prefixes><entire_prefix>(c)</entire_prefix><prefix_anchor>(c)</prefix_anchor><level>1</level></section></text></law>
