<?xml version="1.0"?>
<law><law_id>83</law_id><section_number>5-2036</section_number><catch_line>ELECTRIC SERVICE ENTRANCES IN FIRE DISTRICTS.</catch_line><history/><order_by>5-2036</order_by><metadata/><url>/5-2036/</url><token>5-2036</token><structure><unit label="division" level="1" identifier="II">Division II - Planning and Development</unit><unit label="part" level="3" identifier="5">PART 5 - PUBLIC SAFETY</unit><unit label="chapter" level="4" identifier="2">CHAPTER 2. - FIRE PROTECTION AND PREVENTION</unit><unit label="article" level="2" identifier="B">ARTICLE B. - FIRE PREVENTION [1]</unit></structure><referred_to_by/><text><section id="150" prefix=""><text>All electric service entrance conductors within the primary and secondary fire districts as described in &#xA7;5-2035 shall be placed underground in conduit. The conductors and conduit must be of approved materials as determined by the City Inspections Department. This provision shall apply to all newly constructed buildings, to enlarged electrical services in existing buildings, and to existing buildings undergoing major renovations. 
(Ord. No. 2011-873-TC-344, &#xA7;1, TC-6-11, 5-3-11)</text><type>section</type><prefixes><section/></prefixes><entire_prefix/><prefix_anchor/><level>1</level></section></text></law>
