<?xml version="1.0"?>
<law><law_id>88</law_id><section_number>5-2041</section_number><catch_line>INSPECTIONS FOR EXISTING BUILDINGS.</catch_line><history/><order_by>5-2041</order_by><metadata/><url>/5-2041/</url><token>5-2041</token><structure><unit label="division" level="1" identifier="II">Division II - Planning and Development</unit><unit label="part" level="3" identifier="5">PART 5 - PUBLIC SAFETY</unit><unit label="chapter" level="4" identifier="2">CHAPTER 2. - FIRE PROTECTION AND PREVENTION</unit><unit label="article" level="2" identifier="B">ARTICLE B. - FIRE PREVENTION [1]</unit></structure><referred_to_by><reference>5-2042</reference><reference>5-2044</reference></referred_to_by><text><section id="173" prefix="(a)"><text>Frequency of Inspections for Existing Buildings. 
In order to preserve and to protect health and safety, and to satisfy the requirements of General Statute 160A-424, political subdivisions assuming inspection duties, as set out in General Statute 160A-411, shall have a periodic inspection schedule for the purpose of identifying activities and conditions in buildings, structures and premises that pose dangers of fire, explosion or related hazards. Inspection schedules of existing buildings shall be conducted no less frequently than described in the schedule below: 
Occupancy
Classification	Inspection Frequency
Hazardous	Every Year
Institutional	Every Year
High Rise	Every Year
Assembly (&gt;100 Occupant Load)	Every Year
Residential	Every Year
Group Home1 	Every Year
Licensed Day Care1 	Every Year
Industrial	Every Two Years
Educational (Except Public Schools1) 	Every Two Years
Business	Every Three Years
Mercantile	Every Three Years
Storage	Every Three Years
Churches and Synagogues	Every Three Years
Assembly Occupancies with occupant load less than 100	Every Three Years
 
&#x2003; 1&#x2002; Frequency rates for inspections of an occupancy mandated by the N.C. General Statutes shall supersede this schedule.</text><type>section</type><prefixes><section>(a)</section></prefixes><entire_prefix>(a)</entire_prefix><prefix_anchor>(a)</prefix_anchor><level>1</level></section><section id="174" prefix="(b)"><text/><type>section</type><prefixes><section>(b)</section></prefixes><entire_prefix>(b)</entire_prefix><prefix_anchor>(b)</prefix_anchor><level>1</level></section><section id="175" prefix="(c)"><text>Re-inspection Fees. 
When it has been determined that fire hazards or violations of the Fire Prevention Code exists in or upon any property, structure, vehicle, system or process, and written notice of violation and a time period to correct has been given and the period of time given to correct the fire hazard or violation has expired, the Fire Marshal or authorized representative may conduct a re-inspection. A re-inspection fee of sixty-seven dollars ($67.00) may be charged for all visits after sixty (60) days. 
Payment of fees or fines assessed under the City Code does not permit or excuse the continuation of a violation or the fire hazard.</text><type>section</type><prefixes><section>(c)</section></prefixes><entire_prefix>(c)</entire_prefix><prefix_anchor>(c)</prefix_anchor><level>1</level></section><section id="176" prefix="(d)"><text/><type>section</type><prefixes><section>(d)</section></prefixes><entire_prefix>(d)</entire_prefix><prefix_anchor>(d)</prefix_anchor><level>1</level></section></text></law>
