<?xml version="1.0"?>
<law><law_id>73</law_id><section_number>5-2012</section_number><catch_line>INTERFERENCE WITH FIRE ALARM SYSTEM.</catch_line><history/><order_by>5-2012</order_by><metadata/><url>/5-2012/</url><token>5-2012</token><structure><unit label="division" level="1" identifier="II">Division II - Planning and Development</unit><unit label="part" level="3" identifier="5">PART 5 - PUBLIC SAFETY</unit><unit label="chapter" level="4" identifier="2">CHAPTER 2. - FIRE PROTECTION AND PREVENTION</unit><unit label="article" level="2" identifier="A">ARTICLE A. - THE FIRE DEPARTMENT</unit></structure><referred_to_by/><text><section id="132" prefix=""><text>It shall be unlawful for any person to interfere with the fire alarm telegraph or the poles, wires, fire-police emergency boxes, or other apparatus. 
(Code 1959 , &#xA7;10-11) 
State law reference: Molesting fire alarm systems, G.S. 14-286.</text><type>section</type><prefixes><section/></prefixes><entire_prefix/><prefix_anchor/><level>1</level></section></text></law>
