<?xml version="1.0"?>
<law><law_id>89</law_id><section_number>5-2042</section_number><catch_line>OPERATIONAL PERMITS AND FEES.</catch_line><history/><order_by>5-2042</order_by><metadata/><url>/5-2042/</url><token>5-2042</token><structure><unit label="division" level="1" identifier="II">Division II - Planning and Development</unit><unit label="part" level="3" identifier="5">PART 5 - PUBLIC SAFETY</unit><unit label="chapter" level="4" identifier="2">CHAPTER 2. - FIRE PROTECTION AND PREVENTION</unit><unit label="article" level="2" identifier="B">ARTICLE B. - FIRE PREVENTION [1]</unit></structure><referred_to_by><reference>5-2042</reference></referred_to_by><text><section id="177" prefix="(a)"><text>Definitions. 
Operational Permit is an official document issued by the Office of the Fire Marshal authorizing performance of a specified activity, use, or operation as required in Section 105 of the Fire Prevention Code.</text><type>section</type><prefixes><section>(a)</section></prefixes><entire_prefix>(a)</entire_prefix><prefix_anchor>(a)</prefix_anchor><level>1</level></section><section id="178" prefix="(b)"><text/><type>section</type><prefixes><section>(b)</section></prefixes><entire_prefix>(b)</entire_prefix><prefix_anchor>(b)</prefix_anchor><level>1</level></section><section id="179" prefix="(c)"><text>Operational Permit Renewal. 
Operational permits will be valid for a period of one, two or three years and will be renewable upon completion of a fire inspection in accordance with &#xA7;5-2041(a). Operational permits are valid until renewed or revoked. 
(Ord. No. 2011-873-TC-344, &#xA7;1, TC-6-11, 5-3-11; Ord. No. 2011-918, &#xA7;1, 6-21-11, eff. 7-4-11; Ord. No. 2012-65, &#xA7;1, 6-18-12, eff. 7-1-12)</text><type>section</type><prefixes><section>(c)</section></prefixes><entire_prefix>(c)</entire_prefix><prefix_anchor>(c)</prefix_anchor><level>1</level></section></text></law>
