<?xml version="1.0"?>
<law><law_id>86</law_id><section_number>5-2039</section_number><catch_line>ISSUANCE OF BLASTING PERMITS; REQUIREMENTS.</catch_line><history/><order_by>5-2039</order_by><metadata/><url>/5-2039/</url><token>5-2039</token><structure><unit label="division" level="1" identifier="II">Division II - Planning and Development</unit><unit label="part" level="3" identifier="5">PART 5 - PUBLIC SAFETY</unit><unit label="chapter" level="4" identifier="2">CHAPTER 2. - FIRE PROTECTION AND PREVENTION</unit><unit label="article" level="2" identifier="B">ARTICLE B. - FIRE PREVENTION [1]</unit></structure><referred_to_by><reference>5-2041</reference></referred_to_by><text><section id="164" prefix="(a)"><text>The responsibility for issuance of permits to be used or blasting agents within the City and its area of extraterritorial jurisdiction, as provided under applicable provisions of the Fire Prevention Code shall be with the Chief of the Fire Prevention Bureau. For each instance of blasting within the City and the extraterritorial area, the person or entity securing a permit shall post with the City a bond or liability insurance policy of not less than three hundred thousand dollars ($300,000.00) for bodily injury or death, one (1) person, each accident; five hundred thousand dollars ($500,000.00) for bodily injury or death, more than one (1) person, each accident; and three hundred thousand dollars ($300,000.00) for property damage, each accident, and maintain such insurance continuously during the effective period of the permit. A blasting permit fee shall be imposed in an amount established periodically by action of the City Council.</text><type>section</type><prefixes><section>(a)</section></prefixes><entire_prefix>(a)</entire_prefix><prefix_anchor>(a)</prefix_anchor><level>1</level></section><section id="165" prefix="(b)"><text>The blasting permit referenced herein shall remain in effect for a period not to exceed three (3) months. It shall be unlawful to engage or permit the further use of explosives or blasting agents on a project for which an expired permit was issued, without securing a new permit. 
(Ord. No. 2011-873-TC-344, &#xA7;1, TC-6-11, 5-3-11)</text><type>section</type><prefixes><section>(b)</section></prefixes><entire_prefix>(b)</entire_prefix><prefix_anchor>(b)</prefix_anchor><level>1</level></section></text></law>
