<?xml version="1.0"?>
<law><law_id>68</law_id><section_number>5-2008</section_number><catch_line>DUTIES OF PERSONS OR CORPORATIONS ERECTING OR MAINTAINING TELEPHONE, TELEGRAPH, OR ELECTRIC WIRES.</catch_line><history/><order_by>5-2008</order_by><metadata/><url>/5-2008/</url><token>5-2008</token><structure><unit label="division" level="1" identifier="II">Division II - Planning and Development</unit><unit label="part" level="3" identifier="5">PART 5 - PUBLIC SAFETY</unit><unit label="chapter" level="4" identifier="2">CHAPTER 2. - FIRE PROTECTION AND PREVENTION</unit><unit label="article" level="2" identifier="A">ARTICLE A. - THE FIRE DEPARTMENT</unit></structure><referred_to_by/><text><section id="127" prefix=""><text>No person shall be allowed to erect, maintain, or operate telegraph, telephone, or electric wires or other wires or cables in the City in such manner as to interfere with the wires of the fire-police emergency boxes. When any person who shall erect, maintain, or operate any telegraph, telephone, or electric wires in the City is notified to cut off the current from such wires during the existence of any fire he shall immediately cut off the current and shall not again turn on the same until proper notice is given by the proper officer of the Fire Department.</text><type>section</type><prefixes><section/></prefixes><entire_prefix/><prefix_anchor/><level>1</level></section></text></law>
