<?xml version="1.0"?>
<law><law_id>74</law_id><section_number>5-2013</section_number><catch_line>FALSE FIRE ALARMS.</catch_line><history/><order_by>5-2013</order_by><metadata/><url>/5-2013/</url><token>5-2013</token><structure><unit label="division" level="1" identifier="II">Division II - Planning and Development</unit><unit label="part" level="3" identifier="5">PART 5 - PUBLIC SAFETY</unit><unit label="chapter" level="4" identifier="2">CHAPTER 2. - FIRE PROTECTION AND PREVENTION</unit><unit label="article" level="2" identifier="A">ARTICLE A. - THE FIRE DEPARTMENT</unit></structure><referred_to_by/><text><section id="133" prefix=""><text>It shall be unlawful for any person to turn in or aid or abet in turning in any false fire alarm in the City. 
(Code 1959 , &#xA7;10-12) 
State law reference: Giving false fire alarms, G.S. 14-286.</text><type>section</type><prefixes><section/></prefixes><entire_prefix/><prefix_anchor/><level>1</level></section></text></law>
