<?xml version="1.0"?>
<law><law_id>84</law_id><section_number>5-2037</section_number><catch_line>FLAMMABLE LIQUIDS STORAGE; RESTRICTIONS ON LOCATION.</catch_line><history/><order_by>5-2037</order_by><metadata/><url>/5-2037/</url><token>5-2037</token><structure><unit label="division" level="1" identifier="II">Division II - Planning and Development</unit><unit label="part" level="3" identifier="5">PART 5 - PUBLIC SAFETY</unit><unit label="chapter" level="4" identifier="2">CHAPTER 2. - FIRE PROTECTION AND PREVENTION</unit><unit label="article" level="2" identifier="B">ARTICLE B. - FIRE PREVENTION [1]</unit></structure><referred_to_by/><text><section id="151" prefix="(a)"><text>Storage of Flammable Liquids in Outside, Aboveground Tanks. 
The limits on location referenced in the Fire Prevention Code, in which storage of flammable liquids in outside, aboveground tanks is prohibited, are established as follows: all residential zoning districts of the City and the primary and secondary fire districts as described in &#xA7;5-2035.</text><type>section</type><prefixes><section>(a)</section></prefixes><entire_prefix>(a)</entire_prefix><prefix_anchor>(a)</prefix_anchor><level>1</level></section><section id="152" prefix="(b)"><text>New Bulk Plants for Flammable Liquids. 
The limits on location referred to in the Fire Prevention Code, in which new bulk plants for flammable liquids are prohibited, are hereby established as follows: all areas zoned for any use other than industrial.</text><type>section</type><prefixes><section>(b)</section></prefixes><entire_prefix>(b)</entire_prefix><prefix_anchor>(b)</prefix_anchor><level>1</level></section><section id="153" prefix="(c)"><text>Bulk Storage of Liquid Petroleum Gas. 
The limits on location referred to in the Fire Prevention Code, in which bulk storage of liquid petroleum gas is restricted are hereby established as follows: all areas of the City zoned for any use other than industrial.</text><type>section</type><prefixes><section>(c)</section></prefixes><entire_prefix>(c)</entire_prefix><prefix_anchor>(c)</prefix_anchor><level>1</level></section><section id="154" prefix="(d)"><text>Self-service Stations. 
Following the issuance of a permit, unattended self-service stations shall be permitted solely for the dispensing of motor vehicle fuels into commercial or fleet vehicles. The dispensing of motor vehicle fuels shall comply with all of the provisions of North Carolina State Building Code, Fire Prevention Code and National Fire Protection Association Standard 30A for unattended self-service station vendors. Prior to commencing operations, the self-service station vendor shall make application at the Office of the Fire Marshal and shall obtain a permit to operate an unattended self-service station. So long as the conditions and limitations of the permit and the Fire Prevention Code are observed, such permit shall be valid for a time period of twelve (12) months, and it shall be renewable on a recurring basis. Failure by the self-service station vendor or operator to comply with the provisions of this section shall be cause for revocation of the permit. 
(Ord. No. 2011-873-TC-344, &#xA7;1, TC-6-11, 5-3-11) 
Cross reference: Location of gasoline and fuel pumps from street rights-of-way, &#xA7;10-6036</text><type>section</type><prefixes><section>(d)</section></prefixes><entire_prefix>(d)</entire_prefix><prefix_anchor>(d)</prefix_anchor><level>1</level></section></text></law>
