<?xml version="1.0"?>
<law><law_id>78</law_id><section_number>5-2032</section_number><catch_line>FIRE PREVENTION CODE ADOPTED.</catch_line><history/><order_by>5-2032</order_by><metadata/><url>/5-2032/</url><token>5-2032</token><structure><unit label="division" level="1" identifier="II">Division II - Planning and Development</unit><unit label="part" level="3" identifier="5">PART 5 - PUBLIC SAFETY</unit><unit label="chapter" level="4" identifier="2">CHAPTER 2. - FIRE PROTECTION AND PREVENTION</unit><unit label="article" level="2" identifier="B">ARTICLE B. - FIRE PREVENTION [1]</unit></structure><referred_to_by/><text><section id="137" prefix="(a)"><text/><type>section</type><prefixes><section>(a)</section></prefixes><entire_prefix>(a)</entire_prefix><prefix_anchor>(a)</prefix_anchor><level>1</level></section><section id="138" prefix="(b)"><text>Applicability. 
The provisions of this ordinance shall apply to all buildings and occupancies in the North Carolina Building Code, General Construction and the Fire Prevention Code (latest edition adopted by the NC Building Code Council) and any other building referenced by this ordinance. The provisions of this Code shall apply equally to existing as well as new buildings. All construction, alterations, repairs, replacement, equipment, and maintenance hereinafter made or installed to any building or structure, other than the exceptions to applicability listed in 102.10 of the Fire Prevention Code, shall conform to the provisions of the Fire Prevention Code. 
Where the North Carolina Fire Prevention Code or its references are inapplicable to a specific occupancy of process, the appropriate NFPA (National Fire Protection Association) or other nationally recognized standard shall be used. 
(Ord. No. 2011-873-TC-344, &#xA7;1, TC-6-11, 5-3-11) 
State law references: Adoption of technical codes by reference, General Statute 160A-76(b); State Building Code, General Statute 143-138 et seq.</text><type>section</type><prefixes><section>(b)</section></prefixes><entire_prefix>(b)</entire_prefix><prefix_anchor>(b)</prefix_anchor><level>1</level></section></text></law>
