<?xml version="1.0"?>
<law><law_id>94</law_id><section_number>5-2046</section_number><catch_line>NEW MATERIALS; TESTING AND APPROVAL.</catch_line><history/><order_by>5-2046</order_by><metadata/><url>/5-2046/</url><token>5-2046</token><structure><unit label="division" level="1" identifier="II">Division II - Planning and Development</unit><unit label="part" level="3" identifier="5">PART 5 - PUBLIC SAFETY</unit><unit label="chapter" level="4" identifier="2">CHAPTER 2. - FIRE PROTECTION AND PREVENTION</unit><unit label="article" level="2" identifier="B">ARTICLE B. - FIRE PREVENTION [1]</unit></structure><referred_to_by/><text><section id="193" prefix=""><text>In addition to and not inconsistent with applicable provisions of the Fire Prevention Code, the Fire Chief and the Chief of the Fire Prevention Bureau shall, on request, evaluate any new materials, processes, or occupancies requiring fire prevention permits, in addition to those now enumerated in the Fire Prevention Code. Any determinations regarding new materials, processes, or occupancies requiring fire prevention permits shall be made a matter of record, shall be open for public inspection, and copies of such determinations shall be available to interested parties. 
(Ord. No. 2011-873-TC-344, &#xA7;1, TC-6-11, 5-3-11)</text><type>section</type><prefixes><section/></prefixes><entire_prefix/><prefix_anchor/><level>1</level></section></text></law>
