<?xml version="1.0"?>
<law><law_id>79</law_id><section_number>5-2033</section_number><catch_line>JURISDICTION.</catch_line><history/><order_by>5-2033</order_by><metadata/><url>/5-2033/</url><token>5-2033</token><structure><unit label="division" level="1" identifier="II">Division II - Planning and Development</unit><unit label="part" level="3" identifier="5">PART 5 - PUBLIC SAFETY</unit><unit label="chapter" level="4" identifier="2">CHAPTER 2. - FIRE PROTECTION AND PREVENTION</unit><unit label="article" level="2" identifier="B">ARTICLE B. - FIRE PREVENTION [1]</unit></structure><referred_to_by/><text><section id="139" prefix=""><text>In accordance with Chapter 160A Article 19 of the North Carolina General Statutes, the provisions of the Fire Prevention Code are applicable and shall be enforced within the corporate limits, and also within the extraterritorial jurisdiction of the City. 
(Ord. No. 2011-873-TC-344, &#xA7;1, TC-6-11, 5-3-11)</text><type>section</type><prefixes><section/></prefixes><entire_prefix/><prefix_anchor/><level>1</level></section></text></law>
