<?xml version="1.0"?>
<law><law_id>69</law_id><section_number>5-2009</section_number><catch_line>FIRE APPARATUS LEAVING CITY.</catch_line><history/><order_by>5-2009</order_by><metadata/><url>/5-2009/</url><token>5-2009</token><structure><unit label="division" level="1" identifier="II">Division II - Planning and Development</unit><unit label="part" level="3" identifier="5">PART 5 - PUBLIC SAFETY</unit><unit label="chapter" level="4" identifier="2">CHAPTER 2. - FIRE PROTECTION AND PREVENTION</unit><unit label="article" level="2" identifier="A">ARTICLE A. - THE FIRE DEPARTMENT</unit></structure><referred_to_by/><text><section id="128" prefix=""><text>No engine, fire truck, or other apparatus of the Fire Department shall leave the City except with the consent of the City Manager or Chief of the Fire Department, or in the absence of the Chief, the Assistant or Division Chief, upon urgent call in cases of fire in neighboring towns or cities. 
(Code 1959 , &#xA7;10-8; Ord. No. 2004-559, &#xA7;1, 1-20-04)</text><type>section</type><prefixes><section/></prefixes><entire_prefix/><prefix_anchor/><level>1</level></section></text></law>
