<?xml version="1.0"?>
<law><law_id>67</law_id><section_number>5-2007</section_number><catch_line>CONGREGATING IN STREETS NEAR FIRE.</catch_line><history/><order_by>5-2007</order_by><metadata/><url>/5-2007/</url><token>5-2007</token><structure><unit label="division" level="1" identifier="II">Division II - Planning and Development</unit><unit label="part" level="3" identifier="5">PART 5 - PUBLIC SAFETY</unit><unit label="chapter" level="4" identifier="2">CHAPTER 2. - FIRE PROTECTION AND PREVENTION</unit><unit label="article" level="2" identifier="A">ARTICLE A. - THE FIRE DEPARTMENT</unit></structure><referred_to_by/><text><section id="126" prefix=""><text>It shall be unlawful for any person or group of persons to congregate in the streets in or around the same in the vicinity of a fire so as to interfere with the department.</text><type>section</type><prefixes><section/></prefixes><entire_prefix/><prefix_anchor/><level>1</level></section></text></law>
