<?xml version="1.0"?>
<law><law_id>63</law_id><section_number>5-2003</section_number><catch_line>COMPOSITION OF COMPANIES; RESIDENCE OF MEMBERS.</catch_line><history/><order_by>5-2003</order_by><metadata/><url>/5-2003/</url><token>5-2003</token><structure><unit label="division" level="1" identifier="II">Division II - Planning and Development</unit><unit label="part" level="3" identifier="5">PART 5 - PUBLIC SAFETY</unit><unit label="chapter" level="4" identifier="2">CHAPTER 2. - FIRE PROTECTION AND PREVENTION</unit><unit label="article" level="2" identifier="A">ARTICLE A. - THE FIRE DEPARTMENT</unit></structure><referred_to_by/><text><section id="116" prefix=""><text/><type>section</type><prefixes><section/></prefixes><entire_prefix/><prefix_anchor/><level>1</level></section></text></law>
