<?xml version="1.0"?>
<law><law_id>91</law_id><section_number>5-2044</section_number><catch_line>FIRE FINAL INSPECTIONS.</catch_line><history/><order_by>5-2044</order_by><metadata/><url>/5-2044/</url><token>5-2044</token><structure><unit label="division" level="1" identifier="II">Division II - Planning and Development</unit><unit label="part" level="3" identifier="5">PART 5 - PUBLIC SAFETY</unit><unit label="chapter" level="4" identifier="2">CHAPTER 2. - FIRE PROTECTION AND PREVENTION</unit><unit label="article" level="2" identifier="B">ARTICLE B. - FIRE PREVENTION [1]</unit></structure><referred_to_by/><text><section id="184" prefix=""><text>Any occupancy hereafter requested, as evidenced by application to the Building Official for a Certificate of Occupancy, shall receive an initial fire code compliance inspection(s), for the establishment of an inspection file and issue any required operational permits. This fire inspection fee will be in accordance with the existing buildings fee schedule contained in &#xA7;5-2041(b). Occupying a building that has not been issued a Certificate of Occupancy will constitute a civil penalty for each days continued offense. 
(Ord. No. 2011-873-TC-344, &#xA7;1, TC-6-11, 5-3-11)</text><type>section</type><prefixes><section/></prefixes><entire_prefix/><prefix_anchor/><level>1</level></section></text></law>
