<?xml version="1.0"?>
<law><law_id>116</law_id><section_number>6-1001</section_number><catch_line>CHIEF ENGINEER, OFFICERS AND EMPLOYEES.</catch_line><history/><order_by>6-1001</order_by><text><section id="341" prefix=""><text>The Department of Central Engineering shall consist of the Chief Engineer, who shall be its administrative head, and such other officers and employees as deemed necessary by the Manager and Council and whose salaries shall be fixed by the Council.</text><type>section</type><prefixes><section/></prefixes><entire_prefix/><prefix_anchor/><level>1</level></section></text><metadata/><url>/6-1001/</url><token>6-1001</token><structure><unit label="division" level="1" identifier="II">Division II - Planning and Development</unit><unit label="part" level="3" identifier="6">PART 6 - CENTRAL ENGINEERING</unit><unit label="chapter" level="4" identifier="1">CHAPTER 1. - THE DEPARTMENT OF CENTRAL ENGINEERING</unit><unit label="article" level="2" identifier="A">ARTICLE A. - DEPARTMENT OF CENTRAL ENGINEERING</unit></structure><referred_to_by/></law>
