<?xml version="1.0"?>
<law><law_id>119</law_id><section_number>6-1003</section_number><catch_line>RESERVED. </catch_line><history/><order_by>6-1003</order_by><metadata/><url>/6-1003/</url><token>6-1003</token><structure><unit label="division" level="1" identifier="II">Division II - Planning and Development</unit><unit label="part" level="3" identifier="6">PART 6 - CENTRAL ENGINEERING</unit><unit label="chapter" level="4" identifier="1">CHAPTER 1. - THE DEPARTMENT OF CENTRAL ENGINEERING</unit><unit label="article" level="2" identifier="A">ARTICLE A. - DEPARTMENT OF CENTRAL ENGINEERING</unit></structure><referred_to_by/><text><section id="359" prefix=""><text/><type>section</type><prefixes><section/></prefixes><entire_prefix/><prefix_anchor/><level>1</level></section></text></law>
