<?xml version="1.0"?>
<law><law_id>117</law_id><section_number>6-1002</section_number><catch_line>FUNCTIONS AND DUTIES OF THE DEPARTMENT.</catch_line><history/><order_by>6-1002</order_by><metadata/><url>/6-1002/</url><token>6-1002</token><structure><unit label="division" level="1" identifier="II">Division II - Planning and Development</unit><unit label="part" level="3" identifier="6">PART 6 - CENTRAL ENGINEERING</unit><unit label="chapter" level="4" identifier="1">CHAPTER 1. - THE DEPARTMENT OF CENTRAL ENGINEERING</unit><unit label="article" level="2" identifier="A">ARTICLE A. - DEPARTMENT OF CENTRAL ENGINEERING</unit></structure><referred_to_by><reference>8-2069</reference></referred_to_by><text><section id="342" prefix="(a)"><text>Performing field surveys and engineering design services as required for the expansion and improvement of the City water and sanitary sewer systems, streets, storm sewers, parks and other facilities of the City.</text><type>section</type><prefixes><section>(a)</section></prefixes><entire_prefix>(a)</entire_prefix><prefix_anchor>(a)</prefix_anchor><level>1</level></section><section id="343" prefix="(b)"><text/><type>section</type><prefixes><section>(b)</section></prefixes><entire_prefix>(b)</entire_prefix><prefix_anchor>(b)</prefix_anchor><level>1</level></section><section id="344" prefix="(1)"><text>	Street construction (annual paving program and topics program.) 
</text><type>section</type><prefixes><section>(b)</section><section>(1)</section></prefixes><entire_prefix>(b)(1)</entire_prefix><prefix_anchor>(b)(1)</prefix_anchor><level>2</level></section><section id="345" prefix="(2)"><text>	Water main installations.
</text><type>section</type><prefixes><section>(b)</section><section>(2)</section></prefixes><entire_prefix>(b)(2)</entire_prefix><prefix_anchor>(b)(2)</prefix_anchor><level>2</level></section><section id="346" prefix="(3)"><text>	Sanitary sewer main installations.
</text><type>section</type><prefixes><section>(b)</section><section>(3)</section></prefixes><entire_prefix>(b)(3)</entire_prefix><prefix_anchor>(b)(3)</prefix_anchor><level>2</level></section><section id="347" prefix="(4)"><text>	New sidewalk construction.
</text><type>section</type><prefixes><section>(b)</section><section>(4)</section></prefixes><entire_prefix>(b)(4)</entire_prefix><prefix_anchor>(b)(4)</prefix_anchor><level>2</level></section><section id="348" prefix="(5)"><text>	Construction of stormwater management system.
</text><type>section</type><prefixes><section>(b)</section><section>(5)</section></prefixes><entire_prefix>(b)(5)</entire_prefix><prefix_anchor>(b)(5)</prefix_anchor><level>2</level></section><section id="349" prefix="(6)"><text>	Manage the stormwater services of the City. 
</text><type>section</type><prefixes><section>(b)</section><section>(6)</section></prefixes><entire_prefix>(b)(6)</entire_prefix><prefix_anchor>(b)(6)</prefix_anchor><level>2</level></section><section id="350" prefix="(7)"><text>	Review and approve construction plans for subdivisions and site plans.
</text><type>section</type><prefixes><section>(b)</section><section>(7)</section></prefixes><entire_prefix>(b)(7)</entire_prefix><prefix_anchor>(b)(7)</prefix_anchor><level>2</level></section><section id="351" prefix="(8)"><text>	Inspect construction work in all subdivisions and site plans including streets, utilities, sidewalks, driveways and storm drainage system, and the construction, reconstruction, extending and otherwise building or improving storm sewer and drainage systems. 
</text><type>section</type><prefixes><section>(b)</section><section>(8)</section></prefixes><entire_prefix>(b)(8)</entire_prefix><prefix_anchor>(b)(8)</prefix_anchor><level>2</level></section><section id="352" prefix="(9)"><text>	Inspect all construction work done by City contract including streets, utilities, new sidewalks, sidewalk repairs and construction of park facilities. 
(10)	Compute and prepare assessment rolls containing the cost to be assessed against properties benefitted by the construction of new streets, utilities, new sidewalks and sidewalk repairs. 
</text><type>section</type><prefixes><section>(b)</section><section>(9)</section></prefixes><entire_prefix>(b)(9)</entire_prefix><prefix_anchor>(b)(9)</prefix_anchor><level>2</level></section><section id="353" prefix="(11"><text>	Enforce the following: soil erosion and sedimentation control (Part 10 Chapter 5), floodprone area regulations (Part 10 Chapter 4), sidewalks, and driveways (Part 10 Chapter 7) and stormwater control and watercourse buffer regulations (Part 10 Chapter 9). 
</text><type>section</type><prefixes><section>(b)</section><section>(11</section></prefixes><entire_prefix>(b)(11</entire_prefix><prefix_anchor>(b)(11</prefix_anchor><level>2</level></section><section id="354" prefix="(12"><text>	Compute and prepare monthly estimates and final estimates for paving contracts, resurfacing contracts, sidewalk contracts and water and sanitary sewer contracts. 
</text><type>section</type><prefixes><section>(b)</section><section>(12</section></prefixes><entire_prefix>(b)(12</entire_prefix><prefix_anchor>(b)(12</prefix_anchor><level>2</level></section><section id="355" prefix="(13"><text>	Compute fee in lieu payments and project cost reimbursements for site plan and subdivisions.
</text><type>section</type><prefixes><section>(b)</section><section>(13</section></prefixes><entire_prefix>(b)(13</entire_prefix><prefix_anchor>(b)(13</prefix_anchor><level>2</level></section><section id="356" prefix="(c)"><text>Interpreting floodprone area boundaries interpretations.</text><type>section</type><prefixes><section>(c)</section></prefixes><entire_prefix>(c)</entire_prefix><prefix_anchor>(c)</prefix_anchor><level>1</level></section><section id="357" prefix="(d)"><text/><type>section</type><prefixes><section>(d)</section></prefixes><entire_prefix>(d)</entire_prefix><prefix_anchor>(d)</prefix_anchor><level>1</level></section></text></law>
