<?xml version="1.0"?>
<law><law_id>138</law_id><section_number>6-2017</section_number><catch_line>RESERVED. </catch_line><history/><order_by>6-2017</order_by><metadata/><url>/6-2017/</url><token>6-2017</token><structure><unit label="division" level="1" identifier="II">Division II - Planning and Development</unit><unit label="part" level="3" identifier="6">PART 6 - CENTRAL ENGINEERING</unit><unit label="chapter" level="4" identifier="2">CHAPTER 2. - STREET AND SIDEWALK IMPROVEMENTS [1]</unit><unit label="article" level="2" identifier="B">ARTICLE B. - STREET AND SIDEWALK STANDARDS</unit></structure><referred_to_by/><text><section id="440" prefix=""><text/><type>section</type><prefixes><section/></prefixes><entire_prefix/><prefix_anchor/><level>1</level></section></text></law>
