<?xml version="1.0"?>
<law><law_id>140</law_id><section_number>6-2022</section_number><catch_line>SIDEWALK ASSESSMENTS FOR CONSTRUCTING OR EXTENDING NEW SIDEWALKS.</catch_line><history/><order_by>6-2022</order_by><metadata/><url>/6-2022/</url><token>6-2022</token><structure><unit label="division" level="1" identifier="II">Division II - Planning and Development</unit><unit label="part" level="3" identifier="6">PART 6 - CENTRAL ENGINEERING</unit><unit label="chapter" level="4" identifier="2">CHAPTER 2. - STREET AND SIDEWALK IMPROVEMENTS [1]</unit><unit label="article" level="2" identifier="C">ARTICLE C. - ASSESSMENT CHARGES</unit></structure><referred_to_by/><text><section id="462" prefix="(a)"><text>The cost of new sidewalk construction or extensions shall be assessed at six dollars ($6.00) per front foot against the property abutting on both sides of the street. If there already exists a sidewalk on the other side of the street, the total cost of which was assessed against the abutting property, the owner of the property requiring the new sidewalk shall pay an assessment of six dollars ($6.00) per front foot, the remaining cost of the sidewalk to be borne by the City. If the City Council decides pursuant to &#xA7;6-2014 that there is a public need for a sidewalk on both sides of the street, and no sidewalk assessment has been previously levied, the full cost of the second sidewalk shall be borne by the City.</text><type>section</type><prefixes><section>(a)</section></prefixes><entire_prefix>(a)</entire_prefix><prefix_anchor>(a)</prefix_anchor><level>1</level></section><section id="463" prefix="(b)"><text/><type>section</type><prefixes><section>(b)</section></prefixes><entire_prefix>(b)</entire_prefix><prefix_anchor>(b)</prefix_anchor><level>1</level></section><section id="464" prefix="(1)"><text>	If sidewalk improvements are made simultaneously to both streets on which a lot abuts, assessment of the costs of the installations shall be based upon the entire frontage of one street (short side) plus the frontage of the other street in excess of one hundred fifty (150) feet. 
</text><type>section</type><prefixes><section>(b)</section><section>(1)</section></prefixes><entire_prefix>(b)(1)</entire_prefix><prefix_anchor>(b)(1)</prefix_anchor><level>2</level></section><section id="465" prefix="(2)"><text>	If the lot is already served by a sidewalk which meets all City standards, any improvements to another abutting sidewalk shall be assessed against the lot owner to the extent that the frontage to be assessed exceeds one hundred fifty (150) feet in length. 
</text><type>section</type><prefixes><section>(b)</section><section>(2)</section></prefixes><entire_prefix>(b)(2)</entire_prefix><prefix_anchor>(b)(2)</prefix_anchor><level>2</level></section><section id="466" prefix="(3)"><text>	If a lot fronts on an existing sidewalk which meets City standards and abuts at the rear on another street to be built or improved, no assessment shall be made if it shall appear that no reasonable subdivision of the lot can be made by which the new arrangement of lots will benefit from the new or improved sidewalk. 
</text><type>section</type><prefixes><section>(b)</section><section>(3)</section></prefixes><entire_prefix>(b)(3)</entire_prefix><prefix_anchor>(b)(3)</prefix_anchor><level>2</level></section><section id="467" prefix="(4)"><text>	If a lot abuts on a sidewalk to be built or improved but physical or topographic restrictions prevent reasonable access thereto from the lot, then no assessment shall be made. In the event that such a lot later gains access formerly though impossible to the sidewalk which was improved, no driveway permit shall be issued until the lot owner has paid a fee equivalent to the amount the lot would have been previously assessed. 
</text><type>section</type><prefixes><section>(b)</section><section>(4)</section></prefixes><entire_prefix>(b)(4)</entire_prefix><prefix_anchor>(b)(4)</prefix_anchor><level>2</level></section><section id="468" prefix="(5)"><text>	Sidewalk improvements within redevelopment areas as delineated pursuant to G.S. 160A-500 et seq., provided the cost of such work is exclusively paid from community development funds. 
(Ord. No. 1979-236, 10-2-79; Ord. No. 1985-613, &#xA7;2, 7-16-85; Ord. No. 1986-855, &#xA7;2, 9-16-86; Ord. No. 1987-54A, &#xA7;&#xA7;1, 2, 9-15-87; Ord. No. 1992-999, &#xA7;3, 6-16-92; Ord. No. 1995-660, &#xA7;3, 6-20-95; Ord. No. 1995-760-TC-122, &#xA7;10, TC-20C-95, 11-21-95; Ord. No. 1996-814, &#xA7;1, 2-6-96; Ord. No. 2000-905, &#xA7;4, 12-5-00) 
</text><type>section</type><prefixes><section>(b)</section><section>(5)</section></prefixes><entire_prefix>(b)(5)</entire_prefix><prefix_anchor>(b)(5)</prefix_anchor><level>2</level></section></text></law>
