<?xml version="1.0"?>
<law><law_id>129</law_id><section_number>6-2011</section_number><catch_line>SPECIFICATIONS FOR CONSTRUCTION.</catch_line><history/><order_by>6-2011</order_by><text><section id="395" prefix=""><text>The City Council shall determine the character and type of construction and materials to be used in the construction of any street or sidewalk improvement, and it shall determine whether any or all of the work shall be done by contract or by City forces. All street and sidewalk improvements shall be constructed in accordance with the standards of this Code and the specifications of the Department of Central Engineering as approved by the City Council.</text><type>section</type><prefixes><section/></prefixes><entire_prefix/><prefix_anchor/><level>1</level></section></text><metadata/><url>/6-2011/</url><token>6-2011</token><structure><unit label="division" level="1" identifier="II">Division II - Planning and Development</unit><unit label="part" level="3" identifier="6">PART 6 - CENTRAL ENGINEERING</unit><unit label="chapter" level="4" identifier="2">CHAPTER 2. - STREET AND SIDEWALK IMPROVEMENTS [1]</unit><unit label="article" level="2" identifier="B">ARTICLE B. - STREET AND SIDEWALK STANDARDS</unit></structure><referred_to_by/></law>
