<?xml version="1.0"?>
<law><law_id>124</law_id><section_number>6-2004</section_number><catch_line>LIMITATION OF PETITIONS.</catch_line><history/><order_by>6-2004</order_by><metadata/><url>/6-2004/</url><token>6-2004</token><structure><unit label="division" level="1" identifier="II">Division II - Planning and Development</unit><unit label="part" level="3" identifier="6">PART 6 - CENTRAL ENGINEERING</unit><unit label="chapter" level="4" identifier="2">CHAPTER 2. - STREET AND SIDEWALK IMPROVEMENTS [1]</unit><unit label="article" level="2" identifier="A">ARTICLE A. - PROCEDURE</unit></structure><referred_to_by/><text><section id="388" prefix="(a)"><text>The end of a dead-end street;</text><type>section</type><prefixes><section>(a)</section></prefixes><entire_prefix>(a)</entire_prefix><prefix_anchor>(a)</prefix_anchor><level>1</level></section><section id="389" prefix="(b)"><text>The end or beginning of existing paving or sidewalk and it is requested to complete the sidewalk or paving in that block; or</text><type>section</type><prefixes><section>(b)</section></prefixes><entire_prefix>(b)</entire_prefix><prefix_anchor>(b)</prefix_anchor><level>1</level></section><section id="390" prefix="(c)"><text>A street the remaining portion of which can be completed in its entirety and improved fully at City expense because the improvement complies with the standards of &#xA7;6-2021(d), and it is requested to complete the paving in that block.</text><type>section</type><prefixes><section>(c)</section></prefixes><entire_prefix>(c)</entire_prefix><prefix_anchor>(c)</prefix_anchor><level>1</level></section></text></law>
