<?xml version="1.0"?>
<law><law_id>139</law_id><section_number>6-2021</section_number><catch_line>STREET ASSESSMENT CHARGES.</catch_line><history/><order_by>6-2021</order_by><text><section id="441" prefix="(a)"><text/><type>section</type><prefixes><section>(a)</section></prefixes><entire_prefix>(a)</entire_prefix><prefix_anchor>(a)</prefix_anchor><level>1</level></section><section id="442" prefix="(1)"><text>	Grading. 
The entire cost of grading up to and including the width required for an improvement thirty-one (31) feet (9.45 meters) or less in width shall be paid for by the abutting property. The cost of grading in excess of street widths greater than thirty-one (31) feet (9.45 meters) shall be paid for by the City. 
</text><type>section</type><prefixes><section>(a)</section><section>(1)</section></prefixes><entire_prefix>(a)(1)</entire_prefix><prefix_anchor>(a)(1)</prefix_anchor><level>2</level></section><section id="443" prefix="(2)"><text>	Street widths. 
The entire cost of the base and surface course up to and including the width required for an improvement thirty-one (31) feet (9.45 meters) or less in width shall be paid for by the abutting property. The cost of the base and surface course in excess of street widths greater than thirty-one (31) feet (9.45 meters) shall be paid for by the City. 
</text><type>section</type><prefixes><section>(a)</section><section>(2)</section></prefixes><entire_prefix>(a)(2)</entire_prefix><prefix_anchor>(a)(2)</prefix_anchor><level>2</level></section><section id="444" prefix="(3)"><text>	Surface thickness. 
The entire cost of the surface thickness up to and including the width required for an improvement thirty-one (31) feet (9.45 meters) or less shall be paid for by the abutting property. The cost of surface thickness in excess of street widths greater than thirty-one (31) feet (9.45 meters) shall be paid for by the City. 
</text><type>section</type><prefixes><section>(a)</section><section>(3)</section></prefixes><entire_prefix>(a)(3)</entire_prefix><prefix_anchor>(a)(3)</prefix_anchor><level>2</level></section><section id="445" prefix="(4)"><text>	Base thickness. 
The entire cost of the base thickness up to and including the width required for an improvement thirty-one (31) feet (9.45 meters) or less in width shall be paid for by the abutting property. The cost of base thickness in excess of street widths greater than thirty-one (31) feet (9.45 meters) shall be paid for by the City. 
</text><type>section</type><prefixes><section>(a)</section><section>(4)</section></prefixes><entire_prefix>(a)(4)</entire_prefix><prefix_anchor>(a)(4)</prefix_anchor><level>2</level></section><section id="446" prefix="(5)"><text>	Notwithstanding the provisions of subsections (a)(1) through (a)(4) above, the maximum total cost of improvements to be paid for by any abutting property which is zoned a residential district by the zoning ordinances of the City shall be thirty-two dollars ($32.00) per abutting property front foot. The maximum unit costs stated herein do not include sidewalk improvements or other particular items of cost ordinarily assessed against the property such as utility improvements, removal of encroachments, driveway improvements in excess of one sixteen-foot driveway, and other incidentals applicable to a particular piece of property and not to the project as a whole. 
</text><type>section</type><prefixes><section>(a)</section><section>(5)</section></prefixes><entire_prefix>(a)(5)</entire_prefix><prefix_anchor>(a)(5)</prefix_anchor><level>2</level></section><section id="447" prefix="(b)"><text/><type>section</type><prefixes><section>(b)</section></prefixes><entire_prefix>(b)</entire_prefix><prefix_anchor>(b)</prefix_anchor><level>1</level></section><section id="448" prefix="(1)"><text>	Grading. 
The entire cost of grading up to and including the width required for an improvement forty-one (41) feet (12.50 meters) in width shall be paid for by the abutting property. The cost of grading in excess of street widths greater than forty-one (41) feet (12.50 meters) shall be paid for by the City. 
</text><type>section</type><prefixes><section>(b)</section><section>(1)</section></prefixes><entire_prefix>(b)(1)</entire_prefix><prefix_anchor>(b)(1)</prefix_anchor><level>2</level></section><section id="449" prefix="(2)"><text>	Street widths. 
The entire cost of the base and surface course up to and including the width required for an improvement forty-one (41) feet (12.50 meters) in width shall be paid for by the abutting property. The cost of base and surface course in excess of street widths greater than forty-one (41) feet (12.50 meters) shall be paid for by the City. 
</text><type>section</type><prefixes><section>(b)</section><section>(2)</section></prefixes><entire_prefix>(b)(2)</entire_prefix><prefix_anchor>(b)(2)</prefix_anchor><level>2</level></section><section id="450" prefix="(3)"><text>	Surface thickness. 
The entire cost of the surface thickness up to and including the width required for an improvement forty-one (41) feet (12.50 meters) in width shall be paid for by the abutting property. The cost of surface thickness in excess of street widths greater than forty-one (41) feet (12.50 meters) shall be paid for by the City. 
</text><type>section</type><prefixes><section>(b)</section><section>(3)</section></prefixes><entire_prefix>(b)(3)</entire_prefix><prefix_anchor>(b)(3)</prefix_anchor><level>2</level></section><section id="451" prefix="(4)"><text>	Base thickness. 
The entire cost of the base thickness up to and including the width required for an improvement forty-one (41) feet (12.50 meters) in width shall be paid for by the abutting property. The cost of base thickness in excess of street widths greater than forty-one (41) feet (12.50 meters) shall be paid for by the City. 
</text><type>section</type><prefixes><section>(b)</section><section>(4)</section></prefixes><entire_prefix>(b)(4)</entire_prefix><prefix_anchor>(b)(4)</prefix_anchor><level>2</level></section><section id="452" prefix="(5)"><text>	Notwithstanding the provisions of subsections (b)(1) through (b)(4) above, the maximum total cost of improvements to be paid for by any abutting property which is zoned for a district other than a residential district by the zoning ordinances of the City shall be sixty-four dollars ($64.00) per abutting property front foot. The maximum unit cost stated herein does not include the sidewalk improvements or other particular items of cost ordinarily assessed against the property such as utility improvements, removal of encroachments, driveway improvements in excess of one sixteen-foot driveway, and other incidentals applicable to a particular piece of property and not to the project as a whole. 
</text><type>section</type><prefixes><section>(b)</section><section>(5)</section></prefixes><entire_prefix>(b)(5)</entire_prefix><prefix_anchor>(b)(5)</prefix_anchor><level>2</level></section><section id="453" prefix="(c)"><text/><type>section</type><prefixes><section>(c)</section></prefixes><entire_prefix>(c)</entire_prefix><prefix_anchor>(c)</prefix_anchor><level>1</level></section><section id="454" prefix="(1)"><text>	The maximum total cost of residential street improvements to be paid for any abutting property shall be thirty-two dollars ($32.00) per abutting property front foot. The maximum unit costs stated herein do not include sidewalk improvements or other particular items of cost ordinarily assessed against the property such as utility improvements, removal of encroachments, driveway improvements in excess of one twelve-foot driveway, and other incidentals applicable to a particular piece of property and not to the project as a whole. 
</text><type>section</type><prefixes><section>(c)</section><section>(1)</section></prefixes><entire_prefix>(c)(1)</entire_prefix><prefix_anchor>(c)(1)</prefix_anchor><level>2</level></section><section id="455" prefix="(2)"><text>	In addition to any other costs borne by the City, the City shall bear the following costs: 
a.	The cost of regrading an already improved residential street, when the City has determined that regrading of an already improved residential street is necessary or desirable; or 
b.	The cost of replacing that portion of a residential street, already improved, when in widening a residential street, it becomes necessary to replace the existing improved portion of the street. 
</text><type>section</type><prefixes><section>(c)</section><section>(2)</section></prefixes><entire_prefix>(c)(2)</entire_prefix><prefix_anchor>(c)(2)</prefix_anchor><level>2</level></section><section id="456" prefix="(d)"><text/><type>section</type><prefixes><section>(d)</section></prefixes><entire_prefix>(d)</entire_prefix><prefix_anchor>(d)</prefix_anchor><level>1</level></section><section id="457" prefix="(1)"><text>	If street improvements are made simultaneously to both streets on which a lot abuts, assessment of the costs of the installations shall be based upon the entire frontage of one street (short side) plus the frontage of the other street in excess of one hundred fifty (150) feet. 
</text><type>section</type><prefixes><section>(d)</section><section>(1)</section></prefixes><entire_prefix>(d)(1)</entire_prefix><prefix_anchor>(d)(1)</prefix_anchor><level>2</level></section><section id="458" prefix="(2)"><text>	If the lot is already served by a street which meets all City standards, any improvements to another abutting street shall be assessed against the lot owner to the extent that the frontage to be assessed exceeds one hundred fifty (150) feet in length. 
</text><type>section</type><prefixes><section>(d)</section><section>(2)</section></prefixes><entire_prefix>(d)(2)</entire_prefix><prefix_anchor>(d)(2)</prefix_anchor><level>2</level></section><section id="459" prefix="(3)"><text>	If a lot fronts on an existing street which meets City standards and abuts at the rear on another street to be built or improved, no assessment shall be made if it shall appear that no reasonable subdivision of the lot can be made by which the new arrangement of lots will benefit from the new or improved street. 
</text><type>section</type><prefixes><section>(d)</section><section>(3)</section></prefixes><entire_prefix>(d)(3)</entire_prefix><prefix_anchor>(d)(3)</prefix_anchor><level>2</level></section><section id="460" prefix="(4)"><text>	If a lot abuts on a street or road to be built or improved but physical or topographic restrictions prevent reasonable access thereto from the lot, then no assessment shall be made. In the event that such a lot later gains access formerly thought impossible to the street which was improved, no driveway permit shall be issued until the lot owner has paid a fee equivalent to the amount the lot would have been previously assessed. 
</text><type>section</type><prefixes><section>(d)</section><section>(4)</section></prefixes><entire_prefix>(d)(4)</entire_prefix><prefix_anchor>(d)(4)</prefix_anchor><level>2</level></section><section id="461" prefix="(5)"><text/><type>section</type><prefixes><section>(d)</section><section>(5)</section></prefixes><entire_prefix>(d)(5)</entire_prefix><prefix_anchor>(d)(5)</prefix_anchor><level>2</level></section></text><metadata/><url>/6-2021/</url><token>6-2021</token><structure><unit label="division" level="1" identifier="II">Division II - Planning and Development</unit><unit label="part" level="3" identifier="6">PART 6 - CENTRAL ENGINEERING</unit><unit label="chapter" level="4" identifier="2">CHAPTER 2. - STREET AND SIDEWALK IMPROVEMENTS [1]</unit><unit label="article" level="2" identifier="C">ARTICLE C. - ASSESSMENT CHARGES</unit></structure><referred_to_by><reference>6-2004</reference></referred_to_by></law>
