<?xml version="1.0"?>
<law><law_id>142</law_id><section_number>6-2024</section_number><catch_line>ASSESSMENT FOR RESURFACING EXISTING PAVED STREETS.</catch_line><history/><order_by>6-2024</order_by><metadata/><url>/6-2024/</url><token>6-2024</token><structure><unit label="division" level="1" identifier="II">Division II - Planning and Development</unit><unit label="part" level="3" identifier="6">PART 6 - CENTRAL ENGINEERING</unit><unit label="chapter" level="4" identifier="2">CHAPTER 2. - STREET AND SIDEWALK IMPROVEMENTS [1]</unit><unit label="article" level="2" identifier="C">ARTICLE C. - ASSESSMENT CHARGES</unit></structure><referred_to_by/><text><section id="470" prefix="(a)"><text>The base of the street meets or exceeds the standards of the City.</text><type>section</type><prefixes><section>(a)</section></prefixes><entire_prefix>(a)</entire_prefix><prefix_anchor>(a)</prefix_anchor><level>1</level></section><section id="471" prefix="(b)"><text>The stormwater does not damage properties adjoining the street or undermine the street.</text><type>section</type><prefixes><section>(b)</section></prefixes><entire_prefix>(b)</entire_prefix><prefix_anchor>(b)</prefix_anchor><level>1</level></section><section id="472" prefix="(c)"><text>The abutting properties are substantially developed.</text><type>section</type><prefixes><section>(c)</section></prefixes><entire_prefix>(c)</entire_prefix><prefix_anchor>(c)</prefix_anchor><level>1</level></section><section id="473" prefix="(d)"><text>The street must serve a predominantly single family area.</text><type>section</type><prefixes><section>(d)</section></prefixes><entire_prefix>(d)</entire_prefix><prefix_anchor>(d)</prefix_anchor><level>1</level></section><section id="474" prefix="(e)"><text>The street by actual count does not carry more than five thousand (5,000) vehicles per day.</text><type>section</type><prefixes><section>(e)</section></prefixes><entire_prefix>(e)</entire_prefix><prefix_anchor>(e)</prefix_anchor><level>1</level></section><section id="475" prefix="(f)"><text>The abutting properties have driveways and available off-street parking.</text><type>section</type><prefixes><section>(f)</section></prefixes><entire_prefix>(f)</entire_prefix><prefix_anchor>(f)</prefix_anchor><level>1</level></section><section id="476" prefix="(g)"><text/><type>section</type><prefixes><section>(g)</section></prefixes><entire_prefix>(g)</entire_prefix><prefix_anchor>(g)</prefix_anchor><level>1</level></section><section id="477" prefix="(1)"><text>	If resurfacing is done simultaneously to both streets on which a lot abuts, assessment of the costs of the resurfacing shall be based upon the entire frontage of one (1) street (short side) plus the frontage of the other street in excess of one hundred fifty (150) feet. 
</text><type>section</type><prefixes><section>(g)</section><section>(1)</section></prefixes><entire_prefix>(g)(1)</entire_prefix><prefix_anchor>(g)(1)</prefix_anchor><level>2</level></section><section id="478" prefix="(2)"><text>	If the lot is already served by a street which meets all City standards, any resurfacing to another abutting street shall be assessed against the lot owner to the extent that the frontage to be assessed exceeds one hundred fifty (150) feet in length. 
</text><type>section</type><prefixes><section>(g)</section><section>(2)</section></prefixes><entire_prefix>(g)(2)</entire_prefix><prefix_anchor>(g)(2)</prefix_anchor><level>2</level></section><section id="479" prefix="(3)"><text>	If the lot is already served by a street that has been previously assessed a full prevailing assessment for street resurfacing, resurfacing to another abutting street shall be assessed against the lot owner to the extent that the frontage to be assessed exceeds one hundred fifty (150) feet in length. 
</text><type>section</type><prefixes><section>(g)</section><section>(3)</section></prefixes><entire_prefix>(g)(3)</entire_prefix><prefix_anchor>(g)(3)</prefix_anchor><level>2</level></section><section id="480" prefix="(4)"><text>	If a lot abuts on a street or road to be resurfaced but physical or topographic restrictions prevent reasonable access thereto from the lot, then no assessment shall be made. In the event that such a lot later gains access formerly thought impossible to the street which was resurfaced, no driveway permit shall be issued until the lot owner has paid a fee equivalent to the amount the lot would have been previously assessed. 
</text><type>section</type><prefixes><section>(g)</section><section>(4)</section></prefixes><entire_prefix>(g)(4)</entire_prefix><prefix_anchor>(g)(4)</prefix_anchor><level>2</level></section><section id="481" prefix="(5)"><text>	Resurfacing within redevelopment areas as delineated pursuant to G.S. 160A-500 et seq. provided the cost of such work is exclusively paid from community development funds. 
Streets resurfaced under this section which are later improved, resurfaced again pursuant to the provisions of this section, rebuilt, or reconstructed to the standards of either chapter 3, part 10 or chapter 2, part 6 of this Code shall be assessed the full prevailing assessment for such subsequent improvements. 
(Ord. No. 1987-69, &#xA7;7, 10-20-87; Ord. No. 1996-814, &#xA7;2, 2-6-96; Ord. No. 1998-315, &#xA7;&#xA7;1, 2, 4-21-98; Ord. No. 1998-377, &#xA7;&#xA7;1&#x2014;3, 7-21-98; Ord. No. 1998-430, &#xA7;1, 10-6-98; Ord. No. 2000-830, 7-5-00; Ord. No. 2008-463, &#xA7;1, 10-7-08) 
</text><type>section</type><prefixes><section>(g)</section><section>(5)</section></prefixes><entire_prefix>(g)(5)</entire_prefix><prefix_anchor>(g)(5)</prefix_anchor><level>2</level></section></text></law>
