<?xml version="1.0"?>
<law><law_id>121</law_id><section_number>6-2001</section_number><catch_line>STATEMENT OF AUTHORITY.</catch_line><history/><order_by>6-2001</order_by><text><section id="367" prefix=""><text>The procedure of improving any street or sidewalk financed by special assessments shall follow that prescribed in Article 10 of Chapter 160A of the General Statutes as amended and all applicable local acts enacted by the General Assembly. Street and sidewalk improvements may be initiated by the City Council or by a statutory petition of property owners.</text><type>section</type><prefixes><section/></prefixes><entire_prefix/><prefix_anchor/><level>1</level></section></text><metadata/><url>/6-2001/</url><token>6-2001</token><structure><unit label="division" level="1" identifier="II">Division II - Planning and Development</unit><unit label="part" level="3" identifier="6">PART 6 - CENTRAL ENGINEERING</unit><unit label="chapter" level="4" identifier="2">CHAPTER 2. - STREET AND SIDEWALK IMPROVEMENTS [1]</unit><unit label="article" level="2" identifier="A">ARTICLE A. - PROCEDURE</unit></structure><referred_to_by/></law>
