<?xml version="1.0"?>
<law><law_id>130</law_id><section_number>6-2012</section_number><catch_line>CLASSIFICATION OF STREETS.</catch_line><history/><order_by>6-2012</order_by><metadata/><url>/6-2012/</url><token>6-2012</token><structure><unit label="division" level="1" identifier="II">Division II - Planning and Development</unit><unit label="part" level="3" identifier="6">PART 6 - CENTRAL ENGINEERING</unit><unit label="chapter" level="4" identifier="2">CHAPTER 2. - STREET AND SIDEWALK IMPROVEMENTS [1]</unit><unit label="article" level="2" identifier="B">ARTICLE B. - STREET AND SIDEWALK STANDARDS</unit></structure><referred_to_by/><text><section id="396" prefix="(a)"><text/><type>section</type><prefixes><section>(a)</section></prefixes><entire_prefix>(a)</entire_prefix><prefix_anchor>(a)</prefix_anchor><level>1</level></section><section id="397" prefix="(1)"><text>	Major thoroughfares. 
Major thoroughfares are roadways with considerable City-wide continuity. These roadways are designed to accommodate large volumes of traffic from one area of the City to another. 
</text><type>section</type><prefixes><section>(a)</section><section>(1)</section></prefixes><entire_prefix>(a)(1)</entire_prefix><prefix_anchor>(a)(1)</prefix_anchor><level>2</level></section><section id="398" prefix="(2)"><text>	Minor thoroughfares. 
Minor thoroughfares are roadways leading to or connecting to arterials and major thoroughfares. These roadways are designed to accommodate large volumes of traffic, but not of major thoroughfare importance. 
</text><type>section</type><prefixes><section>(a)</section><section>(2)</section></prefixes><entire_prefix>(a)(2)</entire_prefix><prefix_anchor>(a)(2)</prefix_anchor><level>2</level></section><section id="399" prefix="(3)"><text/><type>section</type><prefixes><section>(a)</section><section>(3)</section></prefixes><entire_prefix>(a)(3)</entire_prefix><prefix_anchor>(a)(3)</prefix_anchor><level>2</level></section><section id="400" prefix="(4)"><text/><type>section</type><prefixes><section>(a)</section><section>(4)</section></prefixes><entire_prefix>(a)(4)</entire_prefix><prefix_anchor>(a)(4)</prefix_anchor><level>2</level></section><section id="401" prefix="(b)"><text/><type>section</type><prefixes><section>(b)</section></prefixes><entire_prefix>(b)</entire_prefix><prefix_anchor>(b)</prefix_anchor><level>1</level></section><section id="402" prefix="(1)"><text>	Residential collector streets. 
Streets which collect traffic from more than one hundred and fifty (150) dwelling units, but less than three hundred and fifty-one (351) dwelling units or from day care facilities of more than seventy (70) enrollees; or streets which collect traffic from schools, museums, libraries, art galleries, or other residential institutions that generate traffic volumes or peak loading characteristics equivalent to less than three hundred and fifty-one (351) dwelling units. Residential collector streets have continuity of more than one-half (&#xBD;) mile in length, or they provide connection between either thoroughfare system roadways or major traffic generators which would encourage through traffic on any street not classified as a thoroughfare system roadway. 
</text><type>section</type><prefixes><section>(b)</section><section>(1)</section></prefixes><entire_prefix>(b)(1)</entire_prefix><prefix_anchor>(b)(1)</prefix_anchor><level>2</level></section><section id="403" prefix="(2)"><text>	Residential streets. 
Streets that collect traffic from no more than one hundred and fifty (150) dwelling units or from day care facilities with no more than seventy (70) enrollees; or streets which collect traffic from schools, museums, libraries, art galleries or other residential institutions that generate traffic volumes or peak loading characteristics equivalent to one hundred and fifty (150) dwelling units. Residential streets are not more than one-half (&#xBD;) mile in length; nor do they provide a collection between thoroughfare system roadways, nor do they provide a connection between major traffic generators which would encourage through traffic movements. 
</text><type>section</type><prefixes><section>(b)</section><section>(2)</section></prefixes><entire_prefix>(b)(2)</entire_prefix><prefix_anchor>(b)(2)</prefix_anchor><level>2</level></section><section id="404" prefix="(3)"><text>	Minor residential streets. 
Streets that collect traffic from no more than forty (40) dwelling units. Minor residential streets have continuity of less than one-half (&#xBD;) mile in length, and they do not provide a connection either between thoroughfare system roadways or between major traffic generators which would encourage through traffic on any street not classified as a thoroughfare system roadway. 
(Ord. No. 1982-971-TC-168, &#xA7;2, 9-7-82; Ord. No. 1982-5, &#xA7;1, 10-19-82; Ord. No. 1987-69, &#xA7;&#xA7;2, 3, 10-20-87; Ord. No. 1995-760-TC-122, &#xA7;&#xA7;3, 4, TC-20C-95, 11-21-95) 
</text><type>section</type><prefixes><section>(b)</section><section>(3)</section></prefixes><entire_prefix>(b)(3)</entire_prefix><prefix_anchor>(b)(3)</prefix_anchor><level>2</level></section></text></law>
