<?xml version="1.0"?>
<law><law_id>133</law_id><section_number>6-2015</section_number><catch_line>VARIANCES.</catch_line><history/><order_by>6-2015</order_by><metadata/><url>/6-2015/</url><token>6-2015</token><structure><unit label="division" level="1" identifier="II">Division II - Planning and Development</unit><unit label="part" level="3" identifier="6">PART 6 - CENTRAL ENGINEERING</unit><unit label="chapter" level="4" identifier="2">CHAPTER 2. - STREET AND SIDEWALK IMPROVEMENTS [1]</unit><unit label="article" level="2" identifier="B">ARTICLE B. - STREET AND SIDEWALK STANDARDS</unit></structure><referred_to_by><reference>6-2014</reference></referred_to_by><text><section id="412" prefix="(a)"><text/><type>section</type><prefixes><section>(a)</section></prefixes><entire_prefix>(a)</entire_prefix><prefix_anchor>(a)</prefix_anchor><level>1</level></section><section id="413" prefix="(1)"><text>	The street must be classified as residential street; 
</text><type>section</type><prefixes><section>(a)</section><section>(1)</section></prefixes><entire_prefix>(a)(1)</entire_prefix><prefix_anchor>(a)(1)</prefix_anchor><level>2</level></section><section id="414" prefix="(2)"><text>	The street is existing and abutting property is substantially developed; 
</text><type>section</type><prefixes><section>(a)</section><section>(2)</section></prefixes><entire_prefix>(a)(2)</entire_prefix><prefix_anchor>(a)(2)</prefix_anchor><level>2</level></section><section id="415" prefix="(3)"><text>	The street must serve a predominantly single family area; and 
</text><type>section</type><prefixes><section>(a)</section><section>(3)</section></prefixes><entire_prefix>(a)(3)</entire_prefix><prefix_anchor>(a)(3)</prefix_anchor><level>2</level></section><section id="416" prefix="(4)"><text>	The street by actual count does not carry more than approximately fifteen hundred (1,500) vehicles per day. 
</text><type>section</type><prefixes><section>(a)</section><section>(4)</section></prefixes><entire_prefix>(a)(4)</entire_prefix><prefix_anchor>(a)(4)</prefix_anchor><level>2</level></section><section id="417" prefix="(b)"><text/><type>section</type><prefixes><section>(b)</section></prefixes><entire_prefix>(b)</entire_prefix><prefix_anchor>(b)</prefix_anchor><level>1</level></section><section id="418" prefix="(1)"><text>	Safety to pedestrians, vehicular movement, and abutting properties; 
</text><type>section</type><prefixes><section>(b)</section><section>(1)</section></prefixes><entire_prefix>(b)(1)</entire_prefix><prefix_anchor>(b)(1)</prefix_anchor><level>2</level></section><section id="419" prefix="(2)"><text>	Collection of significant amounts of water from other streets; 
</text><type>section</type><prefixes><section>(b)</section><section>(2)</section></prefixes><entire_prefix>(b)(2)</entire_prefix><prefix_anchor>(b)(2)</prefix_anchor><level>2</level></section><section id="420" prefix="(3)"><text>	Availability of off-street parking; and
</text><type>section</type><prefixes><section>(b)</section><section>(3)</section></prefixes><entire_prefix>(b)(3)</entire_prefix><prefix_anchor>(b)(3)</prefix_anchor><level>2</level></section><section id="421" prefix="(4)"><text>	Pedestrian generators (schools, office and shopping areas, bus routes, churches, etc.) and the availability of pedestrian walkways outside the public rights-of-way. 
In no event shall the travelled portion of the street be less than eighteen (18) feet (5.49 meters) in width. 
</text><type>section</type><prefixes><section>(b)</section><section>(4)</section></prefixes><entire_prefix>(b)(4)</entire_prefix><prefix_anchor>(b)(4)</prefix_anchor><level>2</level></section><section id="422" prefix="(c)"><text/><type>section</type><prefixes><section>(c)</section></prefixes><entire_prefix>(c)</entire_prefix><prefix_anchor>(c)</prefix_anchor><level>1</level></section><section id="423" prefix="(1)"><text>	Curb and gutter on one side and shoulder on the other side;
</text><type>section</type><prefixes><section>(c)</section><section>(1)</section></prefixes><entire_prefix>(c)(1)</entire_prefix><prefix_anchor>(c)(1)</prefix_anchor><level>2</level></section><section id="424" prefix="(2)"><text>	Header curbs;
</text><type>section</type><prefixes><section>(c)</section><section>(2)</section></prefixes><entire_prefix>(c)(2)</entire_prefix><prefix_anchor>(c)(2)</prefix_anchor><level>2</level></section><section id="425" prefix="(3)"><text>	Shoulder and swale design; and
</text><type>section</type><prefixes><section>(c)</section><section>(3)</section></prefixes><entire_prefix>(c)(3)</entire_prefix><prefix_anchor>(c)(3)</prefix_anchor><level>2</level></section><section id="426" prefix="(4)"><text>	Pedestrian walkways on public property outside the street right-of-way. 
(Ord. No. 1987-69, &#xA7;5, 10-20-87; Ord. No. 1999-619, &#xA7;1, 8-3-99) 
</text><type>section</type><prefixes><section>(c)</section><section>(4)</section></prefixes><entire_prefix>(c)(4)</entire_prefix><prefix_anchor>(c)(4)</prefix_anchor><level>2</level></section></text></law>
