<?xml version="1.0"?>
<law><law_id>132</law_id><section_number>6-2014</section_number><catch_line>SIDEWALKS.</catch_line><history/><order_by>6-2014</order_by><metadata/><url>/6-2014/</url><token>6-2014</token><structure><unit label="division" level="1" identifier="II">Division II - Planning and Development</unit><unit label="part" level="3" identifier="6">PART 6 - CENTRAL ENGINEERING</unit><unit label="chapter" level="4" identifier="2">CHAPTER 2. - STREET AND SIDEWALK IMPROVEMENTS [1]</unit><unit label="article" level="2" identifier="B">ARTICLE B. - STREET AND SIDEWALK STANDARDS</unit></structure><referred_to_by><reference>6-2022</reference></referred_to_by><text><section id="411" prefix=""><text>Street improvements made pursuant to this chapter shall contain sidewalks in accordance with the provisions contained in Street, Sidewalk and Driveway Access Handbook on file with the City Clerk. The City Council may authorize the construction of sidewalks on both sides of a street improvement if pedestrian generators (churches, schools, bus routes, shopping and office areas, etc.) create public need for additional sidewalks. The Council may also vary this standard and authorize the construction of no sidewalks pursuant to &#xA7;6-2015 or asphalt sidewalks pursuant to &#xA7;6-2016. 
(Ord. No. 1987-33, &#xA7;1, 8-4-87; Ord. No. 1991-716, &#xA7;1, 1-15-91; Ord. No. 1995-760-TC-122, &#xA7;6, TC-20C-95, 11-21-95)</text><type>section</type><prefixes><section/></prefixes><entire_prefix/><prefix_anchor/><level>1</level></section></text></law>
