<?xml version="1.0"?>
<law><law_id>122</law_id><section_number>6-2002</section_number><catch_line>CITY COUNCIL INITIATIVE.</catch_line><history/><order_by>6-2002</order_by><metadata/><url>/6-2002/</url><token>6-2002</token><structure><unit label="division" level="1" identifier="II">Division II - Planning and Development</unit><unit label="part" level="3" identifier="6">PART 6 - CENTRAL ENGINEERING</unit><unit label="chapter" level="4" identifier="2">CHAPTER 2. - STREET AND SIDEWALK IMPROVEMENTS [1]</unit><unit label="article" level="2" identifier="A">ARTICLE A. - PROCEDURE</unit></structure><referred_to_by><reference>6-2003</reference></referred_to_by><text><section id="368" prefix="(a)"><text>Whenever the City Council decides to finance a proposed street and sidewalk project by special assessments, it shall first adopt a preliminary resolution (resolution of intent) pursuant to Article 10 of Chapter 160A of the General Statutes. The Council may adopt a preliminary resolution without a petition and assess the costs against the property.</text><type>section</type><prefixes><section>(a)</section></prefixes><entire_prefix>(a)</entire_prefix><prefix_anchor>(a)</prefix_anchor><level>1</level></section><section id="369" prefix="(b)"><text/><type>section</type><prefixes><section>(b)</section></prefixes><entire_prefix>(b)</entire_prefix><prefix_anchor>(b)</prefix_anchor><level>1</level></section><section id="370" prefix="(2)"><text/><type>section</type><prefixes><section>(b)</section><section>(2)</section></prefixes><entire_prefix>(b)(2)</entire_prefix><prefix_anchor>(b)(2)</prefix_anchor><level>2</level></section><section id="371" prefix="(3)"><text>	Further deliberations including review of the proposed variances to be recommended to the City Council, will be held with groups or individuals as warranted. 
</text><type>section</type><prefixes><section>(b)</section><section>(3)</section></prefixes><entire_prefix>(b)(3)</entire_prefix><prefix_anchor>(b)(3)</prefix_anchor><level>2</level></section><section id="372" prefix="(4)"><text>	The informational meeting, notice, and deliberations required in subdivisions (b)(1) through (3) shall not apply to repairs to resurfacing or to reconstruction of existing facilities. 
</text><type>section</type><prefixes><section>(b)</section><section>(4)</section></prefixes><entire_prefix>(b)(4)</entire_prefix><prefix_anchor>(b)(4)</prefix_anchor><level>2</level></section><section id="373" prefix="(c)"><text>Following these deliberations, a hearing on the preliminary resolution (assessment resolution) and a hearing on the preliminary assessment roll (confirmation hearing) will be held in accordance with Article 10 Chapter 160A of the General Statutes. 
(Ord. No. 1985-613, &#xA7;1, 7-16-85; Ord. No. 1987-69, &#xA7;1, 10-20-87) 
Charter reference: Street and sidewalk assessments without petition, &#xA7;6.44</text><type>section</type><prefixes><section>(c)</section></prefixes><entire_prefix>(c)</entire_prefix><prefix_anchor>(c)</prefix_anchor><level>1</level></section></text></law>
