<?xml version="1.0"?>
<law><law_id>143</law_id><section_number>6-2025</section_number><catch_line>PAYMENT OF ASSESSMENTS.</catch_line><history/><order_by>6-2025</order_by><metadata/><url>/6-2025/</url><token>6-2025</token><structure><unit label="division" level="1" identifier="II">Division II - Planning and Development</unit><unit label="part" level="3" identifier="6">PART 6 - CENTRAL ENGINEERING</unit><unit label="chapter" level="4" identifier="2">CHAPTER 2. - STREET AND SIDEWALK IMPROVEMENTS [1]</unit><unit label="article" level="2" identifier="C">ARTICLE C. - ASSESSMENT CHARGES</unit></structure><referred_to_by/><text><section id="482" prefix=""><text>Assessments shall be payable in cash, or, if any property owner should so elect and give notice of the fact in writing to the City, in accordance with the provisions of G.S. 160A-232, such property owner shall have the option and privilege of paying the assessment in ten (10) equal installments, such installments to bear interest at the rate of six (6) per cent per annum from the date of the confirmation of the assessment roll. 
(Ord. No. 1987-69, &#xA7;6, 10-20-87; Ord. No. 1996-814, &#xA7;3, 2-6-96)</text><type>section</type><prefixes><section/></prefixes><entire_prefix/><prefix_anchor/><level>1</level></section></text></law>
