<?xml version="1.0"?>
<law><law_id>134</law_id><section_number>6-2016</section_number><catch_line>ASPHALT SIDEWALKS.</catch_line><history/><order_by>6-2016</order_by><metadata/><url>/6-2016/</url><token>6-2016</token><structure><unit label="division" level="1" identifier="II">Division II - Planning and Development</unit><unit label="part" level="3" identifier="6">PART 6 - CENTRAL ENGINEERING</unit><unit label="chapter" level="4" identifier="2">CHAPTER 2. - STREET AND SIDEWALK IMPROVEMENTS [1]</unit><unit label="article" level="2" identifier="B">ARTICLE B. - STREET AND SIDEWALK STANDARDS</unit></structure><referred_to_by><reference>6-2014</reference></referred_to_by><text><section id="427" prefix="(a)"><text/><type>section</type><prefixes><section>(a)</section></prefixes><entire_prefix>(a)</entire_prefix><prefix_anchor>(a)</prefix_anchor><level>1</level></section><section id="428" prefix="(1)"><text>	No curb or gutter exists on the street immediately parallel to the proposed sidewalk. 
</text><type>section</type><prefixes><section>(a)</section><section>(1)</section></prefixes><entire_prefix>(a)(1)</entire_prefix><prefix_anchor>(a)(1)</prefix_anchor><level>2</level></section><section id="429" prefix="(2)"><text>	Prior to construction sufficient right-of-way, existing or dedicated, is available to place the sidewalk in a safe location.
</text><type>section</type><prefixes><section>(a)</section><section>(2)</section></prefixes><entire_prefix>(a)(2)</entire_prefix><prefix_anchor>(a)(2)</prefix_anchor><level>2</level></section><section id="430" prefix="(3)"><text>	There are no existing or projected stormwater deficiencies.
</text><type>section</type><prefixes><section>(a)</section><section>(3)</section></prefixes><entire_prefix>(a)(3)</entire_prefix><prefix_anchor>(a)(3)</prefix_anchor><level>2</level></section><section id="431" prefix="(4)"><text>	No part of the proposed sidewalk extends into or over a proposed street or utility improvement as shown on the amended five-year capital improvements program of any governmental authority. 
</text><type>section</type><prefixes><section>(a)</section><section>(4)</section></prefixes><entire_prefix>(a)(4)</entire_prefix><prefix_anchor>(a)(4)</prefix_anchor><level>2</level></section><section id="432" prefix="(5)"><text>	The proposed sidewalk is either within an area that meets the linear distances established in &#xA7;10-3051(a)(3) of this Code or the City Council finds that there is substantial pedestrian demand to make sidewalks beneficial. 
</text><type>section</type><prefixes><section>(a)</section><section>(5)</section></prefixes><entire_prefix>(a)(5)</entire_prefix><prefix_anchor>(a)(5)</prefix_anchor><level>2</level></section><section id="433" prefix="(b)"><text/><type>section</type><prefixes><section>(b)</section></prefixes><entire_prefix>(b)</entire_prefix><prefix_anchor>(b)</prefix_anchor><level>1</level></section><section id="434" prefix="(1)"><text>	The minimum stone base shall be four (4) inches. 
</text><type>section</type><prefixes><section>(b)</section><section>(1)</section></prefixes><entire_prefix>(b)(1)</entire_prefix><prefix_anchor>(b)(1)</prefix_anchor><level>2</level></section><section id="435" prefix="(2)"><text>	The asphalt shall be a minimum thickness of one and one-half ( 1/2) inches. 
</text><type>section</type><prefixes><section>(b)</section><section>(2)</section></prefixes><entire_prefix>(b)(2)</entire_prefix><prefix_anchor>(b)(2)</prefix_anchor><level>2</level></section><section id="436" prefix="(3)"><text>	The asphalt sidewalk is designed and installed in accordance with the standards of the engineering department.
(Ord. No. 1991-716, &#xA7;2, 1-15-91) 
</text><type>section</type><prefixes><section>(b)</section><section>(3)</section></prefixes><entire_prefix>(b)(3)</entire_prefix><prefix_anchor>(b)(3)</prefix_anchor><level>2</level></section></text></law>
