<?xml version="1.0"?>
<law><law_id>123</law_id><section_number>6-2003</section_number><catch_line>PROPERTY OWNER INITIATIVE.</catch_line><history/><order_by>6-2003</order_by><metadata/><url>/6-2003/</url><token>6-2003</token><structure><unit label="division" level="1" identifier="II">Division II - Planning and Development</unit><unit label="part" level="3" identifier="6">PART 6 - CENTRAL ENGINEERING</unit><unit label="chapter" level="4" identifier="2">CHAPTER 2. - STREET AND SIDEWALK IMPROVEMENTS [1]</unit><unit label="article" level="2" identifier="A">ARTICLE A. - PROCEDURE</unit></structure><referred_to_by/><text><section id="374" prefix="(a)"><text/><type>section</type><prefixes><section>(a)</section></prefixes><entire_prefix>(a)</entire_prefix><prefix_anchor>(a)</prefix_anchor><level>1</level></section><section id="375" prefix="(2)"><text>	A map shall be prepared by the Department of Central Engineering showing the names of property owners, location and frontage of each parcel of land or lot abutting on both sides of the proposed street or streets to be improved, and delineation of any lots which comply with the requirements of &#xA7;6-2021(4)a. 
</text><type>section</type><prefixes><section>(a)</section><section>(2)</section></prefixes><entire_prefix>(a)(2)</entire_prefix><prefix_anchor>(a)(2)</prefix_anchor><level>2</level></section><section id="376" prefix="(b)"><text>After the petition is signed by all property owners who wish to have improvements made, it is then returned to the Department of Central Engineering. The petition is then sent to the City Clerk and Treasurer to determine whether the petition conforms to the requirements of G.S. 160A-217. According to this statute, the sufficiency of the petition is determined by the number of property owners who sign the petition and the amount of lineal feet of frontage of the lands represented by the signatories, in most cases fifty (50) per cent of the owners and fifty (50) per cent of the lineal feet of frontage is required by the General Statutes; however, G.S. 160A-217 makes exception to this standard. If a valid petition is submitted, the City Clerk and Treasurer will notify the City Council that it may adopt a preliminary resolution (resolution of intent).</text><type>section</type><prefixes><section>(b)</section></prefixes><entire_prefix>(b)</entire_prefix><prefix_anchor>(b)</prefix_anchor><level>1</level></section><section id="377" prefix="(c)"><text/><type>section</type><prefixes><section>(c)</section></prefixes><entire_prefix>(c)</entire_prefix><prefix_anchor>(c)</prefix_anchor><level>1</level></section><section id="378" prefix="(1)"><text>	Availability of funds;
</text><type>section</type><prefixes><section>(c)</section><section>(1)</section></prefixes><entire_prefix>(c)(1)</entire_prefix><prefix_anchor>(c)(1)</prefix_anchor><level>2</level></section><section id="379" prefix="(2)"><text>	Classification of street or streets proposed to be improved; 
</text><type>section</type><prefixes><section>(c)</section><section>(2)</section></prefixes><entire_prefix>(c)(2)</entire_prefix><prefix_anchor>(c)(2)</prefix_anchor><level>2</level></section><section id="380" prefix="(3)"><text>	Estimated unit cost of the proposed improvement;
</text><type>section</type><prefixes><section>(c)</section><section>(3)</section></prefixes><entire_prefix>(c)(3)</entire_prefix><prefix_anchor>(c)(3)</prefix_anchor><level>2</level></section><section id="381" prefix="(4)"><text>	Impact on land use, soil erosion, water quality, and stormwater management;
</text><type>section</type><prefixes><section>(c)</section><section>(4)</section></prefixes><entire_prefix>(c)(4)</entire_prefix><prefix_anchor>(c)(4)</prefix_anchor><level>2</level></section><section id="382" prefix="(5)"><text>	Percentage of development of lots on street or streets proposed to be improved; 
</text><type>section</type><prefixes><section>(c)</section><section>(5)</section></prefixes><entire_prefix>(c)(5)</entire_prefix><prefix_anchor>(c)(5)</prefix_anchor><level>2</level></section><section id="383" prefix="(6)"><text>	Percentage of owners and footage represented by the petition; 
</text><type>section</type><prefixes><section>(c)</section><section>(6)</section></prefixes><entire_prefix>(c)(6)</entire_prefix><prefix_anchor>(c)(6)</prefix_anchor><level>2</level></section><section id="384" prefix="(7)"><text>	Priority of the need for improvement of this street relative to the need for improvement of other streets; and 
</text><type>section</type><prefixes><section>(c)</section><section>(7)</section></prefixes><entire_prefix>(c)(7)</entire_prefix><prefix_anchor>(c)(7)</prefix_anchor><level>2</level></section><section id="385" prefix="(8)"><text>	Time of filing petition with the Department of Central Engineering.
</text><type>section</type><prefixes><section>(c)</section><section>(8)</section></prefixes><entire_prefix>(c)(8)</entire_prefix><prefix_anchor>(c)(8)</prefix_anchor><level>2</level></section><section id="386" prefix="(d)"><text>If a preliminary resolution is adopted by the City Council, then the public shall be notified and informed as provided in &#xA7;6-2002(b) and (c) of this chapter.</text><type>section</type><prefixes><section>(d)</section></prefixes><entire_prefix>(d)</entire_prefix><prefix_anchor>(d)</prefix_anchor><level>1</level></section><section id="387" prefix="(e)"><text>Notwithstanding any provisions herein, the City Council, pursuant to &#xA7;6-2002 may adopt a preliminary resolution of intent and assess the costs against property owners without a petition that conforms to the requirements of G.S. 160A-217.</text><type>section</type><prefixes><section>(e)</section></prefixes><entire_prefix>(e)</entire_prefix><prefix_anchor>(e)</prefix_anchor><level>1</level></section></text></law>
