<?xml version="1.0"?>
<law><law_id>131</law_id><section_number>6-2013</section_number><catch_line>STREET WIDTHS.</catch_line><history/><order_by>6-2013</order_by><metadata/><url>/6-2013/</url><token>6-2013</token><structure><unit label="division" level="1" identifier="II">Division II - Planning and Development</unit><unit label="part" level="3" identifier="6">PART 6 - CENTRAL ENGINEERING</unit><unit label="chapter" level="4" identifier="2">CHAPTER 2. - STREET AND SIDEWALK IMPROVEMENTS [1]</unit><unit label="article" level="2" identifier="B">ARTICLE B. - STREET AND SIDEWALK STANDARDS</unit></structure><referred_to_by/><text><section id="405" prefix="(a)"><text>Major and minor thoroughfares, fifty-three (53) feet (16.6 meters) or more;</text><type>section</type><prefixes><section>(a)</section></prefixes><entire_prefix>(a)</entire_prefix><prefix_anchor>(a)</prefix_anchor><level>1</level></section><section id="406" prefix="(b)"><text>Collector street, forty-one (41) feet (12.50 meters);</text><type>section</type><prefixes><section>(b)</section></prefixes><entire_prefix>(b)</entire_prefix><prefix_anchor>(b)</prefix_anchor><level>1</level></section><section id="407" prefix="(c)"><text>Commercial street, forty-one (41) feet (12.50 meters);</text><type>section</type><prefixes><section>(c)</section></prefixes><entire_prefix>(c)</entire_prefix><prefix_anchor>(c)</prefix_anchor><level>1</level></section><section id="408" prefix="(d)"><text>Residential collector street, thirty-six (36) feet (10.97 meters), but forty-one (41) feet (12.50 meters) within three hundred (300) feet of a collector street or thoroughfare system roadway intersection.</text><type>section</type><prefixes><section>(d)</section></prefixes><entire_prefix>(d)</entire_prefix><prefix_anchor>(d)</prefix_anchor><level>1</level></section><section id="409" prefix="(e)"><text>Residential street, thirty-one (31) feet (9.45 meters);</text><type>section</type><prefixes><section>(e)</section></prefixes><entire_prefix>(e)</entire_prefix><prefix_anchor>(e)</prefix_anchor><level>1</level></section><section id="410" prefix="(f)"><text>Minor residential street, twenty-six (26) feet (7.92 meters). 
(Ord. No. 1987-69, &#xA7;4, 10-20-87; Ord. No. 1995-760-TC-122, &#xA7;5, TC-20C-95, 11-21-95)</text><type>section</type><prefixes><section>(f)</section></prefixes><entire_prefix>(f)</entire_prefix><prefix_anchor>(f)</prefix_anchor><level>1</level></section></text></law>
