{"law_id":"25","edition_id":"1","section_id":"25","structure_id":"9","section_number":"1-1011","catch_line":"COUNCIL ELECTORAL DISTRICTS.","history":"","full_text":"(a) The corporate limits of the City and the limits of the five (5) electoral districts of the City, designated as districts A, B, C, D, and E are and shall be those shown on a map, the preparation of which was authorized by the City Council at its regular meeting held on May 7, 1973. The precise metes and bounds descriptions of the elements of the corporate limits shall be those prescribed by the annexation ordinances relating to those elements, respectively. The specific metes and bounds descriptions of the districts&#8217; boundaries shall be those prescribed in official actions of the County Board of Elections establishing the boundary lines of precincts upon which the district boundaries are superimposed and with which they are coincident. Such map shall be labeled and referred to as follows: &#8220;Corporate Limits and Electoral District Limits\u2014Number 1\u2014May 7, 1973.&#8221;\r\r(b) The map of the corporate limits and electoral districts of the City shall be the official map of such and shall so continue until officially revised by the Planning Director and Chief Engineer pursuant to appropriate action of the Council. The map and all revisions thereof shall be kept on file by the City Clerk for public inspection. \n(Code 1959 , \u00a71-6) \nCharter references: Mode of election of Council, \u00a72.2; elections generally, Art. IV. \nState law reference: Electoral districts, map requirements, G.S. 160A-23.\r\r","order_by":"1-1011","text":{"0":{"id":"65","text":"The corporate limits of the City and the limits of the five (5) electoral districts of the City, designated as districts A, B, C, D, and E are and shall be those shown on a map, the preparation of which was authorized by the City Council at its regular meeting held on May 7, 1973. The precise metes and bounds descriptions of the elements of the corporate limits shall be those prescribed by the annexation ordinances relating to those elements, respectively. The specific metes and bounds descriptions of the districts&#8217; boundaries shall be those prescribed in official actions of the County Board of Elections establishing the boundary lines of precincts upon which the district boundaries are superimposed and with which they are coincident. Such map shall be labeled and referred to as follows: &#8220;Corporate Limits and Electoral District Limits\u2014Number 1\u2014May 7, 1973.&#8221;","type":"section","prefixes":["(a)"],"prefix":"(a)","entire_prefix":"(a)","prefix_anchor":"(a)","level":1},"1":{"id":"66","text":"The map of the corporate limits and electoral districts of the City shall be the official map of such and shall so continue until officially revised by the Planning Director and Chief Engineer pursuant to appropriate action of the Council. The map and all revisions thereof shall be kept on file by the City Clerk for public inspection. \n(Code 1959 , \u00a71-6) \nCharter references: Mode of election of Council, \u00a72.2; elections generally, Art. IV. \nState law reference: Electoral districts, map requirements, G.S. 160A-23.","type":"section","prefixes":["(b)"],"prefix":"(b)","entire_prefix":"(b)","prefix_anchor":"(b)","level":1}},"ancestry":{"1":{"id":"9","name":"ARTICLE B. - THE COUNCIL [2]","identifier":"B","label":"article","url":"\/II\/1\/1\/B\/"},"2":{"id":"7","name":"CHAPTER 1. - MAYOR AND COUNCIL","identifier":"1","label":"chapter","url":"\/II\/1\/1\/"},"3":{"id":"6","name":"PART 1 - GENERAL GOVERNMENT","identifier":"1","label":"part","url":"\/II\/1\/"},"4":{"id":"5","name":"Division II - Planning and Development","identifier":"II","label":"division","url":"\/II\/"}},"structure_contents":{"0":{"id":"25","structure_id":"9","section_number":"1-1011","catch_line":"COUNCIL ELECTORAL DISTRICTS.","url":"\/1-1011\/","token":"1-1011"},"1":{"id":"136","structure_id":"9","section_number":"1-1012","catch_line":"RESERVED.","url":"\/1-1012\/","token":"1-1012"}},"next_section":{"id":"136","structure_id":"9","section_number":"1-1012","catch_line":"RESERVED.","url":"\/1-1012\/","token":"1-1012"},"metadata":false,"references":false,"url":"\/1-1011\/","token":"1-1011","formats":{"txt":"\/1-1011.txt","json":"\/1-1011.xml"},"dublin_core":{"Title":"COUNCIL ELECTORAL DISTRICTS.","Type":"Text","Format":"text\/html","Identifier":"\u00a7 1-1011","Relation":"Code of State"},"plain_text":"                                  CODE OF STATE\n\nCOUNCIL ELECTORAL DISTRICTS. (\u00a7 1-1011)\n\n(a) The corporate limits of the City and the limits of the five (5) electoral\ndistricts of the City, designated as districts A, B, C, D, and E are and shall\nbe those shown on a map, the preparation of which was authorized by the City\nCouncil at its regular meeting held on May 7, 1973. The precise metes and bounds\ndescriptions of the elements of the corporate limits shall be those prescribed\nby the annexation ordinances relating to those elements, respectively. The\nspecific metes and bounds descriptions of the districts&#8217; boundaries shall\nbe those prescribed in official actions of the County Board of Elections\nestablishing the boundary lines of precincts upon which the district boundaries\nare superimposed and with which they are coincident. Such map shall be labeled\nand referred to as follows: &#8220;Corporate Limits and Electoral District\nLimits\u2014Number 1\u2014May 7, 1973.&#8221;\n\n(b) The map of the corporate limits and electoral districts of the City shall be\nthe official map of such and shall so continue until officially revised by the\nPlanning Director and Chief Engineer pursuant to appropriate action of the\nCouncil. The map and all revisions thereof shall be kept on file by the City\nClerk for public inspection. \n(Code 1959 , \u00a71-6) \nCharter references: Mode of election of Council, \u00a72.2; elections generally,\nArt. IV. \nState law reference: Electoral districts, map requirements, G.S. 160A-23.\n"}