{"law_id":"913","section_number":"1-1027","catch_line":"MINUTES\u2014KEEPING, RECORDING, PRESENTING FOR APPROVAL, CORRECTION.","history":"","order_by":"1-1027","metadata":false,"url":"\/1-1027\/","token":"1-1027","structure":{"1":{"id":"10","name":"ARTICLE C. - COUNCIL MEETINGS AND PROCEDURE","identifier":"C","label":"article","url":"\/II\/1\/1\/C\/"},"2":{"id":"7","name":"CHAPTER 1. - MAYOR AND COUNCIL","identifier":"1","label":"chapter","url":"\/II\/1\/1\/"},"3":{"id":"6","name":"PART 1 - GENERAL GOVERNMENT","identifier":"1","label":"part","url":"\/II\/1\/"},"4":{"id":"5","name":"Division II - Planning and Development","identifier":"II","label":"division","url":"\/II\/"}},"referred_to_by":false,"edition_id":"1","section_id":"913","structure_id":"10","full_text":"Minutes of all Council meetings shall be kept and recorded by the City Clerk in a permanent minute book. They shall be presented to the Council for approval. Correction of minutes of preceding meetings may be made only by a majority vote of the members of the Council present. \n(Code 1959 , \u00a72-7)","text":{"0":{"id":"2716","text":"Minutes of all Council meetings shall be kept and recorded by the City Clerk in a permanent minute book. They shall be presented to the Council for approval. Correction of minutes of preceding meetings may be made only by a majority vote of the members of the Council present. \n(Code 1959 , \u00a72-7)","type":"section","prefixes":[""],"prefix":"","entire_prefix":"","prefix_anchor":"","level":1}},"ancestry":{"1":{"id":"10","name":"ARTICLE C. - COUNCIL MEETINGS AND PROCEDURE","identifier":"C","label":"article","url":"\/II\/1\/1\/C\/"},"2":{"id":"7","name":"CHAPTER 1. - MAYOR AND COUNCIL","identifier":"1","label":"chapter","url":"\/II\/1\/1\/"},"3":{"id":"6","name":"PART 1 - GENERAL GOVERNMENT","identifier":"1","label":"part","url":"\/II\/1\/"},"4":{"id":"5","name":"Division II - Planning and Development","identifier":"II","label":"division","url":"\/II\/"}},"structure_contents":{"0":{"id":"247","structure_id":"10","section_number":"1-1021","catch_line":"REGULAR MEETINGS, TIME.","url":"\/1-1021\/","token":"1-1021"},"1":{"id":"358","structure_id":"10","section_number":"1-1022","catch_line":"SPECIAL MEETINGS, CALLING, NOTICE, PUBLICIZING.","url":"\/1-1022\/","token":"1-1022"},"2":{"id":"469","structure_id":"10","section_number":"1-1023","catch_line":"PRESIDING OFFICER.","url":"\/1-1023\/","token":"1-1023"},"3":{"id":"580","structure_id":"10","section_number":"1-1024","catch_line":"COMPENSATION AND ALLOWANCES OF THE MAYOR AND MEMBERS OF THE COUNCIL.","url":"\/1-1024\/","token":"1-1024"},"4":{"id":"691","structure_id":"10","section_number":"1-1025","catch_line":"AGENDA.","url":"\/1-1025\/","token":"1-1025"},"5":{"id":"802","structure_id":"10","section_number":"1-1026","catch_line":"ORDER OF BUSINESS.","url":"\/1-1026\/","token":"1-1026"},"6":{"id":"913","structure_id":"10","section_number":"1-1027","catch_line":"MINUTES\u2014KEEPING, RECORDING, PRESENTING FOR APPROVAL, CORRECTION.","url":"\/1-1027\/","token":"1-1027"},"7":{"id":"26","structure_id":"10","section_number":"1-1028","catch_line":"SAME\u2014APPROVAL WITHOUT READING.","url":"\/1-1028\/","token":"1-1028"},"8":{"id":"37","structure_id":"10","section_number":"1-1029","catch_line":"RULES OF DEBATE.","url":"\/1-1029\/","token":"1-1029"},"9":{"id":"48","structure_id":"10","section_number":"1-1030","catch_line":"ADDRESSING THE COUNCIL\u2014TIME ALLOWED.","url":"\/1-1030\/","token":"1-1030"},"10":{"id":"59","structure_id":"10","section_number":"1-1031","catch_line":"SAME\u2014MANNER.","url":"\/1-1031\/","token":"1-1031"},"11":{"id":"70","structure_id":"10","section_number":"1-1032","catch_line":"SILENCE CONSTITUTES AFFIRMATIVE VOTE.","url":"\/1-1032\/","token":"1-1032"},"12":{"id":"81","structure_id":"10","section_number":"1-1033","catch_line":"DECORUM; REQUIRED.","url":"\/1-1033\/","token":"1-1033"},"13":{"id":"92","structure_id":"10","section_number":"1-1034","catch_line":"ENFORCEMENT OF DECORUM REQUIREMENTS.","url":"\/1-1034\/","token":"1-1034"},"14":{"id":"103","structure_id":"10","section_number":"1-1035","catch_line":"COUNCIL COMMITTEES; APPOINTING AUTHORITY.","url":"\/1-1035\/","token":"1-1035"},"15":{"id":"114","structure_id":"10","section_number":"1-1036","catch_line":"STANDING COMMITTEES; MEMBERSHIP; DESIGNATION.","url":"\/1-1036\/","token":"1-1036"},"16":{"id":"125","structure_id":"10","section_number":"1-1037","catch_line":"MATTERS REFERRED TO COMMITTEE.","url":"\/1-1037\/","token":"1-1037"},"17":{"id":"137","structure_id":"10","section_number":"1-1038","catch_line":"COMMITTEE REPORTS.","url":"\/1-1038\/","token":"1-1038"},"18":{"id":"148","structure_id":"10","section_number":"1-1039","catch_line":"COMMITTEES; RULES OF PROCEDURE APPLICABLE.","url":"\/1-1039\/","token":"1-1039"},"19":{"id":"159","structure_id":"10","section_number":"1-1040","catch_line":"PROTESTING COUNCIL ACTION BY MEMBER.","url":"\/1-1040\/","token":"1-1040"},"20":{"id":"170","structure_id":"10","section_number":"1-1041","catch_line":"ORDINANCES, RESOLUTIONS, MOTIONS AND CONTRACTS.","url":"\/1-1041\/","token":"1-1041"},"21":{"id":"181","structure_id":"10","section_number":"1-1042","catch_line":"NO DEBATE ON MOTION TO ADJOURN.","url":"\/1-1042\/","token":"1-1042"},"22":{"id":"192","structure_id":"10","section_number":"1-1043","catch_line":"ROBERT'S RULES OF ORDER, WHEN APPLICABLE.","url":"\/1-1043\/","token":"1-1043"},"23":{"id":"203","structure_id":"10","section_number":"1-1044","catch_line":"RESERVED.","url":"\/1-1044\/","token":"1-1044"},"24":{"id":"214","structure_id":"10","section_number":"1-1044","catch_line":"RESERVED. ","url":"\/1-1044\/","token":"1-1044"}},"previous_section":{"id":"802","structure_id":"10","section_number":"1-1026","catch_line":"ORDER OF BUSINESS.","url":"\/1-1026\/","token":"1-1026"},"next_section":{"id":"26","structure_id":"10","section_number":"1-1028","catch_line":"SAME\u2014APPROVAL WITHOUT READING.","url":"\/1-1028\/","token":"1-1028"},"references":false,"formats":{"txt":"\/1-1027.txt","json":"\/1-1027.xml"},"dublin_core":{"Title":"MINUTES\u2014KEEPING, RECORDING, PRESENTING FOR APPROVAL, CORRECTION.","Type":"Text","Format":"text\/html","Identifier":"\u00a7 1-1027","Relation":"Code of State"},"plain_text":"                                  CODE OF STATE\n\nMINUTES\u2014KEEPING, RECORDING, PRESENTING FOR APPROVAL, CORRECTION. (\u00a7 1-1027)\n\nMinutes of all Council meetings shall be kept and recorded by the City Clerk in\na permanent minute book. They shall be presented to the Council for approval.\nCorrection of minutes of preceding meetings may be made only by a majority vote\nof the members of the Council present. \n(Code 1959 , \u00a72-7)\n"}