{"law_id":"136","section_number":"1-1012","catch_line":"RESERVED.","history":"","order_by":"1-1012","metadata":false,"url":"\/1-1012\/","token":"1-1012","structure":{"1":{"id":"9","name":"ARTICLE B. - THE COUNCIL [2]","identifier":"B","label":"article","url":"\/II\/1\/1\/B\/"},"2":{"id":"7","name":"CHAPTER 1. - MAYOR AND COUNCIL","identifier":"1","label":"chapter","url":"\/II\/1\/1\/"},"3":{"id":"6","name":"PART 1 - GENERAL GOVERNMENT","identifier":"1","label":"part","url":"\/II\/1\/"},"4":{"id":"5","name":"Division II - Planning and Development","identifier":"II","label":"division","url":"\/II\/"}},"referred_to_by":false,"edition_id":"1","section_id":"136","structure_id":"9","full_text":"________________________________________\nFOOTNOTE(S):\n________________________________________\n&#8212; (2) &#8212; \nCharter references: Governing body, \u00a72.1; composition, \u00a72.2; power and organization, \u00a72.3; meetings, \u00a72.4; quorum requirements, procedures, \u00a72.5; compensation, \u00a72.12 (Back)\nState law reference: Government of the City vested in City Council, G.S. 160A-67. (Back)","text":{"0":{"id":"438","text":"________________________________________\nFOOTNOTE(S):\n________________________________________\n&#8212; (2) &#8212; \nCharter references: Governing body, \u00a72.1; composition, \u00a72.2; power and organization, \u00a72.3; meetings, \u00a72.4; quorum requirements, procedures, \u00a72.5; compensation, \u00a72.12 (Back)\nState law reference: Government of the City vested in City Council, G.S. 160A-67. (Back)","type":"section","prefixes":[""],"prefix":"","entire_prefix":"","prefix_anchor":"","level":1}},"ancestry":{"1":{"id":"9","name":"ARTICLE B. - THE COUNCIL [2]","identifier":"B","label":"article","url":"\/II\/1\/1\/B\/"},"2":{"id":"7","name":"CHAPTER 1. - MAYOR AND COUNCIL","identifier":"1","label":"chapter","url":"\/II\/1\/1\/"},"3":{"id":"6","name":"PART 1 - GENERAL GOVERNMENT","identifier":"1","label":"part","url":"\/II\/1\/"},"4":{"id":"5","name":"Division II - Planning and Development","identifier":"II","label":"division","url":"\/II\/"}},"structure_contents":{"0":{"id":"25","structure_id":"9","section_number":"1-1011","catch_line":"COUNCIL ELECTORAL DISTRICTS.","url":"\/1-1011\/","token":"1-1011"},"1":{"id":"136","structure_id":"9","section_number":"1-1012","catch_line":"RESERVED.","url":"\/1-1012\/","token":"1-1012"}},"previous_section":{"id":"25","structure_id":"9","section_number":"1-1011","catch_line":"COUNCIL ELECTORAL DISTRICTS.","url":"\/1-1011\/","token":"1-1011"},"references":false,"formats":{"txt":"\/1-1012.txt","json":"\/1-1012.xml"},"dublin_core":{"Title":"RESERVED.","Type":"Text","Format":"text\/html","Identifier":"\u00a7 1-1012","Relation":"Code of State"},"plain_text":"                                  CODE OF STATE\n\nRESERVED. (\u00a7 1-1012)\n\n________________________________________\nFOOTNOTE(S):\n________________________________________\n&#8212; (2) &#8212; \nCharter references: Governing body, \u00a72.1; composition, \u00a72.2; power and\norganization, \u00a72.3; meetings, \u00a72.4; quorum requirements, procedures, \u00a72.5;\ncompensation, \u00a72.12 (Back)\nState law reference: Government of the City vested in City Council, G.S.\n160A-67. (Back)\n"}