{"law_id":"24","edition_id":"1","section_id":"24","structure_id":"8","section_number":"1-1001","catch_line":"RESERVED.","history":"","full_text":"________________________________________\nFOOTNOTE(S):\n________________________________________\n&#8212; (1) &#8212; \nCharter reference: Election, term, qualifications, compensation, powers and duties, \u00a7\u00a72.2, 2.3, 5.1 (Back)\nCross references: Mayor&#8217;s power during state of emergency, \u00a71-1051; Mayor&#8217;s power to make committee appointments, \u00a71-1035 (Back)\nState law references: Duties of Mayor, G.S. 160A-67; compensation, G.S. 160A-67; compensation, G.S. 160A-69. (Back)","order_by":"1-1001","text":{"0":{"id":"64","text":"________________________________________\nFOOTNOTE(S):\n________________________________________\n&#8212; (1) &#8212; \nCharter reference: Election, term, qualifications, compensation, powers and duties, \u00a7\u00a72.2, 2.3, 5.1 (Back)\nCross references: Mayor&#8217;s power during state of emergency, \u00a71-1051; Mayor&#8217;s power to make committee appointments, \u00a71-1035 (Back)\nState law references: Duties of Mayor, G.S. 160A-67; compensation, G.S. 160A-67; compensation, G.S. 160A-69. (Back)","type":"section","prefixes":[""],"prefix":"","entire_prefix":"","prefix_anchor":"","level":1}},"ancestry":{"1":{"id":"8","name":"ARTICLE A. - THE MAYOR [1]","identifier":"A","label":"article","url":"\/II\/1\/1\/A\/"},"2":{"id":"7","name":"CHAPTER 1. - MAYOR AND COUNCIL","identifier":"1","label":"chapter","url":"\/II\/1\/1\/"},"3":{"id":"6","name":"PART 1 - GENERAL GOVERNMENT","identifier":"1","label":"part","url":"\/II\/1\/"},"4":{"id":"5","name":"Division II - Planning and Development","identifier":"II","label":"division","url":"\/II\/"}},"structure_contents":{"0":{"id":"24","structure_id":"8","section_number":"1-1001","catch_line":"RESERVED.","url":"\/1-1001\/","token":"1-1001"}},"metadata":false,"references":false,"url":"\/1-1001\/","token":"1-1001","formats":{"txt":"\/1-1001.txt","json":"\/1-1001.xml"},"dublin_core":{"Title":"RESERVED.","Type":"Text","Format":"text\/html","Identifier":"\u00a7 1-1001","Relation":"Code of State"},"plain_text":"                                  CODE OF STATE\n\nRESERVED. (\u00a7 1-1001)\n\n________________________________________\nFOOTNOTE(S):\n________________________________________\n&#8212; (1) &#8212; \nCharter reference: Election, term, qualifications, compensation, powers and\nduties, \u00a7\u00a72.2, 2.3, 5.1 (Back)\nCross references: Mayor&#8217;s power during state of emergency, \u00a71-1051;\nMayor&#8217;s power to make committee appointments, \u00a71-1035 (Back)\nState law references: Duties of Mayor, G.S. 160A-67; compensation, G.S. 160A-67;\ncompensation, G.S. 160A-69. (Back)\n"}