{"law_id":"225","edition_id":"1","section_id":"225","structure_id":"92","section_number":"1-1051","catch_line":"STATE OF EMERGENCY; CURFEW AUTHORIZED; MAYOR&#8217;S POWER; RESTRICTIONS DURING EMERGENCY.","history":"","full_text":"(a) Definition: \nA state of emergency shall be deemed to exist whenever, during times of great public crisis, disaster, rioting, catastrophe, or similar public emergency, for any reason, municipal public safety authorities are unable to maintain public order or afford adequate protection for lives, safety or property.\r\r(b) Proclamation: \nIn the event of an existing or threatened state of emergency endangering the lives, safety, health and welfare of the people within the City, or threatening danger to or destruction of property, the Mayor is hereby authorized and empowered to issue a public proclamation declaring to all persons the existence of such a state of emergency, and, in order to more effectively protect the lives and property of people within the City, to place in effect any or all of the restrictions hereinafter authorized.\r\r(c) Mayor&#8217;s Powers: \nThe Mayor is hereby authorized and empowered to limit by the proclamation the application of all or any part of such restrictions to any area specifically designated or described within the corporate limits of the City and to specific hours of the day or night; and to exempt from all or any part of such restrictions law enforcement officers, Fire Department officers and other public employees, doctors, nurses, employees of hospitals and other medical facilities; on-duty military personnel, whether state or Federal; on-duty employees of public utilities, public transportation companies, and newspaper, magazine, radio broadcasting, and television broadcasting corporations operated for profit; and such other classes of persons as may be essential to the preservation of public order and immediately necessary to serve the safety, health and welfare needs of the people within the City.\r\r(d) End of State of Emergency: \nThe Mayor shall proclaim the end of such state of emergency or all or any part of the restrictions imposed as soon as circumstances warrant or when directed to do so by the Council.\r\r(f) Subsequent Proclamation: \nAny proclamation may be extended, altered or repealed in any particular during the continued or threatened existence of a state of emergency by the issuance of a subsequent proclamation.\r\r(g) Unlawful Acts: \nDuring the existence of a proclaimed state of emergency, it shall be unlawful for any person to violate any provision of any restriction imposed by any proclamation authorized by this section.\r\r(h) List of Council Members To Act in Mayor&#8217;s Stead: \nEach January after the biannual elections for City Council members, the City Council shall establish a list of Council members designated to act in the Mayor&#8217;s stead during emergency situations when the Mayor is unavailable. The list shall be by priority with the person available and nearest the top of the list designated to act for the Mayor. If the Mayor becomes available during the pendency of an emergency situation, the person acting in his stead shall relinquish the authority granted by \u00a71-1051 to the Mayor. \n(Code 1959 , \u00a72-65; Ord. No. 1982-860, \u00a72, 3-9-82; Ord. No. 1986-736, \u00a72, 2-18-86) \nEditor&#8217;s note: \u00a71 of Ord. No. 1986-736, adopted Feb. 18, 1986, provides for succession, in the absence of the Mayor, in the following order: (1) Mayor pro tempore; (2) Chairman, Law and Finance Committee; (3) Chairman, Public Works Committee; (4) lists order of succession of current Council. \nState law reference: Authority of the Mayor to impose restrictions during states of emergency, G.S. 14-288.12.\r\r","order_by":"1-1051","text":{"0":{"id":"647","text":"Definition: \nA state of emergency shall be deemed to exist whenever, during times of great public crisis, disaster, rioting, catastrophe, or similar public emergency, for any reason, municipal public safety authorities are unable to maintain public order or afford adequate protection for lives, safety or property.","type":"section","prefixes":["(a)"],"prefix":"(a)","entire_prefix":"(a)","prefix_anchor":"(a)","level":1},"1":{"id":"648","text":"Proclamation: \nIn the event of an existing or threatened state of emergency endangering the lives, safety, health and welfare of the people within the City, or threatening danger to or destruction of property, the Mayor is hereby authorized and empowered to issue a public proclamation declaring to all persons the existence of such a state of emergency, and, in order to more effectively protect the lives and property of people within the City, to place in effect any or all of the restrictions hereinafter authorized.","type":"section","prefixes":["(b)"],"prefix":"(b)","entire_prefix":"(b)","prefix_anchor":"(b)","level":1},"2":{"id":"649","text":"Mayor&#8217;s Powers: \nThe Mayor is hereby authorized and empowered to limit by the proclamation the application of all or any part of such restrictions to any area specifically designated or described within the corporate limits of the City and to specific hours of the day or night; and to exempt from all or any part of such restrictions law enforcement officers, Fire Department officers and other public employees, doctors, nurses, employees of hospitals and other medical facilities; on-duty military personnel, whether state or Federal; on-duty employees of public utilities, public transportation companies, and newspaper, magazine, radio broadcasting, and television broadcasting corporations operated for profit; and such other classes of persons as may be essential to the preservation of public order and immediately necessary to serve the safety, health and welfare needs of the people within the City.","type":"section","prefixes":["(c)"],"prefix":"(c)","entire_prefix":"(c)","prefix_anchor":"(c)","level":1},"3":{"id":"650","text":"End of State of Emergency: \nThe Mayor shall proclaim the end of such state of emergency or all or any part of the restrictions imposed as soon as circumstances warrant or when directed to do so by the Council.","type":"section","prefixes":["(d)"],"prefix":"(d)","entire_prefix":"(d)","prefix_anchor":"(d)","level":1},"4":{"id":"651","text":"","type":"section","prefixes":["(e)"],"prefix":"(e)","entire_prefix":"(e)","prefix_anchor":"(e)","level":1},"5":{"id":"652","text":"\tProhibit or regulate the possession off one&#8217;s own premises of explosives, firearms, ammunition or dangerous weapons of any kind, and prohibit the purchase, sale, transfer or other disposition thereof. \n","type":"section","prefixes":["(e)","(1)"],"prefix":"(1)","entire_prefix":"(e)(1)","prefix_anchor":"(e)(1)","level":2},"6":{"id":"653","text":"\tProhibit or regulate the buying or selling of beer, wine or intoxicating beverages of any kind, and their possession or consumption off one&#8217;s own premises. \n","type":"section","prefixes":["(e)","(2)"],"prefix":"(2)","entire_prefix":"(e)(2)","prefix_anchor":"(e)(2)","level":2},"7":{"id":"654","text":"\tProhibit or regulate any demonstration, parade, march, vigil or participation therein when taking place on any of the public ways or upon any public property. \n","type":"section","prefixes":["(e)","(3)"],"prefix":"(3)","entire_prefix":"(e)(3)","prefix_anchor":"(e)(3)","level":2},"8":{"id":"655","text":"\tProhibit or regulate the sale of gasoline, kerosene, naphtha or any other explosive or flammable fluids or substances.\n","type":"section","prefixes":["(e)","(4)"],"prefix":"(4)","entire_prefix":"(e)(4)","prefix_anchor":"(e)(4)","level":2},"9":{"id":"656","text":"\tProhibit or regulate travel upon any public street, alley or roadway or upon any other public property and to except those in search of medical assistance, food or other commodity or service necessary to sustain the well-being of themselves or their families or some member thereof. \n","type":"section","prefixes":["(e)","(5)"],"prefix":"(5)","entire_prefix":"(e)(5)","prefix_anchor":"(e)(5)","level":2},"10":{"id":"657","text":"\tProhibit or regulate the participation in or carrying on of any business activity, and prohibit or regulate the keeping open of places of business, places of entertainment, and any other public assembly of any nature whatsoever. \n","type":"section","prefixes":["(e)","(6)"],"prefix":"(6)","entire_prefix":"(e)(6)","prefix_anchor":"(e)(6)","level":2},"11":{"id":"658","text":"Subsequent Proclamation: \nAny proclamation may be extended, altered or repealed in any particular during the continued or threatened existence of a state of emergency by the issuance of a subsequent proclamation.","type":"section","prefixes":["(f)"],"prefix":"(f)","entire_prefix":"(f)","prefix_anchor":"(f)","level":1},"12":{"id":"659","text":"Unlawful Acts: \nDuring the existence of a proclaimed state of emergency, it shall be unlawful for any person to violate any provision of any restriction imposed by any proclamation authorized by this section.","type":"section","prefixes":["(g)"],"prefix":"(g)","entire_prefix":"(g)","prefix_anchor":"(g)","level":1},"13":{"id":"660","text":"List of Council Members To Act in Mayor&#8217;s Stead: \nEach January after the biannual elections for City Council members, the City Council shall establish a list of Council members designated to act in the Mayor&#8217;s stead during emergency situations when the Mayor is unavailable. The list shall be by priority with the person available and nearest the top of the list designated to act for the Mayor. If the Mayor becomes available during the pendency of an emergency situation, the person acting in his stead shall relinquish the authority granted by \u00a71-1051 to the Mayor. \n(Code 1959 , \u00a72-65; Ord. No. 1982-860, \u00a72, 3-9-82; Ord. No. 1986-736, \u00a72, 2-18-86) \nEditor&#8217;s note: \u00a71 of Ord. No. 1986-736, adopted Feb. 18, 1986, provides for succession, in the absence of the Mayor, in the following order: (1) Mayor pro tempore; (2) Chairman, Law and Finance Committee; (3) Chairman, Public Works Committee; (4) lists order of succession of current Council. \nState law reference: Authority of the Mayor to impose restrictions during states of emergency, G.S. 14-288.12.","type":"section","prefixes":["(h)"],"prefix":"(h)","entire_prefix":"(h)","prefix_anchor":"(h)","level":1}},"ancestry":{"1":{"id":"92","name":"ARTICLE D. - EMERGENCY PROVISIONS","identifier":"D","label":"article","url":"\/II\/1\/1\/D\/"},"2":{"id":"7","name":"CHAPTER 1. - MAYOR AND COUNCIL","identifier":"1","label":"chapter","url":"\/II\/1\/1\/"},"3":{"id":"6","name":"PART 1 - GENERAL GOVERNMENT","identifier":"1","label":"part","url":"\/II\/1\/"},"4":{"id":"5","name":"Division II - Planning and Development","identifier":"II","label":"division","url":"\/II\/"}},"structure_contents":{"0":{"id":"225","structure_id":"92","section_number":"1-1051","catch_line":"STATE OF EMERGENCY; CURFEW AUTHORIZED; MAYOR'S POWER; RESTRICTIONS DURING EMERGENCY.","url":"\/1-1051\/","token":"1-1051"}},"metadata":false,"references":{"0":{"id":"24","section_number":"1-1001","catch_line":"RESERVED.","url":"http:\/\/localhost:8888\/1-1001\/"},"1":{"id":"225","section_number":"1-1051","catch_line":"STATE OF EMERGENCY; CURFEW AUTHORIZED; MAYOR'S POWER; RESTRICTIONS DURING EMERGENCY.","url":"http:\/\/localhost:8888\/1-1051\/"}},"url":"\/1-1051\/","token":"1-1051","formats":{"txt":"\/1-1051.txt","json":"\/1-1051.xml"},"dublin_core":{"Title":"STATE OF EMERGENCY; CURFEW AUTHORIZED; MAYOR&#8217;S POWER; RESTRICTIONS DURING EMERGENCY.","Type":"Text","Format":"text\/html","Identifier":"\u00a7 1-1051","Relation":"Code of State"},"plain_text":"                                  CODE OF STATE\n\nSTATE OF EMERGENCY; CURFEW AUTHORIZED; MAYOR&#8217;S POWER; RESTRICTIONS DURING\nEMERGENCY. (\u00a7 1-1051)\n\n(a) Definition: \nA state of emergency shall be deemed to exist whenever, during times of great\npublic crisis, disaster, rioting, catastrophe, or similar public emergency, for\nany reason, municipal public safety authorities are unable to maintain public\norder or afford adequate protection for lives, safety or property.\n\n(b) Proclamation: \nIn the event of an existing or threatened state of emergency endangering the\nlives, safety, health and welfare of the people within the City, or threatening\ndanger to or destruction of property, the Mayor is hereby authorized and\nempowered to issue a public proclamation declaring to all persons the existence\nof such a state of emergency, and, in order to more effectively protect the\nlives and property of people within the City, to place in effect any or all of\nthe restrictions hereinafter authorized.\n\n(c) Mayor&#8217;s Powers: \nThe Mayor is hereby authorized and empowered to limit by the proclamation the\napplication of all or any part of such restrictions to any area specifically\ndesignated or described within the corporate limits of the City and to specific\nhours of the day or night; and to exempt from all or any part of such\nrestrictions law enforcement officers, Fire Department officers and other public\nemployees, doctors, nurses, employees of hospitals and other medical facilities;\non-duty military personnel, whether state or Federal; on-duty employees of\npublic utilities, public transportation companies, and newspaper, magazine,\nradio broadcasting, and television broadcasting corporations operated for\nprofit; and such other classes of persons as may be essential to the\npreservation of public order and immediately necessary to serve the safety,\nhealth and welfare needs of the people within the City.\n\n(d) End of State of Emergency: \nThe Mayor shall proclaim the end of such state of emergency or all or any part\nof the restrictions imposed as soon as circumstances warrant or when directed to\ndo so by the Council.\n\n(e) \n\n   (1) \tProhibit or regulate the possession off one&#8217;s own premises of\n   explosives, firearms, ammunition or dangerous weapons of any kind, and\n   prohibit the purchase, sale, transfer or other disposition thereof. \n   \n\n   (2) \tProhibit or regulate the buying or selling of beer, wine or intoxicating\n   beverages of any kind, and their possession or consumption off one&#8217;s own\n   premises. \n   \n\n   (3) \tProhibit or regulate any demonstration, parade, march, vigil or\n   participation therein when taking place on any of the public ways or upon any\n   public property. \n   \n\n   (4) \tProhibit or regulate the sale of gasoline, kerosene, naphtha or any other\n   explosive or flammable fluids or substances.\n   \n\n   (5) \tProhibit or regulate travel upon any public street, alley or roadway or\n   upon any other public property and to except those in search of medical\n   assistance, food or other commodity or service necessary to sustain the\n   well-being of themselves or their families or some member thereof. \n   \n\n   (6) \tProhibit or regulate the participation in or carrying on of any business\n   activity, and prohibit or regulate the keeping open of places of business,\n   places of entertainment, and any other public assembly of any nature\n   whatsoever. \n   \n\n(f) Subsequent Proclamation: \nAny proclamation may be extended, altered or repealed in any particular during\nthe continued or threatened existence of a state of emergency by the issuance of\na subsequent proclamation.\n\n(g) Unlawful Acts: \nDuring the existence of a proclaimed state of emergency, it shall be unlawful\nfor any person to violate any provision of any restriction imposed by any\nproclamation authorized by this section.\n\n(h) List of Council Members To Act in Mayor&#8217;s Stead: \nEach January after the biannual elections for City Council members, the City\nCouncil shall establish a list of Council members designated to act in the\nMayor&#8217;s stead during emergency situations when the Mayor is unavailable.\nThe list shall be by priority with the person available and nearest the top of\nthe list designated to act for the Mayor. If the Mayor becomes available during\nthe pendency of an emergency situation, the person acting in his stead shall\nrelinquish the authority granted by \u00a71-1051 to the Mayor. \n(Code 1959 , \u00a72-65; Ord. No. 1982-860, \u00a72, 3-9-82; Ord. No. 1986-736, \u00a72,\n2-18-86) \nEditor&#8217;s note: \u00a71 of Ord. No. 1986-736, adopted Feb. 18, 1986, provides\nfor succession, in the absence of the Mayor, in the following order: (1) Mayor\npro tempore; (2) Chairman, Law and Finance Committee; (3) Chairman, Public Works\nCommittee; (4) lists order of succession of current Council. \nState law reference: Authority of the Mayor to impose restrictions during states\nof emergency, G.S. 14-288.12.\n"}