{"law_id":"37","section_number":"1-1029","catch_line":"RULES OF DEBATE.","history":"","order_by":"1-1029","metadata":false,"url":"\/1-1029\/","token":"1-1029","structure":{"1":{"id":"10","name":"ARTICLE C. - COUNCIL MEETINGS AND PROCEDURE","identifier":"C","label":"article","url":"\/II\/1\/1\/C\/"},"2":{"id":"7","name":"CHAPTER 1. - MAYOR AND COUNCIL","identifier":"1","label":"chapter","url":"\/II\/1\/1\/"},"3":{"id":"6","name":"PART 1 - GENERAL GOVERNMENT","identifier":"1","label":"part","url":"\/II\/1\/"},"4":{"id":"5","name":"Division II - Planning and Development","identifier":"II","label":"division","url":"\/II\/"}},"referred_to_by":false,"edition_id":"1","section_id":"37","structure_id":"10","full_text":"(a) Presiding officer may debate and vote, etc. \nThe Mayor or such other member of the Council who may be presiding may move, second and debate from the chair, subject only to such limitations of debate as are by these rules imposed on all members and shall not be deprived of any rights and privileges of a Council member by reason of his acting as the presiding officer.\r\r(b) Getting the floor; improper references to be avoided. \nEvery member desiring to speak shall address the chair and, upon recognition by the presiding officer, shall confine himself to the question under debate, avoiding all personalities and indecorous language.\r\r(c) Interruptions. \nA member, once recognized, shall not be interrupted when speaking unless it be to call the member to order, or as herein otherwise provided. If a member, while speaking, be called to order, the member shall cease speaking until the question of order be determined, and if in order, the member shall be permitted to proceed.\r\r(d) Privilege of closing debate. \nThe Council member moving the adoption of an ordinance or resolution shall have the privilege of closing the debate.\r\r(e) Motion to reconsider. \nA motion to reconsider any action taken by the Council may be made only on the day such action was taken. It may be made either immediately during the same session or at a recessed or adjourned session thereof. Such motion must be made by one of the prevailing side but may be seconded by any member and may be made at any time and have precedence over all other motions or while a member has the floor; it shall be debatable. Nothing herein shall be construed to prevent any member of the Council from making or remaking the same or any other motion at a subsequent meeting of the Council.\r\r(f) Remarks of council member, when entered in minutes. \nA Council member may request, through the presiding officer, the privilege of having an abstract of the member&#8217;s statement on any subject under consideration by the Council entered in the minutes. If the Council consents thereto, such statement shall be entered in the minutes. \n(Code 1959 , \u00a72-9)\r\r","text":{"0":{"id":"81","text":"Presiding officer may debate and vote, etc. \nThe Mayor or such other member of the Council who may be presiding may move, second and debate from the chair, subject only to such limitations of debate as are by these rules imposed on all members and shall not be deprived of any rights and privileges of a Council member by reason of his acting as the presiding officer.","type":"section","prefixes":["(a)"],"prefix":"(a)","entire_prefix":"(a)","prefix_anchor":"(a)","level":1},"1":{"id":"82","text":"Getting the floor; improper references to be avoided. \nEvery member desiring to speak shall address the chair and, upon recognition by the presiding officer, shall confine himself to the question under debate, avoiding all personalities and indecorous language.","type":"section","prefixes":["(b)"],"prefix":"(b)","entire_prefix":"(b)","prefix_anchor":"(b)","level":1},"2":{"id":"83","text":"Interruptions. \nA member, once recognized, shall not be interrupted when speaking unless it be to call the member to order, or as herein otherwise provided. If a member, while speaking, be called to order, the member shall cease speaking until the question of order be determined, and if in order, the member shall be permitted to proceed.","type":"section","prefixes":["(c)"],"prefix":"(c)","entire_prefix":"(c)","prefix_anchor":"(c)","level":1},"3":{"id":"84","text":"Privilege of closing debate. \nThe Council member moving the adoption of an ordinance or resolution shall have the privilege of closing the debate.","type":"section","prefixes":["(d)"],"prefix":"(d)","entire_prefix":"(d)","prefix_anchor":"(d)","level":1},"4":{"id":"85","text":"Motion to reconsider. \nA motion to reconsider any action taken by the Council may be made only on the day such action was taken. It may be made either immediately during the same session or at a recessed or adjourned session thereof. Such motion must be made by one of the prevailing side but may be seconded by any member and may be made at any time and have precedence over all other motions or while a member has the floor; it shall be debatable. Nothing herein shall be construed to prevent any member of the Council from making or remaking the same or any other motion at a subsequent meeting of the Council.","type":"section","prefixes":["(e)"],"prefix":"(e)","entire_prefix":"(e)","prefix_anchor":"(e)","level":1},"5":{"id":"86","text":"Remarks of council member, when entered in minutes. \nA Council member may request, through the presiding officer, the privilege of having an abstract of the member&#8217;s statement on any subject under consideration by the Council entered in the minutes. If the Council consents thereto, such statement shall be entered in the minutes. \n(Code 1959 , \u00a72-9)","type":"section","prefixes":["(f)"],"prefix":"(f)","entire_prefix":"(f)","prefix_anchor":"(f)","level":1}},"ancestry":{"1":{"id":"10","name":"ARTICLE C. - COUNCIL MEETINGS AND PROCEDURE","identifier":"C","label":"article","url":"\/II\/1\/1\/C\/"},"2":{"id":"7","name":"CHAPTER 1. - MAYOR AND COUNCIL","identifier":"1","label":"chapter","url":"\/II\/1\/1\/"},"3":{"id":"6","name":"PART 1 - GENERAL GOVERNMENT","identifier":"1","label":"part","url":"\/II\/1\/"},"4":{"id":"5","name":"Division II - Planning and Development","identifier":"II","label":"division","url":"\/II\/"}},"structure_contents":{"0":{"id":"247","structure_id":"10","section_number":"1-1021","catch_line":"REGULAR MEETINGS, TIME.","url":"\/1-1021\/","token":"1-1021"},"1":{"id":"358","structure_id":"10","section_number":"1-1022","catch_line":"SPECIAL MEETINGS, CALLING, NOTICE, PUBLICIZING.","url":"\/1-1022\/","token":"1-1022"},"2":{"id":"469","structure_id":"10","section_number":"1-1023","catch_line":"PRESIDING OFFICER.","url":"\/1-1023\/","token":"1-1023"},"3":{"id":"580","structure_id":"10","section_number":"1-1024","catch_line":"COMPENSATION AND ALLOWANCES OF THE MAYOR AND MEMBERS OF THE COUNCIL.","url":"\/1-1024\/","token":"1-1024"},"4":{"id":"691","structure_id":"10","section_number":"1-1025","catch_line":"AGENDA.","url":"\/1-1025\/","token":"1-1025"},"5":{"id":"802","structure_id":"10","section_number":"1-1026","catch_line":"ORDER OF BUSINESS.","url":"\/1-1026\/","token":"1-1026"},"6":{"id":"913","structure_id":"10","section_number":"1-1027","catch_line":"MINUTES\u2014KEEPING, RECORDING, PRESENTING FOR APPROVAL, CORRECTION.","url":"\/1-1027\/","token":"1-1027"},"7":{"id":"26","structure_id":"10","section_number":"1-1028","catch_line":"SAME\u2014APPROVAL WITHOUT READING.","url":"\/1-1028\/","token":"1-1028"},"8":{"id":"37","structure_id":"10","section_number":"1-1029","catch_line":"RULES OF DEBATE.","url":"\/1-1029\/","token":"1-1029"},"9":{"id":"48","structure_id":"10","section_number":"1-1030","catch_line":"ADDRESSING THE COUNCIL\u2014TIME ALLOWED.","url":"\/1-1030\/","token":"1-1030"},"10":{"id":"59","structure_id":"10","section_number":"1-1031","catch_line":"SAME\u2014MANNER.","url":"\/1-1031\/","token":"1-1031"},"11":{"id":"70","structure_id":"10","section_number":"1-1032","catch_line":"SILENCE CONSTITUTES AFFIRMATIVE VOTE.","url":"\/1-1032\/","token":"1-1032"},"12":{"id":"81","structure_id":"10","section_number":"1-1033","catch_line":"DECORUM; REQUIRED.","url":"\/1-1033\/","token":"1-1033"},"13":{"id":"92","structure_id":"10","section_number":"1-1034","catch_line":"ENFORCEMENT OF DECORUM REQUIREMENTS.","url":"\/1-1034\/","token":"1-1034"},"14":{"id":"103","structure_id":"10","section_number":"1-1035","catch_line":"COUNCIL COMMITTEES; APPOINTING AUTHORITY.","url":"\/1-1035\/","token":"1-1035"},"15":{"id":"114","structure_id":"10","section_number":"1-1036","catch_line":"STANDING COMMITTEES; MEMBERSHIP; DESIGNATION.","url":"\/1-1036\/","token":"1-1036"},"16":{"id":"125","structure_id":"10","section_number":"1-1037","catch_line":"MATTERS REFERRED TO COMMITTEE.","url":"\/1-1037\/","token":"1-1037"},"17":{"id":"137","structure_id":"10","section_number":"1-1038","catch_line":"COMMITTEE REPORTS.","url":"\/1-1038\/","token":"1-1038"},"18":{"id":"148","structure_id":"10","section_number":"1-1039","catch_line":"COMMITTEES; RULES OF PROCEDURE APPLICABLE.","url":"\/1-1039\/","token":"1-1039"},"19":{"id":"159","structure_id":"10","section_number":"1-1040","catch_line":"PROTESTING COUNCIL ACTION BY MEMBER.","url":"\/1-1040\/","token":"1-1040"},"20":{"id":"170","structure_id":"10","section_number":"1-1041","catch_line":"ORDINANCES, RESOLUTIONS, MOTIONS AND CONTRACTS.","url":"\/1-1041\/","token":"1-1041"},"21":{"id":"181","structure_id":"10","section_number":"1-1042","catch_line":"NO DEBATE ON MOTION TO ADJOURN.","url":"\/1-1042\/","token":"1-1042"},"22":{"id":"192","structure_id":"10","section_number":"1-1043","catch_line":"ROBERT'S RULES OF ORDER, WHEN APPLICABLE.","url":"\/1-1043\/","token":"1-1043"},"23":{"id":"203","structure_id":"10","section_number":"1-1044","catch_line":"RESERVED.","url":"\/1-1044\/","token":"1-1044"},"24":{"id":"214","structure_id":"10","section_number":"1-1044","catch_line":"RESERVED. ","url":"\/1-1044\/","token":"1-1044"}},"previous_section":{"id":"26","structure_id":"10","section_number":"1-1028","catch_line":"SAME\u2014APPROVAL WITHOUT READING.","url":"\/1-1028\/","token":"1-1028"},"next_section":{"id":"48","structure_id":"10","section_number":"1-1030","catch_line":"ADDRESSING THE COUNCIL\u2014TIME ALLOWED.","url":"\/1-1030\/","token":"1-1030"},"references":false,"formats":{"txt":"\/1-1029.txt","json":"\/1-1029.xml"},"dublin_core":{"Title":"RULES OF DEBATE.","Type":"Text","Format":"text\/html","Identifier":"\u00a7 1-1029","Relation":"Code of State"},"plain_text":"                                  CODE OF STATE\n\nRULES OF DEBATE. (\u00a7 1-1029)\n\n(a) Presiding officer may debate and vote, etc. \nThe Mayor or such other member of the Council who may be presiding may move,\nsecond and debate from the chair, subject only to such limitations of debate as\nare by these rules imposed on all members and shall not be deprived of any\nrights and privileges of a Council member by reason of his acting as the\npresiding officer.\n\n(b) Getting the floor; improper references to be avoided. \nEvery member desiring to speak shall address the chair and, upon recognition by\nthe presiding officer, shall confine himself to the question under debate,\navoiding all personalities and indecorous language.\n\n(c) Interruptions. \nA member, once recognized, shall not be interrupted when speaking unless it be\nto call the member to order, or as herein otherwise provided. If a member, while\nspeaking, be called to order, the member shall cease speaking until the question\nof order be determined, and if in order, the member shall be permitted to\nproceed.\n\n(d) Privilege of closing debate. \nThe Council member moving the adoption of an ordinance or resolution shall have\nthe privilege of closing the debate.\n\n(e) Motion to reconsider. \nA motion to reconsider any action taken by the Council may be made only on the\nday such action was taken. It may be made either immediately during the same\nsession or at a recessed or adjourned session thereof. Such motion must be made\nby one of the prevailing side but may be seconded by any member and may be made\nat any time and have precedence over all other motions or while a member has the\nfloor; it shall be debatable. Nothing herein shall be construed to prevent any\nmember of the Council from making or remaking the same or any other motion at a\nsubsequent meeting of the Council.\n\n(f) Remarks of council member, when entered in minutes. \nA Council member may request, through the presiding officer, the privilege of\nhaving an abstract of the member&#8217;s statement on any subject under\nconsideration by the Council entered in the minutes. If the Council consents\nthereto, such statement shall be entered in the minutes. \n(Code 1959 , \u00a72-9)\n"}