{"law_id":"580","section_number":"1-1024","catch_line":"COMPENSATION AND ALLOWANCES OF THE MAYOR AND MEMBERS OF THE COUNCIL.","history":"","order_by":"1-1024","metadata":false,"url":"\/1-1024\/","token":"1-1024","structure":{"1":{"id":"10","name":"ARTICLE C. - COUNCIL MEETINGS AND PROCEDURE","identifier":"C","label":"article","url":"\/II\/1\/1\/C\/"},"2":{"id":"7","name":"CHAPTER 1. - MAYOR AND COUNCIL","identifier":"1","label":"chapter","url":"\/II\/1\/1\/"},"3":{"id":"6","name":"PART 1 - GENERAL GOVERNMENT","identifier":"1","label":"part","url":"\/II\/1\/"},"4":{"id":"5","name":"Division II - Planning and Development","identifier":"II","label":"division","url":"\/II\/"}},"referred_to_by":false,"edition_id":"1","section_id":"580","structure_id":"10","full_text":"(a) The Mayor shall be paid a salary of sixteen thousand dollars ($16,000.00) annually in monthly payments of one thousand three hundred thirty-three dollars and thirty-three cents ($1,333.33) with actual travel expenses paid through voucher request and shall be paid an additional sum of one hundred dollars ($100.00) per month, and said sum shall be an allowance for in-City expenses.\r\r(b) The Mayor Pro Tem shall be paid a salary of thirteen thousand dollars ($13,000.00) annually in monthly payments of one thousand eighty-three dollars and thirty-three cents ($1,083.33) with actual travel expenses paid through voucher request.\r\r(c) The remaining Council members shall be paid a salary of eleven thousand dollars ($11,000.00) annually in monthly payments of nine hundred sixteen dollars and sixty-seven cents ($916.67) with actual travel expenses paid through voucher request.\r\r(d) All Council members shall be paid an additional sum of one hundred fifty dollars ($150.00) per month, and said sum shall be an allowance for auto travel. Council members are eligible to participate in the City&#8217;s health and dental plans and may choose to have a cell phone allowance of up to forty-two dollars ($42.00) per month. Council members shall receive a salary increase of one thousand dollars ($1,000.00) annually for four (4) fiscal years beginning July 1, 2013. \n(Code 1959 , \u00a72-3.1; Ord. No. 1987-576A, \u00a7\u00a71\u20143, 6-18-87; Ord. No. 1990-468, \u00a7\u00a71\u20143, 1-2-90; Ord. No. 2012-69, \u00a71, 6-18-12, eff. 7-1-12) \nState law references: Authority of Mayor and Council to establish levels of compensation, G.S. 160-64.\r\r","text":{"0":{"id":"1614","text":"The Mayor shall be paid a salary of sixteen thousand dollars ($16,000.00) annually in monthly payments of one thousand three hundred thirty-three dollars and thirty-three cents ($1,333.33) with actual travel expenses paid through voucher request and shall be paid an additional sum of one hundred dollars ($100.00) per month, and said sum shall be an allowance for in-City expenses.","type":"section","prefixes":["(a)"],"prefix":"(a)","entire_prefix":"(a)","prefix_anchor":"(a)","level":1},"1":{"id":"1615","text":"The Mayor Pro Tem shall be paid a salary of thirteen thousand dollars ($13,000.00) annually in monthly payments of one thousand eighty-three dollars and thirty-three cents ($1,083.33) with actual travel expenses paid through voucher request.","type":"section","prefixes":["(b)"],"prefix":"(b)","entire_prefix":"(b)","prefix_anchor":"(b)","level":1},"2":{"id":"1616","text":"The remaining Council members shall be paid a salary of eleven thousand dollars ($11,000.00) annually in monthly payments of nine hundred sixteen dollars and sixty-seven cents ($916.67) with actual travel expenses paid through voucher request.","type":"section","prefixes":["(c)"],"prefix":"(c)","entire_prefix":"(c)","prefix_anchor":"(c)","level":1},"3":{"id":"1617","text":"All Council members shall be paid an additional sum of one hundred fifty dollars ($150.00) per month, and said sum shall be an allowance for auto travel. Council members are eligible to participate in the City&#8217;s health and dental plans and may choose to have a cell phone allowance of up to forty-two dollars ($42.00) per month. Council members shall receive a salary increase of one thousand dollars ($1,000.00) annually for four (4) fiscal years beginning July 1, 2013. \n(Code 1959 , \u00a72-3.1; Ord. No. 1987-576A, \u00a7\u00a71\u20143, 6-18-87; Ord. No. 1990-468, \u00a7\u00a71\u20143, 1-2-90; Ord. No. 2012-69, \u00a71, 6-18-12, eff. 7-1-12) \nState law references: Authority of Mayor and Council to establish levels of compensation, G.S. 160-64.","type":"section","prefixes":["(d)"],"prefix":"(d)","entire_prefix":"(d)","prefix_anchor":"(d)","level":1}},"ancestry":{"1":{"id":"10","name":"ARTICLE C. - COUNCIL MEETINGS AND PROCEDURE","identifier":"C","label":"article","url":"\/II\/1\/1\/C\/"},"2":{"id":"7","name":"CHAPTER 1. - MAYOR AND COUNCIL","identifier":"1","label":"chapter","url":"\/II\/1\/1\/"},"3":{"id":"6","name":"PART 1 - GENERAL GOVERNMENT","identifier":"1","label":"part","url":"\/II\/1\/"},"4":{"id":"5","name":"Division II - Planning and Development","identifier":"II","label":"division","url":"\/II\/"}},"structure_contents":{"0":{"id":"247","structure_id":"10","section_number":"1-1021","catch_line":"REGULAR MEETINGS, TIME.","url":"\/1-1021\/","token":"1-1021"},"1":{"id":"358","structure_id":"10","section_number":"1-1022","catch_line":"SPECIAL MEETINGS, CALLING, NOTICE, PUBLICIZING.","url":"\/1-1022\/","token":"1-1022"},"2":{"id":"469","structure_id":"10","section_number":"1-1023","catch_line":"PRESIDING OFFICER.","url":"\/1-1023\/","token":"1-1023"},"3":{"id":"580","structure_id":"10","section_number":"1-1024","catch_line":"COMPENSATION AND ALLOWANCES OF THE MAYOR AND MEMBERS OF THE COUNCIL.","url":"\/1-1024\/","token":"1-1024"},"4":{"id":"691","structure_id":"10","section_number":"1-1025","catch_line":"AGENDA.","url":"\/1-1025\/","token":"1-1025"},"5":{"id":"802","structure_id":"10","section_number":"1-1026","catch_line":"ORDER OF BUSINESS.","url":"\/1-1026\/","token":"1-1026"},"6":{"id":"913","structure_id":"10","section_number":"1-1027","catch_line":"MINUTES\u2014KEEPING, RECORDING, PRESENTING FOR APPROVAL, CORRECTION.","url":"\/1-1027\/","token":"1-1027"},"7":{"id":"26","structure_id":"10","section_number":"1-1028","catch_line":"SAME\u2014APPROVAL WITHOUT READING.","url":"\/1-1028\/","token":"1-1028"},"8":{"id":"37","structure_id":"10","section_number":"1-1029","catch_line":"RULES OF DEBATE.","url":"\/1-1029\/","token":"1-1029"},"9":{"id":"48","structure_id":"10","section_number":"1-1030","catch_line":"ADDRESSING THE COUNCIL\u2014TIME ALLOWED.","url":"\/1-1030\/","token":"1-1030"},"10":{"id":"59","structure_id":"10","section_number":"1-1031","catch_line":"SAME\u2014MANNER.","url":"\/1-1031\/","token":"1-1031"},"11":{"id":"70","structure_id":"10","section_number":"1-1032","catch_line":"SILENCE CONSTITUTES AFFIRMATIVE VOTE.","url":"\/1-1032\/","token":"1-1032"},"12":{"id":"81","structure_id":"10","section_number":"1-1033","catch_line":"DECORUM; REQUIRED.","url":"\/1-1033\/","token":"1-1033"},"13":{"id":"92","structure_id":"10","section_number":"1-1034","catch_line":"ENFORCEMENT OF DECORUM REQUIREMENTS.","url":"\/1-1034\/","token":"1-1034"},"14":{"id":"103","structure_id":"10","section_number":"1-1035","catch_line":"COUNCIL COMMITTEES; APPOINTING AUTHORITY.","url":"\/1-1035\/","token":"1-1035"},"15":{"id":"114","structure_id":"10","section_number":"1-1036","catch_line":"STANDING COMMITTEES; MEMBERSHIP; DESIGNATION.","url":"\/1-1036\/","token":"1-1036"},"16":{"id":"125","structure_id":"10","section_number":"1-1037","catch_line":"MATTERS REFERRED TO COMMITTEE.","url":"\/1-1037\/","token":"1-1037"},"17":{"id":"137","structure_id":"10","section_number":"1-1038","catch_line":"COMMITTEE REPORTS.","url":"\/1-1038\/","token":"1-1038"},"18":{"id":"148","structure_id":"10","section_number":"1-1039","catch_line":"COMMITTEES; RULES OF PROCEDURE APPLICABLE.","url":"\/1-1039\/","token":"1-1039"},"19":{"id":"159","structure_id":"10","section_number":"1-1040","catch_line":"PROTESTING COUNCIL ACTION BY MEMBER.","url":"\/1-1040\/","token":"1-1040"},"20":{"id":"170","structure_id":"10","section_number":"1-1041","catch_line":"ORDINANCES, RESOLUTIONS, MOTIONS AND CONTRACTS.","url":"\/1-1041\/","token":"1-1041"},"21":{"id":"181","structure_id":"10","section_number":"1-1042","catch_line":"NO DEBATE ON MOTION TO ADJOURN.","url":"\/1-1042\/","token":"1-1042"},"22":{"id":"192","structure_id":"10","section_number":"1-1043","catch_line":"ROBERT'S RULES OF ORDER, WHEN APPLICABLE.","url":"\/1-1043\/","token":"1-1043"},"23":{"id":"203","structure_id":"10","section_number":"1-1044","catch_line":"RESERVED.","url":"\/1-1044\/","token":"1-1044"},"24":{"id":"214","structure_id":"10","section_number":"1-1044","catch_line":"RESERVED. ","url":"\/1-1044\/","token":"1-1044"}},"previous_section":{"id":"469","structure_id":"10","section_number":"1-1023","catch_line":"PRESIDING OFFICER.","url":"\/1-1023\/","token":"1-1023"},"next_section":{"id":"691","structure_id":"10","section_number":"1-1025","catch_line":"AGENDA.","url":"\/1-1025\/","token":"1-1025"},"references":false,"formats":{"txt":"\/1-1024.txt","json":"\/1-1024.xml"},"dublin_core":{"Title":"COMPENSATION AND ALLOWANCES OF THE MAYOR AND MEMBERS OF THE COUNCIL.","Type":"Text","Format":"text\/html","Identifier":"\u00a7 1-1024","Relation":"Code of State"},"plain_text":"                                  CODE OF STATE\n\nCOMPENSATION AND ALLOWANCES OF THE MAYOR AND MEMBERS OF THE COUNCIL. (\u00a7 1-1024)\n\n(a) The Mayor shall be paid a salary of sixteen thousand dollars ($16,000.00)\nannually in monthly payments of one thousand three hundred thirty-three dollars\nand thirty-three cents ($1,333.33) with actual travel expenses paid through\nvoucher request and shall be paid an additional sum of one hundred dollars\n($100.00) per month, and said sum shall be an allowance for in-City expenses.\n\n(b) The Mayor Pro Tem shall be paid a salary of thirteen thousand dollars\n($13,000.00) annually in monthly payments of one thousand eighty-three dollars\nand thirty-three cents ($1,083.33) with actual travel expenses paid through\nvoucher request.\n\n(c) The remaining Council members shall be paid a salary of eleven thousand\ndollars ($11,000.00) annually in monthly payments of nine hundred sixteen\ndollars and sixty-seven cents ($916.67) with actual travel expenses paid through\nvoucher request.\n\n(d) All Council members shall be paid an additional sum of one hundred fifty\ndollars ($150.00) per month, and said sum shall be an allowance for auto travel.\nCouncil members are eligible to participate in the City&#8217;s health and\ndental plans and may choose to have a cell phone allowance of up to forty-two\ndollars ($42.00) per month. Council members shall receive a salary increase of\none thousand dollars ($1,000.00) annually for four (4) fiscal years beginning\nJuly 1, 2013. \n(Code 1959 , \u00a72-3.1; Ord. No. 1987-576A, \u00a7\u00a71\u20143, 6-18-87; Ord. No. 1990-468,\n\u00a7\u00a71\u20143, 1-2-90; Ord. No. 2012-69, \u00a71, 6-18-12, eff. 7-1-12) \nState law references: Authority of Mayor and Council to establish levels of\ncompensation, G.S. 160-64.\n"}