{"law_id":"802","section_number":"1-1026","catch_line":"ORDER OF BUSINESS.","history":"","order_by":"1-1026","metadata":false,"url":"\/1-1026\/","token":"1-1026","structure":{"1":{"id":"10","name":"ARTICLE C. - COUNCIL MEETINGS AND PROCEDURE","identifier":"C","label":"article","url":"\/II\/1\/1\/C\/"},"2":{"id":"7","name":"CHAPTER 1. - MAYOR AND COUNCIL","identifier":"1","label":"chapter","url":"\/II\/1\/1\/"},"3":{"id":"6","name":"PART 1 - GENERAL GOVERNMENT","identifier":"1","label":"part","url":"\/II\/1\/"},"4":{"id":"5","name":"Division II - Planning and Development","identifier":"II","label":"division","url":"\/II\/"}},"referred_to_by":false,"edition_id":"1","section_id":"802","structure_id":"10","full_text":"(b) The order of business may not be departed from except by consent of a majority of the Council present. \n(Ord. No. 1993-224, \u00a71, 7-6-93; Ord. No. 1998-454, \u00a71, 11-4-98) \nCharter references: Quorum and conduct of business, \u00a72.5; adoption of rules of procedure, \u00a72.6 \nState law reference: Meetings of public deliberative bodies, G.S. 143-318.1 et seq.\r\r","text":{"0":{"id":"2355","text":"","type":"section","prefixes":["(a)"],"prefix":"(a)","entire_prefix":"(a)","prefix_anchor":"(a)","level":1},"1":{"id":"2356","text":"\tConsent agenda.\n","type":"section","prefixes":["(a)","(1)"],"prefix":"(1)","entire_prefix":"(a)(1)","prefix_anchor":"(a)(1)","level":2},"2":{"id":"2357","text":"\tPlanning Commission report.\n","type":"section","prefixes":["(a)","(2)"],"prefix":"(2)","entire_prefix":"(a)(2)","prefix_anchor":"(a)(2)","level":2},"3":{"id":"2358","text":"\tSpecial items.\n","type":"section","prefixes":["(a)","(3)"],"prefix":"(3)","entire_prefix":"(a)(3)","prefix_anchor":"(a)(3)","level":2},"4":{"id":"2359","text":"\tReport and recommendation of the City Manager. \n","type":"section","prefixes":["(a)","(4)"],"prefix":"(4)","entire_prefix":"(a)(4)","prefix_anchor":"(a)(4)","level":2},"5":{"id":"2360","text":"\tCitizen committee reports.\n","type":"section","prefixes":["(a)","(5)"],"prefix":"(5)","entire_prefix":"(a)(5)","prefix_anchor":"(a)(5)","level":2},"6":{"id":"2361","text":"\tRequests and petitions of citizens.\n","type":"section","prefixes":["(a)","(6)"],"prefix":"(6)","entire_prefix":"(a)(6)","prefix_anchor":"(a)(6)","level":2},"7":{"id":"2362","text":"\tPublic hearings.\n","type":"section","prefixes":["(a)","(7)"],"prefix":"(7)","entire_prefix":"(a)(7)","prefix_anchor":"(a)(7)","level":2},"8":{"id":"2363","text":"\tCouncil committee reports. \n","type":"section","prefixes":["(a)","(8)"],"prefix":"(8)","entire_prefix":"(a)(8)","prefix_anchor":"(a)(8)","level":2},"9":{"id":"2364","text":"\tReport of Mayor and Council Members. \n(10)\tAppointments.\n","type":"section","prefixes":["(a)","(9)"],"prefix":"(9)","entire_prefix":"(a)(9)","prefix_anchor":"(a)(9)","level":2},"10":{"id":"2365","text":"\tReport and recommendation of City Attorney. \n","type":"section","prefixes":["(a)","(11"],"prefix":"(11","entire_prefix":"(a)(11","prefix_anchor":"(a)(11","level":2},"11":{"id":"2366","text":"\tReport and recommendation of City Clerk. \n","type":"section","prefixes":["(a)","(12"],"prefix":"(12","entire_prefix":"(a)(12","prefix_anchor":"(a)(12","level":2},"12":{"id":"2367","text":"The order of business may not be departed from except by consent of a majority of the Council present. \n(Ord. No. 1993-224, \u00a71, 7-6-93; Ord. No. 1998-454, \u00a71, 11-4-98) \nCharter references: Quorum and conduct of business, \u00a72.5; adoption of rules of procedure, \u00a72.6 \nState law reference: Meetings of public deliberative bodies, G.S. 143-318.1 et seq.","type":"section","prefixes":["(b)"],"prefix":"(b)","entire_prefix":"(b)","prefix_anchor":"(b)","level":1}},"ancestry":{"1":{"id":"10","name":"ARTICLE C. - COUNCIL MEETINGS AND PROCEDURE","identifier":"C","label":"article","url":"\/II\/1\/1\/C\/"},"2":{"id":"7","name":"CHAPTER 1. - MAYOR AND COUNCIL","identifier":"1","label":"chapter","url":"\/II\/1\/1\/"},"3":{"id":"6","name":"PART 1 - GENERAL GOVERNMENT","identifier":"1","label":"part","url":"\/II\/1\/"},"4":{"id":"5","name":"Division II - Planning and Development","identifier":"II","label":"division","url":"\/II\/"}},"structure_contents":{"0":{"id":"247","structure_id":"10","section_number":"1-1021","catch_line":"REGULAR MEETINGS, TIME.","url":"\/1-1021\/","token":"1-1021"},"1":{"id":"358","structure_id":"10","section_number":"1-1022","catch_line":"SPECIAL MEETINGS, CALLING, NOTICE, PUBLICIZING.","url":"\/1-1022\/","token":"1-1022"},"2":{"id":"469","structure_id":"10","section_number":"1-1023","catch_line":"PRESIDING OFFICER.","url":"\/1-1023\/","token":"1-1023"},"3":{"id":"580","structure_id":"10","section_number":"1-1024","catch_line":"COMPENSATION AND ALLOWANCES OF THE MAYOR AND MEMBERS OF THE COUNCIL.","url":"\/1-1024\/","token":"1-1024"},"4":{"id":"691","structure_id":"10","section_number":"1-1025","catch_line":"AGENDA.","url":"\/1-1025\/","token":"1-1025"},"5":{"id":"802","structure_id":"10","section_number":"1-1026","catch_line":"ORDER OF BUSINESS.","url":"\/1-1026\/","token":"1-1026"},"6":{"id":"913","structure_id":"10","section_number":"1-1027","catch_line":"MINUTES\u2014KEEPING, RECORDING, PRESENTING FOR APPROVAL, CORRECTION.","url":"\/1-1027\/","token":"1-1027"},"7":{"id":"26","structure_id":"10","section_number":"1-1028","catch_line":"SAME\u2014APPROVAL WITHOUT READING.","url":"\/1-1028\/","token":"1-1028"},"8":{"id":"37","structure_id":"10","section_number":"1-1029","catch_line":"RULES OF DEBATE.","url":"\/1-1029\/","token":"1-1029"},"9":{"id":"48","structure_id":"10","section_number":"1-1030","catch_line":"ADDRESSING THE COUNCIL\u2014TIME ALLOWED.","url":"\/1-1030\/","token":"1-1030"},"10":{"id":"59","structure_id":"10","section_number":"1-1031","catch_line":"SAME\u2014MANNER.","url":"\/1-1031\/","token":"1-1031"},"11":{"id":"70","structure_id":"10","section_number":"1-1032","catch_line":"SILENCE CONSTITUTES AFFIRMATIVE VOTE.","url":"\/1-1032\/","token":"1-1032"},"12":{"id":"81","structure_id":"10","section_number":"1-1033","catch_line":"DECORUM; REQUIRED.","url":"\/1-1033\/","token":"1-1033"},"13":{"id":"92","structure_id":"10","section_number":"1-1034","catch_line":"ENFORCEMENT OF DECORUM REQUIREMENTS.","url":"\/1-1034\/","token":"1-1034"},"14":{"id":"103","structure_id":"10","section_number":"1-1035","catch_line":"COUNCIL COMMITTEES; APPOINTING AUTHORITY.","url":"\/1-1035\/","token":"1-1035"},"15":{"id":"114","structure_id":"10","section_number":"1-1036","catch_line":"STANDING COMMITTEES; MEMBERSHIP; DESIGNATION.","url":"\/1-1036\/","token":"1-1036"},"16":{"id":"125","structure_id":"10","section_number":"1-1037","catch_line":"MATTERS REFERRED TO COMMITTEE.","url":"\/1-1037\/","token":"1-1037"},"17":{"id":"137","structure_id":"10","section_number":"1-1038","catch_line":"COMMITTEE REPORTS.","url":"\/1-1038\/","token":"1-1038"},"18":{"id":"148","structure_id":"10","section_number":"1-1039","catch_line":"COMMITTEES; RULES OF PROCEDURE APPLICABLE.","url":"\/1-1039\/","token":"1-1039"},"19":{"id":"159","structure_id":"10","section_number":"1-1040","catch_line":"PROTESTING COUNCIL ACTION BY MEMBER.","url":"\/1-1040\/","token":"1-1040"},"20":{"id":"170","structure_id":"10","section_number":"1-1041","catch_line":"ORDINANCES, RESOLUTIONS, MOTIONS AND CONTRACTS.","url":"\/1-1041\/","token":"1-1041"},"21":{"id":"181","structure_id":"10","section_number":"1-1042","catch_line":"NO DEBATE ON MOTION TO ADJOURN.","url":"\/1-1042\/","token":"1-1042"},"22":{"id":"192","structure_id":"10","section_number":"1-1043","catch_line":"ROBERT'S RULES OF ORDER, WHEN APPLICABLE.","url":"\/1-1043\/","token":"1-1043"},"23":{"id":"203","structure_id":"10","section_number":"1-1044","catch_line":"RESERVED.","url":"\/1-1044\/","token":"1-1044"},"24":{"id":"214","structure_id":"10","section_number":"1-1044","catch_line":"RESERVED. ","url":"\/1-1044\/","token":"1-1044"}},"previous_section":{"id":"691","structure_id":"10","section_number":"1-1025","catch_line":"AGENDA.","url":"\/1-1025\/","token":"1-1025"},"next_section":{"id":"913","structure_id":"10","section_number":"1-1027","catch_line":"MINUTES\u2014KEEPING, RECORDING, PRESENTING FOR APPROVAL, CORRECTION.","url":"\/1-1027\/","token":"1-1027"},"references":false,"formats":{"txt":"\/1-1026.txt","json":"\/1-1026.xml"},"dublin_core":{"Title":"ORDER OF BUSINESS.","Type":"Text","Format":"text\/html","Identifier":"\u00a7 1-1026","Relation":"Code of State"},"plain_text":"                                  CODE OF STATE\n\nORDER OF BUSINESS. (\u00a7 1-1026)\n\n(a) \n\n   (1) \tConsent agenda.\n   \n\n   (2) \tPlanning Commission report.\n   \n\n   (3) \tSpecial items.\n   \n\n   (4) \tReport and recommendation of the City Manager. \n   \n\n   (5) \tCitizen committee reports.\n   \n\n   (6) \tRequests and petitions of citizens.\n   \n\n   (7) \tPublic hearings.\n   \n\n   (8) \tCouncil committee reports. \n   \n\n   (9) \tReport of Mayor and Council Members. \n   (10)\tAppointments.\n   \n\n   (11. \tReport and recommendation of City Attorney. \n   \n\n   (12. \tReport and recommendation of City Clerk. \n   \n\n(b) The order of business may not be departed from except by consent of a\nmajority of the Council present. \n(Ord. No. 1993-224, \u00a71, 7-6-93; Ord. No. 1998-454, \u00a71, 11-4-98) \nCharter references: Quorum and conduct of business, \u00a72.5; adoption of rules of\nprocedure, \u00a72.6 \nState law reference: Meetings of public deliberative bodies, G.S. 143-318.1 et\nseq.\n"}