{"law_id":"292","edition_id":"1","section_id":"292","structure_id":"98","section_number":"1-2021","catch_line":"DUTIES AND RESPONSIBILITIES.","history":"","full_text":"(a) Attend each meeting of the Council and to keep the minutes and records of all the proceedings of the Council in well-bound books provided for that purpose.\r\r(b) Preserve all books, papers and writings of all kinds submitted to the Clerk.\r\r(c) Maintain custody of all signed petitions with reference to public improvements, and all contracts made and entered into by the City and of all notices and affidavits of publishers with reference to publication of ordinances, budgets or other legal advertisements required to be made by the City.\r\r(d) Maintain custody of the official corporate seal of the City and attest and affix the official seal to all documents or instruments of the City required to be so attested and sealed.\r\r(e) Maintain custody of all deeds or conveyances of all types made to the City, and it shall be the Clerk&#8217;s duty to file with the Register of Deeds of the County for the purpose of being recorded in the registry of the County.\r\r(f) Account and pay over all moneys which may come into the Clerk&#8217;s hands by virtue of the Clerk&#8217;s office.\r\r(g) The City Clerk is granted full discretion to advertise public hearings electronically in any manner and for any subject allowed by Chapter 161 of the Session Laws of 2003.\r\r(h) Perform such other duties as may be required by law or by the Council. \n(Ord. No. 2003-516, \u00a71, 9-16-03) \nCharter reference: Appointment, duties, \u00a7\u00a75.2, 5.3 \nState law references: Duties of the City Clerk, G.S. 160A-71; deputy Clerks, G.S. 160A-172.\r\r","order_by":"1-2021","text":{"0":{"id":"902","text":"Attend each meeting of the Council and to keep the minutes and records of all the proceedings of the Council in well-bound books provided for that purpose.","type":"section","prefixes":["(a)"],"prefix":"(a)","entire_prefix":"(a)","prefix_anchor":"(a)","level":1},"1":{"id":"903","text":"Preserve all books, papers and writings of all kinds submitted to the Clerk.","type":"section","prefixes":["(b)"],"prefix":"(b)","entire_prefix":"(b)","prefix_anchor":"(b)","level":1},"2":{"id":"904","text":"Maintain custody of all signed petitions with reference to public improvements, and all contracts made and entered into by the City and of all notices and affidavits of publishers with reference to publication of ordinances, budgets or other legal advertisements required to be made by the City.","type":"section","prefixes":["(c)"],"prefix":"(c)","entire_prefix":"(c)","prefix_anchor":"(c)","level":1},"3":{"id":"905","text":"Maintain custody of the official corporate seal of the City and attest and affix the official seal to all documents or instruments of the City required to be so attested and sealed.","type":"section","prefixes":["(d)"],"prefix":"(d)","entire_prefix":"(d)","prefix_anchor":"(d)","level":1},"4":{"id":"906","text":"Maintain custody of all deeds or conveyances of all types made to the City, and it shall be the Clerk&#8217;s duty to file with the Register of Deeds of the County for the purpose of being recorded in the registry of the County.","type":"section","prefixes":["(e)"],"prefix":"(e)","entire_prefix":"(e)","prefix_anchor":"(e)","level":1},"5":{"id":"907","text":"Account and pay over all moneys which may come into the Clerk&#8217;s hands by virtue of the Clerk&#8217;s office.","type":"section","prefixes":["(f)"],"prefix":"(f)","entire_prefix":"(f)","prefix_anchor":"(f)","level":1},"6":{"id":"908","text":"The City Clerk is granted full discretion to advertise public hearings electronically in any manner and for any subject allowed by Chapter 161 of the Session Laws of 2003.","type":"section","prefixes":["(g)"],"prefix":"(g)","entire_prefix":"(g)","prefix_anchor":"(g)","level":1},"7":{"id":"909","text":"Perform such other duties as may be required by law or by the Council. \n(Ord. No. 2003-516, \u00a71, 9-16-03) \nCharter reference: Appointment, duties, \u00a7\u00a75.2, 5.3 \nState law references: Duties of the City Clerk, G.S. 160A-71; deputy Clerks, G.S. 160A-172.","type":"section","prefixes":["(h)"],"prefix":"(h)","entire_prefix":"(h)","prefix_anchor":"(h)","level":1}},"ancestry":{"1":{"id":"98","name":"ARTICLE C. - CITY CLERK","identifier":"C","label":"article","url":"\/II\/1\/2\/C\/"},"2":{"id":"93","name":"CHAPTER 2. - ADMINISTRATIVE OFFICES [3]","identifier":"2","label":"chapter","url":"\/II\/1\/2\/"},"3":{"id":"6","name":"PART 1 - GENERAL GOVERNMENT","identifier":"1","label":"part","url":"\/II\/1\/"},"4":{"id":"5","name":"Division II - Planning and Development","identifier":"II","label":"division","url":"\/II\/"}},"structure_contents":{"0":{"id":"292","structure_id":"98","section_number":"1-2021","catch_line":"DUTIES AND RESPONSIBILITIES.","url":"\/1-2021\/","token":"1-2021"}},"metadata":false,"references":false,"url":"\/1-2021\/","token":"1-2021","formats":{"txt":"\/1-2021.txt","json":"\/1-2021.xml"},"dublin_core":{"Title":"DUTIES AND RESPONSIBILITIES.","Type":"Text","Format":"text\/html","Identifier":"\u00a7 1-2021","Relation":"Code of State"},"plain_text":"                                  CODE OF STATE\n\nDUTIES AND RESPONSIBILITIES. (\u00a7 1-2021)\n\n(a) Attend each meeting of the Council and to keep the minutes and records of\nall the proceedings of the Council in well-bound books provided for that\npurpose.\n\n(b) Preserve all books, papers and writings of all kinds submitted to the Clerk.\n\n(c) Maintain custody of all signed petitions with reference to public\nimprovements, and all contracts made and entered into by the City and of all\nnotices and affidavits of publishers with reference to publication of\nordinances, budgets or other legal advertisements required to be made by the\nCity.\n\n(d) Maintain custody of the official corporate seal of the City and attest and\naffix the official seal to all documents or instruments of the City required to\nbe so attested and sealed.\n\n(e) Maintain custody of all deeds or conveyances of all types made to the City,\nand it shall be the Clerk&#8217;s duty to file with the Register of Deeds of the\nCounty for the purpose of being recorded in the registry of the County.\n\n(f) Account and pay over all moneys which may come into the Clerk&#8217;s hands\nby virtue of the Clerk&#8217;s office.\n\n(g) The City Clerk is granted full discretion to advertise public hearings\nelectronically in any manner and for any subject allowed by Chapter 161 of the\nSession Laws of 2003.\n\n(h) Perform such other duties as may be required by law or by the Council. \n(Ord. No. 2003-516, \u00a71, 9-16-03) \nCharter reference: Appointment, duties, \u00a7\u00a75.2, 5.3 \nState law references: Duties of the City Clerk, G.S. 160A-71; deputy Clerks,\nG.S. 160A-172.\n"}