{"law_id":"248","edition_id":"1","section_id":"248","structure_id":"95","section_number":"1-2011","catch_line":"DUTIES AND RESPONSIBILITIES.","history":"","full_text":"It shall be the duty of the City Attorney to prosecute and to defend all suits-at-law or in equity in which the City may become the plaintiff or defendant in any such suit; to render advisory opinions to the Mayor, the Council, the City Manager, and the heads of the various departments of the City; and it shall be the City Attorney&#8217;s duty, when required to do so, to attend the meetings of the Council and to prepare such deeds, contracts, bonds and other legal papers as may be required for the City&#8217;s business, and to perform such other services of a legal nature as required by the Council. It shall be the duty of the City Attorney and the Associate City Attorneys to institute and litigate all civil actions and proceedings required for the foreclosure of liens against real estate on account of delinquent taxes and\/or assessments for special improvements, when requested to take such action by the Director of Finance or by the Council. The Council shall have power and authority to employ additional counsel in special cases when considered expedient by a majority of the Council. \nCharter reference: Appointment and duties, \u00a7\u00a75.2, 5.6 \nState law reference: Duties of City Attorney, G.S. 160A-173.","order_by":"1-2011","text":{"0":{"id":"781","text":"It shall be the duty of the City Attorney to prosecute and to defend all suits-at-law or in equity in which the City may become the plaintiff or defendant in any such suit; to render advisory opinions to the Mayor, the Council, the City Manager, and the heads of the various departments of the City; and it shall be the City Attorney&#8217;s duty, when required to do so, to attend the meetings of the Council and to prepare such deeds, contracts, bonds and other legal papers as may be required for the City&#8217;s business, and to perform such other services of a legal nature as required by the Council. It shall be the duty of the City Attorney and the Associate City Attorneys to institute and litigate all civil actions and proceedings required for the foreclosure of liens against real estate on account of delinquent taxes and\/or assessments for special improvements, when requested to take such action by the Director of Finance or by the Council. The Council shall have power and authority to employ additional counsel in special cases when considered expedient by a majority of the Council. \nCharter reference: Appointment and duties, \u00a7\u00a75.2, 5.6 \nState law reference: Duties of City Attorney, G.S. 160A-173.","type":"section","prefixes":[""],"prefix":"","entire_prefix":"","prefix_anchor":"","level":1}},"ancestry":{"1":{"id":"95","name":"ARTICLE B. - CITY ATTORNEY","identifier":"B","label":"article","url":"\/II\/1\/2\/B\/"},"2":{"id":"93","name":"CHAPTER 2. - ADMINISTRATIVE OFFICES [3]","identifier":"2","label":"chapter","url":"\/II\/1\/2\/"},"3":{"id":"6","name":"PART 1 - GENERAL GOVERNMENT","identifier":"1","label":"part","url":"\/II\/1\/"},"4":{"id":"5","name":"Division II - Planning and Development","identifier":"II","label":"division","url":"\/II\/"}},"structure_contents":{"0":{"id":"248","structure_id":"95","section_number":"1-2011","catch_line":"DUTIES AND RESPONSIBILITIES.","url":"\/1-2011\/","token":"1-2011"},"1":{"id":"259","structure_id":"95","section_number":"1-2012","catch_line":"PAYMENT OF CLAIMS.","url":"\/1-2012\/","token":"1-2012"},"2":{"id":"270","structure_id":"95","section_number":"1-2013","catch_line":"RESERVED.","url":"\/1-2013\/","token":"1-2013"},"3":{"id":"281","structure_id":"95","section_number":"1-2013","catch_line":"RESERVED. ","url":"\/1-2013\/","token":"1-2013"}},"next_section":{"id":"259","structure_id":"95","section_number":"1-2012","catch_line":"PAYMENT OF CLAIMS.","url":"\/1-2012\/","token":"1-2012"},"metadata":false,"references":false,"url":"\/1-2011\/","token":"1-2011","formats":{"txt":"\/1-2011.txt","json":"\/1-2011.xml"},"dublin_core":{"Title":"DUTIES AND RESPONSIBILITIES.","Type":"Text","Format":"text\/html","Identifier":"\u00a7 1-2011","Relation":"Code of State"},"plain_text":"                                  CODE OF STATE\n\nDUTIES AND RESPONSIBILITIES. (\u00a7 1-2011)\n\nIt shall be the duty of the City Attorney to prosecute and to defend all\nsuits-at-law or in equity in which the City may become the plaintiff or\ndefendant in any such suit; to render advisory opinions to the Mayor, the\nCouncil, the City Manager, and the heads of the various departments of the City;\nand it shall be the City Attorney&#8217;s duty, when required to do so, to\nattend the meetings of the Council and to prepare such deeds, contracts, bonds\nand other legal papers as may be required for the City&#8217;s business, and to\nperform such other services of a legal nature as required by the Council. It\nshall be the duty of the City Attorney and the Associate City Attorneys to\ninstitute and litigate all civil actions and proceedings required for the\nforeclosure of liens against real estate on account of delinquent taxes and\/or\nassessments for special improvements, when requested to take such action by the\nDirector of Finance or by the Council. The Council shall have power and\nauthority to employ additional counsel in special cases when considered\nexpedient by a majority of the Council. \nCharter reference: Appointment and duties, \u00a7\u00a75.2, 5.6 \nState law reference: Duties of City Attorney, G.S. 160A-173.\n"}