{"law_id":"236","edition_id":"1","section_id":"236","structure_id":"94","section_number":"1-2001","catch_line":"RESERVED.","history":"","full_text":"________________________________________\nFOOTNOTE(S):\n________________________________________\n&#8212; (4) &#8212; \nCharter reference: Appointment, powers and duties, etc., \u00a7\u00a73.1\u20143.4. (Back)\nState law reference: Powers, duties, etc., G.S. 160A-147 et seq. (Back)","order_by":"1-2001","text":{"0":{"id":"732","text":"________________________________________\nFOOTNOTE(S):\n________________________________________\n&#8212; (4) &#8212; \nCharter reference: Appointment, powers and duties, etc., \u00a7\u00a73.1\u20143.4. (Back)\nState law reference: Powers, duties, etc., G.S. 160A-147 et seq. (Back)","type":"section","prefixes":[""],"prefix":"","entire_prefix":"","prefix_anchor":"","level":1}},"ancestry":{"1":{"id":"94","name":"ARTICLE A. - CITY MANAGER [4]","identifier":"A","label":"article","url":"\/II\/1\/2\/A\/"},"2":{"id":"93","name":"CHAPTER 2. - ADMINISTRATIVE OFFICES [3]","identifier":"2","label":"chapter","url":"\/II\/1\/2\/"},"3":{"id":"6","name":"PART 1 - GENERAL GOVERNMENT","identifier":"1","label":"part","url":"\/II\/1\/"},"4":{"id":"5","name":"Division II - Planning and Development","identifier":"II","label":"division","url":"\/II\/"}},"structure_contents":{"0":{"id":"236","structure_id":"94","section_number":"1-2001","catch_line":"RESERVED.","url":"\/1-2001\/","token":"1-2001"}},"metadata":false,"references":false,"url":"\/1-2001\/","token":"1-2001","formats":{"txt":"\/1-2001.txt","json":"\/1-2001.xml"},"dublin_core":{"Title":"RESERVED.","Type":"Text","Format":"text\/html","Identifier":"\u00a7 1-2001","Relation":"Code of State"},"plain_text":"                                  CODE OF STATE\n\nRESERVED. (\u00a7 1-2001)\n\n________________________________________\nFOOTNOTE(S):\n________________________________________\n&#8212; (4) &#8212; \nCharter reference: Appointment, powers and duties, etc., \u00a7\u00a73.1\u20143.4. (Back)\nState law reference: Powers, duties, etc., G.S. 160A-147 et seq. (Back)\n"}