{"law_id":"259","section_number":"1-2012","catch_line":"PAYMENT OF CLAIMS.","history":"","order_by":"1-2012","metadata":false,"url":"\/1-2012\/","token":"1-2012","structure":{"1":{"id":"95","name":"ARTICLE B. - CITY ATTORNEY","identifier":"B","label":"article","url":"\/II\/1\/2\/B\/"},"2":{"id":"93","name":"CHAPTER 2. - ADMINISTRATIVE OFFICES [3]","identifier":"2","label":"chapter","url":"\/II\/1\/2\/"},"3":{"id":"6","name":"PART 1 - GENERAL GOVERNMENT","identifier":"1","label":"part","url":"\/II\/1\/"},"4":{"id":"5","name":"Division II - Planning and Development","identifier":"II","label":"division","url":"\/II\/"}},"referred_to_by":false,"edition_id":"1","section_id":"259","structure_id":"95","full_text":"No account or demand against the City, except those arising under valid contracts or under the provisions of the Workmen&#8217;s Compensation Act or a City ordinance, shall be paid until payment has been approved by the Council. Small tort claims against the City which do not exceed one hundred dollars ($100.00) shall be acted upon by the City Attorney without being reported in advance to the Council, and if approved, shall be paid from a fund appropriated by the Council for that purpose; but the City Attorney shall report his action on all such claims to the City Council not less often than every three (3) months. \n(Code 1959 , \u00a72-20) \nCross reference: Tort claims by the City, Part 14, Ch. 2.","text":{"0":{"id":"805","text":"No account or demand against the City, except those arising under valid contracts or under the provisions of the Workmen&#8217;s Compensation Act or a City ordinance, shall be paid until payment has been approved by the Council. Small tort claims against the City which do not exceed one hundred dollars ($100.00) shall be acted upon by the City Attorney without being reported in advance to the Council, and if approved, shall be paid from a fund appropriated by the Council for that purpose; but the City Attorney shall report his action on all such claims to the City Council not less often than every three (3) months. \n(Code 1959 , \u00a72-20) \nCross reference: Tort claims by the City, Part 14, Ch. 2.","type":"section","prefixes":[""],"prefix":"","entire_prefix":"","prefix_anchor":"","level":1}},"ancestry":{"1":{"id":"95","name":"ARTICLE B. - CITY ATTORNEY","identifier":"B","label":"article","url":"\/II\/1\/2\/B\/"},"2":{"id":"93","name":"CHAPTER 2. - ADMINISTRATIVE OFFICES [3]","identifier":"2","label":"chapter","url":"\/II\/1\/2\/"},"3":{"id":"6","name":"PART 1 - GENERAL GOVERNMENT","identifier":"1","label":"part","url":"\/II\/1\/"},"4":{"id":"5","name":"Division II - Planning and Development","identifier":"II","label":"division","url":"\/II\/"}},"structure_contents":{"0":{"id":"248","structure_id":"95","section_number":"1-2011","catch_line":"DUTIES AND RESPONSIBILITIES.","url":"\/1-2011\/","token":"1-2011"},"1":{"id":"259","structure_id":"95","section_number":"1-2012","catch_line":"PAYMENT OF CLAIMS.","url":"\/1-2012\/","token":"1-2012"},"2":{"id":"270","structure_id":"95","section_number":"1-2013","catch_line":"RESERVED.","url":"\/1-2013\/","token":"1-2013"},"3":{"id":"281","structure_id":"95","section_number":"1-2013","catch_line":"RESERVED. ","url":"\/1-2013\/","token":"1-2013"}},"previous_section":{"id":"248","structure_id":"95","section_number":"1-2011","catch_line":"DUTIES AND RESPONSIBILITIES.","url":"\/1-2011\/","token":"1-2011"},"next_section":{"id":"270","structure_id":"95","section_number":"1-2013","catch_line":"RESERVED.","url":"\/1-2013\/","token":"1-2013"},"references":false,"formats":{"txt":"\/1-2012.txt","json":"\/1-2012.xml"},"dublin_core":{"Title":"PAYMENT OF CLAIMS.","Type":"Text","Format":"text\/html","Identifier":"\u00a7 1-2012","Relation":"Code of State"},"plain_text":"                                  CODE OF STATE\n\nPAYMENT OF CLAIMS. (\u00a7 1-2012)\n\nNo account or demand against the City, except those arising under valid\ncontracts or under the provisions of the Workmen&#8217;s Compensation Act or a\nCity ordinance, shall be paid until payment has been approved by the Council.\nSmall tort claims against the City which do not exceed one hundred dollars\n($100.00) shall be acted upon by the City Attorney without being reported in\nadvance to the Council, and if approved, shall be paid from a fund appropriated\nby the Council for that purpose; but the City Attorney shall report his action\non all such claims to the City Council not less often than every three (3)\nmonths. \n(Code 1959 , \u00a72-20) \nCross reference: Tort claims by the City, Part 14, Ch. 2.\n"}