{"law_id":"403","edition_id":"1","section_id":"403","structure_id":"120","section_number":"1-4011","catch_line":"BOARD CREATED.","history":"","full_text":"There is hereby established an Environmental Advisory Board (hereinafter referred to as the Board) for the purpose of advising the City Council on maters related to the environment on which the Council deems it appropriate or necessary to receive advice. The Board will conduct only activities specifically referred to it by City Council. \n(Ord. No. 2006-56, \u00a71, 6-20-06)","order_by":"1-4011","text":{"0":{"id":"1119","text":"There is hereby established an Environmental Advisory Board (hereinafter referred to as the Board) for the purpose of advising the City Council on maters related to the environment on which the Council deems it appropriate or necessary to receive advice. The Board will conduct only activities specifically referred to it by City Council. \n(Ord. No. 2006-56, \u00a71, 6-20-06)","type":"section","prefixes":[""],"prefix":"","entire_prefix":"","prefix_anchor":"","level":1}},"ancestry":{"1":{"id":"120","name":"ARTICLE B. - ENVIRONMENTAL ADVISORY BOARD","identifier":"B","label":"article","url":"\/II\/1\/4\/B\/"},"2":{"id":"104","name":"CHAPTER 4. - BOARDS AND COMMISSIONS","identifier":"4","label":"chapter","url":"\/II\/1\/4\/"},"3":{"id":"6","name":"PART 1 - GENERAL GOVERNMENT","identifier":"1","label":"part","url":"\/II\/1\/"},"4":{"id":"5","name":"Division II - Planning and Development","identifier":"II","label":"division","url":"\/II\/"}},"structure_contents":{"0":{"id":"403","structure_id":"120","section_number":"1-4011","catch_line":"BOARD CREATED.","url":"\/1-4011\/","token":"1-4011"},"1":{"id":"414","structure_id":"120","section_number":"1-4012","catch_line":"MEMBERSHIP.","url":"\/1-4012\/","token":"1-4012"},"2":{"id":"425","structure_id":"120","section_number":"1-4013","catch_line":"ORGANIZATION.","url":"\/1-4013\/","token":"1-4013"},"3":{"id":"436","structure_id":"120","section_number":"1-4014","catch_line":"PURPOSE.","url":"\/1-4014\/","token":"1-4014"}},"next_section":{"id":"414","structure_id":"120","section_number":"1-4012","catch_line":"MEMBERSHIP.","url":"\/1-4012\/","token":"1-4012"},"metadata":false,"references":false,"url":"\/1-4011\/","token":"1-4011","formats":{"txt":"\/1-4011.txt","json":"\/1-4011.xml"},"dublin_core":{"Title":"BOARD CREATED.","Type":"Text","Format":"text\/html","Identifier":"\u00a7 1-4011","Relation":"Code of State"},"plain_text":"                                  CODE OF STATE\n\nBOARD CREATED. (\u00a7 1-4011)\n\nThere is hereby established an Environmental Advisory Board (hereinafter\nreferred to as the Board) for the purpose of advising the City Council on maters\nrelated to the environment on which the Council deems it appropriate or\nnecessary to receive advice. The Board will conduct only activities specifically\nreferred to it by City Council. \n(Ord. No. 2006-56, \u00a71, 6-20-06)\n"}