{"law_id":"370","section_number":"1-4004","catch_line":"REMOVALS.","history":"","order_by":"1-4004","metadata":false,"url":"\/1-4004\/","token":"1-4004","structure":{"1":{"id":"105","name":"ARTICLE A. - GENERAL PROVISIONS","identifier":"A","label":"article","url":"\/II\/1\/4\/A\/"},"2":{"id":"104","name":"CHAPTER 4. - BOARDS AND COMMISSIONS","identifier":"4","label":"chapter","url":"\/II\/1\/4\/"},"3":{"id":"6","name":"PART 1 - GENERAL GOVERNMENT","identifier":"1","label":"part","url":"\/II\/1\/"},"4":{"id":"5","name":"Division II - Planning and Development","identifier":"II","label":"division","url":"\/II\/"}},"referred_to_by":false,"edition_id":"1","section_id":"370","structure_id":"105","full_text":"Any member of any board who is absent without being excused from three (3) consecutive meetings of such board may, upon recommendation of the chairperson or otherwise designated officer of such board, be removed or replaced by the Council. \n(Res. 1976-18, \u00a73)","text":{"0":{"id":"1063","text":"Any member of any board who is absent without being excused from three (3) consecutive meetings of such board may, upon recommendation of the chairperson or otherwise designated officer of such board, be removed or replaced by the Council. \n(Res. 1976-18, \u00a73)","type":"section","prefixes":[""],"prefix":"","entire_prefix":"","prefix_anchor":"","level":1}},"ancestry":{"1":{"id":"105","name":"ARTICLE A. - GENERAL PROVISIONS","identifier":"A","label":"article","url":"\/II\/1\/4\/A\/"},"2":{"id":"104","name":"CHAPTER 4. - BOARDS AND COMMISSIONS","identifier":"4","label":"chapter","url":"\/II\/1\/4\/"},"3":{"id":"6","name":"PART 1 - GENERAL GOVERNMENT","identifier":"1","label":"part","url":"\/II\/1\/"},"4":{"id":"5","name":"Division II - Planning and Development","identifier":"II","label":"division","url":"\/II\/"}},"structure_contents":{"0":{"id":"336","structure_id":"105","section_number":"1-4001","catch_line":"DEFINITIONS.","url":"\/1-4001\/","token":"1-4001"},"1":{"id":"347","structure_id":"105","section_number":"1-4002","catch_line":"APPOINTMENTS.","url":"\/1-4002\/","token":"1-4002"},"2":{"id":"359","structure_id":"105","section_number":"1-4003","catch_line":"LIMITATION OF TERMS.","url":"\/1-4003\/","token":"1-4003"},"3":{"id":"370","structure_id":"105","section_number":"1-4004","catch_line":"REMOVALS.","url":"\/1-4004\/","token":"1-4004"},"4":{"id":"381","structure_id":"105","section_number":"1-4005","catch_line":"RESERVED.","url":"\/1-4005\/","token":"1-4005"},"5":{"id":"392","structure_id":"105","section_number":"1-4005","catch_line":"RESERVED. ","url":"\/1-4005\/","token":"1-4005"}},"previous_section":{"id":"359","structure_id":"105","section_number":"1-4003","catch_line":"LIMITATION OF TERMS.","url":"\/1-4003\/","token":"1-4003"},"next_section":{"id":"381","structure_id":"105","section_number":"1-4005","catch_line":"RESERVED.","url":"\/1-4005\/","token":"1-4005"},"references":false,"formats":{"txt":"\/1-4004.txt","json":"\/1-4004.xml"},"dublin_core":{"Title":"REMOVALS.","Type":"Text","Format":"text\/html","Identifier":"\u00a7 1-4004","Relation":"Code of State"},"plain_text":"                                  CODE OF STATE\n\nREMOVALS. (\u00a7 1-4004)\n\nAny member of any board who is absent without being excused from three (3)\nconsecutive meetings of such board may, upon recommendation of the chairperson\nor otherwise designated officer of such board, be removed or replaced by the\nCouncil. \n(Res. 1976-18, \u00a73)\n"}