{"law_id":"414","section_number":"1-4012","catch_line":"MEMBERSHIP.","history":"","order_by":"1-4012","metadata":false,"url":"\/1-4012\/","token":"1-4012","structure":{"1":{"id":"120","name":"ARTICLE B. - ENVIRONMENTAL ADVISORY BOARD","identifier":"B","label":"article","url":"\/II\/1\/4\/B\/"},"2":{"id":"104","name":"CHAPTER 4. - BOARDS AND COMMISSIONS","identifier":"4","label":"chapter","url":"\/II\/1\/4\/"},"3":{"id":"6","name":"PART 1 - GENERAL GOVERNMENT","identifier":"1","label":"part","url":"\/II\/1\/"},"4":{"id":"5","name":"Division II - Planning and Development","identifier":"II","label":"division","url":"\/II\/"}},"referred_to_by":false,"edition_id":"1","section_id":"414","structure_id":"120","full_text":"The Board created herein shall consist of nine (9) persons to be appointed by the City Council for a period of two (2) years. \n(Ord. No. 2006-56, \u00a71, 6-20-06; Ord. No. 2008-358, \u00a71, 3-4-08)","text":{"0":{"id":"1135","text":"The Board created herein shall consist of nine (9) persons to be appointed by the City Council for a period of two (2) years. \n(Ord. No. 2006-56, \u00a71, 6-20-06; Ord. No. 2008-358, \u00a71, 3-4-08)","type":"section","prefixes":[""],"prefix":"","entire_prefix":"","prefix_anchor":"","level":1}},"ancestry":{"1":{"id":"120","name":"ARTICLE B. - ENVIRONMENTAL ADVISORY BOARD","identifier":"B","label":"article","url":"\/II\/1\/4\/B\/"},"2":{"id":"104","name":"CHAPTER 4. - BOARDS AND COMMISSIONS","identifier":"4","label":"chapter","url":"\/II\/1\/4\/"},"3":{"id":"6","name":"PART 1 - GENERAL GOVERNMENT","identifier":"1","label":"part","url":"\/II\/1\/"},"4":{"id":"5","name":"Division II - Planning and Development","identifier":"II","label":"division","url":"\/II\/"}},"structure_contents":{"0":{"id":"403","structure_id":"120","section_number":"1-4011","catch_line":"BOARD CREATED.","url":"\/1-4011\/","token":"1-4011"},"1":{"id":"414","structure_id":"120","section_number":"1-4012","catch_line":"MEMBERSHIP.","url":"\/1-4012\/","token":"1-4012"},"2":{"id":"425","structure_id":"120","section_number":"1-4013","catch_line":"ORGANIZATION.","url":"\/1-4013\/","token":"1-4013"},"3":{"id":"436","structure_id":"120","section_number":"1-4014","catch_line":"PURPOSE.","url":"\/1-4014\/","token":"1-4014"}},"previous_section":{"id":"403","structure_id":"120","section_number":"1-4011","catch_line":"BOARD CREATED.","url":"\/1-4011\/","token":"1-4011"},"next_section":{"id":"425","structure_id":"120","section_number":"1-4013","catch_line":"ORGANIZATION.","url":"\/1-4013\/","token":"1-4013"},"references":false,"formats":{"txt":"\/1-4012.txt","json":"\/1-4012.xml"},"dublin_core":{"Title":"MEMBERSHIP.","Type":"Text","Format":"text\/html","Identifier":"\u00a7 1-4012","Relation":"Code of State"},"plain_text":"                                  CODE OF STATE\n\nMEMBERSHIP. (\u00a7 1-4012)\n\nThe Board created herein shall consist of nine (9) persons to be appointed by\nthe City Council for a period of two (2) years. \n(Ord. No. 2006-56, \u00a71, 6-20-06; Ord. No. 2008-358, \u00a71, 3-4-08)\n"}