{"law_id":"425","section_number":"1-4013","catch_line":"ORGANIZATION.","history":"","order_by":"1-4013","metadata":false,"url":"\/1-4013\/","token":"1-4013","structure":{"1":{"id":"120","name":"ARTICLE B. - ENVIRONMENTAL ADVISORY BOARD","identifier":"B","label":"article","url":"\/II\/1\/4\/B\/"},"2":{"id":"104","name":"CHAPTER 4. - BOARDS AND COMMISSIONS","identifier":"4","label":"chapter","url":"\/II\/1\/4\/"},"3":{"id":"6","name":"PART 1 - GENERAL GOVERNMENT","identifier":"1","label":"part","url":"\/II\/1\/"},"4":{"id":"5","name":"Division II - Planning and Development","identifier":"II","label":"division","url":"\/II\/"}},"referred_to_by":false,"edition_id":"1","section_id":"425","structure_id":"120","full_text":"The Board shall organize and adopt administrative rules and procedures necessary to accomplish its purposes, and elect from its members a chairperson and a vice-chairperson. \nAll regular and special meetings of the Board shall be open to the public as governed by North Carolina General Statute Section 143-318(1), Meetings of Governmental Bodies. Any person shall be entitled and encouraged to appear and be heard on any matter pertaining to environmental management issues referred by the Council to the Board. \nRegular Board meetings shall be held quarterly. The chairperson or, in his\/her absence, the vice-chairperson may call a special meeting of the Board at any time giving oral or written notice, in compliance with North Carolina General Statutes governing meetings, to all members. Special meetings shall be scheduled upon request of four (4) or more Board members. Notice of special meetings shall comply with open meeting laws. \n(Ord. No. 2006-56, \u00a71, 6-20-06)","text":{"0":{"id":"1146","text":"The Board shall organize and adopt administrative rules and procedures necessary to accomplish its purposes, and elect from its members a chairperson and a vice-chairperson. \nAll regular and special meetings of the Board shall be open to the public as governed by North Carolina General Statute Section 143-318(1), Meetings of Governmental Bodies. Any person shall be entitled and encouraged to appear and be heard on any matter pertaining to environmental management issues referred by the Council to the Board. \nRegular Board meetings shall be held quarterly. The chairperson or, in his\/her absence, the vice-chairperson may call a special meeting of the Board at any time giving oral or written notice, in compliance with North Carolina General Statutes governing meetings, to all members. Special meetings shall be scheduled upon request of four (4) or more Board members. Notice of special meetings shall comply with open meeting laws. \n(Ord. No. 2006-56, \u00a71, 6-20-06)","type":"section","prefixes":[""],"prefix":"","entire_prefix":"","prefix_anchor":"","level":1}},"ancestry":{"1":{"id":"120","name":"ARTICLE B. - ENVIRONMENTAL ADVISORY BOARD","identifier":"B","label":"article","url":"\/II\/1\/4\/B\/"},"2":{"id":"104","name":"CHAPTER 4. - BOARDS AND COMMISSIONS","identifier":"4","label":"chapter","url":"\/II\/1\/4\/"},"3":{"id":"6","name":"PART 1 - GENERAL GOVERNMENT","identifier":"1","label":"part","url":"\/II\/1\/"},"4":{"id":"5","name":"Division II - Planning and Development","identifier":"II","label":"division","url":"\/II\/"}},"structure_contents":{"0":{"id":"403","structure_id":"120","section_number":"1-4011","catch_line":"BOARD CREATED.","url":"\/1-4011\/","token":"1-4011"},"1":{"id":"414","structure_id":"120","section_number":"1-4012","catch_line":"MEMBERSHIP.","url":"\/1-4012\/","token":"1-4012"},"2":{"id":"425","structure_id":"120","section_number":"1-4013","catch_line":"ORGANIZATION.","url":"\/1-4013\/","token":"1-4013"},"3":{"id":"436","structure_id":"120","section_number":"1-4014","catch_line":"PURPOSE.","url":"\/1-4014\/","token":"1-4014"}},"previous_section":{"id":"414","structure_id":"120","section_number":"1-4012","catch_line":"MEMBERSHIP.","url":"\/1-4012\/","token":"1-4012"},"next_section":{"id":"436","structure_id":"120","section_number":"1-4014","catch_line":"PURPOSE.","url":"\/1-4014\/","token":"1-4014"},"references":false,"formats":{"txt":"\/1-4013.txt","json":"\/1-4013.xml"},"dublin_core":{"Title":"ORGANIZATION.","Type":"Text","Format":"text\/html","Identifier":"\u00a7 1-4013","Relation":"Code of State"},"plain_text":"                                  CODE OF STATE\n\nORGANIZATION. (\u00a7 1-4013)\n\nThe Board shall organize and adopt administrative rules and procedures necessary\nto accomplish its purposes, and elect from its members a chairperson and a\nvice-chairperson. \nAll regular and special meetings of the Board shall be open to the public as\ngoverned by North Carolina General Statute Section 143-318(1), Meetings of\nGovernmental Bodies. Any person shall be entitled and encouraged to appear and\nbe heard on any matter pertaining to environmental management issues referred by\nthe Council to the Board. \nRegular Board meetings shall be held quarterly. The chairperson or, in his\/her\nabsence, the vice-chairperson may call a special meeting of the Board at any\ntime giving oral or written notice, in compliance with North Carolina General\nStatutes governing meetings, to all members. Special meetings shall be scheduled\nupon request of four (4) or more Board members. Notice of special meetings shall\ncomply with open meeting laws. \n(Ord. No. 2006-56, \u00a71, 6-20-06)\n"}