{"law_id":"336","edition_id":"1","section_id":"336","structure_id":"105","section_number":"1-4001","catch_line":"DEFINITIONS.","history":"","full_text":"(a) As used in this article, the term board or commission shall mean any committee, subcommittee, commission, board or authority, or other similar agency or group whether advisory, managerial or quasi-judicial, which is appointed or elected to serve the government of the City.\r\r(b) As used in this article, the term member shall mean any person appointed, reappointed or confirmed as a member of a board. \n(Res. 1976-18, \u00a71; Ord. No. 1981-617, \u00a7\u00a71, 2, 3-17-81)\r\r","order_by":"1-4001","text":{"0":{"id":"1004","text":"As used in this article, the term board or commission shall mean any committee, subcommittee, commission, board or authority, or other similar agency or group whether advisory, managerial or quasi-judicial, which is appointed or elected to serve the government of the City.","type":"section","prefixes":["(a)"],"prefix":"(a)","entire_prefix":"(a)","prefix_anchor":"(a)","level":1},"1":{"id":"1005","text":"As used in this article, the term member shall mean any person appointed, reappointed or confirmed as a member of a board. \n(Res. 1976-18, \u00a71; Ord. No. 1981-617, \u00a7\u00a71, 2, 3-17-81)","type":"section","prefixes":["(b)"],"prefix":"(b)","entire_prefix":"(b)","prefix_anchor":"(b)","level":1}},"ancestry":{"1":{"id":"105","name":"ARTICLE A. - GENERAL PROVISIONS","identifier":"A","label":"article","url":"\/II\/1\/4\/A\/"},"2":{"id":"104","name":"CHAPTER 4. - BOARDS AND COMMISSIONS","identifier":"4","label":"chapter","url":"\/II\/1\/4\/"},"3":{"id":"6","name":"PART 1 - GENERAL GOVERNMENT","identifier":"1","label":"part","url":"\/II\/1\/"},"4":{"id":"5","name":"Division II - Planning and Development","identifier":"II","label":"division","url":"\/II\/"}},"structure_contents":{"0":{"id":"336","structure_id":"105","section_number":"1-4001","catch_line":"DEFINITIONS.","url":"\/1-4001\/","token":"1-4001"},"1":{"id":"347","structure_id":"105","section_number":"1-4002","catch_line":"APPOINTMENTS.","url":"\/1-4002\/","token":"1-4002"},"2":{"id":"359","structure_id":"105","section_number":"1-4003","catch_line":"LIMITATION OF TERMS.","url":"\/1-4003\/","token":"1-4003"},"3":{"id":"370","structure_id":"105","section_number":"1-4004","catch_line":"REMOVALS.","url":"\/1-4004\/","token":"1-4004"},"4":{"id":"381","structure_id":"105","section_number":"1-4005","catch_line":"RESERVED.","url":"\/1-4005\/","token":"1-4005"},"5":{"id":"392","structure_id":"105","section_number":"1-4005","catch_line":"RESERVED. ","url":"\/1-4005\/","token":"1-4005"}},"next_section":{"id":"347","structure_id":"105","section_number":"1-4002","catch_line":"APPOINTMENTS.","url":"\/1-4002\/","token":"1-4002"},"metadata":false,"references":false,"url":"\/1-4001\/","token":"1-4001","formats":{"txt":"\/1-4001.txt","json":"\/1-4001.xml"},"dublin_core":{"Title":"DEFINITIONS.","Type":"Text","Format":"text\/html","Identifier":"\u00a7 1-4001","Relation":"Code of State"},"plain_text":"                                  CODE OF STATE\n\nDEFINITIONS. (\u00a7 1-4001)\n\n(a) As used in this article, the term board or commission shall mean any\ncommittee, subcommittee, commission, board or authority, or other similar agency\nor group whether advisory, managerial or quasi-judicial, which is appointed or\nelected to serve the government of the City.\n\n(b) As used in this article, the term member shall mean any person appointed,\nreappointed or confirmed as a member of a board. \n(Res. 1976-18, \u00a71; Ord. No. 1981-617, \u00a7\u00a71, 2, 3-17-81)\n"}