{"law_id":"347","section_number":"1-4002","catch_line":"APPOINTMENTS.","history":"","order_by":"1-4002","metadata":false,"url":"\/1-4002\/","token":"1-4002","structure":{"1":{"id":"105","name":"ARTICLE A. - GENERAL PROVISIONS","identifier":"A","label":"article","url":"\/II\/1\/4\/A\/"},"2":{"id":"104","name":"CHAPTER 4. - BOARDS AND COMMISSIONS","identifier":"4","label":"chapter","url":"\/II\/1\/4\/"},"3":{"id":"6","name":"PART 1 - GENERAL GOVERNMENT","identifier":"1","label":"part","url":"\/II\/1\/"},"4":{"id":"5","name":"Division II - Planning and Development","identifier":"II","label":"division","url":"\/II\/"}},"referred_to_by":false,"edition_id":"1","section_id":"347","structure_id":"105","full_text":"(a) All appointments made by the City Council to any commission shall be upon the basis of recommendations made by the Mayor or a member of the Council, and final appointments in all cases shall be made by the Council.\r\r(b) Nominations for appointment of a citizen other than a member of the Council to any committee, commission or board shall be made openly at a regular Council meeting, and no such appointment shall be made except at a regular Council meeting held subsequent to the meeting at which nominations were received. If nominations to fill a vacancy are made at more than one (1) Council meeting, the appointment shall be made at a regular meeting subsequent to the last meeting at which nominations were made. All persons selected for membership on any committee, commission or board shall be residents of the City unless otherwise specified by the ordinance or resolution establishing the body. In cases where City residency is a requirement for membership, the member shall forfeit his seat upon removing his residence from the City.\r\r(c) By majority vote of the members of the Council, the Council may declare nominations for an appointment to be closed at any regular meeting.\r\r(d) If, by reason of the nature or number of vacancies on a committee, commission or board, an immediate appointment or appointments are required, the Council in its discretion may waive the requirements of this section by a majority vote of the members of the Council. Once a person has served six (6) years on any board or commission, they are not eligible for reappointment to that board or commission for a two-year period.\r\r(e) The City Clerk shall inform the Council at least sixty (60) days prior to the expiration of a term on any committee, commission or board, and any member of a committee, commission or board resigning prior to the expiration of his term shall give written notice thereof to the Council through the Mayor or the City Clerk.\r\r(f) A member of a committee, commission or board shall continue to serve upon expiration of his term until his successor is duly named and qualified, or unless he resigns.\r\r(g) All appointments to every commission of the City shall be on the basis of a two-year term, except for the incumbent appointees whose reappointment for two (2) years would cause the six-year limitation set out in subsection (a) to be exceeded. Any such incumbents reappointed shall be reappointed for a period which, added to their previous service, shall constitute six (6) years. Appointments shall be staggered to the end that there shall always be one (1) or more incumbents upon any commission.\r\r(h) Any City board or commission which desires to have bylaws shall first have the content of such bylaws approved by the City Council. Any amendments to previously approved bylaws shall also require City Council approval. The City Council shall not approve any bylaws which are in conflict with this article or any other section of this Code. Any bylaws in use on November 21, 1989, shall be submitted to the City Council for approval and shall become null and void if not approved by the City Council within ninety (90) days from November 21, 1989. \n(Code 1959 , \u00a72-18.1; Res. 1974-160A, \u00a72; Ord. No. 1979-76, 5-1-79; Ord. No. 1981-617, \u00a73, 3-17-81; Ord. No. 1984-392, \u00a71, 8-7-84; Ord. No. 1986-761, \u00a71, 4-1-86; Ord. No. 1989-462, \u00a71, 11-21-89; Ord. No. 1993-161, \u00a71, 4-6-93)\r\r","text":{"0":{"id":"1016","text":"All appointments made by the City Council to any commission shall be upon the basis of recommendations made by the Mayor or a member of the Council, and final appointments in all cases shall be made by the Council.","type":"section","prefixes":["(a)"],"prefix":"(a)","entire_prefix":"(a)","prefix_anchor":"(a)","level":1},"1":{"id":"1017","text":"Nominations for appointment of a citizen other than a member of the Council to any committee, commission or board shall be made openly at a regular Council meeting, and no such appointment shall be made except at a regular Council meeting held subsequent to the meeting at which nominations were received. If nominations to fill a vacancy are made at more than one (1) Council meeting, the appointment shall be made at a regular meeting subsequent to the last meeting at which nominations were made. All persons selected for membership on any committee, commission or board shall be residents of the City unless otherwise specified by the ordinance or resolution establishing the body. In cases where City residency is a requirement for membership, the member shall forfeit his seat upon removing his residence from the City.","type":"section","prefixes":["(b)"],"prefix":"(b)","entire_prefix":"(b)","prefix_anchor":"(b)","level":1},"2":{"id":"1018","text":"By majority vote of the members of the Council, the Council may declare nominations for an appointment to be closed at any regular meeting.","type":"section","prefixes":["(c)"],"prefix":"(c)","entire_prefix":"(c)","prefix_anchor":"(c)","level":1},"3":{"id":"1019","text":"If, by reason of the nature or number of vacancies on a committee, commission or board, an immediate appointment or appointments are required, the Council in its discretion may waive the requirements of this section by a majority vote of the members of the Council. Once a person has served six (6) years on any board or commission, they are not eligible for reappointment to that board or commission for a two-year period.","type":"section","prefixes":["(d)"],"prefix":"(d)","entire_prefix":"(d)","prefix_anchor":"(d)","level":1},"4":{"id":"1020","text":"The City Clerk shall inform the Council at least sixty (60) days prior to the expiration of a term on any committee, commission or board, and any member of a committee, commission or board resigning prior to the expiration of his term shall give written notice thereof to the Council through the Mayor or the City Clerk.","type":"section","prefixes":["(e)"],"prefix":"(e)","entire_prefix":"(e)","prefix_anchor":"(e)","level":1},"5":{"id":"1021","text":"A member of a committee, commission or board shall continue to serve upon expiration of his term until his successor is duly named and qualified, or unless he resigns.","type":"section","prefixes":["(f)"],"prefix":"(f)","entire_prefix":"(f)","prefix_anchor":"(f)","level":1},"6":{"id":"1022","text":"All appointments to every commission of the City shall be on the basis of a two-year term, except for the incumbent appointees whose reappointment for two (2) years would cause the six-year limitation set out in subsection (a) to be exceeded. Any such incumbents reappointed shall be reappointed for a period which, added to their previous service, shall constitute six (6) years. Appointments shall be staggered to the end that there shall always be one (1) or more incumbents upon any commission.","type":"section","prefixes":["(g)"],"prefix":"(g)","entire_prefix":"(g)","prefix_anchor":"(g)","level":1},"7":{"id":"1023","text":"Any City board or commission which desires to have bylaws shall first have the content of such bylaws approved by the City Council. Any amendments to previously approved bylaws shall also require City Council approval. The City Council shall not approve any bylaws which are in conflict with this article or any other section of this Code. Any bylaws in use on November 21, 1989, shall be submitted to the City Council for approval and shall become null and void if not approved by the City Council within ninety (90) days from November 21, 1989. \n(Code 1959 , \u00a72-18.1; Res. 1974-160A, \u00a72; Ord. No. 1979-76, 5-1-79; Ord. No. 1981-617, \u00a73, 3-17-81; Ord. No. 1984-392, \u00a71, 8-7-84; Ord. No. 1986-761, \u00a71, 4-1-86; Ord. No. 1989-462, \u00a71, 11-21-89; Ord. No. 1993-161, \u00a71, 4-6-93)","type":"section","prefixes":["(h)"],"prefix":"(h)","entire_prefix":"(h)","prefix_anchor":"(h)","level":1}},"ancestry":{"1":{"id":"105","name":"ARTICLE A. - GENERAL PROVISIONS","identifier":"A","label":"article","url":"\/II\/1\/4\/A\/"},"2":{"id":"104","name":"CHAPTER 4. - BOARDS AND COMMISSIONS","identifier":"4","label":"chapter","url":"\/II\/1\/4\/"},"3":{"id":"6","name":"PART 1 - GENERAL GOVERNMENT","identifier":"1","label":"part","url":"\/II\/1\/"},"4":{"id":"5","name":"Division II - Planning and Development","identifier":"II","label":"division","url":"\/II\/"}},"structure_contents":{"0":{"id":"336","structure_id":"105","section_number":"1-4001","catch_line":"DEFINITIONS.","url":"\/1-4001\/","token":"1-4001"},"1":{"id":"347","structure_id":"105","section_number":"1-4002","catch_line":"APPOINTMENTS.","url":"\/1-4002\/","token":"1-4002"},"2":{"id":"359","structure_id":"105","section_number":"1-4003","catch_line":"LIMITATION OF TERMS.","url":"\/1-4003\/","token":"1-4003"},"3":{"id":"370","structure_id":"105","section_number":"1-4004","catch_line":"REMOVALS.","url":"\/1-4004\/","token":"1-4004"},"4":{"id":"381","structure_id":"105","section_number":"1-4005","catch_line":"RESERVED.","url":"\/1-4005\/","token":"1-4005"},"5":{"id":"392","structure_id":"105","section_number":"1-4005","catch_line":"RESERVED. ","url":"\/1-4005\/","token":"1-4005"}},"previous_section":{"id":"336","structure_id":"105","section_number":"1-4001","catch_line":"DEFINITIONS.","url":"\/1-4001\/","token":"1-4001"},"next_section":{"id":"359","structure_id":"105","section_number":"1-4003","catch_line":"LIMITATION OF TERMS.","url":"\/1-4003\/","token":"1-4003"},"references":false,"formats":{"txt":"\/1-4002.txt","json":"\/1-4002.xml"},"dublin_core":{"Title":"APPOINTMENTS.","Type":"Text","Format":"text\/html","Identifier":"\u00a7 1-4002","Relation":"Code of State"},"plain_text":"                                  CODE OF STATE\n\nAPPOINTMENTS. (\u00a7 1-4002)\n\n(a) All appointments made by the City Council to any commission shall be upon\nthe basis of recommendations made by the Mayor or a member of the Council, and\nfinal appointments in all cases shall be made by the Council.\n\n(b) Nominations for appointment of a citizen other than a member of the Council\nto any committee, commission or board shall be made openly at a regular Council\nmeeting, and no such appointment shall be made except at a regular Council\nmeeting held subsequent to the meeting at which nominations were received. If\nnominations to fill a vacancy are made at more than one (1) Council meeting, the\nappointment shall be made at a regular meeting subsequent to the last meeting at\nwhich nominations were made. All persons selected for membership on any\ncommittee, commission or board shall be residents of the City unless otherwise\nspecified by the ordinance or resolution establishing the body. In cases where\nCity residency is a requirement for membership, the member shall forfeit his\nseat upon removing his residence from the City.\n\n(c) By majority vote of the members of the Council, the Council may declare\nnominations for an appointment to be closed at any regular meeting.\n\n(d) If, by reason of the nature or number of vacancies on a committee,\ncommission or board, an immediate appointment or appointments are required, the\nCouncil in its discretion may waive the requirements of this section by a\nmajority vote of the members of the Council. Once a person has served six (6)\nyears on any board or commission, they are not eligible for reappointment to\nthat board or commission for a two-year period.\n\n(e) The City Clerk shall inform the Council at least sixty (60) days prior to\nthe expiration of a term on any committee, commission or board, and any member\nof a committee, commission or board resigning prior to the expiration of his\nterm shall give written notice thereof to the Council through the Mayor or the\nCity Clerk.\n\n(f) A member of a committee, commission or board shall continue to serve upon\nexpiration of his term until his successor is duly named and qualified, or\nunless he resigns.\n\n(g) All appointments to every commission of the City shall be on the basis of a\ntwo-year term, except for the incumbent appointees whose reappointment for two\n(2) years would cause the six-year limitation set out in subsection (a) to be\nexceeded. Any such incumbents reappointed shall be reappointed for a period\nwhich, added to their previous service, shall constitute six (6) years.\nAppointments shall be staggered to the end that there shall always be one (1) or\nmore incumbents upon any commission.\n\n(h) Any City board or commission which desires to have bylaws shall first have\nthe content of such bylaws approved by the City Council. Any amendments to\npreviously approved bylaws shall also require City Council approval. The City\nCouncil shall not approve any bylaws which are in conflict with this article or\nany other section of this Code. Any bylaws in use on November 21, 1989, shall be\nsubmitted to the City Council for approval and shall become null and void if not\napproved by the City Council within ninety (90) days from November 21, 1989. \n(Code 1959 , \u00a72-18.1; Res. 1974-160A, \u00a72; Ord. No. 1979-76, 5-1-79; Ord. No.\n1981-617, \u00a73, 3-17-81; Ord. No. 1984-392, \u00a71, 8-7-84; Ord. No. 1986-761, \u00a71,\n4-1-86; Ord. No. 1989-462, \u00a71, 11-21-89; Ord. No. 1993-161, \u00a71, 4-6-93)\n"}