{"law_id":"383","section_number":"11-2023","catch_line":"TRAFFIC REGULATION AND PEDESTRIAN SAFETY.","history":"","order_by":"11-2023","metadata":false,"url":"\/11-2023\/","token":"11-2023","structure":{"1":{"id":"117","name":"ARTICLE B. - ADMINISTRATION AND ENFORCEMENT","identifier":"B","label":"article","url":"\/II\/11\/2\/B\/"},"2":{"id":"115","name":"CHAPTER 2. - MOTOR VEHICLES AND TRAFFIC","identifier":"2","label":"chapter","url":"\/II\/11\/2\/"},"3":{"id":"110","name":"PART 11 - TRANSPORTATION","identifier":"11","label":"part","url":"\/II\/11\/"},"4":{"id":"5","name":"Division II - Planning and Development","identifier":"II","label":"division","url":"\/II\/"}},"referred_to_by":false,"edition_id":"1","section_id":"383","structure_id":"117","full_text":"In the event that it becomes immediately necessary to protect the safety of motorists and pedestrians, the law enforcement officers of the City may direct traffic as required and may place temporary official traffic-control devices without regard to the other provisions of this chapter. No person may refuse to comply with a lawful order of a law enforcement officer when the order is given under the authority of this section.","text":{"0":{"id":"1077","text":"In the event that it becomes immediately necessary to protect the safety of motorists and pedestrians, the law enforcement officers of the City may direct traffic as required and may place temporary official traffic-control devices without regard to the other provisions of this chapter. No person may refuse to comply with a lawful order of a law enforcement officer when the order is given under the authority of this section.","type":"section","prefixes":[""],"prefix":"","entire_prefix":"","prefix_anchor":"","level":1}},"ancestry":{"1":{"id":"117","name":"ARTICLE B. - ADMINISTRATION AND ENFORCEMENT","identifier":"B","label":"article","url":"\/II\/11\/2\/B\/"},"2":{"id":"115","name":"CHAPTER 2. - MOTOR VEHICLES AND TRAFFIC","identifier":"2","label":"chapter","url":"\/II\/11\/2\/"},"3":{"id":"110","name":"PART 11 - TRANSPORTATION","identifier":"11","label":"part","url":"\/II\/11\/"},"4":{"id":"5","name":"Division II - Planning and Development","identifier":"II","label":"division","url":"\/II\/"}},"structure_contents":{"0":{"id":"380","structure_id":"117","section_number":"11-2021","catch_line":"IN GENERAL.","url":"\/11-2021\/","token":"11-2021"},"1":{"id":"382","structure_id":"117","section_number":"11-2022","catch_line":"ACCIDENT INVESTIGATION.","url":"\/11-2022\/","token":"11-2022"},"2":{"id":"383","structure_id":"117","section_number":"11-2023","catch_line":"TRAFFIC REGULATION AND PEDESTRIAN SAFETY.","url":"\/11-2023\/","token":"11-2023"},"3":{"id":"384","structure_id":"117","section_number":"11-2024","catch_line":"RESERVED.","url":"\/11-2024\/","token":"11-2024"},"4":{"id":"385","structure_id":"117","section_number":"11-2025","catch_line":"CIVIL PENALTIES.","url":"\/11-2025\/","token":"11-2025"},"5":{"id":"386","structure_id":"117","section_number":"11-2026","catch_line":"REMOVAL OF A TRAFFIC TICKET.","url":"\/11-2026\/","token":"11-2026"},"6":{"id":"387","structure_id":"117","section_number":"11-2027","catch_line":"ALTERATION OF A TRAFFIC TICKET.","url":"\/11-2027\/","token":"11-2027"},"7":{"id":"388","structure_id":"117","section_number":"11-2028","catch_line":"RESERVED.","url":"\/11-2028\/","token":"11-2028"},"8":{"id":"389","structure_id":"117","section_number":"11-2030","catch_line":"RESERVED.","url":"\/11-2030\/","token":"11-2030"},"9":{"id":"390","structure_id":"117","section_number":"11-2030","catch_line":"RESERVED. ","url":"\/11-2030\/","token":"11-2030"}},"previous_section":{"id":"382","structure_id":"117","section_number":"11-2022","catch_line":"ACCIDENT INVESTIGATION.","url":"\/11-2022\/","token":"11-2022"},"next_section":{"id":"384","structure_id":"117","section_number":"11-2024","catch_line":"RESERVED.","url":"\/11-2024\/","token":"11-2024"},"references":false,"formats":{"txt":"\/11-2023.txt","json":"\/11-2023.xml"},"dublin_core":{"Title":"TRAFFIC REGULATION AND PEDESTRIAN SAFETY.","Type":"Text","Format":"text\/html","Identifier":"\u00a7 11-2023","Relation":"Code of State"},"plain_text":"                                  CODE OF STATE\n\nTRAFFIC REGULATION AND PEDESTRIAN SAFETY. (\u00a7 11-2023)\n\nIn the event that it becomes immediately necessary to protect the safety of\nmotorists and pedestrians, the law enforcement officers of the City may direct\ntraffic as required and may place temporary official traffic-control devices\nwithout regard to the other provisions of this chapter. No person may refuse to\ncomply with a lawful order of a law enforcement officer when the order is given\nunder the authority of this section.\n"}