{"law_id":"438","section_number":"11-2131","catch_line":"SAME\u2014DRIVING IN FUNERAL OR OTHER PROCESSIONS.","history":"","order_by":"11-2131","metadata":false,"url":"\/11-2131\/","token":"11-2131","structure":{"1":{"id":"124","name":"ARTICLE H. - MISCELLANEOUS DRIVING RULES","identifier":"H","label":"article","url":"\/II\/11\/2\/H\/"},"2":{"id":"115","name":"CHAPTER 2. - MOTOR VEHICLES AND TRAFFIC","identifier":"2","label":"chapter","url":"\/II\/11\/2\/"},"3":{"id":"110","name":"PART 11 - TRANSPORTATION","identifier":"11","label":"part","url":"\/II\/11\/"},"4":{"id":"5","name":"Division II - Planning and Development","identifier":"II","label":"division","url":"\/II\/"}},"referred_to_by":false,"edition_id":"1","section_id":"438","structure_id":"124","full_text":"(a) A funeral composed of a procession of vehicles shall be identified by burning lights on the cars in the procession while proceeding to the cemetery.\r\r(b) Each driver in a funeral or other procession shall drive as near to the right-hand edge of the roadway as practical and follow the vehicle ahead as closely as practical and safe. \n(Code 1959 , \u00a721-30)\r\r","text":{"0":{"id":"1165","text":"A funeral composed of a procession of vehicles shall be identified by burning lights on the cars in the procession while proceeding to the cemetery.","type":"section","prefixes":["(a)"],"prefix":"(a)","entire_prefix":"(a)","prefix_anchor":"(a)","level":1},"1":{"id":"1166","text":"Each driver in a funeral or other procession shall drive as near to the right-hand edge of the roadway as practical and follow the vehicle ahead as closely as practical and safe. \n(Code 1959 , \u00a721-30)","type":"section","prefixes":["(b)"],"prefix":"(b)","entire_prefix":"(b)","prefix_anchor":"(b)","level":1}},"ancestry":{"1":{"id":"124","name":"ARTICLE H. - MISCELLANEOUS DRIVING RULES","identifier":"H","label":"article","url":"\/II\/11\/2\/H\/"},"2":{"id":"115","name":"CHAPTER 2. - MOTOR VEHICLES AND TRAFFIC","identifier":"2","label":"chapter","url":"\/II\/11\/2\/"},"3":{"id":"110","name":"PART 11 - TRANSPORTATION","identifier":"11","label":"part","url":"\/II\/11\/"},"4":{"id":"5","name":"Division II - Planning and Development","identifier":"II","label":"division","url":"\/II\/"}},"structure_contents":{"0":{"id":"427","structure_id":"124","section_number":"11-2121","catch_line":"DRIVING ON SIDEWALKS.","url":"\/11-2121\/","token":"11-2121"},"1":{"id":"428","structure_id":"124","section_number":"11-2122","catch_line":"CLINGING TO MOVING VEHICLES.","url":"\/11-2122\/","token":"11-2122"},"2":{"id":"429","structure_id":"124","section_number":"11-2123","catch_line":"USE OF ROADWAY BY NONMOTORIZED OR TOY VEHICLES.","url":"\/11-2123\/","token":"11-2123"},"3":{"id":"430","structure_id":"124","section_number":"11-2124","catch_line":"DRIVING ON BARRICADED STREET.","url":"\/11-2124\/","token":"11-2124"},"4":{"id":"431","structure_id":"124","section_number":"11-2125","catch_line":"DRIVING UNDER HAZARDOUS CONDITIONS.","url":"\/11-2125\/","token":"11-2125"},"5":{"id":"432","structure_id":"124","section_number":"11-2126","catch_line":"MOTOR OR OTHER VEHICLES PROHIBITED FROM DRIVING OVER A MEDIAN STRIP OR FRESHLY PAINTED TRAFFIC DIRECTION SIGNS PAINTED ON THE CITY STREETS.","url":"\/11-2126\/","token":"11-2126"},"6":{"id":"433","structure_id":"124","section_number":"11-2127","catch_line":"LIMITATION ON BACKING.","url":"\/11-2127\/","token":"11-2127"},"7":{"id":"434","structure_id":"124","section_number":"11-2128","catch_line":"OBSTRUCTION TO DRIVER'S VIEW OR DRIVING MECHANISM.","url":"\/11-2128\/","token":"11-2128"},"8":{"id":"435","structure_id":"124","section_number":"11-2129","catch_line":"CROSSING FIRE HOSE.","url":"\/11-2129\/","token":"11-2129"},"9":{"id":"437","structure_id":"124","section_number":"11-2130","catch_line":"PROCESSIONS\u2014DRIVING THROUGH.","url":"\/11-2130\/","token":"11-2130"},"10":{"id":"438","structure_id":"124","section_number":"11-2131","catch_line":"SAME\u2014DRIVING IN FUNERAL OR OTHER PROCESSIONS.","url":"\/11-2131\/","token":"11-2131"},"11":{"id":"439","structure_id":"124","section_number":"11-2132","catch_line":"TRUCK ROUTES.","url":"\/11-2132\/","token":"11-2132"},"12":{"id":"440","structure_id":"124","section_number":"11-2133","catch_line":"REGULATION OF VEHICLES AND LOADS.","url":"\/11-2133\/","token":"11-2133"},"13":{"id":"441","structure_id":"124","section_number":"11-2134","catch_line":"DEFINITIONS.","url":"\/11-2134\/","token":"11-2134"},"14":{"id":"442","structure_id":"124","section_number":"11-2135","catch_line":"GENERAL.","url":"\/11-2135\/","token":"11-2135"},"15":{"id":"443","structure_id":"124","section_number":"11-2136","catch_line":"PENALTY AND APPEAL.","url":"\/11-2136\/","token":"11-2136"},"16":{"id":"444","structure_id":"124","section_number":"11-2137","catch_line":"RESERVED.","url":"\/11-2137\/","token":"11-2137"},"17":{"id":"445","structure_id":"124","section_number":"11-2137","catch_line":"RESERVED. ","url":"\/11-2137\/","token":"11-2137"}},"previous_section":{"id":"437","structure_id":"124","section_number":"11-2130","catch_line":"PROCESSIONS\u2014DRIVING THROUGH.","url":"\/11-2130\/","token":"11-2130"},"next_section":{"id":"439","structure_id":"124","section_number":"11-2132","catch_line":"TRUCK ROUTES.","url":"\/11-2132\/","token":"11-2132"},"references":false,"formats":{"txt":"\/11-2131.txt","json":"\/11-2131.xml"},"dublin_core":{"Title":"SAME\u2014DRIVING IN FUNERAL OR OTHER PROCESSIONS.","Type":"Text","Format":"text\/html","Identifier":"\u00a7 11-2131","Relation":"Code of State"},"plain_text":"                                  CODE OF STATE\n\nSAME\u2014DRIVING IN FUNERAL OR OTHER PROCESSIONS. (\u00a7 11-2131)\n\n(a) A funeral composed of a procession of vehicles shall be identified by\nburning lights on the cars in the procession while proceeding to the cemetery.\n\n(b) Each driver in a funeral or other procession shall drive as near to the\nright-hand edge of the roadway as practical and follow the vehicle ahead as\nclosely as practical and safe. \n(Code 1959 , \u00a721-30)\n"}