{"law_id":"371","section_number":"11-2004","catch_line":"SCHEDULE OF TRAFFIC AND PARKING REGULATIONS; INCORPORATION BY REFERENCE.","history":"","order_by":"11-2004","metadata":false,"url":"\/11-2004\/","token":"11-2004","structure":{"1":{"id":"116","name":"ARTICLE A. - GENERAL PROVISIONS","identifier":"A","label":"article","url":"\/II\/11\/2\/A\/"},"2":{"id":"115","name":"CHAPTER 2. - MOTOR VEHICLES AND TRAFFIC","identifier":"2","label":"chapter","url":"\/II\/11\/2\/"},"3":{"id":"110","name":"PART 11 - TRANSPORTATION","identifier":"11","label":"part","url":"\/II\/11\/"},"4":{"id":"5","name":"Division II - Planning and Development","identifier":"II","label":"division","url":"\/II\/"}},"referred_to_by":false,"edition_id":"1","section_id":"371","structure_id":"116","full_text":"(a) Whenever the provisions of this chapter establish specific traffic and parking regulations and restrictions which are effective only upon certain streets, parts of streets or street areas which are not generally identifiable, or at certain times or for periods of time which are not generally applicable, such traffic and parking regulations, and the locations and\/or times where and when the same are effective shall be set out upon official traffic schedules, as amended from time to time by the City Council, and retained permanently in the office of the City Clerk.\r\r(b) All official traffic schedules adopted under the authority of this chapter are hereby incorporated by reference and shall be as effective as if set out in full herein. Such traffic schedules shall be deemed to be &#8220;technical ordinances&#8221; under the provisions of G.S. 160A-76(b).\r\r","text":{"0":{"id":"1064","text":"Whenever the provisions of this chapter establish specific traffic and parking regulations and restrictions which are effective only upon certain streets, parts of streets or street areas which are not generally identifiable, or at certain times or for periods of time which are not generally applicable, such traffic and parking regulations, and the locations and\/or times where and when the same are effective shall be set out upon official traffic schedules, as amended from time to time by the City Council, and retained permanently in the office of the City Clerk.","type":"section","prefixes":["(a)"],"prefix":"(a)","entire_prefix":"(a)","prefix_anchor":"(a)","level":1},"1":{"id":"1065","text":"All official traffic schedules adopted under the authority of this chapter are hereby incorporated by reference and shall be as effective as if set out in full herein. Such traffic schedules shall be deemed to be &#8220;technical ordinances&#8221; under the provisions of G.S. 160A-76(b).","type":"section","prefixes":["(b)"],"prefix":"(b)","entire_prefix":"(b)","prefix_anchor":"(b)","level":1}},"ancestry":{"1":{"id":"116","name":"ARTICLE A. - GENERAL PROVISIONS","identifier":"A","label":"article","url":"\/II\/11\/2\/A\/"},"2":{"id":"115","name":"CHAPTER 2. - MOTOR VEHICLES AND TRAFFIC","identifier":"2","label":"chapter","url":"\/II\/11\/2\/"},"3":{"id":"110","name":"PART 11 - TRANSPORTATION","identifier":"11","label":"part","url":"\/II\/11\/"},"4":{"id":"5","name":"Division II - Planning and Development","identifier":"II","label":"division","url":"\/II\/"}},"structure_contents":{"0":{"id":"367","structure_id":"116","section_number":"11-2001","catch_line":"DEFINITIONS.","url":"\/11-2001\/","token":"11-2001"},"1":{"id":"368","structure_id":"116","section_number":"11-2002","catch_line":"DEFINITIONS SUPPLEMENTAL TO GENERAL STATUTES.","url":"\/11-2002\/","token":"11-2002"},"2":{"id":"369","structure_id":"116","section_number":"11-2003","catch_line":"UNIFORM RULES OF THE ROAD.","url":"\/11-2003\/","token":"11-2003"},"3":{"id":"371","structure_id":"116","section_number":"11-2004","catch_line":"SCHEDULE OF TRAFFIC AND PARKING REGULATIONS; INCORPORATION BY REFERENCE.","url":"\/11-2004\/","token":"11-2004"},"4":{"id":"372","structure_id":"116","section_number":"11-2005","catch_line":"PUBLIC EMPLOYEES.","url":"\/11-2005\/","token":"11-2005"},"5":{"id":"373","structure_id":"116","section_number":"11-2006","catch_line":"RESERVED.","url":"\/11-2006\/","token":"11-2006"},"6":{"id":"374","structure_id":"116","section_number":"11-2007","catch_line":"RESERVED.","url":"\/11-2007\/","token":"11-2007"},"7":{"id":"375","structure_id":"116","section_number":"11-2008","catch_line":"BICYCLES, MOTORCYCLES AND ANIMALS.","url":"\/11-2008\/","token":"11-2008"},"8":{"id":"376","structure_id":"116","section_number":"11-2009","catch_line":"TERRITORIAL APPLICATION.","url":"\/11-2009\/","token":"11-2009"},"9":{"id":"377","structure_id":"116","section_number":"11-2010","catch_line":"TIME OF APPLICATION.","url":"\/11-2010\/","token":"11-2010"},"10":{"id":"378","structure_id":"116","section_number":"11-2011","catch_line":"RESERVED.","url":"\/11-2011\/","token":"11-2011"},"11":{"id":"379","structure_id":"116","section_number":"11-2011","catch_line":"RESERVED. ","url":"\/11-2011\/","token":"11-2011"}},"previous_section":{"id":"369","structure_id":"116","section_number":"11-2003","catch_line":"UNIFORM RULES OF THE ROAD.","url":"\/11-2003\/","token":"11-2003"},"next_section":{"id":"372","structure_id":"116","section_number":"11-2005","catch_line":"PUBLIC EMPLOYEES.","url":"\/11-2005\/","token":"11-2005"},"references":{"0":{"id":"395","section_number":"11-2054","catch_line":"TRAFFIC-CONTROL DEVICES TO BE INCLUDED ON TRAFFIC SCHEDULES.","url":"http:\/\/localhost:8888\/11-2054\/"},"1":{"id":"402","section_number":"11-2071","catch_line":"ELECTRONIC TRAFFIC-CONTROL SIGNALS.","url":"http:\/\/localhost:8888\/11-2071\/"},"2":{"id":"404","section_number":"11-2072","catch_line":"STOP INTERSECTIONS.","url":"http:\/\/localhost:8888\/11-2072\/"},"3":{"id":"405","section_number":"11-2073","catch_line":"YIELD SIGNS.","url":"http:\/\/localhost:8888\/11-2073\/"},"4":{"id":"406","section_number":"11-2074","catch_line":"THROUGH STREETS.","url":"http:\/\/localhost:8888\/11-2074\/"},"5":{"id":"412","section_number":"11-2092","catch_line":"EXCEPTIONS.","url":"http:\/\/localhost:8888\/11-2092\/"},"6":{"id":"413","section_number":"11-2093","catch_line":"EXCEPTIONS DURING SPECIFIED TIMES.","url":"http:\/\/localhost:8888\/11-2093\/"},"7":{"id":"417","section_number":"11-2102","catch_line":"TURNING AT CHANNELIZED INTERSECTIONS.","url":"http:\/\/localhost:8888\/11-2102\/"},"8":{"id":"418","section_number":"11-2103","catch_line":"U-TURNS PROHIBITED.","url":"http:\/\/localhost:8888\/11-2103\/"},"9":{"id":"419","section_number":"11-2104","catch_line":"TURNING AT OR BETWEEN INTERSECTIONS.","url":"http:\/\/localhost:8888\/11-2104\/"},"10":{"id":"420","section_number":"11-2105","catch_line":"RIGHT TURNS ON RED TRAFFIC CONTROL SIGNAL LIGHTS PROHIBITED.","url":"http:\/\/localhost:8888\/11-2105\/"},"11":{"id":"423","section_number":"11-2111","catch_line":"ONE-WAY STREETS.","url":"http:\/\/localhost:8888\/11-2111\/"},"12":{"id":"439","section_number":"11-2132","catch_line":"TRUCK ROUTES.","url":"http:\/\/localhost:8888\/11-2132\/"},"13":{"id":"448","section_number":"11-2152","catch_line":"PEDESTRIAN CROSSING PROHIBITED.","url":"http:\/\/localhost:8888\/11-2152\/"},"14":{"id":"454","section_number":"11-2172","catch_line":"NO PARKING ZONES.","url":"http:\/\/localhost:8888\/11-2172\/"},"15":{"id":"455","section_number":"11-2173","catch_line":"NO STOPPING OR STANDING ZONES.","url":"http:\/\/localhost:8888\/11-2173\/"},"16":{"id":"456","section_number":"11-2174","catch_line":"PARKING TIME LIMITED IN DESIGNATED PLACES.","url":"http:\/\/localhost:8888\/11-2174\/"},"17":{"id":"460","section_number":"11-2177","catch_line":"STANDING FOR LOADING ONLY.","url":"http:\/\/localhost:8888\/11-2177\/"},"18":{"id":"461","section_number":"11-2178","catch_line":"BUS STOPS.","url":"http:\/\/localhost:8888\/11-2178\/"}},"formats":{"txt":"\/11-2004.txt","json":"\/11-2004.xml"},"dublin_core":{"Title":"SCHEDULE OF TRAFFIC AND PARKING REGULATIONS; INCORPORATION BY REFERENCE.","Type":"Text","Format":"text\/html","Identifier":"\u00a7 11-2004","Relation":"Code of State"},"plain_text":"                                  CODE OF STATE\n\nSCHEDULE OF TRAFFIC AND PARKING REGULATIONS; INCORPORATION BY REFERENCE. (\u00a7\n11-2004)\n\n(a) Whenever the provisions of this chapter establish specific traffic and\nparking regulations and restrictions which are effective only upon certain\nstreets, parts of streets or street areas which are not generally identifiable,\nor at certain times or for periods of time which are not generally applicable,\nsuch traffic and parking regulations, and the locations and\/or times where and\nwhen the same are effective shall be set out upon official traffic schedules, as\namended from time to time by the City Council, and retained permanently in the\noffice of the City Clerk.\n\n(b) All official traffic schedules adopted under the authority of this chapter\nare hereby incorporated by reference and shall be as effective as if set out in\nfull herein. Such traffic schedules shall be deemed to be &#8220;technical\nordinances&#8221; under the provisions of G.S. 160A-76(b).\n"}