{"law_id":"479","section_number":"11-2203","catch_line":"INSTALLATION OF PARKING METERS.","history":"","order_by":"11-2203","metadata":false,"url":"\/11-2203\/","token":"11-2203","structure":{"1":{"id":"131","name":"ARTICLE K. - PARKING METERS","identifier":"K","label":"article","url":"\/II\/11\/2\/K\/"},"2":{"id":"115","name":"CHAPTER 2. - MOTOR VEHICLES AND TRAFFIC","identifier":"2","label":"chapter","url":"\/II\/11\/2\/"},"3":{"id":"110","name":"PART 11 - TRANSPORTATION","identifier":"11","label":"part","url":"\/II\/11\/"},"4":{"id":"5","name":"Division II - Planning and Development","identifier":"II","label":"division","url":"\/II\/"}},"referred_to_by":{"0":{"id":"465","section_number":"11-2182","catch_line":"CONTROLLED PARKING RESIDENTIAL AREA.","url":"http:\/\/localhost:8888\/11-2182\/"}},"edition_id":"1","section_id":"479","structure_id":"131","full_text":"In the parking meter zones the transportation director shall cause parking meters to be installed upon the curb or sidewalk immediately adjacent to the parking spaces provided in \u00a711-2212, and the transportation director shall be responsible for the regulation, control, operation, maintenance and use of such parking meters. Each device shall be so set as to display a signal showing legal parking upon the deposit of the appropriate coin or coins, lawful money of the United States of America, for the period of time prescribed by this article. Each device shall be so arranged that upon the expiration of the lawful time limit it will indicate by a proper visible signal that the lawful parking period has expired and in such cases the right of such vehicle to occupy such space shall cease and the operator, owner, possessor or Manager thereof shall be subject to the penalties hereinafter provided. \n(Code 1959 , \u00a721-46)","text":{"0":{"id":"1337","text":"In the parking meter zones the transportation director shall cause parking meters to be installed upon the curb or sidewalk immediately adjacent to the parking spaces provided in \u00a711-2212, and the transportation director shall be responsible for the regulation, control, operation, maintenance and use of such parking meters. Each device shall be so set as to display a signal showing legal parking upon the deposit of the appropriate coin or coins, lawful money of the United States of America, for the period of time prescribed by this article. Each device shall be so arranged that upon the expiration of the lawful time limit it will indicate by a proper visible signal that the lawful parking period has expired and in such cases the right of such vehicle to occupy such space shall cease and the operator, owner, possessor or Manager thereof shall be subject to the penalties hereinafter provided. \n(Code 1959 , \u00a721-46)","type":"section","prefixes":[""],"prefix":"","entire_prefix":"","prefix_anchor":"","level":1}},"ancestry":{"1":{"id":"131","name":"ARTICLE K. - PARKING METERS","identifier":"K","label":"article","url":"\/II\/11\/2\/K\/"},"2":{"id":"115","name":"CHAPTER 2. - MOTOR VEHICLES AND TRAFFIC","identifier":"2","label":"chapter","url":"\/II\/11\/2\/"},"3":{"id":"110","name":"PART 11 - TRANSPORTATION","identifier":"11","label":"part","url":"\/II\/11\/"},"4":{"id":"5","name":"Division II - Planning and Development","identifier":"II","label":"division","url":"\/II\/"}},"structure_contents":{"0":{"id":"476","structure_id":"131","section_number":"11-2200","catch_line":"PENALTIES.","url":"\/11-2200\/","token":"11-2200"},"1":{"id":"477","structure_id":"131","section_number":"11-2201","catch_line":"DEFINITIONS.","url":"\/11-2201\/","token":"11-2201"},"2":{"id":"478","structure_id":"131","section_number":"11-2202","catch_line":"PARKING METER ZONES.","url":"\/11-2202\/","token":"11-2202"},"3":{"id":"479","structure_id":"131","section_number":"11-2203","catch_line":"INSTALLATION OF PARKING METERS.","url":"\/11-2203\/","token":"11-2203"},"4":{"id":"480","structure_id":"131","section_number":"11-2204","catch_line":"OPERATION OF PARKING METERS.","url":"\/11-2204\/","token":"11-2204"},"5":{"id":"482","structure_id":"131","section_number":"11-2205","catch_line":"PARKING TIME LIMITS.","url":"\/11-2205\/","token":"11-2205"},"6":{"id":"483","structure_id":"131","section_number":"11-2206","catch_line":"METER ZONES; PERIOD OF OPERATION.","url":"\/11-2206\/","token":"11-2206"},"7":{"id":"484","structure_id":"131","section_number":"11-2207","catch_line":"EXCEPTIONS TO PARKING TIME LIMITATIONS AND TO REQUIRED ACTIVATION OF PARKING METERS BY DEPOSIT OF COINS; PARKING SPACE ENCUMBRANCE.","url":"\/11-2207\/","token":"11-2207"},"8":{"id":"485","structure_id":"131","section_number":"11-2208","catch_line":"PARKING EXCEPTIONS AND SPACE RESERVATIONS AUTHORIZED BY CITY COUNCIL.","url":"\/11-2208\/","token":"11-2208"},"9":{"id":"486","structure_id":"131","section_number":"11-2209","catch_line":"CONTENTS OF APPLICATION; FORM.","url":"\/11-2209\/","token":"11-2209"},"10":{"id":"487","structure_id":"131","section_number":"11-2210","catch_line":"ISSUANCE OF PERMITS.","url":"\/11-2210\/","token":"11-2210"},"11":{"id":"488","structure_id":"131","section_number":"11-2211","catch_line":"UNLAWFUL ACTS.","url":"\/11-2211\/","token":"11-2211"},"12":{"id":"489","structure_id":"131","section_number":"11-2212","catch_line":"VIOLATIONS.","url":"\/11-2212\/","token":"11-2212"},"13":{"id":"490","structure_id":"131","section_number":"11-2213","catch_line":"ENFORCEMENT.","url":"\/11-2213\/","token":"11-2213"},"14":{"id":"491","structure_id":"131","section_number":"11-2214","catch_line":"USE OF PROCEEDS.","url":"\/11-2214\/","token":"11-2214"},"15":{"id":"493","structure_id":"131","section_number":"11-2215","catch_line":"RESERVATION OF POWERS.","url":"\/11-2215\/","token":"11-2215"},"16":{"id":"494","structure_id":"131","section_number":"11-2216","catch_line":"IMMOBILIZATION OF VEHICLES.","url":"\/11-2216\/","token":"11-2216"},"17":{"id":"495","structure_id":"131","section_number":"11-2217","catch_line":"RESERVED.","url":"\/11-2217\/","token":"11-2217"},"18":{"id":"496","structure_id":"131","section_number":"11-2217","catch_line":"RESERVED. ","url":"\/11-2217\/","token":"11-2217"}},"previous_section":{"id":"478","structure_id":"131","section_number":"11-2202","catch_line":"PARKING METER ZONES.","url":"\/11-2202\/","token":"11-2202"},"next_section":{"id":"480","structure_id":"131","section_number":"11-2204","catch_line":"OPERATION OF PARKING METERS.","url":"\/11-2204\/","token":"11-2204"},"references":false,"formats":{"txt":"\/11-2203.txt","json":"\/11-2203.xml"},"dublin_core":{"Title":"INSTALLATION OF PARKING METERS.","Type":"Text","Format":"text\/html","Identifier":"\u00a7 11-2203","Relation":"Code of State"},"plain_text":"                                  CODE OF STATE\n\nINSTALLATION OF PARKING METERS. (\u00a7 11-2203)\n\nIn the parking meter zones the transportation director shall cause parking\nmeters to be installed upon the curb or sidewalk immediately adjacent to the\nparking spaces provided in \u00a711-2212, and the transportation director shall be\nresponsible for the regulation, control, operation, maintenance and use of such\nparking meters. Each device shall be so set as to display a signal showing legal\nparking upon the deposit of the appropriate coin or coins, lawful money of the\nUnited States of America, for the period of time prescribed by this article.\nEach device shall be so arranged that upon the expiration of the lawful time\nlimit it will indicate by a proper visible signal that the lawful parking period\nhas expired and in such cases the right of such vehicle to occupy such space\nshall cease and the operator, owner, possessor or Manager thereof shall be\nsubject to the penalties hereinafter provided. \n(Code 1959 , \u00a721-46)\n"}