{"law_id":"411","edition_id":"1","section_id":"411","structure_id":"121","section_number":"11-2091","catch_line":"GENERAL.","history":"","full_text":"Except as otherwise provided in this article, it shall be unlawful to operate a vehicle in excess of thirty-five (35) miles per hour inside the corporate limits. \nState law reference: Speed limits generally, municipal authority, G.S. 20-141.","order_by":"11-2091","text":{"0":{"id":"1132","text":"Except as otherwise provided in this article, it shall be unlawful to operate a vehicle in excess of thirty-five (35) miles per hour inside the corporate limits. \nState law reference: Speed limits generally, municipal authority, G.S. 20-141.","type":"section","prefixes":[""],"prefix":"","entire_prefix":"","prefix_anchor":"","level":1}},"ancestry":{"1":{"id":"121","name":"ARTICLE E. - SPEED REGULATIONS [1]","identifier":"E","label":"article","url":"\/II\/11\/2\/E\/"},"2":{"id":"115","name":"CHAPTER 2. - MOTOR VEHICLES AND TRAFFIC","identifier":"2","label":"chapter","url":"\/II\/11\/2\/"},"3":{"id":"110","name":"PART 11 - TRANSPORTATION","identifier":"11","label":"part","url":"\/II\/11\/"},"4":{"id":"5","name":"Division II - Planning and Development","identifier":"II","label":"division","url":"\/II\/"}},"structure_contents":{"0":{"id":"411","structure_id":"121","section_number":"11-2091","catch_line":"GENERAL.","url":"\/11-2091\/","token":"11-2091"},"1":{"id":"412","structure_id":"121","section_number":"11-2092","catch_line":"EXCEPTIONS.","url":"\/11-2092\/","token":"11-2092"},"2":{"id":"413","structure_id":"121","section_number":"11-2093","catch_line":"EXCEPTIONS DURING SPECIFIED TIMES.","url":"\/11-2093\/","token":"11-2093"},"3":{"id":"415","structure_id":"121","section_number":"11-2094","catch_line":"RESERVED.","url":"\/11-2094\/","token":"11-2094"}},"next_section":{"id":"412","structure_id":"121","section_number":"11-2092","catch_line":"EXCEPTIONS.","url":"\/11-2092\/","token":"11-2092"},"metadata":false,"references":false,"url":"\/11-2091\/","token":"11-2091","formats":{"txt":"\/11-2091.txt","json":"\/11-2091.xml"},"dublin_core":{"Title":"GENERAL.","Type":"Text","Format":"text\/html","Identifier":"\u00a7 11-2091","Relation":"Code of State"},"plain_text":"                                  CODE OF STATE\n\nGENERAL. (\u00a7 11-2091)\n\nExcept as otherwise provided in this article, it shall be unlawful to operate a\nvehicle in excess of thirty-five (35) miles per hour inside the corporate\nlimits. \nState law reference: Speed limits generally, municipal authority, G.S. 20-141.\n"}