{"law_id":"398","section_number":"11-2057","catch_line":"AVOIDANCE OF OFFICIAL TRAFFIC-CONTROL DEVICES.","history":"","order_by":"11-2057","metadata":false,"url":"\/11-2057\/","token":"11-2057","structure":{"1":{"id":"118","name":"ARTICLE C. - OFFICIAL TRAFFIC-CONTROL DEVICES AND SIGNS","identifier":"C","label":"article","url":"\/II\/11\/2\/C\/"},"2":{"id":"115","name":"CHAPTER 2. - MOTOR VEHICLES AND TRAFFIC","identifier":"2","label":"chapter","url":"\/II\/11\/2\/"},"3":{"id":"110","name":"PART 11 - TRANSPORTATION","identifier":"11","label":"part","url":"\/II\/11\/"},"4":{"id":"5","name":"Division II - Planning and Development","identifier":"II","label":"division","url":"\/II\/"}},"referred_to_by":false,"edition_id":"1","section_id":"398","structure_id":"118","full_text":"It shall be unlawful to drive across a sidewalk or through the driveway of a gasoline filling station or other property for the purpose of avoiding an official traffic-control device; further, when signs have been erected giving notice thereof, it shall be unlawful to drive across private property for the exclusive purpose of traveling from one public street to a second public street. \n(Ord. No. 1990-515, \u00a71, 3-20-90)","text":{"0":{"id":"1110","text":"It shall be unlawful to drive across a sidewalk or through the driveway of a gasoline filling station or other property for the purpose of avoiding an official traffic-control device; further, when signs have been erected giving notice thereof, it shall be unlawful to drive across private property for the exclusive purpose of traveling from one public street to a second public street. \n(Ord. No. 1990-515, \u00a71, 3-20-90)","type":"section","prefixes":[""],"prefix":"","entire_prefix":"","prefix_anchor":"","level":1}},"ancestry":{"1":{"id":"118","name":"ARTICLE C. - OFFICIAL TRAFFIC-CONTROL DEVICES AND SIGNS","identifier":"C","label":"article","url":"\/II\/11\/2\/C\/"},"2":{"id":"115","name":"CHAPTER 2. - MOTOR VEHICLES AND TRAFFIC","identifier":"2","label":"chapter","url":"\/II\/11\/2\/"},"3":{"id":"110","name":"PART 11 - TRANSPORTATION","identifier":"11","label":"part","url":"\/II\/11\/"},"4":{"id":"5","name":"Division II - Planning and Development","identifier":"II","label":"division","url":"\/II\/"}},"structure_contents":{"0":{"id":"391","structure_id":"118","section_number":"11-2051","catch_line":"AUTHORITY OF DIRECTOR OF TRANSPORTATION.","url":"\/11-2051\/","token":"11-2051"},"1":{"id":"393","structure_id":"118","section_number":"11-2052","catch_line":"CONFORMANCE TO UNIFORM SIGNS MANUAL.","url":"\/11-2052\/","token":"11-2052"},"2":{"id":"394","structure_id":"118","section_number":"11-2053","catch_line":"TRAFFIC-CONTROL DEVICES TO BE OBEYED.","url":"\/11-2053\/","token":"11-2053"},"3":{"id":"395","structure_id":"118","section_number":"11-2054","catch_line":"TRAFFIC-CONTROL DEVICES TO BE INCLUDED ON TRAFFIC SCHEDULES.","url":"\/11-2054\/","token":"11-2054"},"4":{"id":"396","structure_id":"118","section_number":"11-2055","catch_line":"UNAUTHORIZED TRAFFIC-CONTROL DEVICES.","url":"\/11-2055\/","token":"11-2055"},"5":{"id":"397","structure_id":"118","section_number":"11-2056","catch_line":"TAMPERING WITH OFFICIAL TRAFFIC-CONTROL DEVICES.","url":"\/11-2056\/","token":"11-2056"},"6":{"id":"398","structure_id":"118","section_number":"11-2057","catch_line":"AVOIDANCE OF OFFICIAL TRAFFIC-CONTROL DEVICES.","url":"\/11-2057\/","token":"11-2057"},"7":{"id":"399","structure_id":"118","section_number":"11-2058","catch_line":"SIGNALS OR FLAGMEN AT CROSSINGS.","url":"\/11-2058\/","token":"11-2058"},"8":{"id":"400","structure_id":"118","section_number":"11-2059","catch_line":"RESERVED.","url":"\/11-2059\/","token":"11-2059"},"9":{"id":"401","structure_id":"118","section_number":"11-2059","catch_line":"RESERVED. ","url":"\/11-2059\/","token":"11-2059"}},"previous_section":{"id":"397","structure_id":"118","section_number":"11-2056","catch_line":"TAMPERING WITH OFFICIAL TRAFFIC-CONTROL DEVICES.","url":"\/11-2056\/","token":"11-2056"},"next_section":{"id":"399","structure_id":"118","section_number":"11-2058","catch_line":"SIGNALS OR FLAGMEN AT CROSSINGS.","url":"\/11-2058\/","token":"11-2058"},"references":false,"formats":{"txt":"\/11-2057.txt","json":"\/11-2057.xml"},"dublin_core":{"Title":"AVOIDANCE OF OFFICIAL TRAFFIC-CONTROL DEVICES.","Type":"Text","Format":"text\/html","Identifier":"\u00a7 11-2057","Relation":"Code of State"},"plain_text":"                                  CODE OF STATE\n\nAVOIDANCE OF OFFICIAL TRAFFIC-CONTROL DEVICES. (\u00a7 11-2057)\n\nIt shall be unlawful to drive across a sidewalk or through the driveway of a\ngasoline filling station or other property for the purpose of avoiding an\nofficial traffic-control device; further, when signs have been erected giving\nnotice thereof, it shall be unlawful to drive across private property for the\nexclusive purpose of traveling from one public street to a second public street.\n\n(Ord. No. 1990-515, \u00a71, 3-20-90)\n"}