{"law_id":"489","section_number":"11-2212","catch_line":"VIOLATIONS.","history":"","order_by":"11-2212","metadata":false,"url":"\/11-2212\/","token":"11-2212","structure":{"1":{"id":"131","name":"ARTICLE K. - PARKING METERS","identifier":"K","label":"article","url":"\/II\/11\/2\/K\/"},"2":{"id":"115","name":"CHAPTER 2. - MOTOR VEHICLES AND TRAFFIC","identifier":"2","label":"chapter","url":"\/II\/11\/2\/"},"3":{"id":"110","name":"PART 11 - TRANSPORTATION","identifier":"11","label":"part","url":"\/II\/11\/"},"4":{"id":"5","name":"Division II - Planning and Development","identifier":"II","label":"division","url":"\/II\/"}},"referred_to_by":false,"edition_id":"1","section_id":"489","structure_id":"131","full_text":"(a) To cause, allow, permit, or suffer a vehicle registered in the name of, or operated by that person, to be stopped, left standing or parked overtime or beyond the period of legal parking time established for any parking meter zone as herein described, or to deposit in any parking meter any coin for the purpose of parking beyond the maximum legal parking time for the particular parking zone.\r\r(b) To cause or allow a vehicle to be stopped, left standing, or parked in a parking meter space while the parking meter for such space is displaying a signal indicating that the meter is not active.\r\r(c) To stop, leave standing or park any vehicle across any line or marking of a parking meter space or in such position that the vehicle shall not be entirely within the area designated by such lines or markings.\r\r(d) To deface, injure, tamper with, open or willfully break, destroy, or impair the usefulness of any parking meter installed under the provisions of this chapter.\r\r(e) To deposit or cause to be deposited in any parking meter any slugs, device, or metal substance, or other substitute for lawful coins.\r\r(f) Each interval of time, equal to the legally allowable parking time in any particular zone, by which a vehicle remains beyond the legal time shall be a separate violation. For example, each hour or part thereof a vehicle remains past the first hour in a one-hour parking zone shall constitute a separate violation. \n(Code 1959 , \u00a721-49; Ord. No. 1981-691, \u00a73, 6-16-81)\r\r","text":{"0":{"id":"1371","text":"To cause, allow, permit, or suffer a vehicle registered in the name of, or operated by that person, to be stopped, left standing or parked overtime or beyond the period of legal parking time established for any parking meter zone as herein described, or to deposit in any parking meter any coin for the purpose of parking beyond the maximum legal parking time for the particular parking zone.","type":"section","prefixes":["(a)"],"prefix":"(a)","entire_prefix":"(a)","prefix_anchor":"(a)","level":1},"1":{"id":"1372","text":"To cause or allow a vehicle to be stopped, left standing, or parked in a parking meter space while the parking meter for such space is displaying a signal indicating that the meter is not active.","type":"section","prefixes":["(b)"],"prefix":"(b)","entire_prefix":"(b)","prefix_anchor":"(b)","level":1},"2":{"id":"1373","text":"To stop, leave standing or park any vehicle across any line or marking of a parking meter space or in such position that the vehicle shall not be entirely within the area designated by such lines or markings.","type":"section","prefixes":["(c)"],"prefix":"(c)","entire_prefix":"(c)","prefix_anchor":"(c)","level":1},"3":{"id":"1374","text":"To deface, injure, tamper with, open or willfully break, destroy, or impair the usefulness of any parking meter installed under the provisions of this chapter.","type":"section","prefixes":["(d)"],"prefix":"(d)","entire_prefix":"(d)","prefix_anchor":"(d)","level":1},"4":{"id":"1375","text":"To deposit or cause to be deposited in any parking meter any slugs, device, or metal substance, or other substitute for lawful coins.","type":"section","prefixes":["(e)"],"prefix":"(e)","entire_prefix":"(e)","prefix_anchor":"(e)","level":1},"5":{"id":"1376","text":"Each interval of time, equal to the legally allowable parking time in any particular zone, by which a vehicle remains beyond the legal time shall be a separate violation. For example, each hour or part thereof a vehicle remains past the first hour in a one-hour parking zone shall constitute a separate violation. \n(Code 1959 , \u00a721-49; Ord. No. 1981-691, \u00a73, 6-16-81)","type":"section","prefixes":["(f)"],"prefix":"(f)","entire_prefix":"(f)","prefix_anchor":"(f)","level":1}},"ancestry":{"1":{"id":"131","name":"ARTICLE K. - PARKING METERS","identifier":"K","label":"article","url":"\/II\/11\/2\/K\/"},"2":{"id":"115","name":"CHAPTER 2. - MOTOR VEHICLES AND TRAFFIC","identifier":"2","label":"chapter","url":"\/II\/11\/2\/"},"3":{"id":"110","name":"PART 11 - TRANSPORTATION","identifier":"11","label":"part","url":"\/II\/11\/"},"4":{"id":"5","name":"Division II - Planning and Development","identifier":"II","label":"division","url":"\/II\/"}},"structure_contents":{"0":{"id":"476","structure_id":"131","section_number":"11-2200","catch_line":"PENALTIES.","url":"\/11-2200\/","token":"11-2200"},"1":{"id":"477","structure_id":"131","section_number":"11-2201","catch_line":"DEFINITIONS.","url":"\/11-2201\/","token":"11-2201"},"2":{"id":"478","structure_id":"131","section_number":"11-2202","catch_line":"PARKING METER ZONES.","url":"\/11-2202\/","token":"11-2202"},"3":{"id":"479","structure_id":"131","section_number":"11-2203","catch_line":"INSTALLATION OF PARKING METERS.","url":"\/11-2203\/","token":"11-2203"},"4":{"id":"480","structure_id":"131","section_number":"11-2204","catch_line":"OPERATION OF PARKING METERS.","url":"\/11-2204\/","token":"11-2204"},"5":{"id":"482","structure_id":"131","section_number":"11-2205","catch_line":"PARKING TIME LIMITS.","url":"\/11-2205\/","token":"11-2205"},"6":{"id":"483","structure_id":"131","section_number":"11-2206","catch_line":"METER ZONES; PERIOD OF OPERATION.","url":"\/11-2206\/","token":"11-2206"},"7":{"id":"484","structure_id":"131","section_number":"11-2207","catch_line":"EXCEPTIONS TO PARKING TIME LIMITATIONS AND TO REQUIRED ACTIVATION OF PARKING METERS BY DEPOSIT OF COINS; PARKING SPACE ENCUMBRANCE.","url":"\/11-2207\/","token":"11-2207"},"8":{"id":"485","structure_id":"131","section_number":"11-2208","catch_line":"PARKING EXCEPTIONS AND SPACE RESERVATIONS AUTHORIZED BY CITY COUNCIL.","url":"\/11-2208\/","token":"11-2208"},"9":{"id":"486","structure_id":"131","section_number":"11-2209","catch_line":"CONTENTS OF APPLICATION; FORM.","url":"\/11-2209\/","token":"11-2209"},"10":{"id":"487","structure_id":"131","section_number":"11-2210","catch_line":"ISSUANCE OF PERMITS.","url":"\/11-2210\/","token":"11-2210"},"11":{"id":"488","structure_id":"131","section_number":"11-2211","catch_line":"UNLAWFUL ACTS.","url":"\/11-2211\/","token":"11-2211"},"12":{"id":"489","structure_id":"131","section_number":"11-2212","catch_line":"VIOLATIONS.","url":"\/11-2212\/","token":"11-2212"},"13":{"id":"490","structure_id":"131","section_number":"11-2213","catch_line":"ENFORCEMENT.","url":"\/11-2213\/","token":"11-2213"},"14":{"id":"491","structure_id":"131","section_number":"11-2214","catch_line":"USE OF PROCEEDS.","url":"\/11-2214\/","token":"11-2214"},"15":{"id":"493","structure_id":"131","section_number":"11-2215","catch_line":"RESERVATION OF POWERS.","url":"\/11-2215\/","token":"11-2215"},"16":{"id":"494","structure_id":"131","section_number":"11-2216","catch_line":"IMMOBILIZATION OF VEHICLES.","url":"\/11-2216\/","token":"11-2216"},"17":{"id":"495","structure_id":"131","section_number":"11-2217","catch_line":"RESERVED.","url":"\/11-2217\/","token":"11-2217"},"18":{"id":"496","structure_id":"131","section_number":"11-2217","catch_line":"RESERVED. ","url":"\/11-2217\/","token":"11-2217"}},"previous_section":{"id":"488","structure_id":"131","section_number":"11-2211","catch_line":"UNLAWFUL ACTS.","url":"\/11-2211\/","token":"11-2211"},"next_section":{"id":"490","structure_id":"131","section_number":"11-2213","catch_line":"ENFORCEMENT.","url":"\/11-2213\/","token":"11-2213"},"references":{"0":{"id":"479","section_number":"11-2203","catch_line":"INSTALLATION OF PARKING METERS.","url":"http:\/\/localhost:8888\/11-2203\/"}},"formats":{"txt":"\/11-2212.txt","json":"\/11-2212.xml"},"dublin_core":{"Title":"VIOLATIONS.","Type":"Text","Format":"text\/html","Identifier":"\u00a7 11-2212","Relation":"Code of State"},"plain_text":"                                  CODE OF STATE\n\nVIOLATIONS. (\u00a7 11-2212)\n\n(a) To cause, allow, permit, or suffer a vehicle registered in the name of, or\noperated by that person, to be stopped, left standing or parked overtime or\nbeyond the period of legal parking time established for any parking meter zone\nas herein described, or to deposit in any parking meter any coin for the purpose\nof parking beyond the maximum legal parking time for the particular parking\nzone.\n\n(b) To cause or allow a vehicle to be stopped, left standing, or parked in a\nparking meter space while the parking meter for such space is displaying a\nsignal indicating that the meter is not active.\n\n(c) To stop, leave standing or park any vehicle across any line or marking of a\nparking meter space or in such position that the vehicle shall not be entirely\nwithin the area designated by such lines or markings.\n\n(d) To deface, injure, tamper with, open or willfully break, destroy, or impair\nthe usefulness of any parking meter installed under the provisions of this\nchapter.\n\n(e) To deposit or cause to be deposited in any parking meter any slugs, device,\nor metal substance, or other substitute for lawful coins.\n\n(f) Each interval of time, equal to the legally allowable parking time in any\nparticular zone, by which a vehicle remains beyond the legal time shall be a\nseparate violation. For example, each hour or part thereof a vehicle remains\npast the first hour in a one-hour parking zone shall constitute a separate\nviolation. \n(Code 1959 , \u00a721-49; Ord. No. 1981-691, \u00a73, 6-16-81)\n"}