{"law_id":"464","section_number":"11-2181","catch_line":"TEMPORARY PARKING RESTRICTIONS BY CHIEF OF POLICE.","history":"","order_by":"11-2181","metadata":false,"url":"\/11-2181\/","token":"11-2181","structure":{"1":{"id":"128","name":"ARTICLE J. - PARKING AND STANDING","identifier":"J","label":"article","url":"\/II\/11\/2\/J\/"},"2":{"id":"115","name":"CHAPTER 2. - MOTOR VEHICLES AND TRAFFIC","identifier":"2","label":"chapter","url":"\/II\/11\/2\/"},"3":{"id":"110","name":"PART 11 - TRANSPORTATION","identifier":"11","label":"part","url":"\/II\/11\/"},"4":{"id":"5","name":"Division II - Planning and Development","identifier":"II","label":"division","url":"\/II\/"}},"referred_to_by":false,"edition_id":"1","section_id":"464","structure_id":"128","full_text":"(b) It shall be unlawful to park a motor vehicle in the prohibited areas after signs, traffic cones, or other devices have been conspicuously placed to give notice that parking is prohibited. \n(Ord. No. 1984-452, \u00a74, 12-4-84) \nCross references: Parade regulations generally, \u00a712-1051 et seq.; parking meter zones and restrictions applicable thereto, \u00a711-2200 et seq.; reservation or encumbrance of parking spaces, \u00a711-2207 \nAnnotation: Traffic schedules for residential parking access are found in Traffic Schedule 21.\r\r","text":{"0":{"id":"1280","text":"","type":"section","prefixes":["(a)"],"prefix":"(a)","entire_prefix":"(a)","prefix_anchor":"(a)","level":1},"1":{"id":"1281","text":"\tAlong parade routes permitted by the Police Department of the City for a period of two (2) hours before a parade begins until one (1) hour after the end thereof along streets having parking meters or any other streets within the City. \n","type":"section","prefixes":["(a)","(1)"],"prefix":"(1)","entire_prefix":"(a)(1)","prefix_anchor":"(a)(1)","level":2},"2":{"id":"1282","text":"\tAdjacent to curbs where street or public utility repairs are being made or are to be made if the parking at those curbs would interfere with the repair work. \n","type":"section","prefixes":["(a)","(2)"],"prefix":"(2)","entire_prefix":"(a)(2)","prefix_anchor":"(a)(2)","level":2},"3":{"id":"1283","text":",\t(4)\u2002Reserved.\n","type":"section","prefixes":["(a)","(3)"],"prefix":"(3)","entire_prefix":"(a)(3)","prefix_anchor":"(a)(3)","level":2},"4":{"id":"1284","text":"\tAdjacent to the curb where parking would interfere with special events which may be lawfully conducted on the streets or sidewalks of the City. \n","type":"section","prefixes":["(a)","(5)"],"prefix":"(5)","entire_prefix":"(a)(5)","prefix_anchor":"(a)(5)","level":2},"5":{"id":"1285","text":"It shall be unlawful to park a motor vehicle in the prohibited areas after signs, traffic cones, or other devices have been conspicuously placed to give notice that parking is prohibited. \n(Ord. No. 1984-452, \u00a74, 12-4-84) \nCross references: Parade regulations generally, \u00a712-1051 et seq.; parking meter zones and restrictions applicable thereto, \u00a711-2200 et seq.; reservation or encumbrance of parking spaces, \u00a711-2207 \nAnnotation: Traffic schedules for residential parking access are found in Traffic Schedule 21.","type":"section","prefixes":["(b)"],"prefix":"(b)","entire_prefix":"(b)","prefix_anchor":"(b)","level":1}},"ancestry":{"1":{"id":"128","name":"ARTICLE J. - PARKING AND STANDING","identifier":"J","label":"article","url":"\/II\/11\/2\/J\/"},"2":{"id":"115","name":"CHAPTER 2. - MOTOR VEHICLES AND TRAFFIC","identifier":"2","label":"chapter","url":"\/II\/11\/2\/"},"3":{"id":"110","name":"PART 11 - TRANSPORTATION","identifier":"11","label":"part","url":"\/II\/11\/"},"4":{"id":"5","name":"Division II - Planning and Development","identifier":"II","label":"division","url":"\/II\/"}},"structure_contents":{"0":{"id":"452","structure_id":"128","section_number":"11-2170","catch_line":"PENALTIES.","url":"\/11-2170\/","token":"11-2170"},"1":{"id":"453","structure_id":"128","section_number":"11-2171","catch_line":"PARKING PROHIBITED IN CERTAIN PLACES.","url":"\/11-2171\/","token":"11-2171"},"2":{"id":"454","structure_id":"128","section_number":"11-2172","catch_line":"NO PARKING ZONES.","url":"\/11-2172\/","token":"11-2172"},"3":{"id":"455","structure_id":"128","section_number":"11-2173","catch_line":"NO STOPPING OR STANDING ZONES.","url":"\/11-2173\/","token":"11-2173"},"4":{"id":"456","structure_id":"128","section_number":"11-2174","catch_line":"PARKING TIME LIMITED IN DESIGNATED PLACES.","url":"\/11-2174\/","token":"11-2174"},"5":{"id":"457","structure_id":"128","section_number":"11-2175","catch_line":"PARKING LIMITATIONS ON CITY-OWNED FACILITIES.","url":"\/11-2175\/","token":"11-2175"},"6":{"id":"459","structure_id":"128","section_number":"11-2176","catch_line":"TRUCK PARKING.","url":"\/11-2176\/","token":"11-2176"},"7":{"id":"460","structure_id":"128","section_number":"11-2177","catch_line":"STANDING FOR LOADING ONLY.","url":"\/11-2177\/","token":"11-2177"},"8":{"id":"461","structure_id":"128","section_number":"11-2178","catch_line":"BUS STOPS.","url":"\/11-2178\/","token":"11-2178"},"9":{"id":"462","structure_id":"128","section_number":"11-2179","catch_line":"STOPPING, STANDING OR PARKING CLOSE TO CURB.","url":"\/11-2179\/","token":"11-2179"},"10":{"id":"463","structure_id":"128","section_number":"11-2180","catch_line":"UNLAWFUL PURPOSES FOR PARKING.","url":"\/11-2180\/","token":"11-2180"},"11":{"id":"464","structure_id":"128","section_number":"11-2181","catch_line":"TEMPORARY PARKING RESTRICTIONS BY CHIEF OF POLICE.","url":"\/11-2181\/","token":"11-2181"},"12":{"id":"465","structure_id":"128","section_number":"11-2182","catch_line":"CONTROLLED PARKING RESIDENTIAL AREA.","url":"\/11-2182\/","token":"11-2182"},"13":{"id":"466","structure_id":"128","section_number":"11-2183","catch_line":"PARKING, OBSTRUCTIONS PROHIBITED AT MOORE SQUARE TRANSIT TRANSFER FACILITY.","url":"\/11-2183\/","token":"11-2183"},"14":{"id":"467","structure_id":"128","section_number":"11-2184","catch_line":"TAXI ZONES.","url":"\/11-2184\/","token":"11-2184"},"15":{"id":"468","structure_id":"128","section_number":"11-2185","catch_line":"POLICE VEHICLE PARKING ZONE.","url":"\/11-2185\/","token":"11-2185"},"16":{"id":"471","structure_id":"128","section_number":"11-2186","catch_line":"VALET PARKING.","url":"\/11-2186\/","token":"11-2186"},"17":{"id":"472","structure_id":"128","section_number":"11-2187","catch_line":"NO PARKING TOW AWAY ZONE.","url":"\/11-2187\/","token":"11-2187"},"18":{"id":"473","structure_id":"128","section_number":"11-2188","catch_line":"EXTRAORDINANRY IMPACT EVENTS.","url":"\/11-2188\/","token":"11-2188"},"19":{"id":"474","structure_id":"128","section_number":"11-2189","catch_line":"RESERVED.","url":"\/11-2189\/","token":"11-2189"},"20":{"id":"475","structure_id":"128","section_number":"11-2189","catch_line":"RESERVED. ","url":"\/11-2189\/","token":"11-2189"}},"previous_section":{"id":"463","structure_id":"128","section_number":"11-2180","catch_line":"UNLAWFUL PURPOSES FOR PARKING.","url":"\/11-2180\/","token":"11-2180"},"next_section":{"id":"465","structure_id":"128","section_number":"11-2182","catch_line":"CONTROLLED PARKING RESIDENTIAL AREA.","url":"\/11-2182\/","token":"11-2182"},"references":false,"formats":{"txt":"\/11-2181.txt","json":"\/11-2181.xml"},"dublin_core":{"Title":"TEMPORARY PARKING RESTRICTIONS BY CHIEF OF POLICE.","Type":"Text","Format":"text\/html","Identifier":"\u00a7 11-2181","Relation":"Code of State"},"plain_text":"                                  CODE OF STATE\n\nTEMPORARY PARKING RESTRICTIONS BY CHIEF OF POLICE. (\u00a7 11-2181)\n\n(a) \n\n   (1) \tAlong parade routes permitted by the Police Department of the City for a\n   period of two (2) hours before a parade begins until one (1) hour after the\n   end thereof along streets having parking meters or any other streets within\n   the City. \n   \n\n   (2) \tAdjacent to curbs where street or public utility repairs are being made\n   or are to be made if the parking at those curbs would interfere with the\n   repair work. \n   \n\n   (3) ,\t(4)\u2002Reserved.\n   \n\n   (5) \tAdjacent to the curb where parking would interfere with special events\n   which may be lawfully conducted on the streets or sidewalks of the City. \n   \n\n(b) It shall be unlawful to park a motor vehicle in the prohibited areas after\nsigns, traffic cones, or other devices have been conspicuously placed to give\nnotice that parking is prohibited. \n(Ord. No. 1984-452, \u00a74, 12-4-84) \nCross references: Parade regulations generally, \u00a712-1051 et seq.; parking meter\nzones and restrictions applicable thereto, \u00a711-2200 et seq.; reservation or\nencumbrance of parking spaces, \u00a711-2207 \nAnnotation: Traffic schedules for residential parking access are found in\nTraffic Schedule 21.\n"}