{"law_id":"500","section_number":"11-2234","catch_line":"USE OF WARNING SIGNS GENERALLY.","history":"","order_by":"11-2234","metadata":false,"url":"\/11-2234\/","token":"11-2234","structure":{"1":{"id":"133","name":"ARTICLE L. - SIGNING AND TRAFFIC ROUTING IN THE EVENT OF STREET OBSTRUCTION","identifier":"L","label":"article","url":"\/II\/11\/2\/L\/"},"2":{"id":"115","name":"CHAPTER 2. - MOTOR VEHICLES AND TRAFFIC","identifier":"2","label":"chapter","url":"\/II\/11\/2\/"},"3":{"id":"110","name":"PART 11 - TRANSPORTATION","identifier":"11","label":"part","url":"\/II\/11\/"},"4":{"id":"5","name":"Division II - Planning and Development","identifier":"II","label":"division","url":"\/II\/"}},"referred_to_by":false,"edition_id":"1","section_id":"500","structure_id":"133","full_text":"(b) Failure to comply with the provisions of this section shall be a misdemeanor. \n(Code 1959 , \u00a719-36; Ord. No. 1994-393, \u00a77, 5-3-94)\r\r","text":{"0":{"id":"1407","text":"","type":"section","prefixes":["(a)"],"prefix":"(a)","entire_prefix":"(a)","prefix_anchor":"(a)","level":1},"1":{"id":"1408","text":"\tAdvance warning signs stating that work is being performed ahead shall be posted a minimum of 500 feet from the nearest point where the work is being carried on. Such signs shall be placed in either direction from the site of such work. \n","type":"section","prefixes":["(a)","(1)"],"prefix":"(1)","entire_prefix":"(a)(1)","prefix_anchor":"(a)(1)","level":2},"2":{"id":"1409","text":"\tSpecified warning signs stating what portion of the street is obstructed or, the extent of the obstruction, or, otherwise the nature of the work that is being done, shall be placed at a minimum of 150 feet proceeding in either direction from the nearest point of obstruction. \n","type":"section","prefixes":["(a)","(2)"],"prefix":"(2)","entire_prefix":"(a)(2)","prefix_anchor":"(a)(2)","level":2},"3":{"id":"1410","text":"\tA flag tree warning device set forth in the manual provided for in this article shall be located adjacent to the location of the obstruction, in either direction of traffic, in the direct line of sight of any motorists approaching the obstruction from either direction. \n","type":"section","prefixes":["(a)","(3)"],"prefix":"(3)","entire_prefix":"(a)(3)","prefix_anchor":"(a)(3)","level":2},"4":{"id":"1411","text":"\tThe flow of traffic in either direction shall be channelized around obstruction by means of traffic cones and\/or barricades set up in the roadway. \n","type":"section","prefixes":["(a)","(4)"],"prefix":"(4)","entire_prefix":"(a)(4)","prefix_anchor":"(a)(4)","level":2},"5":{"id":"1412","text":"\tMinimum specifications for such signs, signals, and warning devices, and illustrative examples of properly placed signs, signals and warning devices shall be maintained in the manual. \n","type":"section","prefixes":["(a)","(5)"],"prefix":"(5)","entire_prefix":"(a)(5)","prefix_anchor":"(a)(5)","level":2},"6":{"id":"1413","text":"Failure to comply with the provisions of this section shall be a misdemeanor. \n(Code 1959 , \u00a719-36; Ord. No. 1994-393, \u00a77, 5-3-94)","type":"section","prefixes":["(b)"],"prefix":"(b)","entire_prefix":"(b)","prefix_anchor":"(b)","level":1}},"ancestry":{"1":{"id":"133","name":"ARTICLE L. - SIGNING AND TRAFFIC ROUTING IN THE EVENT OF STREET OBSTRUCTION","identifier":"L","label":"article","url":"\/II\/11\/2\/L\/"},"2":{"id":"115","name":"CHAPTER 2. - MOTOR VEHICLES AND TRAFFIC","identifier":"2","label":"chapter","url":"\/II\/11\/2\/"},"3":{"id":"110","name":"PART 11 - TRANSPORTATION","identifier":"11","label":"part","url":"\/II\/11\/"},"4":{"id":"5","name":"Division II - Planning and Development","identifier":"II","label":"division","url":"\/II\/"}},"structure_contents":{"0":{"id":"497","structure_id":"133","section_number":"11-2231","catch_line":"DEFINITIONS.","url":"\/11-2231\/","token":"11-2231"},"1":{"id":"498","structure_id":"133","section_number":"11-2232","catch_line":"CERTAIN OBSTRUCTIONS PROHIBITED; EXCEPTIONS.","url":"\/11-2232\/","token":"11-2232"},"2":{"id":"499","structure_id":"133","section_number":"11-2233","catch_line":"USE OF FLAGMEN; CHANNELIZATION OF TRAFFIC.","url":"\/11-2233\/","token":"11-2233"},"3":{"id":"500","structure_id":"133","section_number":"11-2234","catch_line":"USE OF WARNING SIGNS GENERALLY.","url":"\/11-2234\/","token":"11-2234"},"4":{"id":"501","structure_id":"133","section_number":"11-2235","catch_line":"WARNING DEVICES FOR NIGHTTIME OBSTRUCTION.","url":"\/11-2235\/","token":"11-2235"},"5":{"id":"502","structure_id":"133","section_number":"11-2236","catch_line":"ALTERNATE WARNING DEVICES WHEN DURATION OF OBSTRUCTION 30 MINUTES OR LESS.","url":"\/11-2236\/","token":"11-2236"},"6":{"id":"504","structure_id":"133","section_number":"11-2237","catch_line":"FAILURE TO REMOVE SIGNS.","url":"\/11-2237\/","token":"11-2237"},"7":{"id":"505","structure_id":"133","section_number":"11-2238","catch_line":"SIGNS MUST CONTAIN CORRECT INFORMATION.","url":"\/11-2238\/","token":"11-2238"},"8":{"id":"506","structure_id":"133","section_number":"11-2239","catch_line":"EMERGENCY SITUATIONS.","url":"\/11-2239\/","token":"11-2239"},"9":{"id":"507","structure_id":"133","section_number":"11-2240","catch_line":"DIRECTOR OF THE DEPARTMENT OF TRANSPORTATION TO PUBLISH AND MAINTAIN MANUAL; CONTENTS OF MANUAL; COPIES ON FILE.","url":"\/11-2240\/","token":"11-2240"},"10":{"id":"508","structure_id":"133","section_number":"11-2241","catch_line":"NORTH CAROLINA DEPARTMENT OF TRANSPORTATION EMPLOYEES AND AGENTS EXEMPTED.","url":"\/11-2241\/","token":"11-2241"},"11":{"id":"509","structure_id":"133","section_number":"11-2242","catch_line":"REMOVAL OR DESTRUCTION OF WARNING DEVICES.","url":"\/11-2242\/","token":"11-2242"},"12":{"id":"510","structure_id":"133","section_number":"11-2243","catch_line":"BUILDING MATERIALS ON STREET.","url":"\/11-2243\/","token":"11-2243"},"13":{"id":"511","structure_id":"133","section_number":"11-2244","catch_line":"DURATION OF SIGNING, SIGNALLING AND CHANNELIZATION REQUIREMENTS; CLEANING STREET.","url":"\/11-2244\/","token":"11-2244"},"14":{"id":"512","structure_id":"133","section_number":"11-2245","catch_line":"VIOLATION AND NONCOMPLIANCE.","url":"\/11-2245\/","token":"11-2245"}},"previous_section":{"id":"499","structure_id":"133","section_number":"11-2233","catch_line":"USE OF FLAGMEN; CHANNELIZATION OF TRAFFIC.","url":"\/11-2233\/","token":"11-2233"},"next_section":{"id":"501","structure_id":"133","section_number":"11-2235","catch_line":"WARNING DEVICES FOR NIGHTTIME OBSTRUCTION.","url":"\/11-2235\/","token":"11-2235"},"references":{"0":{"id":"501","section_number":"11-2235","catch_line":"WARNING DEVICES FOR NIGHTTIME OBSTRUCTION.","url":"http:\/\/localhost:8888\/11-2235\/"}},"formats":{"txt":"\/11-2234.txt","json":"\/11-2234.xml"},"dublin_core":{"Title":"USE OF WARNING SIGNS GENERALLY.","Type":"Text","Format":"text\/html","Identifier":"\u00a7 11-2234","Relation":"Code of State"},"plain_text":"                                  CODE OF STATE\n\nUSE OF WARNING SIGNS GENERALLY. (\u00a7 11-2234)\n\n(a) \n\n   (1) \tAdvance warning signs stating that work is being performed ahead shall be\n   posted a minimum of 500 feet from the nearest point where the work is being\n   carried on. Such signs shall be placed in either direction from the site of\n   such work. \n   \n\n   (2) \tSpecified warning signs stating what portion of the street is obstructed\n   or, the extent of the obstruction, or, otherwise the nature of the work that\n   is being done, shall be placed at a minimum of 150 feet proceeding in either\n   direction from the nearest point of obstruction. \n   \n\n   (3) \tA flag tree warning device set forth in the manual provided for in this\n   article shall be located adjacent to the location of the obstruction, in\n   either direction of traffic, in the direct line of sight of any motorists\n   approaching the obstruction from either direction. \n   \n\n   (4) \tThe flow of traffic in either direction shall be channelized around\n   obstruction by means of traffic cones and\/or barricades set up in the roadway.\n   \n   \n\n   (5) \tMinimum specifications for such signs, signals, and warning devices, and\n   illustrative examples of properly placed signs, signals and warning devices\n   shall be maintained in the manual. \n   \n\n(b) Failure to comply with the provisions of this section shall be a\nmisdemeanor. \n(Code 1959 , \u00a719-36; Ord. No. 1994-393, \u00a77, 5-3-94)\n"}