{"law_id":"369","section_number":"11-2003","catch_line":"UNIFORM RULES OF THE ROAD.","history":"","order_by":"11-2003","metadata":false,"url":"\/11-2003\/","token":"11-2003","structure":{"1":{"id":"116","name":"ARTICLE A. - GENERAL PROVISIONS","identifier":"A","label":"article","url":"\/II\/11\/2\/A\/"},"2":{"id":"115","name":"CHAPTER 2. - MOTOR VEHICLES AND TRAFFIC","identifier":"2","label":"chapter","url":"\/II\/11\/2\/"},"3":{"id":"110","name":"PART 11 - TRANSPORTATION","identifier":"11","label":"part","url":"\/II\/11\/"},"4":{"id":"5","name":"Division II - Planning and Development","identifier":"II","label":"division","url":"\/II\/"}},"referred_to_by":false,"edition_id":"1","section_id":"369","structure_id":"116","full_text":"The provisions of G.S. 20-138 et seq., which apply to the operation of vehicles and rules of the road shall be in full force and effect upon the streets and highways within the City and shall be enforced wherever applicable. \nState law references: Authority of cities to regulate traffic, G.S. 160A-300; restrictions on local authorities, G.S. 20-169; operation of motor vehicles and rules of the road, G.S. 20-138 et seq.; motor vehicles generally, G.S. 20-1 et seq.","text":{"0":{"id":"1062","text":"The provisions of G.S. 20-138 et seq., which apply to the operation of vehicles and rules of the road shall be in full force and effect upon the streets and highways within the City and shall be enforced wherever applicable. \nState law references: Authority of cities to regulate traffic, G.S. 160A-300; restrictions on local authorities, G.S. 20-169; operation of motor vehicles and rules of the road, G.S. 20-138 et seq.; motor vehicles generally, G.S. 20-1 et seq.","type":"section","prefixes":[""],"prefix":"","entire_prefix":"","prefix_anchor":"","level":1}},"ancestry":{"1":{"id":"116","name":"ARTICLE A. - GENERAL PROVISIONS","identifier":"A","label":"article","url":"\/II\/11\/2\/A\/"},"2":{"id":"115","name":"CHAPTER 2. - MOTOR VEHICLES AND TRAFFIC","identifier":"2","label":"chapter","url":"\/II\/11\/2\/"},"3":{"id":"110","name":"PART 11 - TRANSPORTATION","identifier":"11","label":"part","url":"\/II\/11\/"},"4":{"id":"5","name":"Division II - Planning and Development","identifier":"II","label":"division","url":"\/II\/"}},"structure_contents":{"0":{"id":"367","structure_id":"116","section_number":"11-2001","catch_line":"DEFINITIONS.","url":"\/11-2001\/","token":"11-2001"},"1":{"id":"368","structure_id":"116","section_number":"11-2002","catch_line":"DEFINITIONS SUPPLEMENTAL TO GENERAL STATUTES.","url":"\/11-2002\/","token":"11-2002"},"2":{"id":"369","structure_id":"116","section_number":"11-2003","catch_line":"UNIFORM RULES OF THE ROAD.","url":"\/11-2003\/","token":"11-2003"},"3":{"id":"371","structure_id":"116","section_number":"11-2004","catch_line":"SCHEDULE OF TRAFFIC AND PARKING REGULATIONS; INCORPORATION BY REFERENCE.","url":"\/11-2004\/","token":"11-2004"},"4":{"id":"372","structure_id":"116","section_number":"11-2005","catch_line":"PUBLIC EMPLOYEES.","url":"\/11-2005\/","token":"11-2005"},"5":{"id":"373","structure_id":"116","section_number":"11-2006","catch_line":"RESERVED.","url":"\/11-2006\/","token":"11-2006"},"6":{"id":"374","structure_id":"116","section_number":"11-2007","catch_line":"RESERVED.","url":"\/11-2007\/","token":"11-2007"},"7":{"id":"375","structure_id":"116","section_number":"11-2008","catch_line":"BICYCLES, MOTORCYCLES AND ANIMALS.","url":"\/11-2008\/","token":"11-2008"},"8":{"id":"376","structure_id":"116","section_number":"11-2009","catch_line":"TERRITORIAL APPLICATION.","url":"\/11-2009\/","token":"11-2009"},"9":{"id":"377","structure_id":"116","section_number":"11-2010","catch_line":"TIME OF APPLICATION.","url":"\/11-2010\/","token":"11-2010"},"10":{"id":"378","structure_id":"116","section_number":"11-2011","catch_line":"RESERVED.","url":"\/11-2011\/","token":"11-2011"},"11":{"id":"379","structure_id":"116","section_number":"11-2011","catch_line":"RESERVED. ","url":"\/11-2011\/","token":"11-2011"}},"previous_section":{"id":"368","structure_id":"116","section_number":"11-2002","catch_line":"DEFINITIONS SUPPLEMENTAL TO GENERAL STATUTES.","url":"\/11-2002\/","token":"11-2002"},"next_section":{"id":"371","structure_id":"116","section_number":"11-2004","catch_line":"SCHEDULE OF TRAFFIC AND PARKING REGULATIONS; INCORPORATION BY REFERENCE.","url":"\/11-2004\/","token":"11-2004"},"references":false,"formats":{"txt":"\/11-2003.txt","json":"\/11-2003.xml"},"dublin_core":{"Title":"UNIFORM RULES OF THE ROAD.","Type":"Text","Format":"text\/html","Identifier":"\u00a7 11-2003","Relation":"Code of State"},"plain_text":"                                  CODE OF STATE\n\nUNIFORM RULES OF THE ROAD. (\u00a7 11-2003)\n\nThe provisions of G.S. 20-138 et seq., which apply to the operation of vehicles\nand rules of the road shall be in full force and effect upon the streets and\nhighways within the City and shall be enforced wherever applicable. \nState law references: Authority of cities to regulate traffic, G.S. 160A-300;\nrestrictions on local authorities, G.S. 20-169; operation of motor vehicles and\nrules of the road, G.S. 20-138 et seq.; motor vehicles generally, G.S. 20-1 et\nseq.\n"}