{"law_id":"419","section_number":"11-2104","catch_line":"TURNING AT OR BETWEEN INTERSECTIONS.","history":"","order_by":"11-2104","metadata":false,"url":"\/11-2104\/","token":"11-2104","structure":{"1":{"id":"122","name":"ARTICLE F. - TURNING MOVEMENTS","identifier":"F","label":"article","url":"\/II\/11\/2\/F\/"},"2":{"id":"115","name":"CHAPTER 2. - MOTOR VEHICLES AND TRAFFIC","identifier":"2","label":"chapter","url":"\/II\/11\/2\/"},"3":{"id":"110","name":"PART 11 - TRANSPORTATION","identifier":"11","label":"part","url":"\/II\/11\/"},"4":{"id":"5","name":"Division II - Planning and Development","identifier":"II","label":"division","url":"\/II\/"}},"referred_to_by":false,"edition_id":"1","section_id":"419","structure_id":"122","full_text":"After authorized signs have been erected giving notice thereof, it shall be unlawful to make a left turn, right turn, or a straight-through movement, respectively, at the locations set out in official Traffic Schedule No. 8, Restricted turns at or between intersections. \nCross reference: Schedules incorporated by reference, \u00a711-2004","text":{"0":{"id":"1140","text":"After authorized signs have been erected giving notice thereof, it shall be unlawful to make a left turn, right turn, or a straight-through movement, respectively, at the locations set out in official Traffic Schedule No. 8, Restricted turns at or between intersections. \nCross reference: Schedules incorporated by reference, \u00a711-2004","type":"section","prefixes":[""],"prefix":"","entire_prefix":"","prefix_anchor":"","level":1}},"ancestry":{"1":{"id":"122","name":"ARTICLE F. - TURNING MOVEMENTS","identifier":"F","label":"article","url":"\/II\/11\/2\/F\/"},"2":{"id":"115","name":"CHAPTER 2. - MOTOR VEHICLES AND TRAFFIC","identifier":"2","label":"chapter","url":"\/II\/11\/2\/"},"3":{"id":"110","name":"PART 11 - TRANSPORTATION","identifier":"11","label":"part","url":"\/II\/11\/"},"4":{"id":"5","name":"Division II - Planning and Development","identifier":"II","label":"division","url":"\/II\/"}},"structure_contents":{"0":{"id":"416","structure_id":"122","section_number":"11-2101","catch_line":"TURNING MARKERS.","url":"\/11-2101\/","token":"11-2101"},"1":{"id":"417","structure_id":"122","section_number":"11-2102","catch_line":"TURNING AT CHANNELIZED INTERSECTIONS.","url":"\/11-2102\/","token":"11-2102"},"2":{"id":"418","structure_id":"122","section_number":"11-2103","catch_line":"U-TURNS PROHIBITED.","url":"\/11-2103\/","token":"11-2103"},"3":{"id":"419","structure_id":"122","section_number":"11-2104","catch_line":"TURNING AT OR BETWEEN INTERSECTIONS.","url":"\/11-2104\/","token":"11-2104"},"4":{"id":"420","structure_id":"122","section_number":"11-2105","catch_line":"RIGHT TURNS ON RED TRAFFIC CONTROL SIGNAL LIGHTS PROHIBITED.","url":"\/11-2105\/","token":"11-2105"},"5":{"id":"421","structure_id":"122","section_number":"11-2106","catch_line":"RESERVED.","url":"\/11-2106\/","token":"11-2106"},"6":{"id":"422","structure_id":"122","section_number":"11-2106","catch_line":"RESERVED. ","url":"\/11-2106\/","token":"11-2106"}},"previous_section":{"id":"418","structure_id":"122","section_number":"11-2103","catch_line":"U-TURNS PROHIBITED.","url":"\/11-2103\/","token":"11-2103"},"next_section":{"id":"420","structure_id":"122","section_number":"11-2105","catch_line":"RIGHT TURNS ON RED TRAFFIC CONTROL SIGNAL LIGHTS PROHIBITED.","url":"\/11-2105\/","token":"11-2105"},"references":false,"formats":{"txt":"\/11-2104.txt","json":"\/11-2104.xml"},"dublin_core":{"Title":"TURNING AT OR BETWEEN INTERSECTIONS.","Type":"Text","Format":"text\/html","Identifier":"\u00a7 11-2104","Relation":"Code of State"},"plain_text":"                                  CODE OF STATE\n\nTURNING AT OR BETWEEN INTERSECTIONS. (\u00a7 11-2104)\n\nAfter authorized signs have been erected giving notice thereof, it shall be\nunlawful to make a left turn, right turn, or a straight-through movement,\nrespectively, at the locations set out in official Traffic Schedule No. 8,\nRestricted turns at or between intersections. \nCross reference: Schedules incorporated by reference, \u00a711-2004\n"}