{"law_id":"426","section_number":"11-2112","catch_line":"RESERVED. ","history":"","order_by":"11-2112","metadata":false,"url":"\/11-2112\/","token":"11-2112","structure":{"1":{"id":"123","name":"ARTICLE G. - ONE-WAY STREETS","identifier":"G","label":"article","url":"\/II\/11\/2\/G\/"},"2":{"id":"115","name":"CHAPTER 2. - MOTOR VEHICLES AND TRAFFIC","identifier":"2","label":"chapter","url":"\/II\/11\/2\/"},"3":{"id":"110","name":"PART 11 - TRANSPORTATION","identifier":"11","label":"part","url":"\/II\/11\/"},"4":{"id":"5","name":"Division II - Planning and Development","identifier":"II","label":"division","url":"\/II\/"}},"referred_to_by":false,"edition_id":"1","section_id":"426","structure_id":"123","full_text":"","text":{"0":{"id":"1147","text":"","type":"section","prefixes":[""],"prefix":"","entire_prefix":"","prefix_anchor":"","level":1}},"ancestry":{"1":{"id":"123","name":"ARTICLE G. - ONE-WAY STREETS","identifier":"G","label":"article","url":"\/II\/11\/2\/G\/"},"2":{"id":"115","name":"CHAPTER 2. - MOTOR VEHICLES AND TRAFFIC","identifier":"2","label":"chapter","url":"\/II\/11\/2\/"},"3":{"id":"110","name":"PART 11 - TRANSPORTATION","identifier":"11","label":"part","url":"\/II\/11\/"},"4":{"id":"5","name":"Division II - Planning and Development","identifier":"II","label":"division","url":"\/II\/"}},"structure_contents":{"0":{"id":"423","structure_id":"123","section_number":"11-2111","catch_line":"ONE-WAY STREETS.","url":"\/11-2111\/","token":"11-2111"},"1":{"id":"424","structure_id":"123","section_number":"11-2112","catch_line":"RESERVED.","url":"\/11-2112\/","token":"11-2112"},"2":{"id":"426","structure_id":"123","section_number":"11-2112","catch_line":"RESERVED. ","url":"\/11-2112\/","token":"11-2112"}},"previous_section":{"id":"424","structure_id":"123","section_number":"11-2112","catch_line":"RESERVED.","url":"\/11-2112\/","token":"11-2112"},"references":false,"formats":{"txt":"\/11-2112.txt","json":"\/11-2112.xml"},"dublin_core":{"Title":"RESERVED. ","Type":"Text","Format":"text\/html","Identifier":"\u00a7 11-2112","Relation":"Code of State"},"plain_text":"                                  CODE OF STATE\n\nRESERVED.  (\u00a7 11-2112)\n\n\n"}