{"law_id":"407","section_number":"11-2075","catch_line":"EMERGING FROM ALLEY OR PRIVATE DRIVEWAY.","history":"","order_by":"11-2075","metadata":false,"url":"\/11-2075\/","token":"11-2075","structure":{"1":{"id":"119","name":"ARTICLE D. - STOPS REQUIRED","identifier":"D","label":"article","url":"\/II\/11\/2\/D\/"},"2":{"id":"115","name":"CHAPTER 2. - MOTOR VEHICLES AND TRAFFIC","identifier":"2","label":"chapter","url":"\/II\/11\/2\/"},"3":{"id":"110","name":"PART 11 - TRANSPORTATION","identifier":"11","label":"part","url":"\/II\/11\/"},"4":{"id":"5","name":"Division II - Planning and Development","identifier":"II","label":"division","url":"\/II\/"}},"referred_to_by":false,"edition_id":"1","section_id":"407","structure_id":"119","full_text":"The driver of a vehicle emerging from an alley, driveway, or building shall stop that vehicle immediately prior to driving on to a sidewalk or into a sidewalk area across any alleyway, and upon entering the roadway shall yield the right-of-way to all vehicles approaching on the roadway. \n(Code 1959 , \u00a721-18)","text":{"0":{"id":"1128","text":"The driver of a vehicle emerging from an alley, driveway, or building shall stop that vehicle immediately prior to driving on to a sidewalk or into a sidewalk area across any alleyway, and upon entering the roadway shall yield the right-of-way to all vehicles approaching on the roadway. \n(Code 1959 , \u00a721-18)","type":"section","prefixes":[""],"prefix":"","entire_prefix":"","prefix_anchor":"","level":1}},"ancestry":{"1":{"id":"119","name":"ARTICLE D. - STOPS REQUIRED","identifier":"D","label":"article","url":"\/II\/11\/2\/D\/"},"2":{"id":"115","name":"CHAPTER 2. - MOTOR VEHICLES AND TRAFFIC","identifier":"2","label":"chapter","url":"\/II\/11\/2\/"},"3":{"id":"110","name":"PART 11 - TRANSPORTATION","identifier":"11","label":"part","url":"\/II\/11\/"},"4":{"id":"5","name":"Division II - Planning and Development","identifier":"II","label":"division","url":"\/II\/"}},"structure_contents":{"0":{"id":"402","structure_id":"119","section_number":"11-2071","catch_line":"ELECTRONIC TRAFFIC-CONTROL SIGNALS.","url":"\/11-2071\/","token":"11-2071"},"1":{"id":"404","structure_id":"119","section_number":"11-2072","catch_line":"STOP INTERSECTIONS.","url":"\/11-2072\/","token":"11-2072"},"2":{"id":"405","structure_id":"119","section_number":"11-2073","catch_line":"YIELD SIGNS.","url":"\/11-2073\/","token":"11-2073"},"3":{"id":"406","structure_id":"119","section_number":"11-2074","catch_line":"THROUGH STREETS.","url":"\/11-2074\/","token":"11-2074"},"4":{"id":"407","structure_id":"119","section_number":"11-2075","catch_line":"EMERGING FROM ALLEY OR PRIVATE DRIVEWAY.","url":"\/11-2075\/","token":"11-2075"},"5":{"id":"408","structure_id":"119","section_number":"11-2076","catch_line":"STOP WHEN TRAFFIC OBSTRUCTED.","url":"\/11-2076\/","token":"11-2076"},"6":{"id":"409","structure_id":"119","section_number":"11-2077","catch_line":"RESERVED.","url":"\/11-2077\/","token":"11-2077"},"7":{"id":"410","structure_id":"119","section_number":"11-2077","catch_line":"RESERVED. ","url":"\/11-2077\/","token":"11-2077"}},"previous_section":{"id":"406","structure_id":"119","section_number":"11-2074","catch_line":"THROUGH STREETS.","url":"\/11-2074\/","token":"11-2074"},"next_section":{"id":"408","structure_id":"119","section_number":"11-2076","catch_line":"STOP WHEN TRAFFIC OBSTRUCTED.","url":"\/11-2076\/","token":"11-2076"},"references":false,"formats":{"txt":"\/11-2075.txt","json":"\/11-2075.xml"},"dublin_core":{"Title":"EMERGING FROM ALLEY OR PRIVATE DRIVEWAY.","Type":"Text","Format":"text\/html","Identifier":"\u00a7 11-2075","Relation":"Code of State"},"plain_text":"                                  CODE OF STATE\n\nEMERGING FROM ALLEY OR PRIVATE DRIVEWAY. (\u00a7 11-2075)\n\nThe driver of a vehicle emerging from an alley, driveway, or building shall stop\nthat vehicle immediately prior to driving on to a sidewalk or into a sidewalk\narea across any alleyway, and upon entering the roadway shall yield the\nright-of-way to all vehicles approaching on the roadway. \n(Code 1959 , \u00a721-18)\n"}