{"law_id":"393","section_number":"11-2052","catch_line":"CONFORMANCE TO UNIFORM SIGNS MANUAL.","history":"","order_by":"11-2052","metadata":false,"url":"\/11-2052\/","token":"11-2052","structure":{"1":{"id":"118","name":"ARTICLE C. - OFFICIAL TRAFFIC-CONTROL DEVICES AND SIGNS","identifier":"C","label":"article","url":"\/II\/11\/2\/C\/"},"2":{"id":"115","name":"CHAPTER 2. - MOTOR VEHICLES AND TRAFFIC","identifier":"2","label":"chapter","url":"\/II\/11\/2\/"},"3":{"id":"110","name":"PART 11 - TRANSPORTATION","identifier":"11","label":"part","url":"\/II\/11\/"},"4":{"id":"5","name":"Division II - Planning and Development","identifier":"II","label":"division","url":"\/II\/"}},"referred_to_by":false,"edition_id":"1","section_id":"393","structure_id":"118","full_text":"All traffic-control signs, signals and devices of any kind whatsoever shall conform to the specifications approved by the State Department of Transportation in the &#8220;Manual on Uniform Traffic Control Devices for Street and Highway,&#8221; latest edition, and all signs and signals required hereunder for a particular purpose shall so far as practicable be uniform as to type and location throughout the City. All traffic-control devices so erected as hereinbefore set out and in accordance with the provisions of the laws of the State and this Code shall be deemed to be official traffic-control devices.","text":{"0":{"id":"1105","text":"All traffic-control signs, signals and devices of any kind whatsoever shall conform to the specifications approved by the State Department of Transportation in the &#8220;Manual on Uniform Traffic Control Devices for Street and Highway,&#8221; latest edition, and all signs and signals required hereunder for a particular purpose shall so far as practicable be uniform as to type and location throughout the City. All traffic-control devices so erected as hereinbefore set out and in accordance with the provisions of the laws of the State and this Code shall be deemed to be official traffic-control devices.","type":"section","prefixes":[""],"prefix":"","entire_prefix":"","prefix_anchor":"","level":1}},"ancestry":{"1":{"id":"118","name":"ARTICLE C. - OFFICIAL TRAFFIC-CONTROL DEVICES AND SIGNS","identifier":"C","label":"article","url":"\/II\/11\/2\/C\/"},"2":{"id":"115","name":"CHAPTER 2. - MOTOR VEHICLES AND TRAFFIC","identifier":"2","label":"chapter","url":"\/II\/11\/2\/"},"3":{"id":"110","name":"PART 11 - TRANSPORTATION","identifier":"11","label":"part","url":"\/II\/11\/"},"4":{"id":"5","name":"Division II - Planning and Development","identifier":"II","label":"division","url":"\/II\/"}},"structure_contents":{"0":{"id":"391","structure_id":"118","section_number":"11-2051","catch_line":"AUTHORITY OF DIRECTOR OF TRANSPORTATION.","url":"\/11-2051\/","token":"11-2051"},"1":{"id":"393","structure_id":"118","section_number":"11-2052","catch_line":"CONFORMANCE TO UNIFORM SIGNS MANUAL.","url":"\/11-2052\/","token":"11-2052"},"2":{"id":"394","structure_id":"118","section_number":"11-2053","catch_line":"TRAFFIC-CONTROL DEVICES TO BE OBEYED.","url":"\/11-2053\/","token":"11-2053"},"3":{"id":"395","structure_id":"118","section_number":"11-2054","catch_line":"TRAFFIC-CONTROL DEVICES TO BE INCLUDED ON TRAFFIC SCHEDULES.","url":"\/11-2054\/","token":"11-2054"},"4":{"id":"396","structure_id":"118","section_number":"11-2055","catch_line":"UNAUTHORIZED TRAFFIC-CONTROL DEVICES.","url":"\/11-2055\/","token":"11-2055"},"5":{"id":"397","structure_id":"118","section_number":"11-2056","catch_line":"TAMPERING WITH OFFICIAL TRAFFIC-CONTROL DEVICES.","url":"\/11-2056\/","token":"11-2056"},"6":{"id":"398","structure_id":"118","section_number":"11-2057","catch_line":"AVOIDANCE OF OFFICIAL TRAFFIC-CONTROL DEVICES.","url":"\/11-2057\/","token":"11-2057"},"7":{"id":"399","structure_id":"118","section_number":"11-2058","catch_line":"SIGNALS OR FLAGMEN AT CROSSINGS.","url":"\/11-2058\/","token":"11-2058"},"8":{"id":"400","structure_id":"118","section_number":"11-2059","catch_line":"RESERVED.","url":"\/11-2059\/","token":"11-2059"},"9":{"id":"401","structure_id":"118","section_number":"11-2059","catch_line":"RESERVED. ","url":"\/11-2059\/","token":"11-2059"}},"previous_section":{"id":"391","structure_id":"118","section_number":"11-2051","catch_line":"AUTHORITY OF DIRECTOR OF TRANSPORTATION.","url":"\/11-2051\/","token":"11-2051"},"next_section":{"id":"394","structure_id":"118","section_number":"11-2053","catch_line":"TRAFFIC-CONTROL DEVICES TO BE OBEYED.","url":"\/11-2053\/","token":"11-2053"},"references":false,"formats":{"txt":"\/11-2052.txt","json":"\/11-2052.xml"},"dublin_core":{"Title":"CONFORMANCE TO UNIFORM SIGNS MANUAL.","Type":"Text","Format":"text\/html","Identifier":"\u00a7 11-2052","Relation":"Code of State"},"plain_text":"                                  CODE OF STATE\n\nCONFORMANCE TO UNIFORM SIGNS MANUAL. (\u00a7 11-2052)\n\nAll traffic-control signs, signals and devices of any kind whatsoever shall\nconform to the specifications approved by the State Department of Transportation\nin the &#8220;Manual on Uniform Traffic Control Devices for Street and\nHighway,&#8221; latest edition, and all signs and signals required hereunder for\na particular purpose shall so far as practicable be uniform as to type and\nlocation throughout the City. All traffic-control devices so erected as\nhereinbefore set out and in accordance with the provisions of the laws of the\nState and this Code shall be deemed to be official traffic-control devices.\n"}