{"law_id":"375","section_number":"11-2008","catch_line":"BICYCLES, MOTORCYCLES AND ANIMALS.","history":"","order_by":"11-2008","metadata":false,"url":"\/11-2008\/","token":"11-2008","structure":{"1":{"id":"116","name":"ARTICLE A. - GENERAL PROVISIONS","identifier":"A","label":"article","url":"\/II\/11\/2\/A\/"},"2":{"id":"115","name":"CHAPTER 2. - MOTOR VEHICLES AND TRAFFIC","identifier":"2","label":"chapter","url":"\/II\/11\/2\/"},"3":{"id":"110","name":"PART 11 - TRANSPORTATION","identifier":"11","label":"part","url":"\/II\/11\/"},"4":{"id":"5","name":"Division II - Planning and Development","identifier":"II","label":"division","url":"\/II\/"}},"referred_to_by":{"0":{"id":"374","section_number":"11-2007","catch_line":"RESERVED.","url":"http:\/\/localhost:8888\/11-2007\/"}},"edition_id":"1","section_id":"375","structure_id":"116","full_text":"Every person riding a bicycle, motorcycle, or animal or driving an animal-drawn vehicle, or propelling a push cart upon a street, is subject to the provisions of the chapter, except those which are clearly inapplicable. \nCross reference: Bicycles, \u00a711-3001 et seq.","text":{"0":{"id":"1069","text":"Every person riding a bicycle, motorcycle, or animal or driving an animal-drawn vehicle, or propelling a push cart upon a street, is subject to the provisions of the chapter, except those which are clearly inapplicable. \nCross reference: Bicycles, \u00a711-3001 et seq.","type":"section","prefixes":[""],"prefix":"","entire_prefix":"","prefix_anchor":"","level":1}},"ancestry":{"1":{"id":"116","name":"ARTICLE A. - GENERAL PROVISIONS","identifier":"A","label":"article","url":"\/II\/11\/2\/A\/"},"2":{"id":"115","name":"CHAPTER 2. - MOTOR VEHICLES AND TRAFFIC","identifier":"2","label":"chapter","url":"\/II\/11\/2\/"},"3":{"id":"110","name":"PART 11 - TRANSPORTATION","identifier":"11","label":"part","url":"\/II\/11\/"},"4":{"id":"5","name":"Division II - Planning and Development","identifier":"II","label":"division","url":"\/II\/"}},"structure_contents":{"0":{"id":"367","structure_id":"116","section_number":"11-2001","catch_line":"DEFINITIONS.","url":"\/11-2001\/","token":"11-2001"},"1":{"id":"368","structure_id":"116","section_number":"11-2002","catch_line":"DEFINITIONS SUPPLEMENTAL TO GENERAL STATUTES.","url":"\/11-2002\/","token":"11-2002"},"2":{"id":"369","structure_id":"116","section_number":"11-2003","catch_line":"UNIFORM RULES OF THE ROAD.","url":"\/11-2003\/","token":"11-2003"},"3":{"id":"371","structure_id":"116","section_number":"11-2004","catch_line":"SCHEDULE OF TRAFFIC AND PARKING REGULATIONS; INCORPORATION BY REFERENCE.","url":"\/11-2004\/","token":"11-2004"},"4":{"id":"372","structure_id":"116","section_number":"11-2005","catch_line":"PUBLIC EMPLOYEES.","url":"\/11-2005\/","token":"11-2005"},"5":{"id":"373","structure_id":"116","section_number":"11-2006","catch_line":"RESERVED.","url":"\/11-2006\/","token":"11-2006"},"6":{"id":"374","structure_id":"116","section_number":"11-2007","catch_line":"RESERVED.","url":"\/11-2007\/","token":"11-2007"},"7":{"id":"375","structure_id":"116","section_number":"11-2008","catch_line":"BICYCLES, MOTORCYCLES AND ANIMALS.","url":"\/11-2008\/","token":"11-2008"},"8":{"id":"376","structure_id":"116","section_number":"11-2009","catch_line":"TERRITORIAL APPLICATION.","url":"\/11-2009\/","token":"11-2009"},"9":{"id":"377","structure_id":"116","section_number":"11-2010","catch_line":"TIME OF APPLICATION.","url":"\/11-2010\/","token":"11-2010"},"10":{"id":"378","structure_id":"116","section_number":"11-2011","catch_line":"RESERVED.","url":"\/11-2011\/","token":"11-2011"},"11":{"id":"379","structure_id":"116","section_number":"11-2011","catch_line":"RESERVED. ","url":"\/11-2011\/","token":"11-2011"}},"previous_section":{"id":"374","structure_id":"116","section_number":"11-2007","catch_line":"RESERVED.","url":"\/11-2007\/","token":"11-2007"},"next_section":{"id":"376","structure_id":"116","section_number":"11-2009","catch_line":"TERRITORIAL APPLICATION.","url":"\/11-2009\/","token":"11-2009"},"references":false,"formats":{"txt":"\/11-2008.txt","json":"\/11-2008.xml"},"dublin_core":{"Title":"BICYCLES, MOTORCYCLES AND ANIMALS.","Type":"Text","Format":"text\/html","Identifier":"\u00a7 11-2008","Relation":"Code of State"},"plain_text":"                                  CODE OF STATE\n\nBICYCLES, MOTORCYCLES AND ANIMALS. (\u00a7 11-2008)\n\nEvery person riding a bicycle, motorcycle, or animal or driving an animal-drawn\nvehicle, or propelling a push cart upon a street, is subject to the provisions\nof the chapter, except those which are clearly inapplicable. \nCross reference: Bicycles, \u00a711-3001 et seq.\n"}