{"law_id":"498","section_number":"11-2232","catch_line":"CERTAIN OBSTRUCTIONS PROHIBITED; EXCEPTIONS.","history":"","order_by":"11-2232","metadata":false,"url":"\/11-2232\/","token":"11-2232","structure":{"1":{"id":"133","name":"ARTICLE L. - SIGNING AND TRAFFIC ROUTING IN THE EVENT OF STREET OBSTRUCTION","identifier":"L","label":"article","url":"\/II\/11\/2\/L\/"},"2":{"id":"115","name":"CHAPTER 2. - MOTOR VEHICLES AND TRAFFIC","identifier":"2","label":"chapter","url":"\/II\/11\/2\/"},"3":{"id":"110","name":"PART 11 - TRANSPORTATION","identifier":"11","label":"part","url":"\/II\/11\/"},"4":{"id":"5","name":"Division II - Planning and Development","identifier":"II","label":"division","url":"\/II\/"}},"referred_to_by":false,"edition_id":"1","section_id":"498","structure_id":"133","full_text":"(b) Special permission to obstruct a portion of the above specified streets shall be obtained by having the transportation director or his agent endorse the work permit for working within the street right-of-way issued by the Department of Public Works pursuant to \u00a77-2001. This permit shall be maintained at the work site at all times while work is being performed.\r\r(c) Special permission to obstruct a lane may be revoked if permittee continues to violate any portion of this article. Permittee must reapply for permission to obstruct a lane if original endorsement is revoked.\r\r(e) Any person, persons, agency or corporation obstructing any portion of any of the above defined streets or working to remove or repair the cause of any obstruction in any such street shall at all times use the appropriate signs, signals and warning devices required by the manual providing for by this article. Such person, persons, agency or corporation so working shall remove all signs, signals and warning devices. When the street is not in fact obstructed.\r\r(f) Failure to comply with the provisions of this section shall be a misdemeanor. \n(Code 1959 , \u00a719-34; Ord. No. 1980-416, \u00a7\u00a71\u20143, 7-15-80; Ord. No. 1994-393, \u00a7\u00a71\u20144, 5-3-94)\r\r","text":{"0":{"id":"1391","text":"","type":"section","prefixes":["(a)"],"prefix":"(a)","entire_prefix":"(a)","prefix_anchor":"(a)","level":1},"1":{"id":"1392","text":"\tAny street within the City having a marked centerline, or having marked lanes, between the hours of 7:00 a.m. and 9:00 a.m. and between the hours of 4:00 p.m. and 6:00 p.m. \n","type":"section","prefixes":["(a)","(1)"],"prefix":"(1)","entire_prefix":"(a)(1)","prefix_anchor":"(a)(1)","level":2},"2":{"id":"1393","text":"\tAll streets with five (5) or more traffic lanes at the point of work, all streets with two (2) traffic lanes in each direction divided by a median, and all streets within the &#8220;Central Business District&#8221; (CBD), the area bounded by East Street, West Street, South Street and Peace Street, between the hours of 7:00 a.m. and 6:00 p.m. \n","type":"section","prefixes":["(a)","(2)"],"prefix":"(2)","entire_prefix":"(a)(2)","prefix_anchor":"(a)(2)","level":2},"3":{"id":"1394","text":"\tAny street which is totally closed to through traffic. \n","type":"section","prefixes":["(a)","(3)"],"prefix":"(3)","entire_prefix":"(a)(3)","prefix_anchor":"(a)(3)","level":2},"4":{"id":"1395","text":"Special permission to obstruct a portion of the above specified streets shall be obtained by having the transportation director or his agent endorse the work permit for working within the street right-of-way issued by the Department of Public Works pursuant to \u00a77-2001. This permit shall be maintained at the work site at all times while work is being performed.","type":"section","prefixes":["(b)"],"prefix":"(b)","entire_prefix":"(b)","prefix_anchor":"(b)","level":1},"5":{"id":"1396","text":"Special permission to obstruct a lane may be revoked if permittee continues to violate any portion of this article. Permittee must reapply for permission to obstruct a lane if original endorsement is revoked.","type":"section","prefixes":["(c)"],"prefix":"(c)","entire_prefix":"(c)","prefix_anchor":"(c)","level":1},"6":{"id":"1397","text":"","type":"section","prefixes":["(d)"],"prefix":"(d)","entire_prefix":"(d)","prefix_anchor":"(d)","level":1},"7":{"id":"1398","text":"\tThe location of the planned work;\n","type":"section","prefixes":["(d)","(1)"],"prefix":"(1)","entire_prefix":"(d)(1)","prefix_anchor":"(d)(1)","level":2},"8":{"id":"1399","text":"\tThe time that the planned work is to be done; and\n","type":"section","prefixes":["(d)","(2)"],"prefix":"(2)","entire_prefix":"(d)(2)","prefix_anchor":"(d)(2)","level":2},"9":{"id":"1400","text":"\tThe nature and extent of the planned work.\n","type":"section","prefixes":["(d)","(3)"],"prefix":"(3)","entire_prefix":"(d)(3)","prefix_anchor":"(d)(3)","level":2},"10":{"id":"1401","text":"Any person, persons, agency or corporation obstructing any portion of any of the above defined streets or working to remove or repair the cause of any obstruction in any such street shall at all times use the appropriate signs, signals and warning devices required by the manual providing for by this article. Such person, persons, agency or corporation so working shall remove all signs, signals and warning devices. When the street is not in fact obstructed.","type":"section","prefixes":["(e)"],"prefix":"(e)","entire_prefix":"(e)","prefix_anchor":"(e)","level":1},"11":{"id":"1402","text":"Failure to comply with the provisions of this section shall be a misdemeanor. \n(Code 1959 , \u00a719-34; Ord. No. 1980-416, \u00a7\u00a71\u20143, 7-15-80; Ord. No. 1994-393, \u00a7\u00a71\u20144, 5-3-94)","type":"section","prefixes":["(f)"],"prefix":"(f)","entire_prefix":"(f)","prefix_anchor":"(f)","level":1}},"ancestry":{"1":{"id":"133","name":"ARTICLE L. - SIGNING AND TRAFFIC ROUTING IN THE EVENT OF STREET OBSTRUCTION","identifier":"L","label":"article","url":"\/II\/11\/2\/L\/"},"2":{"id":"115","name":"CHAPTER 2. - MOTOR VEHICLES AND TRAFFIC","identifier":"2","label":"chapter","url":"\/II\/11\/2\/"},"3":{"id":"110","name":"PART 11 - TRANSPORTATION","identifier":"11","label":"part","url":"\/II\/11\/"},"4":{"id":"5","name":"Division II - Planning and Development","identifier":"II","label":"division","url":"\/II\/"}},"structure_contents":{"0":{"id":"497","structure_id":"133","section_number":"11-2231","catch_line":"DEFINITIONS.","url":"\/11-2231\/","token":"11-2231"},"1":{"id":"498","structure_id":"133","section_number":"11-2232","catch_line":"CERTAIN OBSTRUCTIONS PROHIBITED; EXCEPTIONS.","url":"\/11-2232\/","token":"11-2232"},"2":{"id":"499","structure_id":"133","section_number":"11-2233","catch_line":"USE OF FLAGMEN; CHANNELIZATION OF TRAFFIC.","url":"\/11-2233\/","token":"11-2233"},"3":{"id":"500","structure_id":"133","section_number":"11-2234","catch_line":"USE OF WARNING SIGNS GENERALLY.","url":"\/11-2234\/","token":"11-2234"},"4":{"id":"501","structure_id":"133","section_number":"11-2235","catch_line":"WARNING DEVICES FOR NIGHTTIME OBSTRUCTION.","url":"\/11-2235\/","token":"11-2235"},"5":{"id":"502","structure_id":"133","section_number":"11-2236","catch_line":"ALTERNATE WARNING DEVICES WHEN DURATION OF OBSTRUCTION 30 MINUTES OR LESS.","url":"\/11-2236\/","token":"11-2236"},"6":{"id":"504","structure_id":"133","section_number":"11-2237","catch_line":"FAILURE TO REMOVE SIGNS.","url":"\/11-2237\/","token":"11-2237"},"7":{"id":"505","structure_id":"133","section_number":"11-2238","catch_line":"SIGNS MUST CONTAIN CORRECT INFORMATION.","url":"\/11-2238\/","token":"11-2238"},"8":{"id":"506","structure_id":"133","section_number":"11-2239","catch_line":"EMERGENCY SITUATIONS.","url":"\/11-2239\/","token":"11-2239"},"9":{"id":"507","structure_id":"133","section_number":"11-2240","catch_line":"DIRECTOR OF THE DEPARTMENT OF TRANSPORTATION TO PUBLISH AND MAINTAIN MANUAL; CONTENTS OF MANUAL; COPIES ON FILE.","url":"\/11-2240\/","token":"11-2240"},"10":{"id":"508","structure_id":"133","section_number":"11-2241","catch_line":"NORTH CAROLINA DEPARTMENT OF TRANSPORTATION EMPLOYEES AND AGENTS EXEMPTED.","url":"\/11-2241\/","token":"11-2241"},"11":{"id":"509","structure_id":"133","section_number":"11-2242","catch_line":"REMOVAL OR DESTRUCTION OF WARNING DEVICES.","url":"\/11-2242\/","token":"11-2242"},"12":{"id":"510","structure_id":"133","section_number":"11-2243","catch_line":"BUILDING MATERIALS ON STREET.","url":"\/11-2243\/","token":"11-2243"},"13":{"id":"511","structure_id":"133","section_number":"11-2244","catch_line":"DURATION OF SIGNING, SIGNALLING AND CHANNELIZATION REQUIREMENTS; CLEANING STREET.","url":"\/11-2244\/","token":"11-2244"},"14":{"id":"512","structure_id":"133","section_number":"11-2245","catch_line":"VIOLATION AND NONCOMPLIANCE.","url":"\/11-2245\/","token":"11-2245"}},"previous_section":{"id":"497","structure_id":"133","section_number":"11-2231","catch_line":"DEFINITIONS.","url":"\/11-2231\/","token":"11-2231"},"next_section":{"id":"499","structure_id":"133","section_number":"11-2233","catch_line":"USE OF FLAGMEN; CHANNELIZATION OF TRAFFIC.","url":"\/11-2233\/","token":"11-2233"},"references":false,"formats":{"txt":"\/11-2232.txt","json":"\/11-2232.xml"},"dublin_core":{"Title":"CERTAIN OBSTRUCTIONS PROHIBITED; EXCEPTIONS.","Type":"Text","Format":"text\/html","Identifier":"\u00a7 11-2232","Relation":"Code of State"},"plain_text":"                                  CODE OF STATE\n\nCERTAIN OBSTRUCTIONS PROHIBITED; EXCEPTIONS. (\u00a7 11-2232)\n\n(a) \n\n   (1) \tAny street within the City having a marked centerline, or having marked\n   lanes, between the hours of 7:00 a.m. and 9:00 a.m. and between the hours of\n   4:00 p.m. and 6:00 p.m. \n   \n\n   (2) \tAll streets with five (5) or more traffic lanes at the point of work, all\n   streets with two (2) traffic lanes in each direction divided by a median, and\n   all streets within the &#8220;Central Business District&#8221; (CBD), the area\n   bounded by East Street, West Street, South Street and Peace Street, between\n   the hours of 7:00 a.m. and 6:00 p.m. \n   \n\n   (3) \tAny street which is totally closed to through traffic. \n   \n\n(b) Special permission to obstruct a portion of the above specified streets\nshall be obtained by having the transportation director or his agent endorse the\nwork permit for working within the street right-of-way issued by the Department\nof Public Works pursuant to \u00a77-2001. This permit shall be maintained at the\nwork site at all times while work is being performed.\n\n(c) Special permission to obstruct a lane may be revoked if permittee continues\nto violate any portion of this article. Permittee must reapply for permission to\nobstruct a lane if original endorsement is revoked.\n\n(d) \n\n   (1) \tThe location of the planned work;\n   \n\n   (2) \tThe time that the planned work is to be done; and\n   \n\n   (3) \tThe nature and extent of the planned work.\n   \n\n(e) Any person, persons, agency or corporation obstructing any portion of any of\nthe above defined streets or working to remove or repair the cause of any\nobstruction in any such street shall at all times use the appropriate signs,\nsignals and warning devices required by the manual providing for by this\narticle. Such person, persons, agency or corporation so working shall remove all\nsigns, signals and warning devices. When the street is not in fact obstructed.\n\n(f) Failure to comply with the provisions of this section shall be a\nmisdemeanor. \n(Code 1959 , \u00a719-34; Ord. No. 1980-416, \u00a7\u00a71\u20143, 7-15-80; Ord. No. 1994-393,\n\u00a7\u00a71\u20144, 5-3-94)\n"}