{"law_id":"453","section_number":"11-2171","catch_line":"PARKING PROHIBITED IN CERTAIN PLACES.","history":"","order_by":"11-2171","metadata":false,"url":"\/11-2171\/","token":"11-2171","structure":{"1":{"id":"128","name":"ARTICLE J. - PARKING AND STANDING","identifier":"J","label":"article","url":"\/II\/11\/2\/J\/"},"2":{"id":"115","name":"CHAPTER 2. - MOTOR VEHICLES AND TRAFFIC","identifier":"2","label":"chapter","url":"\/II\/11\/2\/"},"3":{"id":"110","name":"PART 11 - TRANSPORTATION","identifier":"11","label":"part","url":"\/II\/11\/"},"4":{"id":"5","name":"Division II - Planning and Development","identifier":"II","label":"division","url":"\/II\/"}},"referred_to_by":false,"edition_id":"1","section_id":"453","structure_id":"128","full_text":"(a) Obstructing traffic. \nIt shall be unlawful for any person to stop, stand or park any vehicle upon a street, or alley, in such manner or under such conditions as to obstruct the free movement of vehicular traffic, except that a driver may stop temporarily during the actual unloading of passengers or when necessary to obey traffic regulations or signs or signals, or signals of a police officer.\r\r","text":{"0":{"id":"1233","text":"Obstructing traffic. \nIt shall be unlawful for any person to stop, stand or park any vehicle upon a street, or alley, in such manner or under such conditions as to obstruct the free movement of vehicular traffic, except that a driver may stop temporarily during the actual unloading of passengers or when necessary to obey traffic regulations or signs or signals, or signals of a police officer.","type":"section","prefixes":["(a)"],"prefix":"(a)","entire_prefix":"(a)","prefix_anchor":"(a)","level":1},"1":{"id":"1234","text":"","type":"section","prefixes":["(b)"],"prefix":"(b)","entire_prefix":"(b)","prefix_anchor":"(b)","level":1},"2":{"id":"1235","text":"\tOn a sidewalk, in the area between the roadway and the sidewalk, in the area between the right-of-way line and the roadway or in the median area of a divided roadway. \n","type":"section","prefixes":["(b)","(1)"],"prefix":"(1)","entire_prefix":"(b)(1)","prefix_anchor":"(b)(1)","level":2},"3":{"id":"1236","text":"\tOn or within twelve (12) feet of a crosswalk. \n","type":"section","prefixes":["(b)","(2)"],"prefix":"(2)","entire_prefix":"(b)(2)","prefix_anchor":"(b)(2)","level":2},"4":{"id":"1237","text":"\tWithin an intersection. \n","type":"section","prefixes":["(b)","(3)"],"prefix":"(3)","entire_prefix":"(b)(3)","prefix_anchor":"(b)(3)","level":2},"5":{"id":"1238","text":"\tWithin twenty-five (25) feet upon the approach to any flashing beacon, stop sign or traffic-control signal located at the side of a street or roadway. \n","type":"section","prefixes":["(b)","(4)"],"prefix":"(4)","entire_prefix":"(b)(4)","prefix_anchor":"(b)(4)","level":2},"6":{"id":"1239","text":"\tUnderpass approaches. No vehicle shall park on either side of any street approaching a railroad underpass or overhead bridge within fifty (50) feet in any direction of the outer edge of such underpass or overhead bridge. \n","type":"section","prefixes":["(b)","(5)"],"prefix":"(5)","entire_prefix":"(b)(5)","prefix_anchor":"(b)(5)","level":2},"7":{"id":"1240","text":"\tGrade crossing approaches. No vehicle shall park on either side of any street approaching a grade crossing within fifty (50) feet of the closest rail; provided, that where existing permanent structures are located along the street and closer than fifty (50) feet, parking may be permitted in front of such structures, unless otherwise prohibited, if the parking does not interfere with the view in either direction of an approaching locomotive or train. \n","type":"section","prefixes":["(b)","(6)"],"prefix":"(6)","entire_prefix":"(b)(6)","prefix_anchor":"(b)(6)","level":2},"8":{"id":"1241","text":"\tAlongside or opposite any street excavation or obstruction when such stopping, standing or parking would obstruct traffic. \n","type":"section","prefixes":["(b)","(7)"],"prefix":"(7)","entire_prefix":"(b)(7)","prefix_anchor":"(b)(7)","level":2},"9":{"id":"1242","text":"\tUpon any bridge or other elevated structure or within any underpass structure.\n","type":"section","prefixes":["(b)","(8)"],"prefix":"(8)","entire_prefix":"(b)(8)","prefix_anchor":"(b)(8)","level":2},"10":{"id":"1243","text":"\tOn the roadway side of any vehicle stopped, standing or parked at the edge or curb of a street. \n(10)\tWithin fifteen (15) feet in either direction of a fire hydrant, unless a greater or lesser distance is designated by action of the Council and appropriate signs or markings are displayed. \n","type":"section","prefixes":["(b)","(9)"],"prefix":"(9)","entire_prefix":"(b)(9)","prefix_anchor":"(b)(9)","level":2},"11":{"id":"1244","text":"\tWithin five (5) feet on either side from a private road or driveway, or in such a manner to block the passage of vehicles to or from such road or driveway. \n","type":"section","prefixes":["(b)","(11"],"prefix":"(11","entire_prefix":"(b)(11","prefix_anchor":"(b)(11","level":2},"12":{"id":"1245","text":"\tCity-owned parking areas. It shall be unlawful in any off-street lot or area owned by the City and provided for general public parking to park a motor vehicle, or for the registered owner of a motor vehicle to allow such vehicle to be parked, in any manner other than within properly designated parking spaces. \nFurther, in any such off-street parking lot or area owned by the City and provided for general public parking, it shall be unlawful to park a motor vehicle or for the registered owner of a motor vehicle to allow such vehicle to be parked, in such a manner as would block or otherwise obstruct the reasonable ingress to or egress from such parking area or lot by other motor vehicles, or as would block or obstruct the passage of emergency vehicles through such parking area or lot. \n","type":"section","prefixes":["(b)","(12"],"prefix":"(12","entire_prefix":"(b)(12","prefix_anchor":"(b)(12","level":2},"13":{"id":"1246","text":"\tIn any parking place designated as a car share space unless the vehicle belongs to a car sharing agency or company approved by and listed with the City of Raleigh pursuant to \u00a711-2001 of this Code. \n(Code 1959 , \u00a721-34(a); Ord. No. 1982-821, \u00a71, 1-5-82; Ord. No. 1982-933, \u00a71, 6-29-82; Ord. No. 1990-591, \u00a71, 6-5-90; Ord. No. 2012-122, \u00a72, 11-20-12, eff. 11-27-12) \nCross reference: Parking restrictions in City-owned parks, Part 9, Ch. 2, Art. B. \nState law reference: Stopping on highway prohibited, G.S. 20-161. \n","type":"section","prefixes":["(b)","(13"],"prefix":"(13","entire_prefix":"(b)(13","prefix_anchor":"(b)(13","level":2}},"ancestry":{"1":{"id":"128","name":"ARTICLE J. - PARKING AND STANDING","identifier":"J","label":"article","url":"\/II\/11\/2\/J\/"},"2":{"id":"115","name":"CHAPTER 2. - MOTOR VEHICLES AND TRAFFIC","identifier":"2","label":"chapter","url":"\/II\/11\/2\/"},"3":{"id":"110","name":"PART 11 - TRANSPORTATION","identifier":"11","label":"part","url":"\/II\/11\/"},"4":{"id":"5","name":"Division II - Planning and Development","identifier":"II","label":"division","url":"\/II\/"}},"structure_contents":{"0":{"id":"452","structure_id":"128","section_number":"11-2170","catch_line":"PENALTIES.","url":"\/11-2170\/","token":"11-2170"},"1":{"id":"453","structure_id":"128","section_number":"11-2171","catch_line":"PARKING PROHIBITED IN CERTAIN PLACES.","url":"\/11-2171\/","token":"11-2171"},"2":{"id":"454","structure_id":"128","section_number":"11-2172","catch_line":"NO PARKING ZONES.","url":"\/11-2172\/","token":"11-2172"},"3":{"id":"455","structure_id":"128","section_number":"11-2173","catch_line":"NO STOPPING OR STANDING ZONES.","url":"\/11-2173\/","token":"11-2173"},"4":{"id":"456","structure_id":"128","section_number":"11-2174","catch_line":"PARKING TIME LIMITED IN DESIGNATED PLACES.","url":"\/11-2174\/","token":"11-2174"},"5":{"id":"457","structure_id":"128","section_number":"11-2175","catch_line":"PARKING LIMITATIONS ON CITY-OWNED FACILITIES.","url":"\/11-2175\/","token":"11-2175"},"6":{"id":"459","structure_id":"128","section_number":"11-2176","catch_line":"TRUCK PARKING.","url":"\/11-2176\/","token":"11-2176"},"7":{"id":"460","structure_id":"128","section_number":"11-2177","catch_line":"STANDING FOR LOADING ONLY.","url":"\/11-2177\/","token":"11-2177"},"8":{"id":"461","structure_id":"128","section_number":"11-2178","catch_line":"BUS STOPS.","url":"\/11-2178\/","token":"11-2178"},"9":{"id":"462","structure_id":"128","section_number":"11-2179","catch_line":"STOPPING, STANDING OR PARKING CLOSE TO CURB.","url":"\/11-2179\/","token":"11-2179"},"10":{"id":"463","structure_id":"128","section_number":"11-2180","catch_line":"UNLAWFUL PURPOSES FOR PARKING.","url":"\/11-2180\/","token":"11-2180"},"11":{"id":"464","structure_id":"128","section_number":"11-2181","catch_line":"TEMPORARY PARKING RESTRICTIONS BY CHIEF OF POLICE.","url":"\/11-2181\/","token":"11-2181"},"12":{"id":"465","structure_id":"128","section_number":"11-2182","catch_line":"CONTROLLED PARKING RESIDENTIAL AREA.","url":"\/11-2182\/","token":"11-2182"},"13":{"id":"466","structure_id":"128","section_number":"11-2183","catch_line":"PARKING, OBSTRUCTIONS PROHIBITED AT MOORE SQUARE TRANSIT TRANSFER FACILITY.","url":"\/11-2183\/","token":"11-2183"},"14":{"id":"467","structure_id":"128","section_number":"11-2184","catch_line":"TAXI ZONES.","url":"\/11-2184\/","token":"11-2184"},"15":{"id":"468","structure_id":"128","section_number":"11-2185","catch_line":"POLICE VEHICLE PARKING ZONE.","url":"\/11-2185\/","token":"11-2185"},"16":{"id":"471","structure_id":"128","section_number":"11-2186","catch_line":"VALET PARKING.","url":"\/11-2186\/","token":"11-2186"},"17":{"id":"472","structure_id":"128","section_number":"11-2187","catch_line":"NO PARKING TOW AWAY ZONE.","url":"\/11-2187\/","token":"11-2187"},"18":{"id":"473","structure_id":"128","section_number":"11-2188","catch_line":"EXTRAORDINANRY IMPACT EVENTS.","url":"\/11-2188\/","token":"11-2188"},"19":{"id":"474","structure_id":"128","section_number":"11-2189","catch_line":"RESERVED.","url":"\/11-2189\/","token":"11-2189"},"20":{"id":"475","structure_id":"128","section_number":"11-2189","catch_line":"RESERVED. ","url":"\/11-2189\/","token":"11-2189"}},"previous_section":{"id":"452","structure_id":"128","section_number":"11-2170","catch_line":"PENALTIES.","url":"\/11-2170\/","token":"11-2170"},"next_section":{"id":"454","structure_id":"128","section_number":"11-2172","catch_line":"NO PARKING ZONES.","url":"\/11-2172\/","token":"11-2172"},"references":{"0":{"id":"431","section_number":"11-2125","catch_line":"DRIVING UNDER HAZARDOUS CONDITIONS.","url":"http:\/\/localhost:8888\/11-2125\/"},"1":{"id":"465","section_number":"11-2182","catch_line":"CONTROLLED PARKING RESIDENTIAL AREA.","url":"http:\/\/localhost:8888\/11-2182\/"}},"formats":{"txt":"\/11-2171.txt","json":"\/11-2171.xml"},"dublin_core":{"Title":"PARKING PROHIBITED IN CERTAIN PLACES.","Type":"Text","Format":"text\/html","Identifier":"\u00a7 11-2171","Relation":"Code of State"},"plain_text":"                                  CODE OF STATE\n\nPARKING PROHIBITED IN CERTAIN PLACES. (\u00a7 11-2171)\n\n(a) Obstructing traffic. \nIt shall be unlawful for any person to stop, stand or park any vehicle upon a\nstreet, or alley, in such manner or under such conditions as to obstruct the\nfree movement of vehicular traffic, except that a driver may stop temporarily\nduring the actual unloading of passengers or when necessary to obey traffic\nregulations or signs or signals, or signals of a police officer.\n\n(b) \n\n   (1) \tOn a sidewalk, in the area between the roadway and the sidewalk, in the\n   area between the right-of-way line and the roadway or in the median area of a\n   divided roadway. \n   \n\n   (2) \tOn or within twelve (12) feet of a crosswalk. \n   \n\n   (3) \tWithin an intersection. \n   \n\n   (4) \tWithin twenty-five (25) feet upon the approach to any flashing beacon,\n   stop sign or traffic-control signal located at the side of a street or\n   roadway. \n   \n\n   (5) \tUnderpass approaches. No vehicle shall park on either side of any street\n   approaching a railroad underpass or overhead bridge within fifty (50) feet in\n   any direction of the outer edge of such underpass or overhead bridge. \n   \n\n   (6) \tGrade crossing approaches. No vehicle shall park on either side of any\n   street approaching a grade crossing within fifty (50) feet of the closest\n   rail; provided, that where existing permanent structures are located along the\n   street and closer than fifty (50) feet, parking may be permitted in front of\n   such structures, unless otherwise prohibited, if the parking does not\n   interfere with the view in either direction of an approaching locomotive or\n   train. \n   \n\n   (7) \tAlongside or opposite any street excavation or obstruction when such\n   stopping, standing or parking would obstruct traffic. \n   \n\n   (8) \tUpon any bridge or other elevated structure or within any underpass\n   structure.\n   \n\n   (9) \tOn the roadway side of any vehicle stopped, standing or parked at the\n   edge or curb of a street. \n   (10)\tWithin fifteen (15) feet in either direction of a fire hydrant, unless a\n   greater or lesser distance is designated by action of the Council and\n   appropriate signs or markings are displayed. \n   \n\n   (11. \tWithin five (5) feet on either side from a private road or driveway, or\n   in such a manner to block the passage of vehicles to or from such road or\n   driveway. \n   \n\n   (12. \tCity-owned parking areas. It shall be unlawful in any off-street lot or\n   area owned by the City and provided for general public parking to park a motor\n   vehicle, or for the registered owner of a motor vehicle to allow such vehicle\n   to be parked, in any manner other than within properly designated parking\n   spaces. \n   Further, in any such off-street parking lot or area owned by the City and\n   provided for general public parking, it shall be unlawful to park a motor\n   vehicle or for the registered owner of a motor vehicle to allow such vehicle\n   to be parked, in such a manner as would block or otherwise obstruct the\n   reasonable ingress to or egress from such parking area or lot by other motor\n   vehicles, or as would block or obstruct the passage of emergency vehicles\n   through such parking area or lot. \n   \n\n   (13. \tIn any parking place designated as a car share space unless the vehicle\n   belongs to a car sharing agency or company approved by and listed with the\n   City of Raleigh pursuant to \u00a711-2001 of this Code. \n   (Code 1959 , \u00a721-34(a); Ord. No. 1982-821, \u00a71, 1-5-82; Ord. No. 1982-933,\n   \u00a71, 6-29-82; Ord. No. 1990-591, \u00a71, 6-5-90; Ord. No. 2012-122, \u00a72,\n   11-20-12, eff. 11-27-12) \n   Cross reference: Parking restrictions in City-owned parks, Part 9, Ch. 2, Art.\n   B. \n   State law reference: Stopping on highway prohibited, G.S. 20-161.\n"}