{"law_id":"451","section_number":"11-2154","catch_line":"RESERVED. ","history":"","order_by":"11-2154","metadata":false,"url":"\/11-2154\/","token":"11-2154","structure":{"1":{"id":"125","name":"ARTICLE I. - PEDESTRIANS' RIGHTS AND DUTIES","identifier":"I","label":"article","url":"\/II\/11\/2\/I\/"},"2":{"id":"115","name":"CHAPTER 2. - MOTOR VEHICLES AND TRAFFIC","identifier":"2","label":"chapter","url":"\/II\/11\/2\/"},"3":{"id":"110","name":"PART 11 - TRANSPORTATION","identifier":"11","label":"part","url":"\/II\/11\/"},"4":{"id":"5","name":"Division II - Planning and Development","identifier":"II","label":"division","url":"\/II\/"}},"referred_to_by":false,"edition_id":"1","section_id":"451","structure_id":"125","full_text":"","text":{"0":{"id":"1231","text":"","type":"section","prefixes":[""],"prefix":"","entire_prefix":"","prefix_anchor":"","level":1}},"ancestry":{"1":{"id":"125","name":"ARTICLE I. - PEDESTRIANS' RIGHTS AND DUTIES","identifier":"I","label":"article","url":"\/II\/11\/2\/I\/"},"2":{"id":"115","name":"CHAPTER 2. - MOTOR VEHICLES AND TRAFFIC","identifier":"2","label":"chapter","url":"\/II\/11\/2\/"},"3":{"id":"110","name":"PART 11 - TRANSPORTATION","identifier":"11","label":"part","url":"\/II\/11\/"},"4":{"id":"5","name":"Division II - Planning and Development","identifier":"II","label":"division","url":"\/II\/"}},"structure_contents":{"0":{"id":"446","structure_id":"125","section_number":"11-2151","catch_line":"PEDESTRIAN STREETS.","url":"\/11-2151\/","token":"11-2151"},"1":{"id":"448","structure_id":"125","section_number":"11-2152","catch_line":"PEDESTRIAN CROSSING PROHIBITED.","url":"\/11-2152\/","token":"11-2152"},"2":{"id":"449","structure_id":"125","section_number":"11-2153","catch_line":"ELECTRONIC TRAFFIC AND PEDESTRIAN CONTROL SIGNALS.","url":"\/11-2153\/","token":"11-2153"},"3":{"id":"450","structure_id":"125","section_number":"11-2154","catch_line":"RESERVED.","url":"\/11-2154\/","token":"11-2154"},"4":{"id":"451","structure_id":"125","section_number":"11-2154","catch_line":"RESERVED. ","url":"\/11-2154\/","token":"11-2154"}},"previous_section":{"id":"450","structure_id":"125","section_number":"11-2154","catch_line":"RESERVED.","url":"\/11-2154\/","token":"11-2154"},"references":false,"formats":{"txt":"\/11-2154.txt","json":"\/11-2154.xml"},"dublin_core":{"Title":"RESERVED. ","Type":"Text","Format":"text\/html","Identifier":"\u00a7 11-2154","Relation":"Code of State"},"plain_text":"                                  CODE OF STATE\n\nRESERVED.  (\u00a7 11-2154)\n\n\n"}