{"law_id":"510","section_number":"11-2243","catch_line":"BUILDING MATERIALS ON STREET.","history":"","order_by":"11-2243","metadata":false,"url":"\/11-2243\/","token":"11-2243","structure":{"1":{"id":"133","name":"ARTICLE L. - SIGNING AND TRAFFIC ROUTING IN THE EVENT OF STREET OBSTRUCTION","identifier":"L","label":"article","url":"\/II\/11\/2\/L\/"},"2":{"id":"115","name":"CHAPTER 2. - MOTOR VEHICLES AND TRAFFIC","identifier":"2","label":"chapter","url":"\/II\/11\/2\/"},"3":{"id":"110","name":"PART 11 - TRANSPORTATION","identifier":"11","label":"part","url":"\/II\/11\/"},"4":{"id":"5","name":"Division II - Planning and Development","identifier":"II","label":"division","url":"\/II\/"}},"referred_to_by":false,"edition_id":"1","section_id":"510","structure_id":"133","full_text":"(a) Every person permitted by the building inspector to use any portion of any street for the purpose of placing and storing any building material, equipment or supplies, or spoil material from a demolished structure, shall store such items and material on as small amount of space as is reasonably possible.\r\r(b) In no event shall such permittee obstruct an area in width more than ten (10) feet. Before obstructing any street, such permittee shall have the permit issued by him by the transportation director or his agent as provided for in this article. No permittee storing building materials pursuant to the provisions of this section shall block, impede or otherwise prevent the passage of water through the gutter of such street. Such permittee shall at all times provide a safe walkway not less than five (5) feet wide around said obstruction. Such walkway shall be adequately lighted and protected at all times. \nOn building sites where approval to use a portion of the street for staging has been approved, a chain link fence at least six (6) feet high must first be installed as approved. All building material, equipment, etc., shall be kept inside this staging area. Any changes to this fenced area, the original traffic control plan, or both, shall first be approved by the Department of Transportation after receiving a revised &#8220;traffic control site plan.&#8221; \n(Code 1959 , \u00a719-43; Ord. No. 1980-416, \u00a76, 7-15-80; Ord. No. 1994-393, \u00a710, 5-3-94)\r\r","text":{"0":{"id":"1424","text":"Every person permitted by the building inspector to use any portion of any street for the purpose of placing and storing any building material, equipment or supplies, or spoil material from a demolished structure, shall store such items and material on as small amount of space as is reasonably possible.","type":"section","prefixes":["(a)"],"prefix":"(a)","entire_prefix":"(a)","prefix_anchor":"(a)","level":1},"1":{"id":"1425","text":"In no event shall such permittee obstruct an area in width more than ten (10) feet. Before obstructing any street, such permittee shall have the permit issued by him by the transportation director or his agent as provided for in this article. No permittee storing building materials pursuant to the provisions of this section shall block, impede or otherwise prevent the passage of water through the gutter of such street. Such permittee shall at all times provide a safe walkway not less than five (5) feet wide around said obstruction. Such walkway shall be adequately lighted and protected at all times. \nOn building sites where approval to use a portion of the street for staging has been approved, a chain link fence at least six (6) feet high must first be installed as approved. All building material, equipment, etc., shall be kept inside this staging area. Any changes to this fenced area, the original traffic control plan, or both, shall first be approved by the Department of Transportation after receiving a revised &#8220;traffic control site plan.&#8221; \n(Code 1959 , \u00a719-43; Ord. No. 1980-416, \u00a76, 7-15-80; Ord. No. 1994-393, \u00a710, 5-3-94)","type":"section","prefixes":["(b)"],"prefix":"(b)","entire_prefix":"(b)","prefix_anchor":"(b)","level":1}},"ancestry":{"1":{"id":"133","name":"ARTICLE L. - SIGNING AND TRAFFIC ROUTING IN THE EVENT OF STREET OBSTRUCTION","identifier":"L","label":"article","url":"\/II\/11\/2\/L\/"},"2":{"id":"115","name":"CHAPTER 2. - MOTOR VEHICLES AND TRAFFIC","identifier":"2","label":"chapter","url":"\/II\/11\/2\/"},"3":{"id":"110","name":"PART 11 - TRANSPORTATION","identifier":"11","label":"part","url":"\/II\/11\/"},"4":{"id":"5","name":"Division II - Planning and Development","identifier":"II","label":"division","url":"\/II\/"}},"structure_contents":{"0":{"id":"497","structure_id":"133","section_number":"11-2231","catch_line":"DEFINITIONS.","url":"\/11-2231\/","token":"11-2231"},"1":{"id":"498","structure_id":"133","section_number":"11-2232","catch_line":"CERTAIN OBSTRUCTIONS PROHIBITED; EXCEPTIONS.","url":"\/11-2232\/","token":"11-2232"},"2":{"id":"499","structure_id":"133","section_number":"11-2233","catch_line":"USE OF FLAGMEN; CHANNELIZATION OF TRAFFIC.","url":"\/11-2233\/","token":"11-2233"},"3":{"id":"500","structure_id":"133","section_number":"11-2234","catch_line":"USE OF WARNING SIGNS GENERALLY.","url":"\/11-2234\/","token":"11-2234"},"4":{"id":"501","structure_id":"133","section_number":"11-2235","catch_line":"WARNING DEVICES FOR NIGHTTIME OBSTRUCTION.","url":"\/11-2235\/","token":"11-2235"},"5":{"id":"502","structure_id":"133","section_number":"11-2236","catch_line":"ALTERNATE WARNING DEVICES WHEN DURATION OF OBSTRUCTION 30 MINUTES OR LESS.","url":"\/11-2236\/","token":"11-2236"},"6":{"id":"504","structure_id":"133","section_number":"11-2237","catch_line":"FAILURE TO REMOVE SIGNS.","url":"\/11-2237\/","token":"11-2237"},"7":{"id":"505","structure_id":"133","section_number":"11-2238","catch_line":"SIGNS MUST CONTAIN CORRECT INFORMATION.","url":"\/11-2238\/","token":"11-2238"},"8":{"id":"506","structure_id":"133","section_number":"11-2239","catch_line":"EMERGENCY SITUATIONS.","url":"\/11-2239\/","token":"11-2239"},"9":{"id":"507","structure_id":"133","section_number":"11-2240","catch_line":"DIRECTOR OF THE DEPARTMENT OF TRANSPORTATION TO PUBLISH AND MAINTAIN MANUAL; CONTENTS OF MANUAL; COPIES ON FILE.","url":"\/11-2240\/","token":"11-2240"},"10":{"id":"508","structure_id":"133","section_number":"11-2241","catch_line":"NORTH CAROLINA DEPARTMENT OF TRANSPORTATION EMPLOYEES AND AGENTS EXEMPTED.","url":"\/11-2241\/","token":"11-2241"},"11":{"id":"509","structure_id":"133","section_number":"11-2242","catch_line":"REMOVAL OR DESTRUCTION OF WARNING DEVICES.","url":"\/11-2242\/","token":"11-2242"},"12":{"id":"510","structure_id":"133","section_number":"11-2243","catch_line":"BUILDING MATERIALS ON STREET.","url":"\/11-2243\/","token":"11-2243"},"13":{"id":"511","structure_id":"133","section_number":"11-2244","catch_line":"DURATION OF SIGNING, SIGNALLING AND CHANNELIZATION REQUIREMENTS; CLEANING STREET.","url":"\/11-2244\/","token":"11-2244"},"14":{"id":"512","structure_id":"133","section_number":"11-2245","catch_line":"VIOLATION AND NONCOMPLIANCE.","url":"\/11-2245\/","token":"11-2245"}},"previous_section":{"id":"509","structure_id":"133","section_number":"11-2242","catch_line":"REMOVAL OR DESTRUCTION OF WARNING DEVICES.","url":"\/11-2242\/","token":"11-2242"},"next_section":{"id":"511","structure_id":"133","section_number":"11-2244","catch_line":"DURATION OF SIGNING, SIGNALLING AND CHANNELIZATION REQUIREMENTS; CLEANING STREET.","url":"\/11-2244\/","token":"11-2244"},"references":false,"formats":{"txt":"\/11-2243.txt","json":"\/11-2243.xml"},"dublin_core":{"Title":"BUILDING MATERIALS ON STREET.","Type":"Text","Format":"text\/html","Identifier":"\u00a7 11-2243","Relation":"Code of State"},"plain_text":"                                  CODE OF STATE\n\nBUILDING MATERIALS ON STREET. (\u00a7 11-2243)\n\n(a) Every person permitted by the building inspector to use any portion of any\nstreet for the purpose of placing and storing any building material, equipment\nor supplies, or spoil material from a demolished structure, shall store such\nitems and material on as small amount of space as is reasonably possible.\n\n(b) In no event shall such permittee obstruct an area in width more than ten\n(10) feet. Before obstructing any street, such permittee shall have the permit\nissued by him by the transportation director or his agent as provided for in\nthis article. No permittee storing building materials pursuant to the provisions\nof this section shall block, impede or otherwise prevent the passage of water\nthrough the gutter of such street. Such permittee shall at all times provide a\nsafe walkway not less than five (5) feet wide around said obstruction. Such\nwalkway shall be adequately lighted and protected at all times. \nOn building sites where approval to use a portion of the street for staging has\nbeen approved, a chain link fence at least six (6) feet high must first be\ninstalled as approved. All building material, equipment, etc., shall be kept\ninside this staging area. Any changes to this fenced area, the original traffic\ncontrol plan, or both, shall first be approved by the Department of\nTransportation after receiving a revised &#8220;traffic control site\nplan.&#8221; \n(Code 1959 , \u00a719-43; Ord. No. 1980-416, \u00a76, 7-15-80; Ord. No. 1994-393, \u00a710,\n5-3-94)\n"}