{"law_id":"512","section_number":"11-2245","catch_line":"VIOLATION AND NONCOMPLIANCE.","history":"","order_by":"11-2245","metadata":false,"url":"\/11-2245\/","token":"11-2245","structure":{"1":{"id":"133","name":"ARTICLE L. - SIGNING AND TRAFFIC ROUTING IN THE EVENT OF STREET OBSTRUCTION","identifier":"L","label":"article","url":"\/II\/11\/2\/L\/"},"2":{"id":"115","name":"CHAPTER 2. - MOTOR VEHICLES AND TRAFFIC","identifier":"2","label":"chapter","url":"\/II\/11\/2\/"},"3":{"id":"110","name":"PART 11 - TRANSPORTATION","identifier":"11","label":"part","url":"\/II\/11\/"},"4":{"id":"5","name":"Division II - Planning and Development","identifier":"II","label":"division","url":"\/II\/"}},"referred_to_by":false,"edition_id":"1","section_id":"512","structure_id":"133","full_text":"(a) Any person, persons or corporation that wilfully violates any provision of this article shall be guilty of a misdemeanor.\r\r(b) In the event that any person, persons, firm or corporation continually fails to comply with the provisions of this article, such continuing failure to comply shall be grounds for the Transportation Department or the Transportation Director to refuse to issue such person, persons, firm or corporation a permit to work on the public right-of-way.\r\r(c) Site control superintendent, general contractors, or others responsible for subcontractors or their agents shall be held responsible for compliance with the provisions of this article. \n(Code 1959 , \u00a719-44; Ord. No. 1994-393, \u00a7\u00a711, 12, 5-3-94; Ord. No. 1998-454, \u00a718, 11-4-98)\r\r","text":{"0":{"id":"1427","text":"Any person, persons or corporation that wilfully violates any provision of this article shall be guilty of a misdemeanor.","type":"section","prefixes":["(a)"],"prefix":"(a)","entire_prefix":"(a)","prefix_anchor":"(a)","level":1},"1":{"id":"1428","text":"In the event that any person, persons, firm or corporation continually fails to comply with the provisions of this article, such continuing failure to comply shall be grounds for the Transportation Department or the Transportation Director to refuse to issue such person, persons, firm or corporation a permit to work on the public right-of-way.","type":"section","prefixes":["(b)"],"prefix":"(b)","entire_prefix":"(b)","prefix_anchor":"(b)","level":1},"2":{"id":"1429","text":"Site control superintendent, general contractors, or others responsible for subcontractors or their agents shall be held responsible for compliance with the provisions of this article. \n(Code 1959 , \u00a719-44; Ord. No. 1994-393, \u00a7\u00a711, 12, 5-3-94; Ord. No. 1998-454, \u00a718, 11-4-98)","type":"section","prefixes":["(c)"],"prefix":"(c)","entire_prefix":"(c)","prefix_anchor":"(c)","level":1}},"ancestry":{"1":{"id":"133","name":"ARTICLE L. - SIGNING AND TRAFFIC ROUTING IN THE EVENT OF STREET OBSTRUCTION","identifier":"L","label":"article","url":"\/II\/11\/2\/L\/"},"2":{"id":"115","name":"CHAPTER 2. - MOTOR VEHICLES AND TRAFFIC","identifier":"2","label":"chapter","url":"\/II\/11\/2\/"},"3":{"id":"110","name":"PART 11 - TRANSPORTATION","identifier":"11","label":"part","url":"\/II\/11\/"},"4":{"id":"5","name":"Division II - Planning and Development","identifier":"II","label":"division","url":"\/II\/"}},"structure_contents":{"0":{"id":"497","structure_id":"133","section_number":"11-2231","catch_line":"DEFINITIONS.","url":"\/11-2231\/","token":"11-2231"},"1":{"id":"498","structure_id":"133","section_number":"11-2232","catch_line":"CERTAIN OBSTRUCTIONS PROHIBITED; EXCEPTIONS.","url":"\/11-2232\/","token":"11-2232"},"2":{"id":"499","structure_id":"133","section_number":"11-2233","catch_line":"USE OF FLAGMEN; CHANNELIZATION OF TRAFFIC.","url":"\/11-2233\/","token":"11-2233"},"3":{"id":"500","structure_id":"133","section_number":"11-2234","catch_line":"USE OF WARNING SIGNS GENERALLY.","url":"\/11-2234\/","token":"11-2234"},"4":{"id":"501","structure_id":"133","section_number":"11-2235","catch_line":"WARNING DEVICES FOR NIGHTTIME OBSTRUCTION.","url":"\/11-2235\/","token":"11-2235"},"5":{"id":"502","structure_id":"133","section_number":"11-2236","catch_line":"ALTERNATE WARNING DEVICES WHEN DURATION OF OBSTRUCTION 30 MINUTES OR LESS.","url":"\/11-2236\/","token":"11-2236"},"6":{"id":"504","structure_id":"133","section_number":"11-2237","catch_line":"FAILURE TO REMOVE SIGNS.","url":"\/11-2237\/","token":"11-2237"},"7":{"id":"505","structure_id":"133","section_number":"11-2238","catch_line":"SIGNS MUST CONTAIN CORRECT INFORMATION.","url":"\/11-2238\/","token":"11-2238"},"8":{"id":"506","structure_id":"133","section_number":"11-2239","catch_line":"EMERGENCY SITUATIONS.","url":"\/11-2239\/","token":"11-2239"},"9":{"id":"507","structure_id":"133","section_number":"11-2240","catch_line":"DIRECTOR OF THE DEPARTMENT OF TRANSPORTATION TO PUBLISH AND MAINTAIN MANUAL; CONTENTS OF MANUAL; COPIES ON FILE.","url":"\/11-2240\/","token":"11-2240"},"10":{"id":"508","structure_id":"133","section_number":"11-2241","catch_line":"NORTH CAROLINA DEPARTMENT OF TRANSPORTATION EMPLOYEES AND AGENTS EXEMPTED.","url":"\/11-2241\/","token":"11-2241"},"11":{"id":"509","structure_id":"133","section_number":"11-2242","catch_line":"REMOVAL OR DESTRUCTION OF WARNING DEVICES.","url":"\/11-2242\/","token":"11-2242"},"12":{"id":"510","structure_id":"133","section_number":"11-2243","catch_line":"BUILDING MATERIALS ON STREET.","url":"\/11-2243\/","token":"11-2243"},"13":{"id":"511","structure_id":"133","section_number":"11-2244","catch_line":"DURATION OF SIGNING, SIGNALLING AND CHANNELIZATION REQUIREMENTS; CLEANING STREET.","url":"\/11-2244\/","token":"11-2244"},"14":{"id":"512","structure_id":"133","section_number":"11-2245","catch_line":"VIOLATION AND NONCOMPLIANCE.","url":"\/11-2245\/","token":"11-2245"}},"previous_section":{"id":"511","structure_id":"133","section_number":"11-2244","catch_line":"DURATION OF SIGNING, SIGNALLING AND CHANNELIZATION REQUIREMENTS; CLEANING STREET.","url":"\/11-2244\/","token":"11-2244"},"references":false,"formats":{"txt":"\/11-2245.txt","json":"\/11-2245.xml"},"dublin_core":{"Title":"VIOLATION AND NONCOMPLIANCE.","Type":"Text","Format":"text\/html","Identifier":"\u00a7 11-2245","Relation":"Code of State"},"plain_text":"                                  CODE OF STATE\n\nVIOLATION AND NONCOMPLIANCE. (\u00a7 11-2245)\n\n(a) Any person, persons or corporation that wilfully violates any provision of\nthis article shall be guilty of a misdemeanor.\n\n(b) In the event that any person, persons, firm or corporation continually fails\nto comply with the provisions of this article, such continuing failure to comply\nshall be grounds for the Transportation Department or the Transportation\nDirector to refuse to issue such person, persons, firm or corporation a permit\nto work on the public right-of-way.\n\n(c) Site control superintendent, general contractors, or others responsible for\nsubcontractors or their agents shall be held responsible for compliance with the\nprovisions of this article. \n(Code 1959 , \u00a719-44; Ord. No. 1994-393, \u00a7\u00a711, 12, 5-3-94; Ord. No. 1998-454,\n\u00a718, 11-4-98)\n"}