{"law_id":"372","section_number":"11-2005","catch_line":"PUBLIC EMPLOYEES.","history":"","order_by":"11-2005","metadata":false,"url":"\/11-2005\/","token":"11-2005","structure":{"1":{"id":"116","name":"ARTICLE A. - GENERAL PROVISIONS","identifier":"A","label":"article","url":"\/II\/11\/2\/A\/"},"2":{"id":"115","name":"CHAPTER 2. - MOTOR VEHICLES AND TRAFFIC","identifier":"2","label":"chapter","url":"\/II\/11\/2\/"},"3":{"id":"110","name":"PART 11 - TRANSPORTATION","identifier":"11","label":"part","url":"\/II\/11\/"},"4":{"id":"5","name":"Division II - Planning and Development","identifier":"II","label":"division","url":"\/II\/"}},"referred_to_by":{"0":{"id":"395","section_number":"11-2054","catch_line":"TRAFFIC-CONTROL DEVICES TO BE INCLUDED ON TRAFFIC SCHEDULES.","url":"http:\/\/localhost:8888\/11-2054\/"},"1":{"id":"402","section_number":"11-2071","catch_line":"ELECTRONIC TRAFFIC-CONTROL SIGNALS.","url":"http:\/\/localhost:8888\/11-2071\/"},"2":{"id":"404","section_number":"11-2072","catch_line":"STOP INTERSECTIONS.","url":"http:\/\/localhost:8888\/11-2072\/"},"3":{"id":"405","section_number":"11-2073","catch_line":"YIELD SIGNS.","url":"http:\/\/localhost:8888\/11-2073\/"},"4":{"id":"406","section_number":"11-2074","catch_line":"THROUGH STREETS.","url":"http:\/\/localhost:8888\/11-2074\/"},"5":{"id":"412","section_number":"11-2092","catch_line":"EXCEPTIONS.","url":"http:\/\/localhost:8888\/11-2092\/"},"6":{"id":"413","section_number":"11-2093","catch_line":"EXCEPTIONS DURING SPECIFIED TIMES.","url":"http:\/\/localhost:8888\/11-2093\/"},"7":{"id":"417","section_number":"11-2102","catch_line":"TURNING AT CHANNELIZED INTERSECTIONS.","url":"http:\/\/localhost:8888\/11-2102\/"},"8":{"id":"418","section_number":"11-2103","catch_line":"U-TURNS PROHIBITED.","url":"http:\/\/localhost:8888\/11-2103\/"},"9":{"id":"419","section_number":"11-2104","catch_line":"TURNING AT OR BETWEEN INTERSECTIONS.","url":"http:\/\/localhost:8888\/11-2104\/"},"10":{"id":"420","section_number":"11-2105","catch_line":"RIGHT TURNS ON RED TRAFFIC CONTROL SIGNAL LIGHTS PROHIBITED.","url":"http:\/\/localhost:8888\/11-2105\/"},"11":{"id":"423","section_number":"11-2111","catch_line":"ONE-WAY STREETS.","url":"http:\/\/localhost:8888\/11-2111\/"},"12":{"id":"439","section_number":"11-2132","catch_line":"TRUCK ROUTES.","url":"http:\/\/localhost:8888\/11-2132\/"},"13":{"id":"448","section_number":"11-2152","catch_line":"PEDESTRIAN CROSSING PROHIBITED.","url":"http:\/\/localhost:8888\/11-2152\/"},"14":{"id":"454","section_number":"11-2172","catch_line":"NO PARKING ZONES.","url":"http:\/\/localhost:8888\/11-2172\/"},"15":{"id":"455","section_number":"11-2173","catch_line":"NO STOPPING OR STANDING ZONES.","url":"http:\/\/localhost:8888\/11-2173\/"},"16":{"id":"456","section_number":"11-2174","catch_line":"PARKING TIME LIMITED IN DESIGNATED PLACES.","url":"http:\/\/localhost:8888\/11-2174\/"},"17":{"id":"460","section_number":"11-2177","catch_line":"STANDING FOR LOADING ONLY.","url":"http:\/\/localhost:8888\/11-2177\/"},"18":{"id":"461","section_number":"11-2178","catch_line":"BUS STOPS.","url":"http:\/\/localhost:8888\/11-2178\/"}},"edition_id":"1","section_id":"372","structure_id":"116","full_text":"The provisions of this chapter apply to the driver of any vehicle owned by or used in the service of the United States government, this State, its counties or any political subdivision of this State, except persons and vehicles actually engaged in street surface work, including street cleaning, and in construction, repairs or maintenance, but not while traveling to or from such work. \nState law reference: Provisions as to liability for negligent operation of motor vehicles by City officers, employees or agents, G.S. \u00a7160A-185 et seq.","text":{"0":{"id":"1066","text":"The provisions of this chapter apply to the driver of any vehicle owned by or used in the service of the United States government, this State, its counties or any political subdivision of this State, except persons and vehicles actually engaged in street surface work, including street cleaning, and in construction, repairs or maintenance, but not while traveling to or from such work. \nState law reference: Provisions as to liability for negligent operation of motor vehicles by City officers, employees or agents, G.S. \u00a7160A-185 et seq.","type":"section","prefixes":[""],"prefix":"","entire_prefix":"","prefix_anchor":"","level":1}},"ancestry":{"1":{"id":"116","name":"ARTICLE A. - GENERAL PROVISIONS","identifier":"A","label":"article","url":"\/II\/11\/2\/A\/"},"2":{"id":"115","name":"CHAPTER 2. - MOTOR VEHICLES AND TRAFFIC","identifier":"2","label":"chapter","url":"\/II\/11\/2\/"},"3":{"id":"110","name":"PART 11 - TRANSPORTATION","identifier":"11","label":"part","url":"\/II\/11\/"},"4":{"id":"5","name":"Division II - Planning and Development","identifier":"II","label":"division","url":"\/II\/"}},"structure_contents":{"0":{"id":"367","structure_id":"116","section_number":"11-2001","catch_line":"DEFINITIONS.","url":"\/11-2001\/","token":"11-2001"},"1":{"id":"368","structure_id":"116","section_number":"11-2002","catch_line":"DEFINITIONS SUPPLEMENTAL TO GENERAL STATUTES.","url":"\/11-2002\/","token":"11-2002"},"2":{"id":"369","structure_id":"116","section_number":"11-2003","catch_line":"UNIFORM RULES OF THE ROAD.","url":"\/11-2003\/","token":"11-2003"},"3":{"id":"371","structure_id":"116","section_number":"11-2004","catch_line":"SCHEDULE OF TRAFFIC AND PARKING REGULATIONS; INCORPORATION BY REFERENCE.","url":"\/11-2004\/","token":"11-2004"},"4":{"id":"372","structure_id":"116","section_number":"11-2005","catch_line":"PUBLIC EMPLOYEES.","url":"\/11-2005\/","token":"11-2005"},"5":{"id":"373","structure_id":"116","section_number":"11-2006","catch_line":"RESERVED.","url":"\/11-2006\/","token":"11-2006"},"6":{"id":"374","structure_id":"116","section_number":"11-2007","catch_line":"RESERVED.","url":"\/11-2007\/","token":"11-2007"},"7":{"id":"375","structure_id":"116","section_number":"11-2008","catch_line":"BICYCLES, MOTORCYCLES AND ANIMALS.","url":"\/11-2008\/","token":"11-2008"},"8":{"id":"376","structure_id":"116","section_number":"11-2009","catch_line":"TERRITORIAL APPLICATION.","url":"\/11-2009\/","token":"11-2009"},"9":{"id":"377","structure_id":"116","section_number":"11-2010","catch_line":"TIME OF APPLICATION.","url":"\/11-2010\/","token":"11-2010"},"10":{"id":"378","structure_id":"116","section_number":"11-2011","catch_line":"RESERVED.","url":"\/11-2011\/","token":"11-2011"},"11":{"id":"379","structure_id":"116","section_number":"11-2011","catch_line":"RESERVED. ","url":"\/11-2011\/","token":"11-2011"}},"previous_section":{"id":"371","structure_id":"116","section_number":"11-2004","catch_line":"SCHEDULE OF TRAFFIC AND PARKING REGULATIONS; INCORPORATION BY REFERENCE.","url":"\/11-2004\/","token":"11-2004"},"next_section":{"id":"373","structure_id":"116","section_number":"11-2006","catch_line":"RESERVED.","url":"\/11-2006\/","token":"11-2006"},"references":{"0":{"id":"394","section_number":"11-2053","catch_line":"TRAFFIC-CONTROL DEVICES TO BE OBEYED.","url":"http:\/\/localhost:8888\/11-2053\/"}},"formats":{"txt":"\/11-2005.txt","json":"\/11-2005.xml"},"dublin_core":{"Title":"PUBLIC EMPLOYEES.","Type":"Text","Format":"text\/html","Identifier":"\u00a7 11-2005","Relation":"Code of State"},"plain_text":"                                  CODE OF STATE\n\nPUBLIC EMPLOYEES. (\u00a7 11-2005)\n\nThe provisions of this chapter apply to the driver of any vehicle owned by or\nused in the service of the United States government, this State, its counties or\nany political subdivision of this State, except persons and vehicles actually\nengaged in street surface work, including street cleaning, and in construction,\nrepairs or maintenance, but not while traveling to or from such work. \nState law reference: Provisions as to liability for negligent operation of motor\nvehicles by City officers, employees or agents, G.S. \u00a7160A-185 et seq.\n"}