{"law_id":"480","section_number":"11-2204","catch_line":"OPERATION OF PARKING METERS.","history":"","order_by":"11-2204","metadata":false,"url":"\/11-2204\/","token":"11-2204","structure":{"1":{"id":"131","name":"ARTICLE K. - PARKING METERS","identifier":"K","label":"article","url":"\/II\/11\/2\/K\/"},"2":{"id":"115","name":"CHAPTER 2. - MOTOR VEHICLES AND TRAFFIC","identifier":"2","label":"chapter","url":"\/II\/11\/2\/"},"3":{"id":"110","name":"PART 11 - TRANSPORTATION","identifier":"11","label":"part","url":"\/II\/11\/"},"4":{"id":"5","name":"Division II - Planning and Development","identifier":"II","label":"division","url":"\/II\/"}},"referred_to_by":false,"edition_id":"1","section_id":"480","structure_id":"131","full_text":"(a) Except in a period of emergency determined by an officer of the Fire or Police Department, or in compliance with the directions of a police officer or traffic-control sign or signal, when any vehicle shall be parked in any parking space alongside or next to which a parking meter is located, the operator of such vehicle shall, upon entering the parking meter space, immediately deposit or cause to be deposited in that meter such proper coin of the United States of America as is required for the parking meter and as is designated by proper directions on the meter, and when required by the directions on the meter, the operator of the vehicle, after the deposit of the proper coin or coins, shall also set in operation the timing mechanism of the meter in accordance with directions properly appearing thereon, and failure to deposit the proper coin, and to set the timing mechanism in operation when so required, shall constitute a violation of this article.\r\r(b) Upon the deposit of a coin (and the setting of the timing mechanism in operation when so required) the parking space may be lawfully occupied by the vehicle during the period of time which has been prescribed for the part of the street in which the parking space is located, provided that any person placing a vehicle in a parking meter space adjacent to a meter which indicates that unused time has been left in the meter by a previous occupant of the space shall not be required to deposit a coin so long as his occupancy of the space does not exceed the indicated unused parking time. If the vehicle shall remain parked in any parking space beyond the parking time limit set for the parking space, and if the meter shall indicate illegal parking, then, and in that event the vehicle shall be considered as parking overtime and beyond the period of legal parking time and such parking shall be deemed a violation of this article. \n(Code 1959 , \u00a721-47)\r\r","text":{"0":{"id":"1338","text":"Except in a period of emergency determined by an officer of the Fire or Police Department, or in compliance with the directions of a police officer or traffic-control sign or signal, when any vehicle shall be parked in any parking space alongside or next to which a parking meter is located, the operator of such vehicle shall, upon entering the parking meter space, immediately deposit or cause to be deposited in that meter such proper coin of the United States of America as is required for the parking meter and as is designated by proper directions on the meter, and when required by the directions on the meter, the operator of the vehicle, after the deposit of the proper coin or coins, shall also set in operation the timing mechanism of the meter in accordance with directions properly appearing thereon, and failure to deposit the proper coin, and to set the timing mechanism in operation when so required, shall constitute a violation of this article.","type":"section","prefixes":["(a)"],"prefix":"(a)","entire_prefix":"(a)","prefix_anchor":"(a)","level":1},"1":{"id":"1339","text":"Upon the deposit of a coin (and the setting of the timing mechanism in operation when so required) the parking space may be lawfully occupied by the vehicle during the period of time which has been prescribed for the part of the street in which the parking space is located, provided that any person placing a vehicle in a parking meter space adjacent to a meter which indicates that unused time has been left in the meter by a previous occupant of the space shall not be required to deposit a coin so long as his occupancy of the space does not exceed the indicated unused parking time. If the vehicle shall remain parked in any parking space beyond the parking time limit set for the parking space, and if the meter shall indicate illegal parking, then, and in that event the vehicle shall be considered as parking overtime and beyond the period of legal parking time and such parking shall be deemed a violation of this article. \n(Code 1959 , \u00a721-47)","type":"section","prefixes":["(b)"],"prefix":"(b)","entire_prefix":"(b)","prefix_anchor":"(b)","level":1}},"ancestry":{"1":{"id":"131","name":"ARTICLE K. - PARKING METERS","identifier":"K","label":"article","url":"\/II\/11\/2\/K\/"},"2":{"id":"115","name":"CHAPTER 2. - MOTOR VEHICLES AND TRAFFIC","identifier":"2","label":"chapter","url":"\/II\/11\/2\/"},"3":{"id":"110","name":"PART 11 - TRANSPORTATION","identifier":"11","label":"part","url":"\/II\/11\/"},"4":{"id":"5","name":"Division II - Planning and Development","identifier":"II","label":"division","url":"\/II\/"}},"structure_contents":{"0":{"id":"476","structure_id":"131","section_number":"11-2200","catch_line":"PENALTIES.","url":"\/11-2200\/","token":"11-2200"},"1":{"id":"477","structure_id":"131","section_number":"11-2201","catch_line":"DEFINITIONS.","url":"\/11-2201\/","token":"11-2201"},"2":{"id":"478","structure_id":"131","section_number":"11-2202","catch_line":"PARKING METER ZONES.","url":"\/11-2202\/","token":"11-2202"},"3":{"id":"479","structure_id":"131","section_number":"11-2203","catch_line":"INSTALLATION OF PARKING METERS.","url":"\/11-2203\/","token":"11-2203"},"4":{"id":"480","structure_id":"131","section_number":"11-2204","catch_line":"OPERATION OF PARKING METERS.","url":"\/11-2204\/","token":"11-2204"},"5":{"id":"482","structure_id":"131","section_number":"11-2205","catch_line":"PARKING TIME LIMITS.","url":"\/11-2205\/","token":"11-2205"},"6":{"id":"483","structure_id":"131","section_number":"11-2206","catch_line":"METER ZONES; PERIOD OF OPERATION.","url":"\/11-2206\/","token":"11-2206"},"7":{"id":"484","structure_id":"131","section_number":"11-2207","catch_line":"EXCEPTIONS TO PARKING TIME LIMITATIONS AND TO REQUIRED ACTIVATION OF PARKING METERS BY DEPOSIT OF COINS; PARKING SPACE ENCUMBRANCE.","url":"\/11-2207\/","token":"11-2207"},"8":{"id":"485","structure_id":"131","section_number":"11-2208","catch_line":"PARKING EXCEPTIONS AND SPACE RESERVATIONS AUTHORIZED BY CITY COUNCIL.","url":"\/11-2208\/","token":"11-2208"},"9":{"id":"486","structure_id":"131","section_number":"11-2209","catch_line":"CONTENTS OF APPLICATION; FORM.","url":"\/11-2209\/","token":"11-2209"},"10":{"id":"487","structure_id":"131","section_number":"11-2210","catch_line":"ISSUANCE OF PERMITS.","url":"\/11-2210\/","token":"11-2210"},"11":{"id":"488","structure_id":"131","section_number":"11-2211","catch_line":"UNLAWFUL ACTS.","url":"\/11-2211\/","token":"11-2211"},"12":{"id":"489","structure_id":"131","section_number":"11-2212","catch_line":"VIOLATIONS.","url":"\/11-2212\/","token":"11-2212"},"13":{"id":"490","structure_id":"131","section_number":"11-2213","catch_line":"ENFORCEMENT.","url":"\/11-2213\/","token":"11-2213"},"14":{"id":"491","structure_id":"131","section_number":"11-2214","catch_line":"USE OF PROCEEDS.","url":"\/11-2214\/","token":"11-2214"},"15":{"id":"493","structure_id":"131","section_number":"11-2215","catch_line":"RESERVATION OF POWERS.","url":"\/11-2215\/","token":"11-2215"},"16":{"id":"494","structure_id":"131","section_number":"11-2216","catch_line":"IMMOBILIZATION OF VEHICLES.","url":"\/11-2216\/","token":"11-2216"},"17":{"id":"495","structure_id":"131","section_number":"11-2217","catch_line":"RESERVED.","url":"\/11-2217\/","token":"11-2217"},"18":{"id":"496","structure_id":"131","section_number":"11-2217","catch_line":"RESERVED. ","url":"\/11-2217\/","token":"11-2217"}},"previous_section":{"id":"479","structure_id":"131","section_number":"11-2203","catch_line":"INSTALLATION OF PARKING METERS.","url":"\/11-2203\/","token":"11-2203"},"next_section":{"id":"482","structure_id":"131","section_number":"11-2205","catch_line":"PARKING TIME LIMITS.","url":"\/11-2205\/","token":"11-2205"},"references":false,"formats":{"txt":"\/11-2204.txt","json":"\/11-2204.xml"},"dublin_core":{"Title":"OPERATION OF PARKING METERS.","Type":"Text","Format":"text\/html","Identifier":"\u00a7 11-2204","Relation":"Code of State"},"plain_text":"                                  CODE OF STATE\n\nOPERATION OF PARKING METERS. (\u00a7 11-2204)\n\n(a) Except in a period of emergency determined by an officer of the Fire or\nPolice Department, or in compliance with the directions of a police officer or\ntraffic-control sign or signal, when any vehicle shall be parked in any parking\nspace alongside or next to which a parking meter is located, the operator of\nsuch vehicle shall, upon entering the parking meter space, immediately deposit\nor cause to be deposited in that meter such proper coin of the United States of\nAmerica as is required for the parking meter and as is designated by proper\ndirections on the meter, and when required by the directions on the meter, the\noperator of the vehicle, after the deposit of the proper coin or coins, shall\nalso set in operation the timing mechanism of the meter in accordance with\ndirections properly appearing thereon, and failure to deposit the proper coin,\nand to set the timing mechanism in operation when so required, shall constitute\na violation of this article.\n\n(b) Upon the deposit of a coin (and the setting of the timing mechanism in\noperation when so required) the parking space may be lawfully occupied by the\nvehicle during the period of time which has been prescribed for the part of the\nstreet in which the parking space is located, provided that any person placing a\nvehicle in a parking meter space adjacent to a meter which indicates that unused\ntime has been left in the meter by a previous occupant of the space shall not be\nrequired to deposit a coin so long as his occupancy of the space does not exceed\nthe indicated unused parking time. If the vehicle shall remain parked in any\nparking space beyond the parking time limit set for the parking space, and if\nthe meter shall indicate illegal parking, then, and in that event the vehicle\nshall be considered as parking overtime and beyond the period of legal parking\ntime and such parking shall be deemed a violation of this article. \n(Code 1959 , \u00a721-47)\n"}