{"law_id":"443","section_number":"11-2136","catch_line":"PENALTY AND APPEAL.","history":"","order_by":"11-2136","metadata":false,"url":"\/11-2136\/","token":"11-2136","structure":{"1":{"id":"124","name":"ARTICLE H. - MISCELLANEOUS DRIVING RULES","identifier":"H","label":"article","url":"\/II\/11\/2\/H\/"},"2":{"id":"115","name":"CHAPTER 2. - MOTOR VEHICLES AND TRAFFIC","identifier":"2","label":"chapter","url":"\/II\/11\/2\/"},"3":{"id":"110","name":"PART 11 - TRANSPORTATION","identifier":"11","label":"part","url":"\/II\/11\/"},"4":{"id":"5","name":"Division II - Planning and Development","identifier":"II","label":"division","url":"\/II\/"}},"referred_to_by":false,"edition_id":"1","section_id":"443","structure_id":"124","full_text":"(a) Any violation of this section shall be deemed a non-criminal violation for which a civil penalty of fifty dollars ($50.00) shall be assessed. The violation shall not be assessed any points pursuant to G.S. 20-16(c) or G.S. 58-36-65. Notice of the violation shall be forwarded to the owner by personal service or first class mail to the address given on the motor vehicle registration. The owner shall have thirty (30) days to respond to the notice of violation. If the owner fails to pay the civil penalty or to respond to the notice of violation within the time period specified on the citation, the owner shall have waived the right to contest responsibility for the violation and shall be subject to an additional penalty of fifty dollars ($50.00). The City may establish procedures for the collection of these penalties and may enforce the penalties by civil action in the nature of debt.\r\r(b) A notice of appeal shall be filed within thirty (30) days after receiving notification of the violation. Failure to give notice of appeal within this time period shall constitute a waiver of the right to contest the citation. Appeals shall be heard by an administrative process established by the City and set out on each citation. Anyone desiring an appeal must post a bond equal in amount to the civil penalty for the violation before an appeal hearing will be scheduled. A member of the appeals panel may waive or reduce the bond upon receipt of sworn evidence that the appealing party is unable to pay the full amount of the bond. Sworn evidence must be submitted within seven (7) calendar days after a notice of appeal has been filed. Appeals from a decision of the appeals panel shall be by certiorari to the Superior Court of Wake County. \n(Ord. No. 2001-108, \u00a73, 11-7-01; Ord. No. 2003-434, \u00a7\u00a72, 3, 5-6-03; Ord. No. 2003-497, \u00a7\u00a72, 3, 9-2-03)\r\r","text":{"0":{"id":"1212","text":"Any violation of this section shall be deemed a non-criminal violation for which a civil penalty of fifty dollars ($50.00) shall be assessed. The violation shall not be assessed any points pursuant to G.S. 20-16(c) or G.S. 58-36-65. Notice of the violation shall be forwarded to the owner by personal service or first class mail to the address given on the motor vehicle registration. The owner shall have thirty (30) days to respond to the notice of violation. If the owner fails to pay the civil penalty or to respond to the notice of violation within the time period specified on the citation, the owner shall have waived the right to contest responsibility for the violation and shall be subject to an additional penalty of fifty dollars ($50.00). The City may establish procedures for the collection of these penalties and may enforce the penalties by civil action in the nature of debt.","type":"section","prefixes":["(a)"],"prefix":"(a)","entire_prefix":"(a)","prefix_anchor":"(a)","level":1},"1":{"id":"1213","text":"A notice of appeal shall be filed within thirty (30) days after receiving notification of the violation. Failure to give notice of appeal within this time period shall constitute a waiver of the right to contest the citation. Appeals shall be heard by an administrative process established by the City and set out on each citation. Anyone desiring an appeal must post a bond equal in amount to the civil penalty for the violation before an appeal hearing will be scheduled. A member of the appeals panel may waive or reduce the bond upon receipt of sworn evidence that the appealing party is unable to pay the full amount of the bond. Sworn evidence must be submitted within seven (7) calendar days after a notice of appeal has been filed. Appeals from a decision of the appeals panel shall be by certiorari to the Superior Court of Wake County. \n(Ord. No. 2001-108, \u00a73, 11-7-01; Ord. No. 2003-434, \u00a7\u00a72, 3, 5-6-03; Ord. No. 2003-497, \u00a7\u00a72, 3, 9-2-03)","type":"section","prefixes":["(b)"],"prefix":"(b)","entire_prefix":"(b)","prefix_anchor":"(b)","level":1}},"ancestry":{"1":{"id":"124","name":"ARTICLE H. - MISCELLANEOUS DRIVING RULES","identifier":"H","label":"article","url":"\/II\/11\/2\/H\/"},"2":{"id":"115","name":"CHAPTER 2. - MOTOR VEHICLES AND TRAFFIC","identifier":"2","label":"chapter","url":"\/II\/11\/2\/"},"3":{"id":"110","name":"PART 11 - TRANSPORTATION","identifier":"11","label":"part","url":"\/II\/11\/"},"4":{"id":"5","name":"Division II - Planning and Development","identifier":"II","label":"division","url":"\/II\/"}},"structure_contents":{"0":{"id":"427","structure_id":"124","section_number":"11-2121","catch_line":"DRIVING ON SIDEWALKS.","url":"\/11-2121\/","token":"11-2121"},"1":{"id":"428","structure_id":"124","section_number":"11-2122","catch_line":"CLINGING TO MOVING VEHICLES.","url":"\/11-2122\/","token":"11-2122"},"2":{"id":"429","structure_id":"124","section_number":"11-2123","catch_line":"USE OF ROADWAY BY NONMOTORIZED OR TOY VEHICLES.","url":"\/11-2123\/","token":"11-2123"},"3":{"id":"430","structure_id":"124","section_number":"11-2124","catch_line":"DRIVING ON BARRICADED STREET.","url":"\/11-2124\/","token":"11-2124"},"4":{"id":"431","structure_id":"124","section_number":"11-2125","catch_line":"DRIVING UNDER HAZARDOUS CONDITIONS.","url":"\/11-2125\/","token":"11-2125"},"5":{"id":"432","structure_id":"124","section_number":"11-2126","catch_line":"MOTOR OR OTHER VEHICLES PROHIBITED FROM DRIVING OVER A MEDIAN STRIP OR FRESHLY PAINTED TRAFFIC DIRECTION SIGNS PAINTED ON THE CITY STREETS.","url":"\/11-2126\/","token":"11-2126"},"6":{"id":"433","structure_id":"124","section_number":"11-2127","catch_line":"LIMITATION ON BACKING.","url":"\/11-2127\/","token":"11-2127"},"7":{"id":"434","structure_id":"124","section_number":"11-2128","catch_line":"OBSTRUCTION TO DRIVER'S VIEW OR DRIVING MECHANISM.","url":"\/11-2128\/","token":"11-2128"},"8":{"id":"435","structure_id":"124","section_number":"11-2129","catch_line":"CROSSING FIRE HOSE.","url":"\/11-2129\/","token":"11-2129"},"9":{"id":"437","structure_id":"124","section_number":"11-2130","catch_line":"PROCESSIONS\u2014DRIVING THROUGH.","url":"\/11-2130\/","token":"11-2130"},"10":{"id":"438","structure_id":"124","section_number":"11-2131","catch_line":"SAME\u2014DRIVING IN FUNERAL OR OTHER PROCESSIONS.","url":"\/11-2131\/","token":"11-2131"},"11":{"id":"439","structure_id":"124","section_number":"11-2132","catch_line":"TRUCK ROUTES.","url":"\/11-2132\/","token":"11-2132"},"12":{"id":"440","structure_id":"124","section_number":"11-2133","catch_line":"REGULATION OF VEHICLES AND LOADS.","url":"\/11-2133\/","token":"11-2133"},"13":{"id":"441","structure_id":"124","section_number":"11-2134","catch_line":"DEFINITIONS.","url":"\/11-2134\/","token":"11-2134"},"14":{"id":"442","structure_id":"124","section_number":"11-2135","catch_line":"GENERAL.","url":"\/11-2135\/","token":"11-2135"},"15":{"id":"443","structure_id":"124","section_number":"11-2136","catch_line":"PENALTY AND APPEAL.","url":"\/11-2136\/","token":"11-2136"},"16":{"id":"444","structure_id":"124","section_number":"11-2137","catch_line":"RESERVED.","url":"\/11-2137\/","token":"11-2137"},"17":{"id":"445","structure_id":"124","section_number":"11-2137","catch_line":"RESERVED. ","url":"\/11-2137\/","token":"11-2137"}},"previous_section":{"id":"442","structure_id":"124","section_number":"11-2135","catch_line":"GENERAL.","url":"\/11-2135\/","token":"11-2135"},"next_section":{"id":"444","structure_id":"124","section_number":"11-2137","catch_line":"RESERVED.","url":"\/11-2137\/","token":"11-2137"},"references":false,"formats":{"txt":"\/11-2136.txt","json":"\/11-2136.xml"},"dublin_core":{"Title":"PENALTY AND APPEAL.","Type":"Text","Format":"text\/html","Identifier":"\u00a7 11-2136","Relation":"Code of State"},"plain_text":"                                  CODE OF STATE\n\nPENALTY AND APPEAL. (\u00a7 11-2136)\n\n(a) Any violation of this section shall be deemed a non-criminal violation for\nwhich a civil penalty of fifty dollars ($50.00) shall be assessed. The violation\nshall not be assessed any points pursuant to G.S. 20-16(c) or G.S. 58-36-65.\nNotice of the violation shall be forwarded to the owner by personal service or\nfirst class mail to the address given on the motor vehicle registration. The\nowner shall have thirty (30) days to respond to the notice of violation. If the\nowner fails to pay the civil penalty or to respond to the notice of violation\nwithin the time period specified on the citation, the owner shall have waived\nthe right to contest responsibility for the violation and shall be subject to an\nadditional penalty of fifty dollars ($50.00). The City may establish procedures\nfor the collection of these penalties and may enforce the penalties by civil\naction in the nature of debt.\n\n(b) A notice of appeal shall be filed within thirty (30) days after receiving\nnotification of the violation. Failure to give notice of appeal within this time\nperiod shall constitute a waiver of the right to contest the citation. Appeals\nshall be heard by an administrative process established by the City and set out\non each citation. Anyone desiring an appeal must post a bond equal in amount to\nthe civil penalty for the violation before an appeal hearing will be scheduled.\nA member of the appeals panel may waive or reduce the bond upon receipt of sworn\nevidence that the appealing party is unable to pay the full amount of the bond.\nSworn evidence must be submitted within seven (7) calendar days after a notice\nof appeal has been filed. Appeals from a decision of the appeals panel shall be\nby certiorari to the Superior Court of Wake County. \n(Ord. No. 2001-108, \u00a73, 11-7-01; Ord. No. 2003-434, \u00a7\u00a72, 3, 5-6-03; Ord. No.\n2003-497, \u00a7\u00a72, 3, 9-2-03)\n"}