{"law_id":"423","edition_id":"1","section_id":"423","structure_id":"123","section_number":"11-2111","catch_line":"ONE-WAY STREETS.","history":"","full_text":"Upon those streets designated as one-way streets, vehicular traffic shall move only in the indicated direction when signs indicating the direction of traffic are erected and maintained at every intersection where movement in the opposite direction is prohibited. Designated one-way streets shall be as specified in official Traffic Schedule No. 9, One-way streets. \nCross reference: Schedules incorporated by reference, \u00a711-2004 \nState law reference: One-way traffic, G.S. \u00a720-165.1.","order_by":"11-2111","text":{"0":{"id":"1144","text":"Upon those streets designated as one-way streets, vehicular traffic shall move only in the indicated direction when signs indicating the direction of traffic are erected and maintained at every intersection where movement in the opposite direction is prohibited. Designated one-way streets shall be as specified in official Traffic Schedule No. 9, One-way streets. \nCross reference: Schedules incorporated by reference, \u00a711-2004 \nState law reference: One-way traffic, G.S. \u00a720-165.1.","type":"section","prefixes":[""],"prefix":"","entire_prefix":"","prefix_anchor":"","level":1}},"ancestry":{"1":{"id":"123","name":"ARTICLE G. - ONE-WAY STREETS","identifier":"G","label":"article","url":"\/II\/11\/2\/G\/"},"2":{"id":"115","name":"CHAPTER 2. - MOTOR VEHICLES AND TRAFFIC","identifier":"2","label":"chapter","url":"\/II\/11\/2\/"},"3":{"id":"110","name":"PART 11 - TRANSPORTATION","identifier":"11","label":"part","url":"\/II\/11\/"},"4":{"id":"5","name":"Division II - Planning and Development","identifier":"II","label":"division","url":"\/II\/"}},"structure_contents":{"0":{"id":"423","structure_id":"123","section_number":"11-2111","catch_line":"ONE-WAY STREETS.","url":"\/11-2111\/","token":"11-2111"},"1":{"id":"424","structure_id":"123","section_number":"11-2112","catch_line":"RESERVED.","url":"\/11-2112\/","token":"11-2112"},"2":{"id":"426","structure_id":"123","section_number":"11-2112","catch_line":"RESERVED. ","url":"\/11-2112\/","token":"11-2112"}},"next_section":{"id":"424","structure_id":"123","section_number":"11-2112","catch_line":"RESERVED.","url":"\/11-2112\/","token":"11-2112"},"metadata":false,"references":false,"url":"\/11-2111\/","token":"11-2111","formats":{"txt":"\/11-2111.txt","json":"\/11-2111.xml"},"dublin_core":{"Title":"ONE-WAY STREETS.","Type":"Text","Format":"text\/html","Identifier":"\u00a7 11-2111","Relation":"Code of State"},"plain_text":"                                  CODE OF STATE\n\nONE-WAY STREETS. (\u00a7 11-2111)\n\nUpon those streets designated as one-way streets, vehicular traffic shall move\nonly in the indicated direction when signs indicating the direction of traffic\nare erected and maintained at every intersection where movement in the opposite\ndirection is prohibited. Designated one-way streets shall be as specified in\nofficial Traffic Schedule No. 9, One-way streets. \nCross reference: Schedules incorporated by reference, \u00a711-2004 \nState law reference: One-way traffic, G.S. \u00a720-165.1.\n"}