{"law_id":"373","section_number":"11-2006","catch_line":"RESERVED.","history":"","order_by":"11-2006","metadata":false,"url":"\/11-2006\/","token":"11-2006","structure":{"1":{"id":"116","name":"ARTICLE A. - GENERAL PROVISIONS","identifier":"A","label":"article","url":"\/II\/11\/2\/A\/"},"2":{"id":"115","name":"CHAPTER 2. - MOTOR VEHICLES AND TRAFFIC","identifier":"2","label":"chapter","url":"\/II\/11\/2\/"},"3":{"id":"110","name":"PART 11 - TRANSPORTATION","identifier":"11","label":"part","url":"\/II\/11\/"},"4":{"id":"5","name":"Division II - Planning and Development","identifier":"II","label":"division","url":"\/II\/"}},"referred_to_by":{"0":{"id":"394","section_number":"11-2053","catch_line":"TRAFFIC-CONTROL DEVICES TO BE OBEYED.","url":"http:\/\/localhost:8888\/11-2053\/"}},"edition_id":"1","section_id":"373","structure_id":"116","full_text":"Editor&#8217;s note: Former \u00a711-2006, which pertained to exemptions from traffic regulations for authorized emergency vehicles and bore no history note, was repealed by Ord. No. 1988-271, \u00a71, adopted Nov. 15, 1988.","text":{"0":{"id":"1067","text":"Editor&#8217;s note: Former \u00a711-2006, which pertained to exemptions from traffic regulations for authorized emergency vehicles and bore no history note, was repealed by Ord. No. 1988-271, \u00a71, adopted Nov. 15, 1988.","type":"section","prefixes":[""],"prefix":"","entire_prefix":"","prefix_anchor":"","level":1}},"ancestry":{"1":{"id":"116","name":"ARTICLE A. - GENERAL PROVISIONS","identifier":"A","label":"article","url":"\/II\/11\/2\/A\/"},"2":{"id":"115","name":"CHAPTER 2. - MOTOR VEHICLES AND TRAFFIC","identifier":"2","label":"chapter","url":"\/II\/11\/2\/"},"3":{"id":"110","name":"PART 11 - TRANSPORTATION","identifier":"11","label":"part","url":"\/II\/11\/"},"4":{"id":"5","name":"Division II - Planning and Development","identifier":"II","label":"division","url":"\/II\/"}},"structure_contents":{"0":{"id":"367","structure_id":"116","section_number":"11-2001","catch_line":"DEFINITIONS.","url":"\/11-2001\/","token":"11-2001"},"1":{"id":"368","structure_id":"116","section_number":"11-2002","catch_line":"DEFINITIONS SUPPLEMENTAL TO GENERAL STATUTES.","url":"\/11-2002\/","token":"11-2002"},"2":{"id":"369","structure_id":"116","section_number":"11-2003","catch_line":"UNIFORM RULES OF THE ROAD.","url":"\/11-2003\/","token":"11-2003"},"3":{"id":"371","structure_id":"116","section_number":"11-2004","catch_line":"SCHEDULE OF TRAFFIC AND PARKING REGULATIONS; INCORPORATION BY REFERENCE.","url":"\/11-2004\/","token":"11-2004"},"4":{"id":"372","structure_id":"116","section_number":"11-2005","catch_line":"PUBLIC EMPLOYEES.","url":"\/11-2005\/","token":"11-2005"},"5":{"id":"373","structure_id":"116","section_number":"11-2006","catch_line":"RESERVED.","url":"\/11-2006\/","token":"11-2006"},"6":{"id":"374","structure_id":"116","section_number":"11-2007","catch_line":"RESERVED.","url":"\/11-2007\/","token":"11-2007"},"7":{"id":"375","structure_id":"116","section_number":"11-2008","catch_line":"BICYCLES, MOTORCYCLES AND ANIMALS.","url":"\/11-2008\/","token":"11-2008"},"8":{"id":"376","structure_id":"116","section_number":"11-2009","catch_line":"TERRITORIAL APPLICATION.","url":"\/11-2009\/","token":"11-2009"},"9":{"id":"377","structure_id":"116","section_number":"11-2010","catch_line":"TIME OF APPLICATION.","url":"\/11-2010\/","token":"11-2010"},"10":{"id":"378","structure_id":"116","section_number":"11-2011","catch_line":"RESERVED.","url":"\/11-2011\/","token":"11-2011"},"11":{"id":"379","structure_id":"116","section_number":"11-2011","catch_line":"RESERVED. ","url":"\/11-2011\/","token":"11-2011"}},"previous_section":{"id":"372","structure_id":"116","section_number":"11-2005","catch_line":"PUBLIC EMPLOYEES.","url":"\/11-2005\/","token":"11-2005"},"next_section":{"id":"374","structure_id":"116","section_number":"11-2007","catch_line":"RESERVED.","url":"\/11-2007\/","token":"11-2007"},"references":{"0":{"id":"373","section_number":"11-2006","catch_line":"RESERVED.","url":"http:\/\/localhost:8888\/11-2006\/"},"1":{"id":"394","section_number":"11-2053","catch_line":"TRAFFIC-CONTROL DEVICES TO BE OBEYED.","url":"http:\/\/localhost:8888\/11-2053\/"}},"formats":{"txt":"\/11-2006.txt","json":"\/11-2006.xml"},"dublin_core":{"Title":"RESERVED.","Type":"Text","Format":"text\/html","Identifier":"\u00a7 11-2006","Relation":"Code of State"},"plain_text":"                                  CODE OF STATE\n\nRESERVED. (\u00a7 11-2006)\n\nEditor&#8217;s note: Former \u00a711-2006, which pertained to exemptions from\ntraffic regulations for authorized emergency vehicles and bore no history note,\nwas repealed by Ord. No. 1988-271, \u00a71, adopted Nov. 15, 1988.\n"}