{"law_id":"417","section_number":"11-2102","catch_line":"TURNING AT CHANNELIZED INTERSECTIONS.","history":"","order_by":"11-2102","metadata":false,"url":"\/11-2102\/","token":"11-2102","structure":{"1":{"id":"122","name":"ARTICLE F. - TURNING MOVEMENTS","identifier":"F","label":"article","url":"\/II\/11\/2\/F\/"},"2":{"id":"115","name":"CHAPTER 2. - MOTOR VEHICLES AND TRAFFIC","identifier":"2","label":"chapter","url":"\/II\/11\/2\/"},"3":{"id":"110","name":"PART 11 - TRANSPORTATION","identifier":"11","label":"part","url":"\/II\/11\/"},"4":{"id":"5","name":"Division II - Planning and Development","identifier":"II","label":"division","url":"\/II\/"}},"referred_to_by":false,"edition_id":"1","section_id":"417","structure_id":"122","full_text":"Upon a street at any intersection where the proper respective lane or lanes for right or left turns or straight ahead movement have been designated by signs, arrows or markers on, above or beside the street, drivers of vehicles, in preparation for a right or left turn or straight ahead movement, shall with proper regard for the safety of others, move into the proper allocated lane at least fifty (50) feet before reaching the intersection and shall make no turn to either right or left or proceed straight ahead unless within a lane in which that turn or straight ahead movement is permitted. Lane allocations at intersections shall be as designated on official Traffic Schedule No. 6, Restricted Turns at Channelized Intersections. \n(Code 1959 , \u00a721-28) \nCross reference: Schedules incorporated by reference, \u00a711-2004","text":{"0":{"id":"1138","text":"Upon a street at any intersection where the proper respective lane or lanes for right or left turns or straight ahead movement have been designated by signs, arrows or markers on, above or beside the street, drivers of vehicles, in preparation for a right or left turn or straight ahead movement, shall with proper regard for the safety of others, move into the proper allocated lane at least fifty (50) feet before reaching the intersection and shall make no turn to either right or left or proceed straight ahead unless within a lane in which that turn or straight ahead movement is permitted. Lane allocations at intersections shall be as designated on official Traffic Schedule No. 6, Restricted Turns at Channelized Intersections. \n(Code 1959 , \u00a721-28) \nCross reference: Schedules incorporated by reference, \u00a711-2004","type":"section","prefixes":[""],"prefix":"","entire_prefix":"","prefix_anchor":"","level":1}},"ancestry":{"1":{"id":"122","name":"ARTICLE F. - TURNING MOVEMENTS","identifier":"F","label":"article","url":"\/II\/11\/2\/F\/"},"2":{"id":"115","name":"CHAPTER 2. - MOTOR VEHICLES AND TRAFFIC","identifier":"2","label":"chapter","url":"\/II\/11\/2\/"},"3":{"id":"110","name":"PART 11 - TRANSPORTATION","identifier":"11","label":"part","url":"\/II\/11\/"},"4":{"id":"5","name":"Division II - Planning and Development","identifier":"II","label":"division","url":"\/II\/"}},"structure_contents":{"0":{"id":"416","structure_id":"122","section_number":"11-2101","catch_line":"TURNING MARKERS.","url":"\/11-2101\/","token":"11-2101"},"1":{"id":"417","structure_id":"122","section_number":"11-2102","catch_line":"TURNING AT CHANNELIZED INTERSECTIONS.","url":"\/11-2102\/","token":"11-2102"},"2":{"id":"418","structure_id":"122","section_number":"11-2103","catch_line":"U-TURNS PROHIBITED.","url":"\/11-2103\/","token":"11-2103"},"3":{"id":"419","structure_id":"122","section_number":"11-2104","catch_line":"TURNING AT OR BETWEEN INTERSECTIONS.","url":"\/11-2104\/","token":"11-2104"},"4":{"id":"420","structure_id":"122","section_number":"11-2105","catch_line":"RIGHT TURNS ON RED TRAFFIC CONTROL SIGNAL LIGHTS PROHIBITED.","url":"\/11-2105\/","token":"11-2105"},"5":{"id":"421","structure_id":"122","section_number":"11-2106","catch_line":"RESERVED.","url":"\/11-2106\/","token":"11-2106"},"6":{"id":"422","structure_id":"122","section_number":"11-2106","catch_line":"RESERVED. ","url":"\/11-2106\/","token":"11-2106"}},"previous_section":{"id":"416","structure_id":"122","section_number":"11-2101","catch_line":"TURNING MARKERS.","url":"\/11-2101\/","token":"11-2101"},"next_section":{"id":"418","structure_id":"122","section_number":"11-2103","catch_line":"U-TURNS PROHIBITED.","url":"\/11-2103\/","token":"11-2103"},"references":false,"formats":{"txt":"\/11-2102.txt","json":"\/11-2102.xml"},"dublin_core":{"Title":"TURNING AT CHANNELIZED INTERSECTIONS.","Type":"Text","Format":"text\/html","Identifier":"\u00a7 11-2102","Relation":"Code of State"},"plain_text":"                                  CODE OF STATE\n\nTURNING AT CHANNELIZED INTERSECTIONS. (\u00a7 11-2102)\n\nUpon a street at any intersection where the proper respective lane or lanes for\nright or left turns or straight ahead movement have been designated by signs,\narrows or markers on, above or beside the street, drivers of vehicles, in\npreparation for a right or left turn or straight ahead movement, shall with\nproper regard for the safety of others, move into the proper allocated lane at\nleast fifty (50) feet before reaching the intersection and shall make no turn to\neither right or left or proceed straight ahead unless within a lane in which\nthat turn or straight ahead movement is permitted. Lane allocations at\nintersections shall be as designated on official Traffic Schedule No. 6,\nRestricted Turns at Channelized Intersections. \n(Code 1959 , \u00a721-28) \nCross reference: Schedules incorporated by reference, \u00a711-2004\n"}