{"law_id":"449","section_number":"11-2153","catch_line":"ELECTRONIC TRAFFIC AND PEDESTRIAN CONTROL SIGNALS.","history":"","order_by":"11-2153","metadata":false,"url":"\/11-2153\/","token":"11-2153","structure":{"1":{"id":"125","name":"ARTICLE I. - PEDESTRIANS' RIGHTS AND DUTIES","identifier":"I","label":"article","url":"\/II\/11\/2\/I\/"},"2":{"id":"115","name":"CHAPTER 2. - MOTOR VEHICLES AND TRAFFIC","identifier":"2","label":"chapter","url":"\/II\/11\/2\/"},"3":{"id":"110","name":"PART 11 - TRANSPORTATION","identifier":"11","label":"part","url":"\/II\/11\/"},"4":{"id":"5","name":"Division II - Planning and Development","identifier":"II","label":"division","url":"\/II\/"}},"referred_to_by":false,"edition_id":"1","section_id":"449","structure_id":"125","full_text":"(a) Pedestrians crossing roadways at intersections where electronic traffic-control signals are located which are regulated by separate electronic pedestrian signals must obey the instructions of the pedestrian signals.\r\r(b) Pedestrians who are lawfully in a roadway when the pedestrian signal changes should proceed across the roadway.\r\r(c) Pedestrians crossing roadways at signalized intersections which are not regulated by separate electronic pedestrian signals must obey the instructions of the traffic-control signal facing vehicular traffic moving in the same direction as such pedestrians.\r\r(d) Pedestrians crossing roadways at signalized intersections which are not regulated by separate pedestrian signals must not start to cross when a yellow light is exhibited to vehicles.\r\r(e) The electronic traffic and pedestrian control signals described in this section shall be located, and the regulations provided in this section shall be effective, as designed in official Traffic Schedule No. 1, &#8220;Electronic Traffic Control Signals.&#8221; \nCross reference: Electronic traffic-control signals, \u00a711-2071\r\r","text":{"0":{"id":"1225","text":"Pedestrians crossing roadways at intersections where electronic traffic-control signals are located which are regulated by separate electronic pedestrian signals must obey the instructions of the pedestrian signals.","type":"section","prefixes":["(a)"],"prefix":"(a)","entire_prefix":"(a)","prefix_anchor":"(a)","level":1},"1":{"id":"1226","text":"Pedestrians who are lawfully in a roadway when the pedestrian signal changes should proceed across the roadway.","type":"section","prefixes":["(b)"],"prefix":"(b)","entire_prefix":"(b)","prefix_anchor":"(b)","level":1},"2":{"id":"1227","text":"Pedestrians crossing roadways at signalized intersections which are not regulated by separate electronic pedestrian signals must obey the instructions of the traffic-control signal facing vehicular traffic moving in the same direction as such pedestrians.","type":"section","prefixes":["(c)"],"prefix":"(c)","entire_prefix":"(c)","prefix_anchor":"(c)","level":1},"3":{"id":"1228","text":"Pedestrians crossing roadways at signalized intersections which are not regulated by separate pedestrian signals must not start to cross when a yellow light is exhibited to vehicles.","type":"section","prefixes":["(d)"],"prefix":"(d)","entire_prefix":"(d)","prefix_anchor":"(d)","level":1},"4":{"id":"1229","text":"The electronic traffic and pedestrian control signals described in this section shall be located, and the regulations provided in this section shall be effective, as designed in official Traffic Schedule No. 1, &#8220;Electronic Traffic Control Signals.&#8221; \nCross reference: Electronic traffic-control signals, \u00a711-2071","type":"section","prefixes":["(e)"],"prefix":"(e)","entire_prefix":"(e)","prefix_anchor":"(e)","level":1}},"ancestry":{"1":{"id":"125","name":"ARTICLE I. - PEDESTRIANS' RIGHTS AND DUTIES","identifier":"I","label":"article","url":"\/II\/11\/2\/I\/"},"2":{"id":"115","name":"CHAPTER 2. - MOTOR VEHICLES AND TRAFFIC","identifier":"2","label":"chapter","url":"\/II\/11\/2\/"},"3":{"id":"110","name":"PART 11 - TRANSPORTATION","identifier":"11","label":"part","url":"\/II\/11\/"},"4":{"id":"5","name":"Division II - Planning and Development","identifier":"II","label":"division","url":"\/II\/"}},"structure_contents":{"0":{"id":"446","structure_id":"125","section_number":"11-2151","catch_line":"PEDESTRIAN STREETS.","url":"\/11-2151\/","token":"11-2151"},"1":{"id":"448","structure_id":"125","section_number":"11-2152","catch_line":"PEDESTRIAN CROSSING PROHIBITED.","url":"\/11-2152\/","token":"11-2152"},"2":{"id":"449","structure_id":"125","section_number":"11-2153","catch_line":"ELECTRONIC TRAFFIC AND PEDESTRIAN CONTROL SIGNALS.","url":"\/11-2153\/","token":"11-2153"},"3":{"id":"450","structure_id":"125","section_number":"11-2154","catch_line":"RESERVED.","url":"\/11-2154\/","token":"11-2154"},"4":{"id":"451","structure_id":"125","section_number":"11-2154","catch_line":"RESERVED. ","url":"\/11-2154\/","token":"11-2154"}},"previous_section":{"id":"448","structure_id":"125","section_number":"11-2152","catch_line":"PEDESTRIAN CROSSING PROHIBITED.","url":"\/11-2152\/","token":"11-2152"},"next_section":{"id":"450","structure_id":"125","section_number":"11-2154","catch_line":"RESERVED.","url":"\/11-2154\/","token":"11-2154"},"references":{"0":{"id":"402","section_number":"11-2071","catch_line":"ELECTRONIC TRAFFIC-CONTROL SIGNALS.","url":"http:\/\/localhost:8888\/11-2071\/"}},"formats":{"txt":"\/11-2153.txt","json":"\/11-2153.xml"},"dublin_core":{"Title":"ELECTRONIC TRAFFIC AND PEDESTRIAN CONTROL SIGNALS.","Type":"Text","Format":"text\/html","Identifier":"\u00a7 11-2153","Relation":"Code of State"},"plain_text":"                                  CODE OF STATE\n\nELECTRONIC TRAFFIC AND PEDESTRIAN CONTROL SIGNALS. (\u00a7 11-2153)\n\n(a) Pedestrians crossing roadways at intersections where electronic\ntraffic-control signals are located which are regulated by separate electronic\npedestrian signals must obey the instructions of the pedestrian signals.\n\n(b) Pedestrians who are lawfully in a roadway when the pedestrian signal changes\nshould proceed across the roadway.\n\n(c) Pedestrians crossing roadways at signalized intersections which are not\nregulated by separate electronic pedestrian signals must obey the instructions\nof the traffic-control signal facing vehicular traffic moving in the same\ndirection as such pedestrians.\n\n(d) Pedestrians crossing roadways at signalized intersections which are not\nregulated by separate pedestrian signals must not start to cross when a yellow\nlight is exhibited to vehicles.\n\n(e) The electronic traffic and pedestrian control signals described in this\nsection shall be located, and the regulations provided in this section shall be\neffective, as designed in official Traffic Schedule No. 1, &#8220;Electronic\nTraffic Control Signals.&#8221; \nCross reference: Electronic traffic-control signals, \u00a711-2071\n"}