{"law_id":"382","section_number":"11-2022","catch_line":"ACCIDENT INVESTIGATION.","history":"","order_by":"11-2022","metadata":false,"url":"\/11-2022\/","token":"11-2022","structure":{"1":{"id":"117","name":"ARTICLE B. - ADMINISTRATION AND ENFORCEMENT","identifier":"B","label":"article","url":"\/II\/11\/2\/B\/"},"2":{"id":"115","name":"CHAPTER 2. - MOTOR VEHICLES AND TRAFFIC","identifier":"2","label":"chapter","url":"\/II\/11\/2\/"},"3":{"id":"110","name":"PART 11 - TRANSPORTATION","identifier":"11","label":"part","url":"\/II\/11\/"},"4":{"id":"5","name":"Division II - Planning and Development","identifier":"II","label":"division","url":"\/II\/"}},"referred_to_by":false,"edition_id":"1","section_id":"382","structure_id":"117","full_text":"It is the duty of the law enforcement officers of the City to investigate traffic accidents and to obtain prosecution of those persons apparently guilty of violations of this chapter or state motor vehicle laws causing or contributing to those accidents. The owner or operator of any ambulance must arrange for the Wake County Emergency Communications Center to be notified before leaving to answer a call to the scene of a traffic accident.","text":{"0":{"id":"1076","text":"It is the duty of the law enforcement officers of the City to investigate traffic accidents and to obtain prosecution of those persons apparently guilty of violations of this chapter or state motor vehicle laws causing or contributing to those accidents. The owner or operator of any ambulance must arrange for the Wake County Emergency Communications Center to be notified before leaving to answer a call to the scene of a traffic accident.","type":"section","prefixes":[""],"prefix":"","entire_prefix":"","prefix_anchor":"","level":1}},"ancestry":{"1":{"id":"117","name":"ARTICLE B. - ADMINISTRATION AND ENFORCEMENT","identifier":"B","label":"article","url":"\/II\/11\/2\/B\/"},"2":{"id":"115","name":"CHAPTER 2. - MOTOR VEHICLES AND TRAFFIC","identifier":"2","label":"chapter","url":"\/II\/11\/2\/"},"3":{"id":"110","name":"PART 11 - TRANSPORTATION","identifier":"11","label":"part","url":"\/II\/11\/"},"4":{"id":"5","name":"Division II - Planning and Development","identifier":"II","label":"division","url":"\/II\/"}},"structure_contents":{"0":{"id":"380","structure_id":"117","section_number":"11-2021","catch_line":"IN GENERAL.","url":"\/11-2021\/","token":"11-2021"},"1":{"id":"382","structure_id":"117","section_number":"11-2022","catch_line":"ACCIDENT INVESTIGATION.","url":"\/11-2022\/","token":"11-2022"},"2":{"id":"383","structure_id":"117","section_number":"11-2023","catch_line":"TRAFFIC REGULATION AND PEDESTRIAN SAFETY.","url":"\/11-2023\/","token":"11-2023"},"3":{"id":"384","structure_id":"117","section_number":"11-2024","catch_line":"RESERVED.","url":"\/11-2024\/","token":"11-2024"},"4":{"id":"385","structure_id":"117","section_number":"11-2025","catch_line":"CIVIL PENALTIES.","url":"\/11-2025\/","token":"11-2025"},"5":{"id":"386","structure_id":"117","section_number":"11-2026","catch_line":"REMOVAL OF A TRAFFIC TICKET.","url":"\/11-2026\/","token":"11-2026"},"6":{"id":"387","structure_id":"117","section_number":"11-2027","catch_line":"ALTERATION OF A TRAFFIC TICKET.","url":"\/11-2027\/","token":"11-2027"},"7":{"id":"388","structure_id":"117","section_number":"11-2028","catch_line":"RESERVED.","url":"\/11-2028\/","token":"11-2028"},"8":{"id":"389","structure_id":"117","section_number":"11-2030","catch_line":"RESERVED.","url":"\/11-2030\/","token":"11-2030"},"9":{"id":"390","structure_id":"117","section_number":"11-2030","catch_line":"RESERVED. ","url":"\/11-2030\/","token":"11-2030"}},"previous_section":{"id":"380","structure_id":"117","section_number":"11-2021","catch_line":"IN GENERAL.","url":"\/11-2021\/","token":"11-2021"},"next_section":{"id":"383","structure_id":"117","section_number":"11-2023","catch_line":"TRAFFIC REGULATION AND PEDESTRIAN SAFETY.","url":"\/11-2023\/","token":"11-2023"},"references":false,"formats":{"txt":"\/11-2022.txt","json":"\/11-2022.xml"},"dublin_core":{"Title":"ACCIDENT INVESTIGATION.","Type":"Text","Format":"text\/html","Identifier":"\u00a7 11-2022","Relation":"Code of State"},"plain_text":"                                  CODE OF STATE\n\nACCIDENT INVESTIGATION. (\u00a7 11-2022)\n\nIt is the duty of the law enforcement officers of the City to investigate\ntraffic accidents and to obtain prosecution of those persons apparently guilty\nof violations of this chapter or state motor vehicle laws causing or\ncontributing to those accidents. The owner or operator of any ambulance must\narrange for the Wake County Emergency Communications Center to be notified\nbefore leaving to answer a call to the scene of a traffic accident.\n"}