{"law_id":"390","section_number":"11-2030","catch_line":"RESERVED. ","history":"","order_by":"11-2030","metadata":false,"url":"\/11-2030\/","token":"11-2030","structure":{"1":{"id":"117","name":"ARTICLE B. - ADMINISTRATION AND ENFORCEMENT","identifier":"B","label":"article","url":"\/II\/11\/2\/B\/"},"2":{"id":"115","name":"CHAPTER 2. - MOTOR VEHICLES AND TRAFFIC","identifier":"2","label":"chapter","url":"\/II\/11\/2\/"},"3":{"id":"110","name":"PART 11 - TRANSPORTATION","identifier":"11","label":"part","url":"\/II\/11\/"},"4":{"id":"5","name":"Division II - Planning and Development","identifier":"II","label":"division","url":"\/II\/"}},"referred_to_by":false,"edition_id":"1","section_id":"390","structure_id":"117","full_text":"","text":{"0":{"id":"1102","text":"","type":"section","prefixes":[""],"prefix":"","entire_prefix":"","prefix_anchor":"","level":1}},"ancestry":{"1":{"id":"117","name":"ARTICLE B. - ADMINISTRATION AND ENFORCEMENT","identifier":"B","label":"article","url":"\/II\/11\/2\/B\/"},"2":{"id":"115","name":"CHAPTER 2. - MOTOR VEHICLES AND TRAFFIC","identifier":"2","label":"chapter","url":"\/II\/11\/2\/"},"3":{"id":"110","name":"PART 11 - TRANSPORTATION","identifier":"11","label":"part","url":"\/II\/11\/"},"4":{"id":"5","name":"Division II - Planning and Development","identifier":"II","label":"division","url":"\/II\/"}},"structure_contents":{"0":{"id":"380","structure_id":"117","section_number":"11-2021","catch_line":"IN GENERAL.","url":"\/11-2021\/","token":"11-2021"},"1":{"id":"382","structure_id":"117","section_number":"11-2022","catch_line":"ACCIDENT INVESTIGATION.","url":"\/11-2022\/","token":"11-2022"},"2":{"id":"383","structure_id":"117","section_number":"11-2023","catch_line":"TRAFFIC REGULATION AND PEDESTRIAN SAFETY.","url":"\/11-2023\/","token":"11-2023"},"3":{"id":"384","structure_id":"117","section_number":"11-2024","catch_line":"RESERVED.","url":"\/11-2024\/","token":"11-2024"},"4":{"id":"385","structure_id":"117","section_number":"11-2025","catch_line":"CIVIL PENALTIES.","url":"\/11-2025\/","token":"11-2025"},"5":{"id":"386","structure_id":"117","section_number":"11-2026","catch_line":"REMOVAL OF A TRAFFIC TICKET.","url":"\/11-2026\/","token":"11-2026"},"6":{"id":"387","structure_id":"117","section_number":"11-2027","catch_line":"ALTERATION OF A TRAFFIC TICKET.","url":"\/11-2027\/","token":"11-2027"},"7":{"id":"388","structure_id":"117","section_number":"11-2028","catch_line":"RESERVED.","url":"\/11-2028\/","token":"11-2028"},"8":{"id":"389","structure_id":"117","section_number":"11-2030","catch_line":"RESERVED.","url":"\/11-2030\/","token":"11-2030"},"9":{"id":"390","structure_id":"117","section_number":"11-2030","catch_line":"RESERVED. ","url":"\/11-2030\/","token":"11-2030"}},"previous_section":{"id":"389","structure_id":"117","section_number":"11-2030","catch_line":"RESERVED.","url":"\/11-2030\/","token":"11-2030"},"references":false,"formats":{"txt":"\/11-2030.txt","json":"\/11-2030.xml"},"dublin_core":{"Title":"RESERVED. ","Type":"Text","Format":"text\/html","Identifier":"\u00a7 11-2030","Relation":"Code of State"},"plain_text":"                                  CODE OF STATE\n\nRESERVED.  (\u00a7 11-2030)\n\n\n"}