{"law_id":"442","section_number":"11-2135","catch_line":"GENERAL.","history":"","order_by":"11-2135","metadata":false,"url":"\/11-2135\/","token":"11-2135","structure":{"1":{"id":"124","name":"ARTICLE H. - MISCELLANEOUS DRIVING RULES","identifier":"H","label":"article","url":"\/II\/11\/2\/H\/"},"2":{"id":"115","name":"CHAPTER 2. - MOTOR VEHICLES AND TRAFFIC","identifier":"2","label":"chapter","url":"\/II\/11\/2\/"},"3":{"id":"110","name":"PART 11 - TRANSPORTATION","identifier":"11","label":"part","url":"\/II\/11\/"},"4":{"id":"5","name":"Division II - Planning and Development","identifier":"II","label":"division","url":"\/II\/"}},"referred_to_by":false,"edition_id":"1","section_id":"442","structure_id":"124","full_text":"(a) It shall be unlawful for a vehicle to cross the stop line at a system location when the traffic signal for that vehicle&#8217;s direction of travel is emitting a steady red light, or for a vehicle to violate any other traffic regulations specified in G.S. 20-158.\r\r(b) The owner shall be responsible for a violation under this section, except when the owner can provide evidence that the vehicle was in the care, custody, or control of another person at the time of the violation as described in (c).\r\r(d) The Raleigh Transportation Department shall administer the traffic-control photographic system and program and shall maintain a list of system locations and shall see that all locations are marked as required by c.286, s.l.2001. \n(Ord. No. 2001-108, \u00a72, 11-7-01; ; Ord. No. 2003-434, \u00a71, 5-6-03; Ord. No. 2003-497, \u00a71, 9-2-03)\r\r","text":{"0":{"id":"1205","text":"It shall be unlawful for a vehicle to cross the stop line at a system location when the traffic signal for that vehicle&#8217;s direction of travel is emitting a steady red light, or for a vehicle to violate any other traffic regulations specified in G.S. 20-158.","type":"section","prefixes":["(a)"],"prefix":"(a)","entire_prefix":"(a)","prefix_anchor":"(a)","level":1},"1":{"id":"1206","text":"The owner shall be responsible for a violation under this section, except when the owner can provide evidence that the vehicle was in the care, custody, or control of another person at the time of the violation as described in (c).","type":"section","prefixes":["(b)"],"prefix":"(b)","entire_prefix":"(b)","prefix_anchor":"(b)","level":1},"2":{"id":"1207","text":"","type":"section","prefixes":["(c)"],"prefix":"(c)","entire_prefix":"(c)","prefix_anchor":"(c)","level":1},"3":{"id":"1208","text":"\tAn affidavit stating the name and address of the person or entity who had the care, custody or control of the vehicle at the time of the violation. \n","type":"section","prefixes":["(c)","(1)"],"prefix":"(1)","entire_prefix":"(c)(1)","prefix_anchor":"(c)(1)","level":2},"4":{"id":"1209","text":"\tAn affidavit by the owner stating that at the time of the violation the vehicle involved was stolen. The affidavit must include supporting evidence, such as insurance or police report information. \n","type":"section","prefixes":["(c)","(2)"],"prefix":"(2)","entire_prefix":"(c)(2)","prefix_anchor":"(c)(2)","level":2},"5":{"id":"1210","text":"\tAn affidavit that the person who received the citation is not the owner of the vehicle and was not the driver of it, or a notarized statement that the person who received the citation was not driving any vehicle at the time and place designated in the citation. \n","type":"section","prefixes":["(c)","(3)"],"prefix":"(3)","entire_prefix":"(c)(3)","prefix_anchor":"(c)(3)","level":2},"6":{"id":"1211","text":"The Raleigh Transportation Department shall administer the traffic-control photographic system and program and shall maintain a list of system locations and shall see that all locations are marked as required by c.286, s.l.2001. \n(Ord. No. 2001-108, \u00a72, 11-7-01; ; Ord. No. 2003-434, \u00a71, 5-6-03; Ord. No. 2003-497, \u00a71, 9-2-03)","type":"section","prefixes":["(d)"],"prefix":"(d)","entire_prefix":"(d)","prefix_anchor":"(d)","level":1}},"ancestry":{"1":{"id":"124","name":"ARTICLE H. - MISCELLANEOUS DRIVING RULES","identifier":"H","label":"article","url":"\/II\/11\/2\/H\/"},"2":{"id":"115","name":"CHAPTER 2. - MOTOR VEHICLES AND TRAFFIC","identifier":"2","label":"chapter","url":"\/II\/11\/2\/"},"3":{"id":"110","name":"PART 11 - TRANSPORTATION","identifier":"11","label":"part","url":"\/II\/11\/"},"4":{"id":"5","name":"Division II - Planning and Development","identifier":"II","label":"division","url":"\/II\/"}},"structure_contents":{"0":{"id":"427","structure_id":"124","section_number":"11-2121","catch_line":"DRIVING ON SIDEWALKS.","url":"\/11-2121\/","token":"11-2121"},"1":{"id":"428","structure_id":"124","section_number":"11-2122","catch_line":"CLINGING TO MOVING VEHICLES.","url":"\/11-2122\/","token":"11-2122"},"2":{"id":"429","structure_id":"124","section_number":"11-2123","catch_line":"USE OF ROADWAY BY NONMOTORIZED OR TOY VEHICLES.","url":"\/11-2123\/","token":"11-2123"},"3":{"id":"430","structure_id":"124","section_number":"11-2124","catch_line":"DRIVING ON BARRICADED STREET.","url":"\/11-2124\/","token":"11-2124"},"4":{"id":"431","structure_id":"124","section_number":"11-2125","catch_line":"DRIVING UNDER HAZARDOUS CONDITIONS.","url":"\/11-2125\/","token":"11-2125"},"5":{"id":"432","structure_id":"124","section_number":"11-2126","catch_line":"MOTOR OR OTHER VEHICLES PROHIBITED FROM DRIVING OVER A MEDIAN STRIP OR FRESHLY PAINTED TRAFFIC DIRECTION SIGNS PAINTED ON THE CITY STREETS.","url":"\/11-2126\/","token":"11-2126"},"6":{"id":"433","structure_id":"124","section_number":"11-2127","catch_line":"LIMITATION ON BACKING.","url":"\/11-2127\/","token":"11-2127"},"7":{"id":"434","structure_id":"124","section_number":"11-2128","catch_line":"OBSTRUCTION TO DRIVER'S VIEW OR DRIVING MECHANISM.","url":"\/11-2128\/","token":"11-2128"},"8":{"id":"435","structure_id":"124","section_number":"11-2129","catch_line":"CROSSING FIRE HOSE.","url":"\/11-2129\/","token":"11-2129"},"9":{"id":"437","structure_id":"124","section_number":"11-2130","catch_line":"PROCESSIONS\u2014DRIVING THROUGH.","url":"\/11-2130\/","token":"11-2130"},"10":{"id":"438","structure_id":"124","section_number":"11-2131","catch_line":"SAME\u2014DRIVING IN FUNERAL OR OTHER PROCESSIONS.","url":"\/11-2131\/","token":"11-2131"},"11":{"id":"439","structure_id":"124","section_number":"11-2132","catch_line":"TRUCK ROUTES.","url":"\/11-2132\/","token":"11-2132"},"12":{"id":"440","structure_id":"124","section_number":"11-2133","catch_line":"REGULATION OF VEHICLES AND LOADS.","url":"\/11-2133\/","token":"11-2133"},"13":{"id":"441","structure_id":"124","section_number":"11-2134","catch_line":"DEFINITIONS.","url":"\/11-2134\/","token":"11-2134"},"14":{"id":"442","structure_id":"124","section_number":"11-2135","catch_line":"GENERAL.","url":"\/11-2135\/","token":"11-2135"},"15":{"id":"443","structure_id":"124","section_number":"11-2136","catch_line":"PENALTY AND APPEAL.","url":"\/11-2136\/","token":"11-2136"},"16":{"id":"444","structure_id":"124","section_number":"11-2137","catch_line":"RESERVED.","url":"\/11-2137\/","token":"11-2137"},"17":{"id":"445","structure_id":"124","section_number":"11-2137","catch_line":"RESERVED. ","url":"\/11-2137\/","token":"11-2137"}},"previous_section":{"id":"441","structure_id":"124","section_number":"11-2134","catch_line":"DEFINITIONS.","url":"\/11-2134\/","token":"11-2134"},"next_section":{"id":"443","structure_id":"124","section_number":"11-2136","catch_line":"PENALTY AND APPEAL.","url":"\/11-2136\/","token":"11-2136"},"references":false,"formats":{"txt":"\/11-2135.txt","json":"\/11-2135.xml"},"dublin_core":{"Title":"GENERAL.","Type":"Text","Format":"text\/html","Identifier":"\u00a7 11-2135","Relation":"Code of State"},"plain_text":"                                  CODE OF STATE\n\nGENERAL. (\u00a7 11-2135)\n\n(a) It shall be unlawful for a vehicle to cross the stop line at a system\nlocation when the traffic signal for that vehicle&#8217;s direction of travel is\nemitting a steady red light, or for a vehicle to violate any other traffic\nregulations specified in G.S. 20-158.\n\n(b) The owner shall be responsible for a violation under this section, except\nwhen the owner can provide evidence that the vehicle was in the care, custody,\nor control of another person at the time of the violation as described in (c).\n\n(c) \n\n   (1) \tAn affidavit stating the name and address of the person or entity who had\n   the care, custody or control of the vehicle at the time of the violation. \n   \n\n   (2) \tAn affidavit by the owner stating that at the time of the violation the\n   vehicle involved was stolen. The affidavit must include supporting evidence,\n   such as insurance or police report information. \n   \n\n   (3) \tAn affidavit that the person who received the citation is not the owner\n   of the vehicle and was not the driver of it, or a notarized statement that the\n   person who received the citation was not driving any vehicle at the time and\n   place designated in the citation. \n   \n\n(d) The Raleigh Transportation Department shall administer the traffic-control\nphotographic system and program and shall maintain a list of system locations\nand shall see that all locations are marked as required by c.286, s.l.2001. \n(Ord. No. 2001-108, \u00a72, 11-7-01; ; Ord. No. 2003-434, \u00a71, 5-6-03; Ord. No.\n2003-497, \u00a71, 9-2-03)\n"}