{"law_id":"439","section_number":"11-2132","catch_line":"TRUCK ROUTES.","history":"","order_by":"11-2132","metadata":false,"url":"\/11-2132\/","token":"11-2132","structure":{"1":{"id":"124","name":"ARTICLE H. - MISCELLANEOUS DRIVING RULES","identifier":"H","label":"article","url":"\/II\/11\/2\/H\/"},"2":{"id":"115","name":"CHAPTER 2. - MOTOR VEHICLES AND TRAFFIC","identifier":"2","label":"chapter","url":"\/II\/11\/2\/"},"3":{"id":"110","name":"PART 11 - TRANSPORTATION","identifier":"11","label":"part","url":"\/II\/11\/"},"4":{"id":"5","name":"Division II - Planning and Development","identifier":"II","label":"division","url":"\/II\/"}},"referred_to_by":false,"edition_id":"1","section_id":"439","structure_id":"124","full_text":"(b) Through truck routes. \nThrough truck routes as defined herein are established for the passage of through trucks as defined herein, over the streets and highways within the City, according to the map entitled &#8220;Official Traffic Schedule No. 10, Through Truck Routes.&#8221;\r\r(g) Provisions mandatory; noncompliance declared unlawful. \nThe provisions of this section and every subsection hereof are mandatory and not merely directory, and failure to comply with the provisions of this section or any subsection hereof is hereby declared to be unlawful and punishable as provided by law. \n(Code 1959 , \u00a721-22; Ord. No. 1980-526, \u00a71, 11-18-80; Ord. No. 1981-717, \u00a71, 8-4-81; Ord. No. 1984-261, \u00a71, 1-3-84; Ord. No. 1986-734, \u00a7\u00a71\u20143, 2-18-86; Ord. No. 1988-182, \u00a7\u00a71, 2, 6-7-88; Ord. No. 1991-825, \u00a71, 7-16-91) \nCross reference: Schedules incorporated by reference, \u00a711-2004\r\r","text":{"0":{"id":"1167","text":"","type":"section","prefixes":["(a)"],"prefix":"(a)","entire_prefix":"(a)","prefix_anchor":"(a)","level":1},"1":{"id":"1168","text":"\tTrucks. \nThe word truck or trucks shall mean any motor vehicle used or designed to be used for the transportation of cargo or passengers, including but not limited to the following: Trucks; intercity buses; truck-drawn trailers when the truck is equipped with dual rear wheels. The following motor vehicles are excluded from this meaning: Passenger automobiles; pickup trucks; vehicles not having dual rear wheels; motorcycles; motor scooters; school buses; charter buses; and other nonscheduled buses. \n","type":"section","prefixes":["(a)","(1)"],"prefix":"(1)","entire_prefix":"(a)(1)","prefix_anchor":"(a)(1)","level":2},"2":{"id":"1169","text":"\tThrough truck. \nThe term through truck shall mean any truck having three (3) or more axles or any two-axle truck with dual rear wheels towing a trailer which passes through the City without stopping for the purpose of either collecting or discharging cargo or for the purpose of either collecting or discharging passengers. \n","type":"section","prefixes":["(a)","(2)"],"prefix":"(2)","entire_prefix":"(a)(2)","prefix_anchor":"(a)(2)","level":2},"3":{"id":"1170","text":"\tCargo. \nThe word cargo shall mean any property transported by truck. \n","type":"section","prefixes":["(a)","(3)"],"prefix":"(3)","entire_prefix":"(a)(3)","prefix_anchor":"(a)(3)","level":2},"4":{"id":"1171","text":"\tOperator. \nThe word operator shall mean the person physically operating a truck or a person therein and directing its operation. \n","type":"section","prefixes":["(a)","(4)"],"prefix":"(4)","entire_prefix":"(a)(4)","prefix_anchor":"(a)(4)","level":2},"5":{"id":"1172","text":"\tIntersection of routes. \nThe term intersection of routes shall mean the point reached on a highway within the City at which a direction sign indicates that a turn should be made from one route to another. \n","type":"section","prefixes":["(a)","(5)"],"prefix":"(5)","entire_prefix":"(a)(5)","prefix_anchor":"(a)(5)","level":2},"6":{"id":"1173","text":"\tDirection sign. \nThe term direction sign shall mean the customary highway marker designating the highway route number or that a certain direction should be followed to reach a given destination. \n","type":"section","prefixes":["(a)","(6)"],"prefix":"(6)","entire_prefix":"(a)(6)","prefix_anchor":"(a)(6)","level":2},"7":{"id":"1174","text":"\tLocal truck. \nThe term local truck shall mean any truck having three (3) or more axles or any two-axle truck with dual rear wheels towing a trailer and which enters, leaves or operates within the City for the purpose of either collecting or discharging cargo, or for the purpose of either collecting or discharging passengers within the City. \n","type":"section","prefixes":["(a)","(7)"],"prefix":"(7)","entire_prefix":"(a)(7)","prefix_anchor":"(a)(7)","level":2},"8":{"id":"1175","text":"\tThrough truck route. \nThe term through truck route shall mean those routes or streets established in subsection (b) and designated by signs as numbered Interstate, U.S., or N.C. routes and Wade Avenue Extension from I-40 to the Raleigh Beltline (I-440). Provided that all U.S. and N.C. numbered routes inside the Raleigh Beltline (I-440) shall remain &#8220;local truck routes.&#8221; The above provision allows through trucks to use Wade Avenue Extension between I-40 and the Beltline. This expressway type facility is suitable for the through truck network. The provision also provides that through trucks must only use I-440 to pass Raleigh. \n","type":"section","prefixes":["(a)","(8)"],"prefix":"(8)","entire_prefix":"(a)(8)","prefix_anchor":"(a)(8)","level":2},"9":{"id":"1176","text":"\tLocal truck route. \nThe term local truck route shall mean those routes or streets established in subsection (d) and designated by signs as local truck routes. \n(10)\tPassenger. \nThe word passenger shall mean any person transported by truck. \n","type":"section","prefixes":["(a)","(9)"],"prefix":"(9)","entire_prefix":"(a)(9)","prefix_anchor":"(a)(9)","level":2},"10":{"id":"1177","text":"\tVisiting truck. \nThe term visiting truck shall mean any truck having three (3) or more axles or any two-axle truck with dual rear wheels towing a trailer which passes through the City for the purpose of collecting or discharging cargo at a single trip origin or destination. \n","type":"section","prefixes":["(a)","(11"],"prefix":"(11","entire_prefix":"(a)(11","prefix_anchor":"(a)(11","level":2},"11":{"id":"1178","text":"Through truck routes. \nThrough truck routes as defined herein are established for the passage of through trucks as defined herein, over the streets and highways within the City, according to the map entitled &#8220;Official Traffic Schedule No. 10, Through Truck Routes.&#8221;","type":"section","prefixes":["(b)"],"prefix":"(b)","entire_prefix":"(b)","prefix_anchor":"(b)","level":1},"12":{"id":"1179","text":"","type":"section","prefixes":["(c)"],"prefix":"(c)","entire_prefix":"(c)","prefix_anchor":"(c)","level":1},"13":{"id":"1180","text":"\tThe operator of a through truck entering the City on any through trucking route shall proceed exclusively on a through truck route until he leaves the City. \n","type":"section","prefixes":["(c)","(1)"],"prefix":"(1)","entire_prefix":"(c)(1)","prefix_anchor":"(c)(1)","level":2},"14":{"id":"1181","text":"\tThe operator of a through truck entering the City by way of a route not a through truck route or local truck route shall, upon entering the City, proceed to the nearest through truck or local truck route, whichever is nearer. Upon reaching a local truck route, the operator of a through truck shall proceed along such local truck route or routes to the nearest through truck route. Upon reaching the through truck route, the operator of a through truck shall proceed exclusively upon a through truck route until he leaves the City. \n","type":"section","prefixes":["(c)","(2)"],"prefix":"(2)","entire_prefix":"(c)(2)","prefix_anchor":"(c)(2)","level":2},"15":{"id":"1182","text":"","type":"section","prefixes":["(d)"],"prefix":"(d)","entire_prefix":"(d)","prefix_anchor":"(d)","level":1},"16":{"id":"1183","text":"\tLocal trucks may travel over any street or highway within the area bounded by the following streets: Wade Avenue from West Street to Downtown Boulevard; Downtown Boulevard from Wade Avenue to Peace Street; Peace Street from Downtown Boulevard toPersonStreet;PersonStreet from Peace Street to Edenton Street; Edenton Street fromPersonStreet to East Street; East Street from Edenton Street to South Street; South Street from East Street to Boylan Avenue; Boylan Avenue from South Street to Peace Street; Peace Street from Boylan Avenue to West Street; West Street from Peace Street to Wade Avenue. \n","type":"section","prefixes":["(d)","(1)"],"prefix":"(1)","entire_prefix":"(d)(1)","prefix_anchor":"(d)(1)","level":2},"17":{"id":"1184","text":"\tDesignated streets are hereby established as local truck routes for the passage of local trucks over the streets and highways within the City, according to official Traffic Schedule No. 11, &#8220;Local Truck Routes.&#8221; \n","type":"section","prefixes":["(d)","(2)"],"prefix":"(2)","entire_prefix":"(d)(2)","prefix_anchor":"(d)(2)","level":2},"18":{"id":"1185","text":"","type":"section","prefixes":["(e)"],"prefix":"(e)","entire_prefix":"(e)","prefix_anchor":"(e)","level":1},"19":{"id":"1186","text":"\tThe operator of a local truck shall, upon leaving the origin of his trip, proceed by the shortest route to the nearest through truck route or local truck route. \n","type":"section","prefixes":["(e)","(1)"],"prefix":"(1)","entire_prefix":"(e)(1)","prefix_anchor":"(e)(1)","level":2},"20":{"id":"1187","text":"\tThe operator of a local truck proceeding on a local truck route or a through route shall proceed exclusively on such truck route or routes until he reaches a point on that route which allows him to proceed by the shortest route to his destination. \n","type":"section","prefixes":["(e)","(2)"],"prefix":"(2)","entire_prefix":"(e)(2)","prefix_anchor":"(e)(2)","level":2},"21":{"id":"1188","text":"\tThe operator of a local truck entering the City on a route other than a through truck route or local truck route shall, upon entering the City, proceed by the shortest route to the nearest local truck route or through truck route and shall proceed on such route until the point on such route nearest his destination is reached. \n","type":"section","prefixes":["(e)","(3)"],"prefix":"(3)","entire_prefix":"(e)(3)","prefix_anchor":"(e)(3)","level":2},"22":{"id":"1189","text":"\tWhen the shortest route between the origin and the destination of a local truck is less than the distance between the origin and the nearest truck route, the operator of such local truck shall not be required to proceed to a through truck route or a local truck route before proceeding to his destination. \n","type":"section","prefixes":["(e)","(4)"],"prefix":"(4)","entire_prefix":"(e)(4)","prefix_anchor":"(e)(4)","level":2},"23":{"id":"1190","text":"\tWhen the shortest route between the origin and destination of a local truck is less than the shortest route between the destination and the nearest local truck route or through truck route, the operator of a local truck shall not be required to proceed to the nearest local truck route or through truck route before proceeding to his destination. \n","type":"section","prefixes":["(e)","(5)"],"prefix":"(5)","entire_prefix":"(e)(5)","prefix_anchor":"(e)(5)","level":2},"24":{"id":"1191","text":"\tWhen the shortest route between the point of entry into the City and the destination of a local truck is less than the shortest route from the point of entry into the City to the nearest through truck route, or local truck route, the operator of a local truck, upon entering the City, shall not be required to proceed to the nearest through truck route or local truck route before proceeding to his destination. \n","type":"section","prefixes":["(e)","(6)"],"prefix":"(6)","entire_prefix":"(e)(6)","prefix_anchor":"(e)(6)","level":2},"25":{"id":"1192","text":"","type":"section","prefixes":["(f)"],"prefix":"(f)","entire_prefix":"(f)","prefix_anchor":"(f)","level":1},"26":{"id":"1193","text":"\tThe operator of a visiting truck entering and passing through the City shall proceed exclusively on a through truck route or routes until he reaches a point on such route which allows him to proceed by the shortest route to his destination. \n","type":"section","prefixes":["(f)","(1)"],"prefix":"(1)","entire_prefix":"(f)(1)","prefix_anchor":"(f)(1)","level":2},"27":{"id":"1194","text":"\tThe operator of a visiting truck leaving the City shall proceed by the shortest route to a through truck route and shall proceed exclusively on such through truck route or routes until he leaves the City. \n","type":"section","prefixes":["(f)","(2)"],"prefix":"(2)","entire_prefix":"(f)(2)","prefix_anchor":"(f)(2)","level":2},"28":{"id":"1195","text":"Provisions mandatory; noncompliance declared unlawful. \nThe provisions of this section and every subsection hereof are mandatory and not merely directory, and failure to comply with the provisions of this section or any subsection hereof is hereby declared to be unlawful and punishable as provided by law. \n(Code 1959 , \u00a721-22; Ord. No. 1980-526, \u00a71, 11-18-80; Ord. No. 1981-717, \u00a71, 8-4-81; Ord. No. 1984-261, \u00a71, 1-3-84; Ord. No. 1986-734, \u00a7\u00a71\u20143, 2-18-86; Ord. No. 1988-182, \u00a7\u00a71, 2, 6-7-88; Ord. No. 1991-825, \u00a71, 7-16-91) \nCross reference: Schedules incorporated by reference, \u00a711-2004","type":"section","prefixes":["(g)"],"prefix":"(g)","entire_prefix":"(g)","prefix_anchor":"(g)","level":1}},"ancestry":{"1":{"id":"124","name":"ARTICLE H. - MISCELLANEOUS DRIVING RULES","identifier":"H","label":"article","url":"\/II\/11\/2\/H\/"},"2":{"id":"115","name":"CHAPTER 2. - MOTOR VEHICLES AND TRAFFIC","identifier":"2","label":"chapter","url":"\/II\/11\/2\/"},"3":{"id":"110","name":"PART 11 - TRANSPORTATION","identifier":"11","label":"part","url":"\/II\/11\/"},"4":{"id":"5","name":"Division II - Planning and Development","identifier":"II","label":"division","url":"\/II\/"}},"structure_contents":{"0":{"id":"427","structure_id":"124","section_number":"11-2121","catch_line":"DRIVING ON SIDEWALKS.","url":"\/11-2121\/","token":"11-2121"},"1":{"id":"428","structure_id":"124","section_number":"11-2122","catch_line":"CLINGING TO MOVING VEHICLES.","url":"\/11-2122\/","token":"11-2122"},"2":{"id":"429","structure_id":"124","section_number":"11-2123","catch_line":"USE OF ROADWAY BY NONMOTORIZED OR TOY VEHICLES.","url":"\/11-2123\/","token":"11-2123"},"3":{"id":"430","structure_id":"124","section_number":"11-2124","catch_line":"DRIVING ON BARRICADED STREET.","url":"\/11-2124\/","token":"11-2124"},"4":{"id":"431","structure_id":"124","section_number":"11-2125","catch_line":"DRIVING UNDER HAZARDOUS CONDITIONS.","url":"\/11-2125\/","token":"11-2125"},"5":{"id":"432","structure_id":"124","section_number":"11-2126","catch_line":"MOTOR OR OTHER VEHICLES PROHIBITED FROM DRIVING OVER A MEDIAN STRIP OR FRESHLY PAINTED TRAFFIC DIRECTION SIGNS PAINTED ON THE CITY STREETS.","url":"\/11-2126\/","token":"11-2126"},"6":{"id":"433","structure_id":"124","section_number":"11-2127","catch_line":"LIMITATION ON BACKING.","url":"\/11-2127\/","token":"11-2127"},"7":{"id":"434","structure_id":"124","section_number":"11-2128","catch_line":"OBSTRUCTION TO DRIVER'S VIEW OR DRIVING MECHANISM.","url":"\/11-2128\/","token":"11-2128"},"8":{"id":"435","structure_id":"124","section_number":"11-2129","catch_line":"CROSSING FIRE HOSE.","url":"\/11-2129\/","token":"11-2129"},"9":{"id":"437","structure_id":"124","section_number":"11-2130","catch_line":"PROCESSIONS\u2014DRIVING THROUGH.","url":"\/11-2130\/","token":"11-2130"},"10":{"id":"438","structure_id":"124","section_number":"11-2131","catch_line":"SAME\u2014DRIVING IN FUNERAL OR OTHER PROCESSIONS.","url":"\/11-2131\/","token":"11-2131"},"11":{"id":"439","structure_id":"124","section_number":"11-2132","catch_line":"TRUCK ROUTES.","url":"\/11-2132\/","token":"11-2132"},"12":{"id":"440","structure_id":"124","section_number":"11-2133","catch_line":"REGULATION OF VEHICLES AND LOADS.","url":"\/11-2133\/","token":"11-2133"},"13":{"id":"441","structure_id":"124","section_number":"11-2134","catch_line":"DEFINITIONS.","url":"\/11-2134\/","token":"11-2134"},"14":{"id":"442","structure_id":"124","section_number":"11-2135","catch_line":"GENERAL.","url":"\/11-2135\/","token":"11-2135"},"15":{"id":"443","structure_id":"124","section_number":"11-2136","catch_line":"PENALTY AND APPEAL.","url":"\/11-2136\/","token":"11-2136"},"16":{"id":"444","structure_id":"124","section_number":"11-2137","catch_line":"RESERVED.","url":"\/11-2137\/","token":"11-2137"},"17":{"id":"445","structure_id":"124","section_number":"11-2137","catch_line":"RESERVED. ","url":"\/11-2137\/","token":"11-2137"}},"previous_section":{"id":"438","structure_id":"124","section_number":"11-2131","catch_line":"SAME\u2014DRIVING IN FUNERAL OR OTHER PROCESSIONS.","url":"\/11-2131\/","token":"11-2131"},"next_section":{"id":"440","structure_id":"124","section_number":"11-2133","catch_line":"REGULATION OF VEHICLES AND LOADS.","url":"\/11-2133\/","token":"11-2133"},"references":false,"formats":{"txt":"\/11-2132.txt","json":"\/11-2132.xml"},"dublin_core":{"Title":"TRUCK ROUTES.","Type":"Text","Format":"text\/html","Identifier":"\u00a7 11-2132","Relation":"Code of State"},"plain_text":"                                  CODE OF STATE\n\nTRUCK ROUTES. (\u00a7 11-2132)\n\n(a) \n\n   (1) \tTrucks. \n   The word truck or trucks shall mean any motor vehicle used or designed to be\n   used for the transportation of cargo or passengers, including but not limited\n   to the following: Trucks; intercity buses; truck-drawn trailers when the truck\n   is equipped with dual rear wheels. The following motor vehicles are excluded\n   from this meaning: Passenger automobiles; pickup trucks; vehicles not having\n   dual rear wheels; motorcycles; motor scooters; school buses; charter buses;\n   and other nonscheduled buses. \n   \n\n   (2) \tThrough truck. \n   The term through truck shall mean any truck having three (3) or more axles or\n   any two-axle truck with dual rear wheels towing a trailer which passes through\n   the City without stopping for the purpose of either collecting or discharging\n   cargo or for the purpose of either collecting or discharging passengers. \n   \n\n   (3) \tCargo. \n   The word cargo shall mean any property transported by truck. \n   \n\n   (4) \tOperator. \n   The word operator shall mean the person physically operating a truck or a\n   person therein and directing its operation. \n   \n\n   (5) \tIntersection of routes. \n   The term intersection of routes shall mean the point reached on a highway\n   within the City at which a direction sign indicates that a turn should be made\n   from one route to another. \n   \n\n   (6) \tDirection sign. \n   The term direction sign shall mean the customary highway marker designating\n   the highway route number or that a certain direction should be followed to\n   reach a given destination. \n   \n\n   (7) \tLocal truck. \n   The term local truck shall mean any truck having three (3) or more axles or\n   any two-axle truck with dual rear wheels towing a trailer and which enters,\n   leaves or operates within the City for the purpose of either collecting or\n   discharging cargo, or for the purpose of either collecting or discharging\n   passengers within the City. \n   \n\n   (8) \tThrough truck route. \n   The term through truck route shall mean those routes or streets established in\n   subsection (b) and designated by signs as numbered Interstate, U.S., or N.C.\n   routes and Wade Avenue Extension from I-40 to the Raleigh Beltline (I-440).\n   Provided that all U.S. and N.C. numbered routes inside the Raleigh Beltline\n   (I-440) shall remain &#8220;local truck routes.&#8221; The above provision\n   allows through trucks to use Wade Avenue Extension between I-40 and the\n   Beltline. This expressway type facility is suitable for the through truck\n   network. The provision also provides that through trucks must only use I-440\n   to pass Raleigh. \n   \n\n   (9) \tLocal truck route. \n   The term local truck route shall mean those routes or streets established in\n   subsection (d) and designated by signs as local truck routes. \n   (10)\tPassenger. \n   The word passenger shall mean any person transported by truck. \n   \n\n   (11. \tVisiting truck. \n   The term visiting truck shall mean any truck having three (3) or more axles or\n   any two-axle truck with dual rear wheels towing a trailer which passes through\n   the City for the purpose of collecting or discharging cargo at a single trip\n   origin or destination. \n   \n\n(b) Through truck routes. \nThrough truck routes as defined herein are established for the passage of\nthrough trucks as defined herein, over the streets and highways within the City,\naccording to the map entitled &#8220;Official Traffic Schedule No. 10, Through\nTruck Routes.&#8221;\n\n(c) \n\n   (1) \tThe operator of a through truck entering the City on any through trucking\n   route shall proceed exclusively on a through truck route until he leaves the\n   City. \n   \n\n   (2) \tThe operator of a through truck entering the City by way of a route not a\n   through truck route or local truck route shall, upon entering the City,\n   proceed to the nearest through truck or local truck route, whichever is\n   nearer. Upon reaching a local truck route, the operator of a through truck\n   shall proceed along such local truck route or routes to the nearest through\n   truck route. Upon reaching the through truck route, the operator of a through\n   truck shall proceed exclusively upon a through truck route until he leaves the\n   City. \n   \n\n(d) \n\n   (1) \tLocal trucks may travel over any street or highway within the area\n   bounded by the following streets: Wade Avenue from West Street to Downtown\n   Boulevard; Downtown Boulevard from Wade Avenue to Peace Street; Peace Street\n   from Downtown Boulevard toPersonStreet;PersonStreet from Peace Street to\n   Edenton Street; Edenton Street fromPersonStreet to East Street; East Street\n   from Edenton Street to South Street; South Street from East Street to Boylan\n   Avenue; Boylan Avenue from South Street to Peace Street; Peace Street from\n   Boylan Avenue to West Street; West Street from Peace Street to Wade Avenue. \n   \n\n   (2) \tDesignated streets are hereby established as local truck routes for the\n   passage of local trucks over the streets and highways within the City,\n   according to official Traffic Schedule No. 11, &#8220;Local Truck\n   Routes.&#8221; \n   \n\n(e) \n\n   (1) \tThe operator of a local truck shall, upon leaving the origin of his trip,\n   proceed by the shortest route to the nearest through truck route or local\n   truck route. \n   \n\n   (2) \tThe operator of a local truck proceeding on a local truck route or a\n   through route shall proceed exclusively on such truck route or routes until he\n   reaches a point on that route which allows him to proceed by the shortest\n   route to his destination. \n   \n\n   (3) \tThe operator of a local truck entering the City on a route other than a\n   through truck route or local truck route shall, upon entering the City,\n   proceed by the shortest route to the nearest local truck route or through\n   truck route and shall proceed on such route until the point on such route\n   nearest his destination is reached. \n   \n\n   (4) \tWhen the shortest route between the origin and the destination of a local\n   truck is less than the distance between the origin and the nearest truck\n   route, the operator of such local truck shall not be required to proceed to a\n   through truck route or a local truck route before proceeding to his\n   destination. \n   \n\n   (5) \tWhen the shortest route between the origin and destination of a local\n   truck is less than the shortest route between the destination and the nearest\n   local truck route or through truck route, the operator of a local truck shall\n   not be required to proceed to the nearest local truck route or through truck\n   route before proceeding to his destination. \n   \n\n   (6) \tWhen the shortest route between the point of entry into the City and the\n   destination of a local truck is less than the shortest route from the point of\n   entry into the City to the nearest through truck route, or local truck route,\n   the operator of a local truck, upon entering the City, shall not be required\n   to proceed to the nearest through truck route or local truck route before\n   proceeding to his destination. \n   \n\n(f) \n\n   (1) \tThe operator of a visiting truck entering and passing through the City\n   shall proceed exclusively on a through truck route or routes until he reaches\n   a point on such route which allows him to proceed by the shortest route to his\n   destination. \n   \n\n   (2) \tThe operator of a visiting truck leaving the City shall proceed by the\n   shortest route to a through truck route and shall proceed exclusively on such\n   through truck route or routes until he leaves the City. \n   \n\n(g) Provisions mandatory; noncompliance declared unlawful. \nThe provisions of this section and every subsection hereof are mandatory and not\nmerely directory, and failure to comply with the provisions of this section or\nany subsection hereof is hereby declared to be unlawful and punishable as\nprovided by law. \n(Code 1959 , \u00a721-22; Ord. No. 1980-526, \u00a71, 11-18-80; Ord. No. 1981-717, \u00a71,\n8-4-81; Ord. No. 1984-261, \u00a71, 1-3-84; Ord. No. 1986-734, \u00a7\u00a71\u20143, 2-18-86;\nOrd. No. 1988-182, \u00a7\u00a71, 2, 6-7-88; Ord. No. 1991-825, \u00a71, 7-16-91) \nCross reference: Schedules incorporated by reference, \u00a711-2004\n"}