{"law_id":"457","section_number":"11-2175","catch_line":"PARKING LIMITATIONS ON CITY-OWNED FACILITIES.","history":"","order_by":"11-2175","metadata":false,"url":"\/11-2175\/","token":"11-2175","structure":{"1":{"id":"128","name":"ARTICLE J. - PARKING AND STANDING","identifier":"J","label":"article","url":"\/II\/11\/2\/J\/"},"2":{"id":"115","name":"CHAPTER 2. - MOTOR VEHICLES AND TRAFFIC","identifier":"2","label":"chapter","url":"\/II\/11\/2\/"},"3":{"id":"110","name":"PART 11 - TRANSPORTATION","identifier":"11","label":"part","url":"\/II\/11\/"},"4":{"id":"5","name":"Division II - Planning and Development","identifier":"II","label":"division","url":"\/II\/"}},"referred_to_by":{"0":{"id":"457","section_number":"11-2175","catch_line":"PARKING LIMITATIONS ON CITY-OWNED FACILITIES.","url":"http:\/\/localhost:8888\/11-2175\/"},"1":{"id":"465","section_number":"11-2182","catch_line":"CONTROLLED PARKING RESIDENTIAL AREA.","url":"http:\/\/localhost:8888\/11-2182\/"}},"edition_id":"1","section_id":"457","structure_id":"128","full_text":"(a) Parking of vehicles on the lot owned by the City and located along the west side of McDowell Street and along the north side of Hargett Street shall be limited to vehicles owned by the City, vehicles operated by members of the City Council, and vehicles operated by City employees and used by them officially and regularly in connection with the performance of their duties in their employment by the City.\r\r(b) Except as expressly provided and permitted by this paragraph, in order to make available adequate parking facilities for the vehicles being used by City employees and officials in the prosecution of the City&#8217;s business, it shall be unlawful for any person to stop, stand or park any vehicle on such lot and it shall be unlawful for the owner of any vehicle to suffer or permit any vehicle owned by him to be parked on such lot. The City Manager is authorized and directed to cause the parking spaces within such lot to be appropriately designated and to assign specific spaces for the exclusive use of specific officials or employees or of specific department or divisions, and not more than eight (8) spaces for the use of members of the City Council; and when so designated and properly marked by appropriate signs, it shall be unlawful for any person to park within any space not designated and authorized for his use in accordance with this paragraph.\r\r(c) If at any time the City Manager shall determine that the parking space is not needed for the parking of City vehicles and vehicles being used on official City business the City Manager is authorized to properly designate and make the parking space available for general public use or for reserved public parking. Such spaces may be designated by parking meters, signs, striping or any other method selected by the City Manager. Any vehicle parked in violation of the rules establishing such public or reserved spaces shall be an offense and the violation may be enforced by any lawful method, including towing, by which any other violation of City parking regulations may be enforced.\r\r(d) The City Manager is authorized and directed to cause driveways to be designated and marked on the lot for the purpose of ingress and egress to and from the parking spaces, and when so designated, it shall be unlawful for any person to park any vehicle within any driveway or to permit, or to allow any vehicle owned by him to be parked therein. It shall be unlawful for any person to park at any time or at any place within the lot so as to block the passage to or from any parking space or to prevent the use of any parking spaces by the person for whom the parking space has been designated in accordance with the provisions of this paragraph.\r\r(e) The City Manager is authorized and directed, in his discretion, to cause parking spaces, traffic lanes, including one-way lanes, and loading zones, to be designated and marked on the municipal auditorium parking lot and on the service drive adjacent to the Sheraton Capital Center Hotel and connecting Cabarrus Street with Salisbury Street.\r\r(f) The City Manager is authorized and directed in his discretion, to cause parking spaces, time limit parking spaces, metered parking spaces, loading zones, no parking zones, handicap spaces and traffic lanes, including one-way lanes to be designated and marked on all City properties. \nSuch spaces shall be subject to the same enforcement provisions and practices afforded such spaces on public streets. The City Manager shall have authority to establish time limits and parking meter rates identified in \u00a7\u00a711-2174, 11-2205 and 11-2206. In addition, he shall be authorized to increase rates and vary time limits as he deems appropriate for such spaces. \n(Code 1959 , \u00a721-34(b)\u2014(d); Ord. No. 1982-876, \u00a71, 3-23-82; Ord. No. 1993-151, \u00a71, 4-6-93; Ord. No. 1998-454, \u00a717, 11-4-98; Ord. No. 2008-434, \u00a7\u00a71, 2, 8-5-08) \nCross reference: Parking areas in parks, \u00a7\u00a79-2013, 9-2014\r\r","text":{"0":{"id":"1255","text":"Parking of vehicles on the lot owned by the City and located along the west side of McDowell Street and along the north side of Hargett Street shall be limited to vehicles owned by the City, vehicles operated by members of the City Council, and vehicles operated by City employees and used by them officially and regularly in connection with the performance of their duties in their employment by the City.","type":"section","prefixes":["(a)"],"prefix":"(a)","entire_prefix":"(a)","prefix_anchor":"(a)","level":1},"1":{"id":"1256","text":"Except as expressly provided and permitted by this paragraph, in order to make available adequate parking facilities for the vehicles being used by City employees and officials in the prosecution of the City&#8217;s business, it shall be unlawful for any person to stop, stand or park any vehicle on such lot and it shall be unlawful for the owner of any vehicle to suffer or permit any vehicle owned by him to be parked on such lot. The City Manager is authorized and directed to cause the parking spaces within such lot to be appropriately designated and to assign specific spaces for the exclusive use of specific officials or employees or of specific department or divisions, and not more than eight (8) spaces for the use of members of the City Council; and when so designated and properly marked by appropriate signs, it shall be unlawful for any person to park within any space not designated and authorized for his use in accordance with this paragraph.","type":"section","prefixes":["(b)"],"prefix":"(b)","entire_prefix":"(b)","prefix_anchor":"(b)","level":1},"2":{"id":"1257","text":"If at any time the City Manager shall determine that the parking space is not needed for the parking of City vehicles and vehicles being used on official City business the City Manager is authorized to properly designate and make the parking space available for general public use or for reserved public parking. Such spaces may be designated by parking meters, signs, striping or any other method selected by the City Manager. Any vehicle parked in violation of the rules establishing such public or reserved spaces shall be an offense and the violation may be enforced by any lawful method, including towing, by which any other violation of City parking regulations may be enforced.","type":"section","prefixes":["(c)"],"prefix":"(c)","entire_prefix":"(c)","prefix_anchor":"(c)","level":1},"3":{"id":"1258","text":"The City Manager is authorized and directed to cause driveways to be designated and marked on the lot for the purpose of ingress and egress to and from the parking spaces, and when so designated, it shall be unlawful for any person to park any vehicle within any driveway or to permit, or to allow any vehicle owned by him to be parked therein. It shall be unlawful for any person to park at any time or at any place within the lot so as to block the passage to or from any parking space or to prevent the use of any parking spaces by the person for whom the parking space has been designated in accordance with the provisions of this paragraph.","type":"section","prefixes":["(d)"],"prefix":"(d)","entire_prefix":"(d)","prefix_anchor":"(d)","level":1},"4":{"id":"1259","text":"The City Manager is authorized and directed, in his discretion, to cause parking spaces, traffic lanes, including one-way lanes, and loading zones, to be designated and marked on the municipal auditorium parking lot and on the service drive adjacent to the Sheraton Capital Center Hotel and connecting Cabarrus Street with Salisbury Street.","type":"section","prefixes":["(e)"],"prefix":"(e)","entire_prefix":"(e)","prefix_anchor":"(e)","level":1},"5":{"id":"1260","text":"The City Manager is authorized and directed in his discretion, to cause parking spaces, time limit parking spaces, metered parking spaces, loading zones, no parking zones, handicap spaces and traffic lanes, including one-way lanes to be designated and marked on all City properties. \nSuch spaces shall be subject to the same enforcement provisions and practices afforded such spaces on public streets. The City Manager shall have authority to establish time limits and parking meter rates identified in \u00a7\u00a711-2174, 11-2205 and 11-2206. In addition, he shall be authorized to increase rates and vary time limits as he deems appropriate for such spaces. \n(Code 1959 , \u00a721-34(b)\u2014(d); Ord. No. 1982-876, \u00a71, 3-23-82; Ord. No. 1993-151, \u00a71, 4-6-93; Ord. No. 1998-454, \u00a717, 11-4-98; Ord. No. 2008-434, \u00a7\u00a71, 2, 8-5-08) \nCross reference: Parking areas in parks, \u00a7\u00a79-2013, 9-2014","type":"section","prefixes":["(f)"],"prefix":"(f)","entire_prefix":"(f)","prefix_anchor":"(f)","level":1}},"ancestry":{"1":{"id":"128","name":"ARTICLE J. - PARKING AND STANDING","identifier":"J","label":"article","url":"\/II\/11\/2\/J\/"},"2":{"id":"115","name":"CHAPTER 2. - MOTOR VEHICLES AND TRAFFIC","identifier":"2","label":"chapter","url":"\/II\/11\/2\/"},"3":{"id":"110","name":"PART 11 - TRANSPORTATION","identifier":"11","label":"part","url":"\/II\/11\/"},"4":{"id":"5","name":"Division II - Planning and Development","identifier":"II","label":"division","url":"\/II\/"}},"structure_contents":{"0":{"id":"452","structure_id":"128","section_number":"11-2170","catch_line":"PENALTIES.","url":"\/11-2170\/","token":"11-2170"},"1":{"id":"453","structure_id":"128","section_number":"11-2171","catch_line":"PARKING PROHIBITED IN CERTAIN PLACES.","url":"\/11-2171\/","token":"11-2171"},"2":{"id":"454","structure_id":"128","section_number":"11-2172","catch_line":"NO PARKING ZONES.","url":"\/11-2172\/","token":"11-2172"},"3":{"id":"455","structure_id":"128","section_number":"11-2173","catch_line":"NO STOPPING OR STANDING ZONES.","url":"\/11-2173\/","token":"11-2173"},"4":{"id":"456","structure_id":"128","section_number":"11-2174","catch_line":"PARKING TIME LIMITED IN DESIGNATED PLACES.","url":"\/11-2174\/","token":"11-2174"},"5":{"id":"457","structure_id":"128","section_number":"11-2175","catch_line":"PARKING LIMITATIONS ON CITY-OWNED FACILITIES.","url":"\/11-2175\/","token":"11-2175"},"6":{"id":"459","structure_id":"128","section_number":"11-2176","catch_line":"TRUCK PARKING.","url":"\/11-2176\/","token":"11-2176"},"7":{"id":"460","structure_id":"128","section_number":"11-2177","catch_line":"STANDING FOR LOADING ONLY.","url":"\/11-2177\/","token":"11-2177"},"8":{"id":"461","structure_id":"128","section_number":"11-2178","catch_line":"BUS STOPS.","url":"\/11-2178\/","token":"11-2178"},"9":{"id":"462","structure_id":"128","section_number":"11-2179","catch_line":"STOPPING, STANDING OR PARKING CLOSE TO CURB.","url":"\/11-2179\/","token":"11-2179"},"10":{"id":"463","structure_id":"128","section_number":"11-2180","catch_line":"UNLAWFUL PURPOSES FOR PARKING.","url":"\/11-2180\/","token":"11-2180"},"11":{"id":"464","structure_id":"128","section_number":"11-2181","catch_line":"TEMPORARY PARKING RESTRICTIONS BY CHIEF OF POLICE.","url":"\/11-2181\/","token":"11-2181"},"12":{"id":"465","structure_id":"128","section_number":"11-2182","catch_line":"CONTROLLED PARKING RESIDENTIAL AREA.","url":"\/11-2182\/","token":"11-2182"},"13":{"id":"466","structure_id":"128","section_number":"11-2183","catch_line":"PARKING, OBSTRUCTIONS PROHIBITED AT MOORE SQUARE TRANSIT TRANSFER FACILITY.","url":"\/11-2183\/","token":"11-2183"},"14":{"id":"467","structure_id":"128","section_number":"11-2184","catch_line":"TAXI ZONES.","url":"\/11-2184\/","token":"11-2184"},"15":{"id":"468","structure_id":"128","section_number":"11-2185","catch_line":"POLICE VEHICLE PARKING ZONE.","url":"\/11-2185\/","token":"11-2185"},"16":{"id":"471","structure_id":"128","section_number":"11-2186","catch_line":"VALET PARKING.","url":"\/11-2186\/","token":"11-2186"},"17":{"id":"472","structure_id":"128","section_number":"11-2187","catch_line":"NO PARKING TOW AWAY ZONE.","url":"\/11-2187\/","token":"11-2187"},"18":{"id":"473","structure_id":"128","section_number":"11-2188","catch_line":"EXTRAORDINANRY IMPACT EVENTS.","url":"\/11-2188\/","token":"11-2188"},"19":{"id":"474","structure_id":"128","section_number":"11-2189","catch_line":"RESERVED.","url":"\/11-2189\/","token":"11-2189"},"20":{"id":"475","structure_id":"128","section_number":"11-2189","catch_line":"RESERVED. ","url":"\/11-2189\/","token":"11-2189"}},"previous_section":{"id":"456","structure_id":"128","section_number":"11-2174","catch_line":"PARKING TIME LIMITED IN DESIGNATED PLACES.","url":"\/11-2174\/","token":"11-2174"},"next_section":{"id":"459","structure_id":"128","section_number":"11-2176","catch_line":"TRUCK PARKING.","url":"\/11-2176\/","token":"11-2176"},"references":false,"formats":{"txt":"\/11-2175.txt","json":"\/11-2175.xml"},"dublin_core":{"Title":"PARKING LIMITATIONS ON CITY-OWNED FACILITIES.","Type":"Text","Format":"text\/html","Identifier":"\u00a7 11-2175","Relation":"Code of State"},"plain_text":"                                  CODE OF STATE\n\nPARKING LIMITATIONS ON CITY-OWNED FACILITIES. (\u00a7 11-2175)\n\n(a) Parking of vehicles on the lot owned by the City and located along the west\nside of McDowell Street and along the north side of Hargett Street shall be\nlimited to vehicles owned by the City, vehicles operated by members of the City\nCouncil, and vehicles operated by City employees and used by them officially and\nregularly in connection with the performance of their duties in their employment\nby the City.\n\n(b) Except as expressly provided and permitted by this paragraph, in order to\nmake available adequate parking facilities for the vehicles being used by City\nemployees and officials in the prosecution of the City&#8217;s business, it\nshall be unlawful for any person to stop, stand or park any vehicle on such lot\nand it shall be unlawful for the owner of any vehicle to suffer or permit any\nvehicle owned by him to be parked on such lot. The City Manager is authorized\nand directed to cause the parking spaces within such lot to be appropriately\ndesignated and to assign specific spaces for the exclusive use of specific\nofficials or employees or of specific department or divisions, and not more than\neight (8) spaces for the use of members of the City Council; and when so\ndesignated and properly marked by appropriate signs, it shall be unlawful for\nany person to park within any space not designated and authorized for his use in\naccordance with this paragraph.\n\n(c) If at any time the City Manager shall determine that the parking space is\nnot needed for the parking of City vehicles and vehicles being used on official\nCity business the City Manager is authorized to properly designate and make the\nparking space available for general public use or for reserved public parking.\nSuch spaces may be designated by parking meters, signs, striping or any other\nmethod selected by the City Manager. Any vehicle parked in violation of the\nrules establishing such public or reserved spaces shall be an offense and the\nviolation may be enforced by any lawful method, including towing, by which any\nother violation of City parking regulations may be enforced.\n\n(d) The City Manager is authorized and directed to cause driveways to be\ndesignated and marked on the lot for the purpose of ingress and egress to and\nfrom the parking spaces, and when so designated, it shall be unlawful for any\nperson to park any vehicle within any driveway or to permit, or to allow any\nvehicle owned by him to be parked therein. It shall be unlawful for any person\nto park at any time or at any place within the lot so as to block the passage to\nor from any parking space or to prevent the use of any parking spaces by the\nperson for whom the parking space has been designated in accordance with the\nprovisions of this paragraph.\n\n(e) The City Manager is authorized and directed, in his discretion, to cause\nparking spaces, traffic lanes, including one-way lanes, and loading zones, to be\ndesignated and marked on the municipal auditorium parking lot and on the service\ndrive adjacent to the Sheraton Capital Center Hotel and connecting Cabarrus\nStreet with Salisbury Street.\n\n(f) The City Manager is authorized and directed in his discretion, to cause\nparking spaces, time limit parking spaces, metered parking spaces, loading\nzones, no parking zones, handicap spaces and traffic lanes, including one-way\nlanes to be designated and marked on all City properties. \nSuch spaces shall be subject to the same enforcement provisions and practices\nafforded such spaces on public streets. The City Manager shall have authority to\nestablish time limits and parking meter rates identified in \u00a7\u00a711-2174, 11-2205\nand 11-2206. In addition, he shall be authorized to increase rates and vary time\nlimits as he deems appropriate for such spaces. \n(Code 1959 , \u00a721-34(b)\u2014(d); Ord. No. 1982-876, \u00a71, 3-23-82; Ord. No.\n1993-151, \u00a71, 4-6-93; Ord. No. 1998-454, \u00a717, 11-4-98; Ord. No. 2008-434,\n\u00a7\u00a71, 2, 8-5-08) \nCross reference: Parking areas in parks, \u00a7\u00a79-2013, 9-2014\n"}