{"law_id":"507","section_number":"11-2240","catch_line":"DIRECTOR OF THE DEPARTMENT OF TRANSPORTATION TO PUBLISH AND MAINTAIN MANUAL; CONTENTS OF MANUAL; COPIES ON FILE.","history":"","order_by":"11-2240","metadata":false,"url":"\/11-2240\/","token":"11-2240","structure":{"1":{"id":"133","name":"ARTICLE L. - SIGNING AND TRAFFIC ROUTING IN THE EVENT OF STREET OBSTRUCTION","identifier":"L","label":"article","url":"\/II\/11\/2\/L\/"},"2":{"id":"115","name":"CHAPTER 2. - MOTOR VEHICLES AND TRAFFIC","identifier":"2","label":"chapter","url":"\/II\/11\/2\/"},"3":{"id":"110","name":"PART 11 - TRANSPORTATION","identifier":"11","label":"part","url":"\/II\/11\/"},"4":{"id":"5","name":"Division II - Planning and Development","identifier":"II","label":"division","url":"\/II\/"}},"referred_to_by":false,"edition_id":"1","section_id":"507","structure_id":"133","full_text":"The director of the Department of Transportation shall publish and maintain, with the approval of the Council, a manual entitled &#8220;Traffic Control Manual for Construction and Maintenance, City of Raleigh.&#8221; This manual shall contain a clear description of the various signs, signals and devices referred to in this article. This manual may refer to and incorporate by reference provisions contained in certain texts providing nationally accepted standards and specifications for traffic-control devices and procedures. This manual shall contain or incorporate by proper reference, illustrations and drawings of examples of properly signed, signalled, and channelized obstructions. This manual and all materials incorporated by reference or referred to in said manual shall be kept on file at all times in the City Clerk&#8217;s office. A copy of the manual and the incorporated and referred-to materials shall be available for public inspection at all times during the regular office hours of the City Clerk. \n(Code 1959 , \u00a719-40)","text":{"0":{"id":"1421","text":"The director of the Department of Transportation shall publish and maintain, with the approval of the Council, a manual entitled &#8220;Traffic Control Manual for Construction and Maintenance, City of Raleigh.&#8221; This manual shall contain a clear description of the various signs, signals and devices referred to in this article. This manual may refer to and incorporate by reference provisions contained in certain texts providing nationally accepted standards and specifications for traffic-control devices and procedures. This manual shall contain or incorporate by proper reference, illustrations and drawings of examples of properly signed, signalled, and channelized obstructions. This manual and all materials incorporated by reference or referred to in said manual shall be kept on file at all times in the City Clerk&#8217;s office. A copy of the manual and the incorporated and referred-to materials shall be available for public inspection at all times during the regular office hours of the City Clerk. \n(Code 1959 , \u00a719-40)","type":"section","prefixes":[""],"prefix":"","entire_prefix":"","prefix_anchor":"","level":1}},"ancestry":{"1":{"id":"133","name":"ARTICLE L. - SIGNING AND TRAFFIC ROUTING IN THE EVENT OF STREET OBSTRUCTION","identifier":"L","label":"article","url":"\/II\/11\/2\/L\/"},"2":{"id":"115","name":"CHAPTER 2. - MOTOR VEHICLES AND TRAFFIC","identifier":"2","label":"chapter","url":"\/II\/11\/2\/"},"3":{"id":"110","name":"PART 11 - TRANSPORTATION","identifier":"11","label":"part","url":"\/II\/11\/"},"4":{"id":"5","name":"Division II - Planning and Development","identifier":"II","label":"division","url":"\/II\/"}},"structure_contents":{"0":{"id":"497","structure_id":"133","section_number":"11-2231","catch_line":"DEFINITIONS.","url":"\/11-2231\/","token":"11-2231"},"1":{"id":"498","structure_id":"133","section_number":"11-2232","catch_line":"CERTAIN OBSTRUCTIONS PROHIBITED; EXCEPTIONS.","url":"\/11-2232\/","token":"11-2232"},"2":{"id":"499","structure_id":"133","section_number":"11-2233","catch_line":"USE OF FLAGMEN; CHANNELIZATION OF TRAFFIC.","url":"\/11-2233\/","token":"11-2233"},"3":{"id":"500","structure_id":"133","section_number":"11-2234","catch_line":"USE OF WARNING SIGNS GENERALLY.","url":"\/11-2234\/","token":"11-2234"},"4":{"id":"501","structure_id":"133","section_number":"11-2235","catch_line":"WARNING DEVICES FOR NIGHTTIME OBSTRUCTION.","url":"\/11-2235\/","token":"11-2235"},"5":{"id":"502","structure_id":"133","section_number":"11-2236","catch_line":"ALTERNATE WARNING DEVICES WHEN DURATION OF OBSTRUCTION 30 MINUTES OR LESS.","url":"\/11-2236\/","token":"11-2236"},"6":{"id":"504","structure_id":"133","section_number":"11-2237","catch_line":"FAILURE TO REMOVE SIGNS.","url":"\/11-2237\/","token":"11-2237"},"7":{"id":"505","structure_id":"133","section_number":"11-2238","catch_line":"SIGNS MUST CONTAIN CORRECT INFORMATION.","url":"\/11-2238\/","token":"11-2238"},"8":{"id":"506","structure_id":"133","section_number":"11-2239","catch_line":"EMERGENCY SITUATIONS.","url":"\/11-2239\/","token":"11-2239"},"9":{"id":"507","structure_id":"133","section_number":"11-2240","catch_line":"DIRECTOR OF THE DEPARTMENT OF TRANSPORTATION TO PUBLISH AND MAINTAIN MANUAL; CONTENTS OF MANUAL; COPIES ON FILE.","url":"\/11-2240\/","token":"11-2240"},"10":{"id":"508","structure_id":"133","section_number":"11-2241","catch_line":"NORTH CAROLINA DEPARTMENT OF TRANSPORTATION EMPLOYEES AND AGENTS EXEMPTED.","url":"\/11-2241\/","token":"11-2241"},"11":{"id":"509","structure_id":"133","section_number":"11-2242","catch_line":"REMOVAL OR DESTRUCTION OF WARNING DEVICES.","url":"\/11-2242\/","token":"11-2242"},"12":{"id":"510","structure_id":"133","section_number":"11-2243","catch_line":"BUILDING MATERIALS ON STREET.","url":"\/11-2243\/","token":"11-2243"},"13":{"id":"511","structure_id":"133","section_number":"11-2244","catch_line":"DURATION OF SIGNING, SIGNALLING AND CHANNELIZATION REQUIREMENTS; CLEANING STREET.","url":"\/11-2244\/","token":"11-2244"},"14":{"id":"512","structure_id":"133","section_number":"11-2245","catch_line":"VIOLATION AND NONCOMPLIANCE.","url":"\/11-2245\/","token":"11-2245"}},"previous_section":{"id":"506","structure_id":"133","section_number":"11-2239","catch_line":"EMERGENCY SITUATIONS.","url":"\/11-2239\/","token":"11-2239"},"next_section":{"id":"508","structure_id":"133","section_number":"11-2241","catch_line":"NORTH CAROLINA DEPARTMENT OF TRANSPORTATION EMPLOYEES AND AGENTS EXEMPTED.","url":"\/11-2241\/","token":"11-2241"},"references":false,"formats":{"txt":"\/11-2240.txt","json":"\/11-2240.xml"},"dublin_core":{"Title":"DIRECTOR OF THE DEPARTMENT OF TRANSPORTATION TO PUBLISH AND MAINTAIN MANUAL; CONTENTS OF MANUAL; COPIES ON FILE.","Type":"Text","Format":"text\/html","Identifier":"\u00a7 11-2240","Relation":"Code of State"},"plain_text":"                                  CODE OF STATE\n\nDIRECTOR OF THE DEPARTMENT OF TRANSPORTATION TO PUBLISH AND MAINTAIN MANUAL;\nCONTENTS OF MANUAL; COPIES ON FILE. (\u00a7 11-2240)\n\nThe director of the Department of Transportation shall publish and maintain,\nwith the approval of the Council, a manual entitled &#8220;Traffic Control\nManual for Construction and Maintenance, City of Raleigh.&#8221; This manual\nshall contain a clear description of the various signs, signals and devices\nreferred to in this article. This manual may refer to and incorporate by\nreference provisions contained in certain texts providing nationally accepted\nstandards and specifications for traffic-control devices and procedures. This\nmanual shall contain or incorporate by proper reference, illustrations and\ndrawings of examples of properly signed, signalled, and channelized\nobstructions. This manual and all materials incorporated by reference or\nreferred to in said manual shall be kept on file at all times in the City\nClerk&#8217;s office. A copy of the manual and the incorporated and referred-to\nmaterials shall be available for public inspection at all times during the\nregular office hours of the City Clerk. \n(Code 1959 , \u00a719-40)\n"}