{"law_id":"499","section_number":"11-2233","catch_line":"USE OF FLAGMEN; CHANNELIZATION OF TRAFFIC.","history":"","order_by":"11-2233","metadata":false,"url":"\/11-2233\/","token":"11-2233","structure":{"1":{"id":"133","name":"ARTICLE L. - SIGNING AND TRAFFIC ROUTING IN THE EVENT OF STREET OBSTRUCTION","identifier":"L","label":"article","url":"\/II\/11\/2\/L\/"},"2":{"id":"115","name":"CHAPTER 2. - MOTOR VEHICLES AND TRAFFIC","identifier":"2","label":"chapter","url":"\/II\/11\/2\/"},"3":{"id":"110","name":"PART 11 - TRANSPORTATION","identifier":"11","label":"part","url":"\/II\/11\/"},"4":{"id":"5","name":"Division II - Planning and Development","identifier":"II","label":"division","url":"\/II\/"}},"referred_to_by":false,"edition_id":"1","section_id":"499","structure_id":"133","full_text":"(b) Failure to comply with the provisions of this section shall be a misdemeanor. \n(Code 1959 , \u00a719-35; Ord. No. 1980-416, \u00a74, 7-15-80; Ord. No. 1994-393, \u00a7\u00a75, 6, 5-3-94)\r\r","text":{"0":{"id":"1403","text":"","type":"section","prefixes":["(a)"],"prefix":"(a)","entire_prefix":"(a)","prefix_anchor":"(a)","level":1},"1":{"id":"1404","text":"\tProvide signs and barricades and one (1) or more flagmen, as necessary to maintain traffic flow by the obstruction; or \n","type":"section","prefixes":["(a)","(1)"],"prefix":"(1)","entire_prefix":"(a)(1)","prefix_anchor":"(a)(1)","level":2},"2":{"id":"1405","text":"\tClearly and safely separate and channelize the opposing movement of traffic when the unobstructed portion of the roadway is of sufficient width to provide at least a ten (10) feet minimum lane. Such separation and channelization shall be achieved by the use of traffic cones, signs and\/or barricades. \n","type":"section","prefixes":["(a)","(2)"],"prefix":"(2)","entire_prefix":"(a)(2)","prefix_anchor":"(a)(2)","level":2},"3":{"id":"1406","text":"Failure to comply with the provisions of this section shall be a misdemeanor. \n(Code 1959 , \u00a719-35; Ord. No. 1980-416, \u00a74, 7-15-80; Ord. No. 1994-393, \u00a7\u00a75, 6, 5-3-94)","type":"section","prefixes":["(b)"],"prefix":"(b)","entire_prefix":"(b)","prefix_anchor":"(b)","level":1}},"ancestry":{"1":{"id":"133","name":"ARTICLE L. - SIGNING AND TRAFFIC ROUTING IN THE EVENT OF STREET OBSTRUCTION","identifier":"L","label":"article","url":"\/II\/11\/2\/L\/"},"2":{"id":"115","name":"CHAPTER 2. - MOTOR VEHICLES AND TRAFFIC","identifier":"2","label":"chapter","url":"\/II\/11\/2\/"},"3":{"id":"110","name":"PART 11 - TRANSPORTATION","identifier":"11","label":"part","url":"\/II\/11\/"},"4":{"id":"5","name":"Division II - Planning and Development","identifier":"II","label":"division","url":"\/II\/"}},"structure_contents":{"0":{"id":"497","structure_id":"133","section_number":"11-2231","catch_line":"DEFINITIONS.","url":"\/11-2231\/","token":"11-2231"},"1":{"id":"498","structure_id":"133","section_number":"11-2232","catch_line":"CERTAIN OBSTRUCTIONS PROHIBITED; EXCEPTIONS.","url":"\/11-2232\/","token":"11-2232"},"2":{"id":"499","structure_id":"133","section_number":"11-2233","catch_line":"USE OF FLAGMEN; CHANNELIZATION OF TRAFFIC.","url":"\/11-2233\/","token":"11-2233"},"3":{"id":"500","structure_id":"133","section_number":"11-2234","catch_line":"USE OF WARNING SIGNS GENERALLY.","url":"\/11-2234\/","token":"11-2234"},"4":{"id":"501","structure_id":"133","section_number":"11-2235","catch_line":"WARNING DEVICES FOR NIGHTTIME OBSTRUCTION.","url":"\/11-2235\/","token":"11-2235"},"5":{"id":"502","structure_id":"133","section_number":"11-2236","catch_line":"ALTERNATE WARNING DEVICES WHEN DURATION OF OBSTRUCTION 30 MINUTES OR LESS.","url":"\/11-2236\/","token":"11-2236"},"6":{"id":"504","structure_id":"133","section_number":"11-2237","catch_line":"FAILURE TO REMOVE SIGNS.","url":"\/11-2237\/","token":"11-2237"},"7":{"id":"505","structure_id":"133","section_number":"11-2238","catch_line":"SIGNS MUST CONTAIN CORRECT INFORMATION.","url":"\/11-2238\/","token":"11-2238"},"8":{"id":"506","structure_id":"133","section_number":"11-2239","catch_line":"EMERGENCY SITUATIONS.","url":"\/11-2239\/","token":"11-2239"},"9":{"id":"507","structure_id":"133","section_number":"11-2240","catch_line":"DIRECTOR OF THE DEPARTMENT OF TRANSPORTATION TO PUBLISH AND MAINTAIN MANUAL; CONTENTS OF MANUAL; COPIES ON FILE.","url":"\/11-2240\/","token":"11-2240"},"10":{"id":"508","structure_id":"133","section_number":"11-2241","catch_line":"NORTH CAROLINA DEPARTMENT OF TRANSPORTATION EMPLOYEES AND AGENTS EXEMPTED.","url":"\/11-2241\/","token":"11-2241"},"11":{"id":"509","structure_id":"133","section_number":"11-2242","catch_line":"REMOVAL OR DESTRUCTION OF WARNING DEVICES.","url":"\/11-2242\/","token":"11-2242"},"12":{"id":"510","structure_id":"133","section_number":"11-2243","catch_line":"BUILDING MATERIALS ON STREET.","url":"\/11-2243\/","token":"11-2243"},"13":{"id":"511","structure_id":"133","section_number":"11-2244","catch_line":"DURATION OF SIGNING, SIGNALLING AND CHANNELIZATION REQUIREMENTS; CLEANING STREET.","url":"\/11-2244\/","token":"11-2244"},"14":{"id":"512","structure_id":"133","section_number":"11-2245","catch_line":"VIOLATION AND NONCOMPLIANCE.","url":"\/11-2245\/","token":"11-2245"}},"previous_section":{"id":"498","structure_id":"133","section_number":"11-2232","catch_line":"CERTAIN OBSTRUCTIONS PROHIBITED; EXCEPTIONS.","url":"\/11-2232\/","token":"11-2232"},"next_section":{"id":"500","structure_id":"133","section_number":"11-2234","catch_line":"USE OF WARNING SIGNS GENERALLY.","url":"\/11-2234\/","token":"11-2234"},"references":false,"formats":{"txt":"\/11-2233.txt","json":"\/11-2233.xml"},"dublin_core":{"Title":"USE OF FLAGMEN; CHANNELIZATION OF TRAFFIC.","Type":"Text","Format":"text\/html","Identifier":"\u00a7 11-2233","Relation":"Code of State"},"plain_text":"                                  CODE OF STATE\n\nUSE OF FLAGMEN; CHANNELIZATION OF TRAFFIC. (\u00a7 11-2233)\n\n(a) \n\n   (1) \tProvide signs and barricades and one (1) or more flagmen, as necessary to\n   maintain traffic flow by the obstruction; or \n   \n\n   (2) \tClearly and safely separate and channelize the opposing movement of\n   traffic when the unobstructed portion of the roadway is of sufficient width to\n   provide at least a ten (10) feet minimum lane. Such separation and\n   channelization shall be achieved by the use of traffic cones, signs and\/or\n   barricades. \n   \n\n(b) Failure to comply with the provisions of this section shall be a\nmisdemeanor. \n(Code 1959 , \u00a719-35; Ord. No. 1980-416, \u00a74, 7-15-80; Ord. No. 1994-393, \u00a7\u00a75,\n6, 5-3-94)\n"}