{"law_id":"465","section_number":"11-2182","catch_line":"CONTROLLED PARKING RESIDENTIAL AREA.","history":"","order_by":"11-2182","metadata":false,"url":"\/11-2182\/","token":"11-2182","structure":{"1":{"id":"128","name":"ARTICLE J. - PARKING AND STANDING","identifier":"J","label":"article","url":"\/II\/11\/2\/J\/"},"2":{"id":"115","name":"CHAPTER 2. - MOTOR VEHICLES AND TRAFFIC","identifier":"2","label":"chapter","url":"\/II\/11\/2\/"},"3":{"id":"110","name":"PART 11 - TRANSPORTATION","identifier":"11","label":"part","url":"\/II\/11\/"},"4":{"id":"5","name":"Division II - Planning and Development","identifier":"II","label":"division","url":"\/II\/"}},"referred_to_by":false,"edition_id":"1","section_id":"465","structure_id":"128","full_text":"(c) Permit decal display. \nThe residential parking permit decal shall be attached to the left rear bumper of the vehicle for which issued and shall contain the vehicle license number, year of issue, and the identification number of the controlled parking residential area for which issued.\r\r(d) Eligibility for permit decal. \nA resident of a controlled parking residential area is eligible to receive one (1) residential parking permit decal for each vehicle which is principally operated by the resident. The Revenue Collector shall verify the residence address of persons obtaining such decals and shall record on the face of the decal the license number of the vehicle and the letter designation of the controlled parking residential area for which issued. As proof of residency, the Revenue Collector may require utility bills, notarized affidavits of the landlord, auto registration cards and other documentation deemed necessary naming the permittee and showing an address within the controlled parking area. Residential parking permit decals issued for vehicles used by nonresidents of the controlled parking residential area or used for purposes of daily commuting to the area or for purposes of storage of nonresidential vehicles are void. \nAny health care provider who provides regular medical or health services for more than two (2) continuous hours to persons residing in a controlled parking residential area may also apply to the Revenue Collector. Such persons may receive a residential parking permit decal or a removable windshield placard. When the permit or placard is properly displayed, all parking rights and privileges pursuant to subsection (g) extended to vehicles displaying a residential parking permit decal shall apply. The Revenue Collector shall verify the delivery of medical and health services of persons requesting a decal or placard. As proof, the Revenue Collector may require a medical doctor&#8217;s certification that regular care is needed for persons residing in a controlled parking residential area.\r\r(e) Permit issuance fee. \nThe Revenue Collector shall issue residential parking permit decals for an administrative charge of ten dollars ($10.00) per decal per year. The charge shall not be prorated for partial years. No residential parking permit decal shall be transferred to another vehicle. The charge for duplicate permit decals shall be ten dollars ($10.00) except that a replacement decal shall be issued without cost if an individual returns a current used decal and shows proof of purchase to the Revenue Collector or if an individual shows proof to the Revenue Collector of change in registration number for the vehicle. Residential parking permit decals shall be issued on a calendar year basis, and shall expire at midnight on December 31 of each year. Provided it shall not be unlawful to continue to park an authorized vehicle in a controlled parking residential area during the period between December 31 and February 14 inclusive, if a residential parking permit decal for the vehicle was issued for the previous immediate calendar year.\r\r(g) Compliance with signs. \nWhen signs are erected adjacent to streets in the controlled parking residential areas listed in this section, no person shall park a vehicle for longer than two (2) hours between the hours of 8:00 a.m. and 5:00 p.m., Monday through Friday, unless such vehicle has a properly displayed residential parking permit decal for the area in which parked provided that these provisions shall not apply to locations specified in \u00a711-2172 (no parking zones), \u00a711-2171 (places no-parking), \u00a711-2173 (no stopping or standing) \u00a711-2174 (time limited parking), \u00a711-2177 (loading zones), \u00a711-2178 (bus zones), \u00a711-2202 (meter zones). A residential parking permit shall not guarantee or reserve to the holder a parking space within a designated controlled parking residential area. \n(Ord. No. 1979-8, 2-6-79; Ord. No. 1981-657A, \u00a71, 5-5-81; Ord. No. 1982-834, \u00a71, 2-2-82; Ord. No. 1996-820, \u00a71, 2-6-96; Ord. No. 2007-182, \u00a71, 3-20-07) \nEditor&#8217;s note: It should be noted that, with the adoption of Ord. No. 1981-735, on Sept. 1, 1981, \u00a711-2182 was amended &#8220;to reflect the addition of the following entry in Residential Area A, Controlled Parking: \nChamberlain Street, both sides, Hillsborough Street to Stafford Street.&#8221;\nAnnotation: The U.S. Supreme Court, in County Board of Arlington County, Virginia v. Richards, 54 L.Ed. 2d 4 (1977) upheld the constitutional validity of controlled parking in residential areas.\r\r","text":{"0":{"id":"1286","text":"","type":"section","prefixes":["(a)"],"prefix":"(a)","entire_prefix":"(a)","prefix_anchor":"(a)","level":1},"1":{"id":"1287","text":"\tThe area either contains at least eight (8) contiguous block faces abutted by property primarily in residential zoning districts or is a contiguous expansion of an existing controlled parking residential area and the area is abutted by property primarily in residential zoning districts. A block face as used herein shall mean one side of a street between two (2) intersecting streets; \n","type":"section","prefixes":["(a)","(1)"],"prefix":"(1)","entire_prefix":"(a)(1)","prefix_anchor":"(a)(1)","level":2},"2":{"id":"1288","text":"\tA petition identifying the boundaries of and streets within the proposed controlled parking residential area has been presented to the Department of Transportation requesting such designation and signed by adult residents from at least seventy (70) per cent of the living units contained in each block of the proposed controlled parking residential area; \n","type":"section","prefixes":["(a)","(2)"],"prefix":"(2)","entire_prefix":"(a)(2)","prefix_anchor":"(a)(2)","level":2},"3":{"id":"1289","text":"\tA parking study, of one (1) observation each two (2) hours, and conducted between the hours of 8:00 a.m. and 4:00 p.m. on a week day reveals that at least an average of seventy (70) per cent of the parking capacity of the proposed controlled parking residential area is occupied; and, \n","type":"section","prefixes":["(a)","(3)"],"prefix":"(3)","entire_prefix":"(a)(3)","prefix_anchor":"(a)(3)","level":2},"4":{"id":"1290","text":"\tA minimum of thirty-three (33) per cent of the parked vehicles are registered to addresses outside the proposed controlled parking residential area. \n","type":"section","prefixes":["(a)","(4)"],"prefix":"(4)","entire_prefix":"(a)(4)","prefix_anchor":"(a)(4)","level":2},"5":{"id":"1291","text":"","type":"section","prefixes":["(b)"],"prefix":"(b)","entire_prefix":"(b)","prefix_anchor":"(b)","level":1},"6":{"id":"1292","text":"\tControlled parking residential area shall mean an area designated herein for restricted residential parking pursuant to criteria established in subsection (a) hereof. \n","type":"section","prefixes":["(b)","(1)"],"prefix":"(1)","entire_prefix":"(b)(1)","prefix_anchor":"(b)(1)","level":2},"7":{"id":"1293","text":"\tResidential parking permit decal shall mean a special permit issued hereunder by the Revenue Collector and authorizing the vehicle bearing such permit to be parked for a period in excess of two (2) hours in a controlled parking residential area. \n","type":"section","prefixes":["(b)","(2)"],"prefix":"(2)","entire_prefix":"(b)(2)","prefix_anchor":"(b)(2)","level":2},"8":{"id":"1294","text":"Permit decal display. \nThe residential parking permit decal shall be attached to the left rear bumper of the vehicle for which issued and shall contain the vehicle license number, year of issue, and the identification number of the controlled parking residential area for which issued.","type":"section","prefixes":["(c)"],"prefix":"(c)","entire_prefix":"(c)","prefix_anchor":"(c)","level":1},"9":{"id":"1295","text":"Eligibility for permit decal. \nA resident of a controlled parking residential area is eligible to receive one (1) residential parking permit decal for each vehicle which is principally operated by the resident. The Revenue Collector shall verify the residence address of persons obtaining such decals and shall record on the face of the decal the license number of the vehicle and the letter designation of the controlled parking residential area for which issued. As proof of residency, the Revenue Collector may require utility bills, notarized affidavits of the landlord, auto registration cards and other documentation deemed necessary naming the permittee and showing an address within the controlled parking area. Residential parking permit decals issued for vehicles used by nonresidents of the controlled parking residential area or used for purposes of daily commuting to the area or for purposes of storage of nonresidential vehicles are void. \nAny health care provider who provides regular medical or health services for more than two (2) continuous hours to persons residing in a controlled parking residential area may also apply to the Revenue Collector. Such persons may receive a residential parking permit decal or a removable windshield placard. When the permit or placard is properly displayed, all parking rights and privileges pursuant to subsection (g) extended to vehicles displaying a residential parking permit decal shall apply. The Revenue Collector shall verify the delivery of medical and health services of persons requesting a decal or placard. As proof, the Revenue Collector may require a medical doctor&#8217;s certification that regular care is needed for persons residing in a controlled parking residential area.","type":"section","prefixes":["(d)"],"prefix":"(d)","entire_prefix":"(d)","prefix_anchor":"(d)","level":1},"10":{"id":"1296","text":"Permit issuance fee. \nThe Revenue Collector shall issue residential parking permit decals for an administrative charge of ten dollars ($10.00) per decal per year. The charge shall not be prorated for partial years. No residential parking permit decal shall be transferred to another vehicle. The charge for duplicate permit decals shall be ten dollars ($10.00) except that a replacement decal shall be issued without cost if an individual returns a current used decal and shows proof of purchase to the Revenue Collector or if an individual shows proof to the Revenue Collector of change in registration number for the vehicle. Residential parking permit decals shall be issued on a calendar year basis, and shall expire at midnight on December 31 of each year. Provided it shall not be unlawful to continue to park an authorized vehicle in a controlled parking residential area during the period between December 31 and February 14 inclusive, if a residential parking permit decal for the vehicle was issued for the previous immediate calendar year.","type":"section","prefixes":["(e)"],"prefix":"(e)","entire_prefix":"(e)","prefix_anchor":"(e)","level":1},"11":{"id":"1297","text":"","type":"section","prefixes":["(f)"],"prefix":"(f)","entire_prefix":"(f)","prefix_anchor":"(f)","level":1},"12":{"id":"1298","text":"\tNo person shall display a residential parking permit decal on a vehicle unless such vehicle displays the same vehicle license number as shown on the residential parking permit decal; and any such use or display except as authorized herein shall constitute a violation of this Code by the permittee and by the person who so used or displayed the residential parking permit decal. \n","type":"section","prefixes":["(f)","(1)"],"prefix":"(1)","entire_prefix":"(f)(1)","prefix_anchor":"(f)(1)","level":2},"13":{"id":"1299","text":"\tIt shall constitute a violation of this Code for any person to falsely represent himself as eligible for a residential parking permit decal or to furnish any false information in an application to the Revenue Collector in order to obtain a residential parking permit decal. \n","type":"section","prefixes":["(f)","(2)"],"prefix":"(2)","entire_prefix":"(f)(2)","prefix_anchor":"(f)(2)","level":2},"14":{"id":"1300","text":"\tThe Revenue Collector is authorized to revoke the residential parking permit of any permittee found to be in violation of this section, and, upon written notification thereof, the permittee shall surrender such permit to the Revenue Collector. Failure, when so requested, to surrender a residential parking permit, so revoked, shall constitute a violation of this Code. \n","type":"section","prefixes":["(f)","(3)"],"prefix":"(3)","entire_prefix":"(f)(3)","prefix_anchor":"(f)(3)","level":2},"15":{"id":"1301","text":"Compliance with signs. \nWhen signs are erected adjacent to streets in the controlled parking residential areas listed in this section, no person shall park a vehicle for longer than two (2) hours between the hours of 8:00 a.m. and 5:00 p.m., Monday through Friday, unless such vehicle has a properly displayed residential parking permit decal for the area in which parked provided that these provisions shall not apply to locations specified in \u00a711-2172 (no parking zones), \u00a711-2171 (places no-parking), \u00a711-2173 (no stopping or standing) \u00a711-2174 (time limited parking), \u00a711-2177 (loading zones), \u00a711-2178 (bus zones), \u00a711-2202 (meter zones). A residential parking permit shall not guarantee or reserve to the holder a parking space within a designated controlled parking residential area. \n(Ord. No. 1979-8, 2-6-79; Ord. No. 1981-657A, \u00a71, 5-5-81; Ord. No. 1982-834, \u00a71, 2-2-82; Ord. No. 1996-820, \u00a71, 2-6-96; Ord. No. 2007-182, \u00a71, 3-20-07) \nEditor&#8217;s note: It should be noted that, with the adoption of Ord. No. 1981-735, on Sept. 1, 1981, \u00a711-2182 was amended &#8220;to reflect the addition of the following entry in Residential Area A, Controlled Parking: \nChamberlain Street, both sides, Hillsborough Street to Stafford Street.&#8221;\nAnnotation: The U.S. Supreme Court, in County Board of Arlington County, Virginia v. Richards, 54 L.Ed. 2d 4 (1977) upheld the constitutional validity of controlled parking in residential areas.","type":"section","prefixes":["(g)"],"prefix":"(g)","entire_prefix":"(g)","prefix_anchor":"(g)","level":1}},"ancestry":{"1":{"id":"128","name":"ARTICLE J. - PARKING AND STANDING","identifier":"J","label":"article","url":"\/II\/11\/2\/J\/"},"2":{"id":"115","name":"CHAPTER 2. - MOTOR VEHICLES AND TRAFFIC","identifier":"2","label":"chapter","url":"\/II\/11\/2\/"},"3":{"id":"110","name":"PART 11 - TRANSPORTATION","identifier":"11","label":"part","url":"\/II\/11\/"},"4":{"id":"5","name":"Division II - Planning and Development","identifier":"II","label":"division","url":"\/II\/"}},"structure_contents":{"0":{"id":"452","structure_id":"128","section_number":"11-2170","catch_line":"PENALTIES.","url":"\/11-2170\/","token":"11-2170"},"1":{"id":"453","structure_id":"128","section_number":"11-2171","catch_line":"PARKING PROHIBITED IN CERTAIN PLACES.","url":"\/11-2171\/","token":"11-2171"},"2":{"id":"454","structure_id":"128","section_number":"11-2172","catch_line":"NO PARKING ZONES.","url":"\/11-2172\/","token":"11-2172"},"3":{"id":"455","structure_id":"128","section_number":"11-2173","catch_line":"NO STOPPING OR STANDING ZONES.","url":"\/11-2173\/","token":"11-2173"},"4":{"id":"456","structure_id":"128","section_number":"11-2174","catch_line":"PARKING TIME LIMITED IN DESIGNATED PLACES.","url":"\/11-2174\/","token":"11-2174"},"5":{"id":"457","structure_id":"128","section_number":"11-2175","catch_line":"PARKING LIMITATIONS ON CITY-OWNED FACILITIES.","url":"\/11-2175\/","token":"11-2175"},"6":{"id":"459","structure_id":"128","section_number":"11-2176","catch_line":"TRUCK PARKING.","url":"\/11-2176\/","token":"11-2176"},"7":{"id":"460","structure_id":"128","section_number":"11-2177","catch_line":"STANDING FOR LOADING ONLY.","url":"\/11-2177\/","token":"11-2177"},"8":{"id":"461","structure_id":"128","section_number":"11-2178","catch_line":"BUS STOPS.","url":"\/11-2178\/","token":"11-2178"},"9":{"id":"462","structure_id":"128","section_number":"11-2179","catch_line":"STOPPING, STANDING OR PARKING CLOSE TO CURB.","url":"\/11-2179\/","token":"11-2179"},"10":{"id":"463","structure_id":"128","section_number":"11-2180","catch_line":"UNLAWFUL PURPOSES FOR PARKING.","url":"\/11-2180\/","token":"11-2180"},"11":{"id":"464","structure_id":"128","section_number":"11-2181","catch_line":"TEMPORARY PARKING RESTRICTIONS BY CHIEF OF POLICE.","url":"\/11-2181\/","token":"11-2181"},"12":{"id":"465","structure_id":"128","section_number":"11-2182","catch_line":"CONTROLLED PARKING RESIDENTIAL AREA.","url":"\/11-2182\/","token":"11-2182"},"13":{"id":"466","structure_id":"128","section_number":"11-2183","catch_line":"PARKING, OBSTRUCTIONS PROHIBITED AT MOORE SQUARE TRANSIT TRANSFER FACILITY.","url":"\/11-2183\/","token":"11-2183"},"14":{"id":"467","structure_id":"128","section_number":"11-2184","catch_line":"TAXI ZONES.","url":"\/11-2184\/","token":"11-2184"},"15":{"id":"468","structure_id":"128","section_number":"11-2185","catch_line":"POLICE VEHICLE PARKING ZONE.","url":"\/11-2185\/","token":"11-2185"},"16":{"id":"471","structure_id":"128","section_number":"11-2186","catch_line":"VALET PARKING.","url":"\/11-2186\/","token":"11-2186"},"17":{"id":"472","structure_id":"128","section_number":"11-2187","catch_line":"NO PARKING TOW AWAY ZONE.","url":"\/11-2187\/","token":"11-2187"},"18":{"id":"473","structure_id":"128","section_number":"11-2188","catch_line":"EXTRAORDINANRY IMPACT EVENTS.","url":"\/11-2188\/","token":"11-2188"},"19":{"id":"474","structure_id":"128","section_number":"11-2189","catch_line":"RESERVED.","url":"\/11-2189\/","token":"11-2189"},"20":{"id":"475","structure_id":"128","section_number":"11-2189","catch_line":"RESERVED. ","url":"\/11-2189\/","token":"11-2189"}},"previous_section":{"id":"464","structure_id":"128","section_number":"11-2181","catch_line":"TEMPORARY PARKING RESTRICTIONS BY CHIEF OF POLICE.","url":"\/11-2181\/","token":"11-2181"},"next_section":{"id":"466","structure_id":"128","section_number":"11-2183","catch_line":"PARKING, OBSTRUCTIONS PROHIBITED AT MOORE SQUARE TRANSIT TRANSFER FACILITY.","url":"\/11-2183\/","token":"11-2183"},"references":{"0":{"id":"465","section_number":"11-2182","catch_line":"CONTROLLED PARKING RESIDENTIAL AREA.","url":"http:\/\/localhost:8888\/11-2182\/"}},"formats":{"txt":"\/11-2182.txt","json":"\/11-2182.xml"},"dublin_core":{"Title":"CONTROLLED PARKING RESIDENTIAL AREA.","Type":"Text","Format":"text\/html","Identifier":"\u00a7 11-2182","Relation":"Code of State"},"plain_text":"                                  CODE OF STATE\n\nCONTROLLED PARKING RESIDENTIAL AREA. (\u00a7 11-2182)\n\n(a) \n\n   (1) \tThe area either contains at least eight (8) contiguous block faces\n   abutted by property primarily in residential zoning districts or is a\n   contiguous expansion of an existing controlled parking residential area and\n   the area is abutted by property primarily in residential zoning districts. A\n   block face as used herein shall mean one side of a street between two (2)\n   intersecting streets; \n   \n\n   (2) \tA petition identifying the boundaries of and streets within the proposed\n   controlled parking residential area has been presented to the Department of\n   Transportation requesting such designation and signed by adult residents from\n   at least seventy (70) per cent of the living units contained in each block of\n   the proposed controlled parking residential area; \n   \n\n   (3) \tA parking study, of one (1) observation each two (2) hours, and conducted\n   between the hours of 8:00 a.m. and 4:00 p.m. on a week day reveals that at\n   least an average of seventy (70) per cent of the parking capacity of the\n   proposed controlled parking residential area is occupied; and, \n   \n\n   (4) \tA minimum of thirty-three (33) per cent of the parked vehicles are\n   registered to addresses outside the proposed controlled parking residential\n   area. \n   \n\n(b) \n\n   (1) \tControlled parking residential area shall mean an area designated herein\n   for restricted residential parking pursuant to criteria established in\n   subsection (a) hereof. \n   \n\n   (2) \tResidential parking permit decal shall mean a special permit issued\n   hereunder by the Revenue Collector and authorizing the vehicle bearing such\n   permit to be parked for a period in excess of two (2) hours in a controlled\n   parking residential area. \n   \n\n(c) Permit decal display. \nThe residential parking permit decal shall be attached to the left rear bumper\nof the vehicle for which issued and shall contain the vehicle license number,\nyear of issue, and the identification number of the controlled parking\nresidential area for which issued.\n\n(d) Eligibility for permit decal. \nA resident of a controlled parking residential area is eligible to receive one\n(1) residential parking permit decal for each vehicle which is principally\noperated by the resident. The Revenue Collector shall verify the residence\naddress of persons obtaining such decals and shall record on the face of the\ndecal the license number of the vehicle and the letter designation of the\ncontrolled parking residential area for which issued. As proof of residency, the\nRevenue Collector may require utility bills, notarized affidavits of the\nlandlord, auto registration cards and other documentation deemed necessary\nnaming the permittee and showing an address within the controlled parking area.\nResidential parking permit decals issued for vehicles used by nonresidents of\nthe controlled parking residential area or used for purposes of daily commuting\nto the area or for purposes of storage of nonresidential vehicles are void. \nAny health care provider who provides regular medical or health services for\nmore than two (2) continuous hours to persons residing in a controlled parking\nresidential area may also apply to the Revenue Collector. Such persons may\nreceive a residential parking permit decal or a removable windshield placard.\nWhen the permit or placard is properly displayed, all parking rights and\nprivileges pursuant to subsection (g) extended to vehicles displaying a\nresidential parking permit decal shall apply. The Revenue Collector shall verify\nthe delivery of medical and health services of persons requesting a decal or\nplacard. As proof, the Revenue Collector may require a medical doctor&#8217;s\ncertification that regular care is needed for persons residing in a controlled\nparking residential area.\n\n(e) Permit issuance fee. \nThe Revenue Collector shall issue residential parking permit decals for an\nadministrative charge of ten dollars ($10.00) per decal per year. The charge\nshall not be prorated for partial years. No residential parking permit decal\nshall be transferred to another vehicle. The charge for duplicate permit decals\nshall be ten dollars ($10.00) except that a replacement decal shall be issued\nwithout cost if an individual returns a current used decal and shows proof of\npurchase to the Revenue Collector or if an individual shows proof to the Revenue\nCollector of change in registration number for the vehicle. Residential parking\npermit decals shall be issued on a calendar year basis, and shall expire at\nmidnight on December 31 of each year. Provided it shall not be unlawful to\ncontinue to park an authorized vehicle in a controlled parking residential area\nduring the period between December 31 and February 14 inclusive, if a\nresidential parking permit decal for the vehicle was issued for the previous\nimmediate calendar year.\n\n(f) \n\n   (1) \tNo person shall display a residential parking permit decal on a vehicle\n   unless such vehicle displays the same vehicle license number as shown on the\n   residential parking permit decal; and any such use or display except as\n   authorized herein shall constitute a violation of this Code by the permittee\n   and by the person who so used or displayed the residential parking permit\n   decal. \n   \n\n   (2) \tIt shall constitute a violation of this Code for any person to falsely\n   represent himself as eligible for a residential parking permit decal or to\n   furnish any false information in an application to the Revenue Collector in\n   order to obtain a residential parking permit decal. \n   \n\n   (3) \tThe Revenue Collector is authorized to revoke the residential parking\n   permit of any permittee found to be in violation of this section, and, upon\n   written notification thereof, the permittee shall surrender such permit to the\n   Revenue Collector. Failure, when so requested, to surrender a residential\n   parking permit, so revoked, shall constitute a violation of this Code. \n   \n\n(g) Compliance with signs. \nWhen signs are erected adjacent to streets in the controlled parking residential\nareas listed in this section, no person shall park a vehicle for longer than two\n(2) hours between the hours of 8:00 a.m. and 5:00 p.m., Monday through Friday,\nunless such vehicle has a properly displayed residential parking permit decal\nfor the area in which parked provided that these provisions shall not apply to\nlocations specified in \u00a711-2172 (no parking zones), \u00a711-2171 (places\nno-parking), \u00a711-2173 (no stopping or standing) \u00a711-2174 (time limited\nparking), \u00a711-2177 (loading zones), \u00a711-2178 (bus zones), \u00a711-2202 (meter\nzones). A residential parking permit shall not guarantee or reserve to the\nholder a parking space within a designated controlled parking residential area. \n(Ord. No. 1979-8, 2-6-79; Ord. No. 1981-657A, \u00a71, 5-5-81; Ord. No. 1982-834,\n\u00a71, 2-2-82; Ord. No. 1996-820, \u00a71, 2-6-96; Ord. No. 2007-182, \u00a71, 3-20-07) \nEditor&#8217;s note: It should be noted that, with the adoption of Ord. No.\n1981-735, on Sept. 1, 1981, \u00a711-2182 was amended &#8220;to reflect the addition\nof the following entry in Residential Area A, Controlled Parking: \nChamberlain Street, both sides, Hillsborough Street to Stafford Street.&#8221;\nAnnotation: The U.S. Supreme Court, in County Board of Arlington County,\nVirginia v. Richards, 54 L.Ed. 2d 4 (1977) upheld the constitutional validity of\ncontrolled parking in residential areas.\n"}