{"law_id":"412","section_number":"11-2092","catch_line":"EXCEPTIONS.","history":"","order_by":"11-2092","metadata":false,"url":"\/11-2092\/","token":"11-2092","structure":{"1":{"id":"121","name":"ARTICLE E. - SPEED REGULATIONS [1]","identifier":"E","label":"article","url":"\/II\/11\/2\/E\/"},"2":{"id":"115","name":"CHAPTER 2. - MOTOR VEHICLES AND TRAFFIC","identifier":"2","label":"chapter","url":"\/II\/11\/2\/"},"3":{"id":"110","name":"PART 11 - TRANSPORTATION","identifier":"11","label":"part","url":"\/II\/11\/"},"4":{"id":"5","name":"Division II - Planning and Development","identifier":"II","label":"division","url":"\/II\/"}},"referred_to_by":false,"edition_id":"1","section_id":"412","structure_id":"121","full_text":"When proper signs have been erected giving notice of speed limits which are other than the generally applicable thirty-five (35) miles per hour limit, it shall be unlawful to operate a vehicle in excess of such speeds upon the streets or portions of streets listed in official Traffic Schedule No. 5, Speed Limits other than thirty-five (35) miles per hour. \nCross reference: Schedules incorporated by reference, \u00a711-2004; speed limit policy for residential streets, Resolution No. (1990)-633.","text":{"0":{"id":"1133","text":"When proper signs have been erected giving notice of speed limits which are other than the generally applicable thirty-five (35) miles per hour limit, it shall be unlawful to operate a vehicle in excess of such speeds upon the streets or portions of streets listed in official Traffic Schedule No. 5, Speed Limits other than thirty-five (35) miles per hour. \nCross reference: Schedules incorporated by reference, \u00a711-2004; speed limit policy for residential streets, Resolution No. (1990)-633.","type":"section","prefixes":[""],"prefix":"","entire_prefix":"","prefix_anchor":"","level":1}},"ancestry":{"1":{"id":"121","name":"ARTICLE E. - SPEED REGULATIONS [1]","identifier":"E","label":"article","url":"\/II\/11\/2\/E\/"},"2":{"id":"115","name":"CHAPTER 2. - MOTOR VEHICLES AND TRAFFIC","identifier":"2","label":"chapter","url":"\/II\/11\/2\/"},"3":{"id":"110","name":"PART 11 - TRANSPORTATION","identifier":"11","label":"part","url":"\/II\/11\/"},"4":{"id":"5","name":"Division II - Planning and Development","identifier":"II","label":"division","url":"\/II\/"}},"structure_contents":{"0":{"id":"411","structure_id":"121","section_number":"11-2091","catch_line":"GENERAL.","url":"\/11-2091\/","token":"11-2091"},"1":{"id":"412","structure_id":"121","section_number":"11-2092","catch_line":"EXCEPTIONS.","url":"\/11-2092\/","token":"11-2092"},"2":{"id":"413","structure_id":"121","section_number":"11-2093","catch_line":"EXCEPTIONS DURING SPECIFIED TIMES.","url":"\/11-2093\/","token":"11-2093"},"3":{"id":"415","structure_id":"121","section_number":"11-2094","catch_line":"RESERVED.","url":"\/11-2094\/","token":"11-2094"}},"previous_section":{"id":"411","structure_id":"121","section_number":"11-2091","catch_line":"GENERAL.","url":"\/11-2091\/","token":"11-2091"},"next_section":{"id":"413","structure_id":"121","section_number":"11-2093","catch_line":"EXCEPTIONS DURING SPECIFIED TIMES.","url":"\/11-2093\/","token":"11-2093"},"references":false,"formats":{"txt":"\/11-2092.txt","json":"\/11-2092.xml"},"dublin_core":{"Title":"EXCEPTIONS.","Type":"Text","Format":"text\/html","Identifier":"\u00a7 11-2092","Relation":"Code of State"},"plain_text":"                                  CODE OF STATE\n\nEXCEPTIONS. (\u00a7 11-2092)\n\nWhen proper signs have been erected giving notice of speed limits which are\nother than the generally applicable thirty-five (35) miles per hour limit, it\nshall be unlawful to operate a vehicle in excess of such speeds upon the streets\nor portions of streets listed in official Traffic Schedule No. 5, Speed Limits\nother than thirty-five (35) miles per hour. \nCross reference: Schedules incorporated by reference, \u00a711-2004; speed limit\npolicy for residential streets, Resolution No. (1990)-633.\n"}