{"law_id":"368","section_number":"11-2002","catch_line":"DEFINITIONS SUPPLEMENTAL TO GENERAL STATUTES.","history":"","order_by":"11-2002","metadata":false,"url":"\/11-2002\/","token":"11-2002","structure":{"1":{"id":"116","name":"ARTICLE A. - GENERAL PROVISIONS","identifier":"A","label":"article","url":"\/II\/11\/2\/A\/"},"2":{"id":"115","name":"CHAPTER 2. - MOTOR VEHICLES AND TRAFFIC","identifier":"2","label":"chapter","url":"\/II\/11\/2\/"},"3":{"id":"110","name":"PART 11 - TRANSPORTATION","identifier":"11","label":"part","url":"\/II\/11\/"},"4":{"id":"5","name":"Division II - Planning and Development","identifier":"II","label":"division","url":"\/II\/"}},"referred_to_by":{"0":{"id":"368","section_number":"11-2002","catch_line":"DEFINITIONS SUPPLEMENTAL TO GENERAL STATUTES.","url":"http:\/\/localhost:8888\/11-2002\/"}},"edition_id":"1","section_id":"368","structure_id":"116","full_text":"Words and phrases used in this chapter and not specifically defined in \u00a711-2001 above shall have the meaning respectively ascribed to them by Chapter 20 of the General Statutes of North Carolina. \n(Code 1950, \u00a729.1) \nState law reference: Definitions in state motor vehicle act, G.S. 20-4-01.","text":{"0":{"id":"1061","text":"Words and phrases used in this chapter and not specifically defined in \u00a711-2001 above shall have the meaning respectively ascribed to them by Chapter 20 of the General Statutes of North Carolina. \n(Code 1950, \u00a729.1) \nState law reference: Definitions in state motor vehicle act, G.S. 20-4-01.","type":"section","prefixes":[""],"prefix":"","entire_prefix":"","prefix_anchor":"","level":1}},"ancestry":{"1":{"id":"116","name":"ARTICLE A. - GENERAL PROVISIONS","identifier":"A","label":"article","url":"\/II\/11\/2\/A\/"},"2":{"id":"115","name":"CHAPTER 2. - MOTOR VEHICLES AND TRAFFIC","identifier":"2","label":"chapter","url":"\/II\/11\/2\/"},"3":{"id":"110","name":"PART 11 - TRANSPORTATION","identifier":"11","label":"part","url":"\/II\/11\/"},"4":{"id":"5","name":"Division II - Planning and Development","identifier":"II","label":"division","url":"\/II\/"}},"structure_contents":{"0":{"id":"367","structure_id":"116","section_number":"11-2001","catch_line":"DEFINITIONS.","url":"\/11-2001\/","token":"11-2001"},"1":{"id":"368","structure_id":"116","section_number":"11-2002","catch_line":"DEFINITIONS SUPPLEMENTAL TO GENERAL STATUTES.","url":"\/11-2002\/","token":"11-2002"},"2":{"id":"369","structure_id":"116","section_number":"11-2003","catch_line":"UNIFORM RULES OF THE ROAD.","url":"\/11-2003\/","token":"11-2003"},"3":{"id":"371","structure_id":"116","section_number":"11-2004","catch_line":"SCHEDULE OF TRAFFIC AND PARKING REGULATIONS; INCORPORATION BY REFERENCE.","url":"\/11-2004\/","token":"11-2004"},"4":{"id":"372","structure_id":"116","section_number":"11-2005","catch_line":"PUBLIC EMPLOYEES.","url":"\/11-2005\/","token":"11-2005"},"5":{"id":"373","structure_id":"116","section_number":"11-2006","catch_line":"RESERVED.","url":"\/11-2006\/","token":"11-2006"},"6":{"id":"374","structure_id":"116","section_number":"11-2007","catch_line":"RESERVED.","url":"\/11-2007\/","token":"11-2007"},"7":{"id":"375","structure_id":"116","section_number":"11-2008","catch_line":"BICYCLES, MOTORCYCLES AND ANIMALS.","url":"\/11-2008\/","token":"11-2008"},"8":{"id":"376","structure_id":"116","section_number":"11-2009","catch_line":"TERRITORIAL APPLICATION.","url":"\/11-2009\/","token":"11-2009"},"9":{"id":"377","structure_id":"116","section_number":"11-2010","catch_line":"TIME OF APPLICATION.","url":"\/11-2010\/","token":"11-2010"},"10":{"id":"378","structure_id":"116","section_number":"11-2011","catch_line":"RESERVED.","url":"\/11-2011\/","token":"11-2011"},"11":{"id":"379","structure_id":"116","section_number":"11-2011","catch_line":"RESERVED. ","url":"\/11-2011\/","token":"11-2011"}},"previous_section":{"id":"367","structure_id":"116","section_number":"11-2001","catch_line":"DEFINITIONS.","url":"\/11-2001\/","token":"11-2001"},"next_section":{"id":"369","structure_id":"116","section_number":"11-2003","catch_line":"UNIFORM RULES OF THE ROAD.","url":"\/11-2003\/","token":"11-2003"},"references":false,"formats":{"txt":"\/11-2002.txt","json":"\/11-2002.xml"},"dublin_core":{"Title":"DEFINITIONS SUPPLEMENTAL TO GENERAL STATUTES.","Type":"Text","Format":"text\/html","Identifier":"\u00a7 11-2002","Relation":"Code of State"},"plain_text":"                                  CODE OF STATE\n\nDEFINITIONS SUPPLEMENTAL TO GENERAL STATUTES. (\u00a7 11-2002)\n\nWords and phrases used in this chapter and not specifically defined in \u00a711-2001\nabove shall have the meaning respectively ascribed to them by Chapter 20 of the\nGeneral Statutes of North Carolina. \n(Code 1950, \u00a729.1) \nState law reference: Definitions in state motor vehicle act, G.S. 20-4-01.\n"}