{"law_id":"413","section_number":"11-2093","catch_line":"EXCEPTIONS DURING SPECIFIED TIMES.","history":"","order_by":"11-2093","metadata":false,"url":"\/11-2093\/","token":"11-2093","structure":{"1":{"id":"121","name":"ARTICLE E. - SPEED REGULATIONS [1]","identifier":"E","label":"article","url":"\/II\/11\/2\/E\/"},"2":{"id":"115","name":"CHAPTER 2. - MOTOR VEHICLES AND TRAFFIC","identifier":"2","label":"chapter","url":"\/II\/11\/2\/"},"3":{"id":"110","name":"PART 11 - TRANSPORTATION","identifier":"11","label":"part","url":"\/II\/11\/"},"4":{"id":"5","name":"Division II - Planning and Development","identifier":"II","label":"division","url":"\/II\/"}},"referred_to_by":false,"edition_id":"1","section_id":"413","structure_id":"121","full_text":"When proper signs have been erected giving notice of the appropriate speed regulations, it shall be unlawful to operate a motor vehicle in excess of the speed limits which are made effective on specified streets or portions of streets during particular hours of the day or night, as designated in official Traffic Schedule No. 5, Speed Limits. \nCross reference: Schedules incorporated by reference, \u00a711-2004","text":{"0":{"id":"1134","text":"When proper signs have been erected giving notice of the appropriate speed regulations, it shall be unlawful to operate a motor vehicle in excess of the speed limits which are made effective on specified streets or portions of streets during particular hours of the day or night, as designated in official Traffic Schedule No. 5, Speed Limits. \nCross reference: Schedules incorporated by reference, \u00a711-2004","type":"section","prefixes":[""],"prefix":"","entire_prefix":"","prefix_anchor":"","level":1}},"ancestry":{"1":{"id":"121","name":"ARTICLE E. - SPEED REGULATIONS [1]","identifier":"E","label":"article","url":"\/II\/11\/2\/E\/"},"2":{"id":"115","name":"CHAPTER 2. - MOTOR VEHICLES AND TRAFFIC","identifier":"2","label":"chapter","url":"\/II\/11\/2\/"},"3":{"id":"110","name":"PART 11 - TRANSPORTATION","identifier":"11","label":"part","url":"\/II\/11\/"},"4":{"id":"5","name":"Division II - Planning and Development","identifier":"II","label":"division","url":"\/II\/"}},"structure_contents":{"0":{"id":"411","structure_id":"121","section_number":"11-2091","catch_line":"GENERAL.","url":"\/11-2091\/","token":"11-2091"},"1":{"id":"412","structure_id":"121","section_number":"11-2092","catch_line":"EXCEPTIONS.","url":"\/11-2092\/","token":"11-2092"},"2":{"id":"413","structure_id":"121","section_number":"11-2093","catch_line":"EXCEPTIONS DURING SPECIFIED TIMES.","url":"\/11-2093\/","token":"11-2093"},"3":{"id":"415","structure_id":"121","section_number":"11-2094","catch_line":"RESERVED.","url":"\/11-2094\/","token":"11-2094"}},"previous_section":{"id":"412","structure_id":"121","section_number":"11-2092","catch_line":"EXCEPTIONS.","url":"\/11-2092\/","token":"11-2092"},"next_section":{"id":"415","structure_id":"121","section_number":"11-2094","catch_line":"RESERVED.","url":"\/11-2094\/","token":"11-2094"},"references":false,"formats":{"txt":"\/11-2093.txt","json":"\/11-2093.xml"},"dublin_core":{"Title":"EXCEPTIONS DURING SPECIFIED TIMES.","Type":"Text","Format":"text\/html","Identifier":"\u00a7 11-2093","Relation":"Code of State"},"plain_text":"                                  CODE OF STATE\n\nEXCEPTIONS DURING SPECIFIED TIMES. (\u00a7 11-2093)\n\nWhen proper signs have been erected giving notice of the appropriate speed\nregulations, it shall be unlawful to operate a motor vehicle in excess of the\nspeed limits which are made effective on specified streets or portions of\nstreets during particular hours of the day or night, as designated in official\nTraffic Schedule No. 5, Speed Limits. \nCross reference: Schedules incorporated by reference, \u00a711-2004\n"}