{"law_id":"446","edition_id":"1","section_id":"446","structure_id":"125","section_number":"11-2151","catch_line":"PEDESTRIAN STREETS.","history":"","full_text":"(a) Exchange Street from Fayetteville Street to South Wilmington Street.\r\r(b) Fayetteville Street, from its intersection with the southern boundary of Morgan Street to its intersection with the northern boundary of Davie Street, but excluding the intersections of Martin Street and Hargett Street. \nCross reference: Pedestrian malls generally, Part 9, Chapter 7.\r\r","order_by":"11-2151","text":{"0":{"id":"1216","text":"Exchange Street from Fayetteville Street to South Wilmington Street.","type":"section","prefixes":["(a)"],"prefix":"(a)","entire_prefix":"(a)","prefix_anchor":"(a)","level":1},"1":{"id":"1217","text":"Fayetteville Street, from its intersection with the southern boundary of Morgan Street to its intersection with the northern boundary of Davie Street, but excluding the intersections of Martin Street and Hargett Street. \nCross reference: Pedestrian malls generally, Part 9, Chapter 7.","type":"section","prefixes":["(b)"],"prefix":"(b)","entire_prefix":"(b)","prefix_anchor":"(b)","level":1}},"ancestry":{"1":{"id":"125","name":"ARTICLE I. - PEDESTRIANS' RIGHTS AND DUTIES","identifier":"I","label":"article","url":"\/II\/11\/2\/I\/"},"2":{"id":"115","name":"CHAPTER 2. - MOTOR VEHICLES AND TRAFFIC","identifier":"2","label":"chapter","url":"\/II\/11\/2\/"},"3":{"id":"110","name":"PART 11 - TRANSPORTATION","identifier":"11","label":"part","url":"\/II\/11\/"},"4":{"id":"5","name":"Division II - Planning and Development","identifier":"II","label":"division","url":"\/II\/"}},"structure_contents":{"0":{"id":"446","structure_id":"125","section_number":"11-2151","catch_line":"PEDESTRIAN STREETS.","url":"\/11-2151\/","token":"11-2151"},"1":{"id":"448","structure_id":"125","section_number":"11-2152","catch_line":"PEDESTRIAN CROSSING PROHIBITED.","url":"\/11-2152\/","token":"11-2152"},"2":{"id":"449","structure_id":"125","section_number":"11-2153","catch_line":"ELECTRONIC TRAFFIC AND PEDESTRIAN CONTROL SIGNALS.","url":"\/11-2153\/","token":"11-2153"},"3":{"id":"450","structure_id":"125","section_number":"11-2154","catch_line":"RESERVED.","url":"\/11-2154\/","token":"11-2154"},"4":{"id":"451","structure_id":"125","section_number":"11-2154","catch_line":"RESERVED. ","url":"\/11-2154\/","token":"11-2154"}},"next_section":{"id":"448","structure_id":"125","section_number":"11-2152","catch_line":"PEDESTRIAN CROSSING PROHIBITED.","url":"\/11-2152\/","token":"11-2152"},"metadata":false,"references":false,"url":"\/11-2151\/","token":"11-2151","formats":{"txt":"\/11-2151.txt","json":"\/11-2151.xml"},"dublin_core":{"Title":"PEDESTRIAN STREETS.","Type":"Text","Format":"text\/html","Identifier":"\u00a7 11-2151","Relation":"Code of State"},"plain_text":"                                  CODE OF STATE\n\nPEDESTRIAN STREETS. (\u00a7 11-2151)\n\n(a) Exchange Street from Fayetteville Street to South Wilmington Street.\n\n(b) Fayetteville Street, from its intersection with the southern boundary of\nMorgan Street to its intersection with the northern boundary of Davie Street,\nbut excluding the intersections of Martin Street and Hargett Street. \nCross reference: Pedestrian malls generally, Part 9, Chapter 7.\n"}