{"law_id":"497","edition_id":"1","section_id":"497","structure_id":"133","section_number":"11-2231","catch_line":"DEFINITIONS.","history":"","full_text":"The following words as used in the provisions of this article shall have the following meanings: \nStreet shall mean any paved portion, including curbing and gutters, located on any right-of-way conveyed to, dedicated to, or purchased by the State of North Carolina or the City, and which paved portion is used by the public for the passage of motor vehicle, vehicle, and pedestrian traffic. &#8220;Street&#8221; as herein defined shall not include any portion of a sidewalk. \nObstruction shall mean any object, hole, excavation, spoil from an excavation, stored building material, or other condition which renders any portion of a street impassable to motor vehicle, vehicle or pedestrian traffic; or, which creates the threat of imminent danger to the health, safety or property of any person using the street for the purpose of motor vehicle, vehicle or pedestrian traffic; or, which creates the threat of imminent danger to the health, safety or property of any person using the street for the purpose of motor vehicle, vehicle or pedestrian traffic passage; provided that traffic cones or other devices used to protect wet pavement marking shall not be considered as obstructions. \nManual shall mean the &#8220;Traffic Control Manual for Construction and Maintenance, City of Raleigh.&#8221; This manual shall be kept on file at all times in the office of the City Clerk. \nEmergency situation. An &#8220;emergency situation&#8221; exists when the obstruction results from or is caused by any unanticipated event or happening which endangers the health or safety of persons using or desiring to use the obstructed street. Such emergency situation continues for the reasonable length of time necessary for the person, persons, firm or corporation working to remove the obstruction to comply with the requirements of this article in a manner consistent with providing protection for the health, safety and property of persons using or desiring to use the obstructed street. \n(Code 1959 , \u00a719-33) \nCross reference: Street responsibilities of the Department of Public Works, Part 7, Chs. 1, 2.","order_by":"11-2231","text":{"0":{"id":"1390","text":"The following words as used in the provisions of this article shall have the following meanings: \nStreet shall mean any paved portion, including curbing and gutters, located on any right-of-way conveyed to, dedicated to, or purchased by the State of North Carolina or the City, and which paved portion is used by the public for the passage of motor vehicle, vehicle, and pedestrian traffic. &#8220;Street&#8221; as herein defined shall not include any portion of a sidewalk. \nObstruction shall mean any object, hole, excavation, spoil from an excavation, stored building material, or other condition which renders any portion of a street impassable to motor vehicle, vehicle or pedestrian traffic; or, which creates the threat of imminent danger to the health, safety or property of any person using the street for the purpose of motor vehicle, vehicle or pedestrian traffic; or, which creates the threat of imminent danger to the health, safety or property of any person using the street for the purpose of motor vehicle, vehicle or pedestrian traffic passage; provided that traffic cones or other devices used to protect wet pavement marking shall not be considered as obstructions. \nManual shall mean the &#8220;Traffic Control Manual for Construction and Maintenance, City of Raleigh.&#8221; This manual shall be kept on file at all times in the office of the City Clerk. \nEmergency situation. An &#8220;emergency situation&#8221; exists when the obstruction results from or is caused by any unanticipated event or happening which endangers the health or safety of persons using or desiring to use the obstructed street. Such emergency situation continues for the reasonable length of time necessary for the person, persons, firm or corporation working to remove the obstruction to comply with the requirements of this article in a manner consistent with providing protection for the health, safety and property of persons using or desiring to use the obstructed street. \n(Code 1959 , \u00a719-33) \nCross reference: Street responsibilities of the Department of Public Works, Part 7, Chs. 1, 2.","type":"section","prefixes":[""],"prefix":"","entire_prefix":"","prefix_anchor":"","level":1}},"ancestry":{"1":{"id":"133","name":"ARTICLE L. - SIGNING AND TRAFFIC ROUTING IN THE EVENT OF STREET OBSTRUCTION","identifier":"L","label":"article","url":"\/II\/11\/2\/L\/"},"2":{"id":"115","name":"CHAPTER 2. - MOTOR VEHICLES AND TRAFFIC","identifier":"2","label":"chapter","url":"\/II\/11\/2\/"},"3":{"id":"110","name":"PART 11 - TRANSPORTATION","identifier":"11","label":"part","url":"\/II\/11\/"},"4":{"id":"5","name":"Division II - Planning and Development","identifier":"II","label":"division","url":"\/II\/"}},"structure_contents":{"0":{"id":"497","structure_id":"133","section_number":"11-2231","catch_line":"DEFINITIONS.","url":"\/11-2231\/","token":"11-2231"},"1":{"id":"498","structure_id":"133","section_number":"11-2232","catch_line":"CERTAIN OBSTRUCTIONS PROHIBITED; EXCEPTIONS.","url":"\/11-2232\/","token":"11-2232"},"2":{"id":"499","structure_id":"133","section_number":"11-2233","catch_line":"USE OF FLAGMEN; CHANNELIZATION OF TRAFFIC.","url":"\/11-2233\/","token":"11-2233"},"3":{"id":"500","structure_id":"133","section_number":"11-2234","catch_line":"USE OF WARNING SIGNS GENERALLY.","url":"\/11-2234\/","token":"11-2234"},"4":{"id":"501","structure_id":"133","section_number":"11-2235","catch_line":"WARNING DEVICES FOR NIGHTTIME OBSTRUCTION.","url":"\/11-2235\/","token":"11-2235"},"5":{"id":"502","structure_id":"133","section_number":"11-2236","catch_line":"ALTERNATE WARNING DEVICES WHEN DURATION OF OBSTRUCTION 30 MINUTES OR LESS.","url":"\/11-2236\/","token":"11-2236"},"6":{"id":"504","structure_id":"133","section_number":"11-2237","catch_line":"FAILURE TO REMOVE SIGNS.","url":"\/11-2237\/","token":"11-2237"},"7":{"id":"505","structure_id":"133","section_number":"11-2238","catch_line":"SIGNS MUST CONTAIN CORRECT INFORMATION.","url":"\/11-2238\/","token":"11-2238"},"8":{"id":"506","structure_id":"133","section_number":"11-2239","catch_line":"EMERGENCY SITUATIONS.","url":"\/11-2239\/","token":"11-2239"},"9":{"id":"507","structure_id":"133","section_number":"11-2240","catch_line":"DIRECTOR OF THE DEPARTMENT OF TRANSPORTATION TO PUBLISH AND MAINTAIN MANUAL; CONTENTS OF MANUAL; COPIES ON FILE.","url":"\/11-2240\/","token":"11-2240"},"10":{"id":"508","structure_id":"133","section_number":"11-2241","catch_line":"NORTH CAROLINA DEPARTMENT OF TRANSPORTATION EMPLOYEES AND AGENTS EXEMPTED.","url":"\/11-2241\/","token":"11-2241"},"11":{"id":"509","structure_id":"133","section_number":"11-2242","catch_line":"REMOVAL OR DESTRUCTION OF WARNING DEVICES.","url":"\/11-2242\/","token":"11-2242"},"12":{"id":"510","structure_id":"133","section_number":"11-2243","catch_line":"BUILDING MATERIALS ON STREET.","url":"\/11-2243\/","token":"11-2243"},"13":{"id":"511","structure_id":"133","section_number":"11-2244","catch_line":"DURATION OF SIGNING, SIGNALLING AND CHANNELIZATION REQUIREMENTS; CLEANING STREET.","url":"\/11-2244\/","token":"11-2244"},"14":{"id":"512","structure_id":"133","section_number":"11-2245","catch_line":"VIOLATION AND NONCOMPLIANCE.","url":"\/11-2245\/","token":"11-2245"}},"next_section":{"id":"498","structure_id":"133","section_number":"11-2232","catch_line":"CERTAIN OBSTRUCTIONS PROHIBITED; EXCEPTIONS.","url":"\/11-2232\/","token":"11-2232"},"metadata":false,"references":false,"url":"\/11-2231\/","token":"11-2231","formats":{"txt":"\/11-2231.txt","json":"\/11-2231.xml"},"dublin_core":{"Title":"DEFINITIONS.","Type":"Text","Format":"text\/html","Identifier":"\u00a7 11-2231","Relation":"Code of State"},"plain_text":"                                  CODE OF STATE\n\nDEFINITIONS. (\u00a7 11-2231)\n\nThe following words as used in the provisions of this article shall have the\nfollowing meanings: \nStreet shall mean any paved portion, including curbing and gutters, located on\nany right-of-way conveyed to, dedicated to, or purchased by the State of North\nCarolina or the City, and which paved portion is used by the public for the\npassage of motor vehicle, vehicle, and pedestrian traffic. &#8220;Street&#8221;\nas herein defined shall not include any portion of a sidewalk. \nObstruction shall mean any object, hole, excavation, spoil from an excavation,\nstored building material, or other condition which renders any portion of a\nstreet impassable to motor vehicle, vehicle or pedestrian traffic; or, which\ncreates the threat of imminent danger to the health, safety or property of any\nperson using the street for the purpose of motor vehicle, vehicle or pedestrian\ntraffic; or, which creates the threat of imminent danger to the health, safety\nor property of any person using the street for the purpose of motor vehicle,\nvehicle or pedestrian traffic passage; provided that traffic cones or other\ndevices used to protect wet pavement marking shall not be considered as\nobstructions. \nManual shall mean the &#8220;Traffic Control Manual for Construction and\nMaintenance, City of Raleigh.&#8221; This manual shall be kept on file at all\ntimes in the office of the City Clerk. \nEmergency situation. An &#8220;emergency situation&#8221; exists when the\nobstruction results from or is caused by any unanticipated event or happening\nwhich endangers the health or safety of persons using or desiring to use the\nobstructed street. Such emergency situation continues for the reasonable length\nof time necessary for the person, persons, firm or corporation working to remove\nthe obstruction to comply with the requirements of this article in a manner\nconsistent with providing protection for the health, safety and property of\npersons using or desiring to use the obstructed street. \n(Code 1959 , \u00a719-33) \nCross reference: Street responsibilities of the Department of Public Works, Part\n7, Chs. 1, 2.\n"}