{"law_id":"506","section_number":"11-2239","catch_line":"EMERGENCY SITUATIONS.","history":"","order_by":"11-2239","metadata":false,"url":"\/11-2239\/","token":"11-2239","structure":{"1":{"id":"133","name":"ARTICLE L. - SIGNING AND TRAFFIC ROUTING IN THE EVENT OF STREET OBSTRUCTION","identifier":"L","label":"article","url":"\/II\/11\/2\/L\/"},"2":{"id":"115","name":"CHAPTER 2. - MOTOR VEHICLES AND TRAFFIC","identifier":"2","label":"chapter","url":"\/II\/11\/2\/"},"3":{"id":"110","name":"PART 11 - TRANSPORTATION","identifier":"11","label":"part","url":"\/II\/11\/"},"4":{"id":"5","name":"Division II - Planning and Development","identifier":"II","label":"division","url":"\/II\/"}},"referred_to_by":false,"edition_id":"1","section_id":"506","structure_id":"133","full_text":"In the event of an emergency situation, as defined in this article, which results in the obstruction of any street the prohibitions and requirements of this article shall not apply. In the event of such emergency situation the person, persons, firm or corporation working to remove the obstruction shall make all reasonable efforts to provide for the immediate protection of the health, safety and property of all persons using the street during the existence of the emergency situation. Such person, persons, firm or corporation working to remove the obstruction shall notify the Department of Transportation and Emergency Communication at 911 and shall comply with the provisions of this article as soon as is reasonably possible after commencing work to remove the obstruction causing the emergency situation. \n(Code 1959 , \u00a719-39; Ord. No. 1994-393, \u00a78, 5-3-94)","text":{"0":{"id":"1420","text":"In the event of an emergency situation, as defined in this article, which results in the obstruction of any street the prohibitions and requirements of this article shall not apply. In the event of such emergency situation the person, persons, firm or corporation working to remove the obstruction shall make all reasonable efforts to provide for the immediate protection of the health, safety and property of all persons using the street during the existence of the emergency situation. Such person, persons, firm or corporation working to remove the obstruction shall notify the Department of Transportation and Emergency Communication at 911 and shall comply with the provisions of this article as soon as is reasonably possible after commencing work to remove the obstruction causing the emergency situation. \n(Code 1959 , \u00a719-39; Ord. No. 1994-393, \u00a78, 5-3-94)","type":"section","prefixes":[""],"prefix":"","entire_prefix":"","prefix_anchor":"","level":1}},"ancestry":{"1":{"id":"133","name":"ARTICLE L. - SIGNING AND TRAFFIC ROUTING IN THE EVENT OF STREET OBSTRUCTION","identifier":"L","label":"article","url":"\/II\/11\/2\/L\/"},"2":{"id":"115","name":"CHAPTER 2. - MOTOR VEHICLES AND TRAFFIC","identifier":"2","label":"chapter","url":"\/II\/11\/2\/"},"3":{"id":"110","name":"PART 11 - TRANSPORTATION","identifier":"11","label":"part","url":"\/II\/11\/"},"4":{"id":"5","name":"Division II - Planning and Development","identifier":"II","label":"division","url":"\/II\/"}},"structure_contents":{"0":{"id":"497","structure_id":"133","section_number":"11-2231","catch_line":"DEFINITIONS.","url":"\/11-2231\/","token":"11-2231"},"1":{"id":"498","structure_id":"133","section_number":"11-2232","catch_line":"CERTAIN OBSTRUCTIONS PROHIBITED; EXCEPTIONS.","url":"\/11-2232\/","token":"11-2232"},"2":{"id":"499","structure_id":"133","section_number":"11-2233","catch_line":"USE OF FLAGMEN; CHANNELIZATION OF TRAFFIC.","url":"\/11-2233\/","token":"11-2233"},"3":{"id":"500","structure_id":"133","section_number":"11-2234","catch_line":"USE OF WARNING SIGNS GENERALLY.","url":"\/11-2234\/","token":"11-2234"},"4":{"id":"501","structure_id":"133","section_number":"11-2235","catch_line":"WARNING DEVICES FOR NIGHTTIME OBSTRUCTION.","url":"\/11-2235\/","token":"11-2235"},"5":{"id":"502","structure_id":"133","section_number":"11-2236","catch_line":"ALTERNATE WARNING DEVICES WHEN DURATION OF OBSTRUCTION 30 MINUTES OR LESS.","url":"\/11-2236\/","token":"11-2236"},"6":{"id":"504","structure_id":"133","section_number":"11-2237","catch_line":"FAILURE TO REMOVE SIGNS.","url":"\/11-2237\/","token":"11-2237"},"7":{"id":"505","structure_id":"133","section_number":"11-2238","catch_line":"SIGNS MUST CONTAIN CORRECT INFORMATION.","url":"\/11-2238\/","token":"11-2238"},"8":{"id":"506","structure_id":"133","section_number":"11-2239","catch_line":"EMERGENCY SITUATIONS.","url":"\/11-2239\/","token":"11-2239"},"9":{"id":"507","structure_id":"133","section_number":"11-2240","catch_line":"DIRECTOR OF THE DEPARTMENT OF TRANSPORTATION TO PUBLISH AND MAINTAIN MANUAL; CONTENTS OF MANUAL; COPIES ON FILE.","url":"\/11-2240\/","token":"11-2240"},"10":{"id":"508","structure_id":"133","section_number":"11-2241","catch_line":"NORTH CAROLINA DEPARTMENT OF TRANSPORTATION EMPLOYEES AND AGENTS EXEMPTED.","url":"\/11-2241\/","token":"11-2241"},"11":{"id":"509","structure_id":"133","section_number":"11-2242","catch_line":"REMOVAL OR DESTRUCTION OF WARNING DEVICES.","url":"\/11-2242\/","token":"11-2242"},"12":{"id":"510","structure_id":"133","section_number":"11-2243","catch_line":"BUILDING MATERIALS ON STREET.","url":"\/11-2243\/","token":"11-2243"},"13":{"id":"511","structure_id":"133","section_number":"11-2244","catch_line":"DURATION OF SIGNING, SIGNALLING AND CHANNELIZATION REQUIREMENTS; CLEANING STREET.","url":"\/11-2244\/","token":"11-2244"},"14":{"id":"512","structure_id":"133","section_number":"11-2245","catch_line":"VIOLATION AND NONCOMPLIANCE.","url":"\/11-2245\/","token":"11-2245"}},"previous_section":{"id":"505","structure_id":"133","section_number":"11-2238","catch_line":"SIGNS MUST CONTAIN CORRECT INFORMATION.","url":"\/11-2238\/","token":"11-2238"},"next_section":{"id":"507","structure_id":"133","section_number":"11-2240","catch_line":"DIRECTOR OF THE DEPARTMENT OF TRANSPORTATION TO PUBLISH AND MAINTAIN MANUAL; CONTENTS OF MANUAL; COPIES ON FILE.","url":"\/11-2240\/","token":"11-2240"},"references":false,"formats":{"txt":"\/11-2239.txt","json":"\/11-2239.xml"},"dublin_core":{"Title":"EMERGENCY SITUATIONS.","Type":"Text","Format":"text\/html","Identifier":"\u00a7 11-2239","Relation":"Code of State"},"plain_text":"                                  CODE OF STATE\n\nEMERGENCY SITUATIONS. (\u00a7 11-2239)\n\nIn the event of an emergency situation, as defined in this article, which\nresults in the obstruction of any street the prohibitions and requirements of\nthis article shall not apply. In the event of such emergency situation the\nperson, persons, firm or corporation working to remove the obstruction shall\nmake all reasonable efforts to provide for the immediate protection of the\nhealth, safety and property of all persons using the street during the existence\nof the emergency situation. Such person, persons, firm or corporation working to\nremove the obstruction shall notify the Department of Transportation and\nEmergency Communication at 911 and shall comply with the provisions of this\narticle as soon as is reasonably possible after commencing work to remove the\nobstruction causing the emergency situation. \n(Code 1959 , \u00a719-39; Ord. No. 1994-393, \u00a78, 5-3-94)\n"}