{"law_id":"482","section_number":"11-2205","catch_line":"PARKING TIME LIMITS.","history":"","order_by":"11-2205","metadata":false,"url":"\/11-2205\/","token":"11-2205","structure":{"1":{"id":"131","name":"ARTICLE K. - PARKING METERS","identifier":"K","label":"article","url":"\/II\/11\/2\/K\/"},"2":{"id":"115","name":"CHAPTER 2. - MOTOR VEHICLES AND TRAFFIC","identifier":"2","label":"chapter","url":"\/II\/11\/2\/"},"3":{"id":"110","name":"PART 11 - TRANSPORTATION","identifier":"11","label":"part","url":"\/II\/11\/"},"4":{"id":"5","name":"Division II - Planning and Development","identifier":"II","label":"division","url":"\/II\/"}},"referred_to_by":false,"edition_id":"1","section_id":"482","structure_id":"131","full_text":"(a) Fifteen-minute parking meter zones. \nParking or standing a vehicle in a designated space in a fifteen-minute parking zone as provided in Traffic \nSchedule No. 20, parking meter zones, shall be lawful for fifteen (15) minutes upon deposit of fifty cents ($0.50) in coins of the United States of America.\r\r(b) Thirty-minute parking meter zones. \nParking or standing a vehicle in a designated space in a thirty-minute parking meter zone as provided by official Traffic Schedule No. 20, parking meter zones, shall be lawful for thirty (30) minutes upon deposit of fifty cents ($0.50) in coins of the United States of America.\r\r(c) One-hour parking meter zones. \nParking or standing a vehicle in a designated space in a one-hour parking meter zone as provided by official Traffic Schedule No. 20, shall be lawful for one (1) hour upon deposit of fifty cents ($0.50) in coins of the United States of America.\r\r(d) Two-hour parking meter zones. \nParking or standing a vehicle in a designated space in a two-hour parking meter zone, as provided by official Traffic Schedule No. 20, shall be lawful for two (2) hours upon deposit of fifty cents ($0.50) in coins of the United States of America. \n(Code 1959 , \u00a721-48(a)\u2014(d); Ord. No. 1989-427, \u00a71, 9-5-89; Ord. No. 2004-666A, \u00a7\u00a79\u201412, 6-29-04)\r\r","text":{"0":{"id":"1341","text":"Fifteen-minute parking meter zones. \nParking or standing a vehicle in a designated space in a fifteen-minute parking zone as provided in Traffic \nSchedule No. 20, parking meter zones, shall be lawful for fifteen (15) minutes upon deposit of fifty cents ($0.50) in coins of the United States of America.","type":"section","prefixes":["(a)"],"prefix":"(a)","entire_prefix":"(a)","prefix_anchor":"(a)","level":1},"1":{"id":"1342","text":"Thirty-minute parking meter zones. \nParking or standing a vehicle in a designated space in a thirty-minute parking meter zone as provided by official Traffic Schedule No. 20, parking meter zones, shall be lawful for thirty (30) minutes upon deposit of fifty cents ($0.50) in coins of the United States of America.","type":"section","prefixes":["(b)"],"prefix":"(b)","entire_prefix":"(b)","prefix_anchor":"(b)","level":1},"2":{"id":"1343","text":"One-hour parking meter zones. \nParking or standing a vehicle in a designated space in a one-hour parking meter zone as provided by official Traffic Schedule No. 20, shall be lawful for one (1) hour upon deposit of fifty cents ($0.50) in coins of the United States of America.","type":"section","prefixes":["(c)"],"prefix":"(c)","entire_prefix":"(c)","prefix_anchor":"(c)","level":1},"3":{"id":"1344","text":"Two-hour parking meter zones. \nParking or standing a vehicle in a designated space in a two-hour parking meter zone, as provided by official Traffic Schedule No. 20, shall be lawful for two (2) hours upon deposit of fifty cents ($0.50) in coins of the United States of America. \n(Code 1959 , \u00a721-48(a)\u2014(d); Ord. No. 1989-427, \u00a71, 9-5-89; Ord. No. 2004-666A, \u00a7\u00a79\u201412, 6-29-04)","type":"section","prefixes":["(d)"],"prefix":"(d)","entire_prefix":"(d)","prefix_anchor":"(d)","level":1}},"ancestry":{"1":{"id":"131","name":"ARTICLE K. - PARKING METERS","identifier":"K","label":"article","url":"\/II\/11\/2\/K\/"},"2":{"id":"115","name":"CHAPTER 2. - MOTOR VEHICLES AND TRAFFIC","identifier":"2","label":"chapter","url":"\/II\/11\/2\/"},"3":{"id":"110","name":"PART 11 - TRANSPORTATION","identifier":"11","label":"part","url":"\/II\/11\/"},"4":{"id":"5","name":"Division II - Planning and Development","identifier":"II","label":"division","url":"\/II\/"}},"structure_contents":{"0":{"id":"476","structure_id":"131","section_number":"11-2200","catch_line":"PENALTIES.","url":"\/11-2200\/","token":"11-2200"},"1":{"id":"477","structure_id":"131","section_number":"11-2201","catch_line":"DEFINITIONS.","url":"\/11-2201\/","token":"11-2201"},"2":{"id":"478","structure_id":"131","section_number":"11-2202","catch_line":"PARKING METER ZONES.","url":"\/11-2202\/","token":"11-2202"},"3":{"id":"479","structure_id":"131","section_number":"11-2203","catch_line":"INSTALLATION OF PARKING METERS.","url":"\/11-2203\/","token":"11-2203"},"4":{"id":"480","structure_id":"131","section_number":"11-2204","catch_line":"OPERATION OF PARKING METERS.","url":"\/11-2204\/","token":"11-2204"},"5":{"id":"482","structure_id":"131","section_number":"11-2205","catch_line":"PARKING TIME LIMITS.","url":"\/11-2205\/","token":"11-2205"},"6":{"id":"483","structure_id":"131","section_number":"11-2206","catch_line":"METER ZONES; PERIOD OF OPERATION.","url":"\/11-2206\/","token":"11-2206"},"7":{"id":"484","structure_id":"131","section_number":"11-2207","catch_line":"EXCEPTIONS TO PARKING TIME LIMITATIONS AND TO REQUIRED ACTIVATION OF PARKING METERS BY DEPOSIT OF COINS; PARKING SPACE ENCUMBRANCE.","url":"\/11-2207\/","token":"11-2207"},"8":{"id":"485","structure_id":"131","section_number":"11-2208","catch_line":"PARKING EXCEPTIONS AND SPACE RESERVATIONS AUTHORIZED BY CITY COUNCIL.","url":"\/11-2208\/","token":"11-2208"},"9":{"id":"486","structure_id":"131","section_number":"11-2209","catch_line":"CONTENTS OF APPLICATION; FORM.","url":"\/11-2209\/","token":"11-2209"},"10":{"id":"487","structure_id":"131","section_number":"11-2210","catch_line":"ISSUANCE OF PERMITS.","url":"\/11-2210\/","token":"11-2210"},"11":{"id":"488","structure_id":"131","section_number":"11-2211","catch_line":"UNLAWFUL ACTS.","url":"\/11-2211\/","token":"11-2211"},"12":{"id":"489","structure_id":"131","section_number":"11-2212","catch_line":"VIOLATIONS.","url":"\/11-2212\/","token":"11-2212"},"13":{"id":"490","structure_id":"131","section_number":"11-2213","catch_line":"ENFORCEMENT.","url":"\/11-2213\/","token":"11-2213"},"14":{"id":"491","structure_id":"131","section_number":"11-2214","catch_line":"USE OF PROCEEDS.","url":"\/11-2214\/","token":"11-2214"},"15":{"id":"493","structure_id":"131","section_number":"11-2215","catch_line":"RESERVATION OF POWERS.","url":"\/11-2215\/","token":"11-2215"},"16":{"id":"494","structure_id":"131","section_number":"11-2216","catch_line":"IMMOBILIZATION OF VEHICLES.","url":"\/11-2216\/","token":"11-2216"},"17":{"id":"495","structure_id":"131","section_number":"11-2217","catch_line":"RESERVED.","url":"\/11-2217\/","token":"11-2217"},"18":{"id":"496","structure_id":"131","section_number":"11-2217","catch_line":"RESERVED. ","url":"\/11-2217\/","token":"11-2217"}},"previous_section":{"id":"480","structure_id":"131","section_number":"11-2204","catch_line":"OPERATION OF PARKING METERS.","url":"\/11-2204\/","token":"11-2204"},"next_section":{"id":"483","structure_id":"131","section_number":"11-2206","catch_line":"METER ZONES; PERIOD OF OPERATION.","url":"\/11-2206\/","token":"11-2206"},"references":{"0":{"id":"457","section_number":"11-2175","catch_line":"PARKING LIMITATIONS ON CITY-OWNED FACILITIES.","url":"http:\/\/localhost:8888\/11-2175\/"}},"formats":{"txt":"\/11-2205.txt","json":"\/11-2205.xml"},"dublin_core":{"Title":"PARKING TIME LIMITS.","Type":"Text","Format":"text\/html","Identifier":"\u00a7 11-2205","Relation":"Code of State"},"plain_text":"                                  CODE OF STATE\n\nPARKING TIME LIMITS. (\u00a7 11-2205)\n\n(a) Fifteen-minute parking meter zones. \nParking or standing a vehicle in a designated space in a fifteen-minute parking\nzone as provided in Traffic \nSchedule No. 20, parking meter zones, shall be lawful for fifteen (15) minutes\nupon deposit of fifty cents ($0.50) in coins of the United States of America.\n\n(b) Thirty-minute parking meter zones. \nParking or standing a vehicle in a designated space in a thirty-minute parking\nmeter zone as provided by official Traffic Schedule No. 20, parking meter zones,\nshall be lawful for thirty (30) minutes upon deposit of fifty cents ($0.50) in\ncoins of the United States of America.\n\n(c) One-hour parking meter zones. \nParking or standing a vehicle in a designated space in a one-hour parking meter\nzone as provided by official Traffic Schedule No. 20, shall be lawful for one\n(1) hour upon deposit of fifty cents ($0.50) in coins of the United States of\nAmerica.\n\n(d) Two-hour parking meter zones. \nParking or standing a vehicle in a designated space in a two-hour parking meter\nzone, as provided by official Traffic Schedule No. 20, shall be lawful for two\n(2) hours upon deposit of fifty cents ($0.50) in coins of the United States of\nAmerica. \n(Code 1959 , \u00a721-48(a)\u2014(d); Ord. No. 1989-427, \u00a71, 9-5-89; Ord. No.\n2004-666A, \u00a7\u00a79\u201412, 6-29-04)\n"}