{"law_id":"416","edition_id":"1","section_id":"416","structure_id":"122","section_number":"11-2101","catch_line":"TURNING MARKERS.","history":"","full_text":"When authorized signs, markers, buttons, or other indicators are placed within an intersection indicating the course to be traveled by vehicles turning thereat, no driver of a vehicle shall disobey the directions of the indicators. \nState law reference: Turning at intersections, G.S. 20-153.","order_by":"11-2101","text":{"0":{"id":"1137","text":"When authorized signs, markers, buttons, or other indicators are placed within an intersection indicating the course to be traveled by vehicles turning thereat, no driver of a vehicle shall disobey the directions of the indicators. \nState law reference: Turning at intersections, G.S. 20-153.","type":"section","prefixes":[""],"prefix":"","entire_prefix":"","prefix_anchor":"","level":1}},"ancestry":{"1":{"id":"122","name":"ARTICLE F. - TURNING MOVEMENTS","identifier":"F","label":"article","url":"\/II\/11\/2\/F\/"},"2":{"id":"115","name":"CHAPTER 2. - MOTOR VEHICLES AND TRAFFIC","identifier":"2","label":"chapter","url":"\/II\/11\/2\/"},"3":{"id":"110","name":"PART 11 - TRANSPORTATION","identifier":"11","label":"part","url":"\/II\/11\/"},"4":{"id":"5","name":"Division II - Planning and Development","identifier":"II","label":"division","url":"\/II\/"}},"structure_contents":{"0":{"id":"416","structure_id":"122","section_number":"11-2101","catch_line":"TURNING MARKERS.","url":"\/11-2101\/","token":"11-2101"},"1":{"id":"417","structure_id":"122","section_number":"11-2102","catch_line":"TURNING AT CHANNELIZED INTERSECTIONS.","url":"\/11-2102\/","token":"11-2102"},"2":{"id":"418","structure_id":"122","section_number":"11-2103","catch_line":"U-TURNS PROHIBITED.","url":"\/11-2103\/","token":"11-2103"},"3":{"id":"419","structure_id":"122","section_number":"11-2104","catch_line":"TURNING AT OR BETWEEN INTERSECTIONS.","url":"\/11-2104\/","token":"11-2104"},"4":{"id":"420","structure_id":"122","section_number":"11-2105","catch_line":"RIGHT TURNS ON RED TRAFFIC CONTROL SIGNAL LIGHTS PROHIBITED.","url":"\/11-2105\/","token":"11-2105"},"5":{"id":"421","structure_id":"122","section_number":"11-2106","catch_line":"RESERVED.","url":"\/11-2106\/","token":"11-2106"},"6":{"id":"422","structure_id":"122","section_number":"11-2106","catch_line":"RESERVED. ","url":"\/11-2106\/","token":"11-2106"}},"next_section":{"id":"417","structure_id":"122","section_number":"11-2102","catch_line":"TURNING AT CHANNELIZED INTERSECTIONS.","url":"\/11-2102\/","token":"11-2102"},"metadata":false,"references":false,"url":"\/11-2101\/","token":"11-2101","formats":{"txt":"\/11-2101.txt","json":"\/11-2101.xml"},"dublin_core":{"Title":"TURNING MARKERS.","Type":"Text","Format":"text\/html","Identifier":"\u00a7 11-2101","Relation":"Code of State"},"plain_text":"                                  CODE OF STATE\n\nTURNING MARKERS. (\u00a7 11-2101)\n\nWhen authorized signs, markers, buttons, or other indicators are placed within\nan intersection indicating the course to be traveled by vehicles turning\nthereat, no driver of a vehicle shall disobey the directions of the indicators. \nState law reference: Turning at intersections, G.S. 20-153.\n"}