{"law_id":"456","section_number":"11-2174","catch_line":"PARKING TIME LIMITED IN DESIGNATED PLACES.","history":"","order_by":"11-2174","metadata":false,"url":"\/11-2174\/","token":"11-2174","structure":{"1":{"id":"128","name":"ARTICLE J. - PARKING AND STANDING","identifier":"J","label":"article","url":"\/II\/11\/2\/J\/"},"2":{"id":"115","name":"CHAPTER 2. - MOTOR VEHICLES AND TRAFFIC","identifier":"2","label":"chapter","url":"\/II\/11\/2\/"},"3":{"id":"110","name":"PART 11 - TRANSPORTATION","identifier":"11","label":"part","url":"\/II\/11\/"},"4":{"id":"5","name":"Division II - Planning and Development","identifier":"II","label":"division","url":"\/II\/"}},"referred_to_by":{"0":{"id":"465","section_number":"11-2182","catch_line":"CONTROLLED PARKING RESIDENTIAL AREA.","url":"http:\/\/localhost:8888\/11-2182\/"}},"edition_id":"1","section_id":"456","structure_id":"128","full_text":"(b) Each interval of time, equal to the legally allowable parking time in any particular zone, by which a vehicle remains beyond the legal time, shall be a separate violation. For example, each hour or part thereof a vehicle remains past the first hour in a one-hour parking zone shall constitute a separate violation.\r\r(c) The City Council may designate certain parking spaces on City streets at or near electric charging stations for use only by electric vehicles. An electric vehicle is one that operates, either partially or exclusively, on electrical energy from the grid, or an off grid source, that is stored on board for motive purpose. An electric charging station is equipment that has as its primary purpose the transfer of electric energy to a battery or other energy storage device on an electric vehicle. \nSpaces designated as reserved for electric vehicles shall be clearly marked as such. When a space has been so marked no person shall park or stand any nonelectric vehicle in that space. If an electric vehicle is parked in such a designated space but is not attached to the charging station it is in violation of this ordinance. Any nonelectric vehicle so parked is subject to civil fine or removal. The fine for violation of this ordinance is fifty dollars ($50.00) and shall be collected in the same manner and with the same penalties for late payment as other on street parking violations. Any vehicle parked in such a space must make the appropriate payment for the space and observe the time limit for the underlying parking zone. \n(Code 1959 , \u00a721-37; Ord. No. 1981-691, \u00a72, 6-16-81; Ord. No. 1997-76, \u00a71, 3-4-97; Ord. No. 2006-998, \u00a71, 4-18-06; Ord. No. 2012-35, \u00a71, 4-3-12, eff. 4-10-12) \nCross reference: Schedules incorporated by reference, \u00a711-2004\r\r","text":{"0":{"id":"1249","text":"","type":"section","prefixes":["(a)"],"prefix":"(a)","entire_prefix":"(a)","prefix_anchor":"(a)","level":1},"1":{"id":"1250","text":"\tOn Saturdays, Sundays, Independence Day, Labor Day, Thanksgiving Day and Christmas Day.\n","type":"section","prefixes":["(a)","(1)"],"prefix":"(1)","entire_prefix":"(a)(1)","prefix_anchor":"(a)(1)","level":2},"2":{"id":"1251","text":"\tAt the main post office, where parking is restricted in accordance with other provisions of this chapter. \n","type":"section","prefixes":["(a)","(2)"],"prefix":"(2)","entire_prefix":"(a)(2)","prefix_anchor":"(a)(2)","level":2},"3":{"id":"1252","text":"\tAt locations specified in \u00a711-2172, \u00a711-2178, \u00a711-2179, or Article K of this chapter. \n","type":"section","prefixes":["(a)","(3)"],"prefix":"(3)","entire_prefix":"(a)(3)","prefix_anchor":"(a)(3)","level":2},"4":{"id":"1253","text":"Each interval of time, equal to the legally allowable parking time in any particular zone, by which a vehicle remains beyond the legal time, shall be a separate violation. For example, each hour or part thereof a vehicle remains past the first hour in a one-hour parking zone shall constitute a separate violation.","type":"section","prefixes":["(b)"],"prefix":"(b)","entire_prefix":"(b)","prefix_anchor":"(b)","level":1},"5":{"id":"1254","text":"The City Council may designate certain parking spaces on City streets at or near electric charging stations for use only by electric vehicles. An electric vehicle is one that operates, either partially or exclusively, on electrical energy from the grid, or an off grid source, that is stored on board for motive purpose. An electric charging station is equipment that has as its primary purpose the transfer of electric energy to a battery or other energy storage device on an electric vehicle. \nSpaces designated as reserved for electric vehicles shall be clearly marked as such. When a space has been so marked no person shall park or stand any nonelectric vehicle in that space. If an electric vehicle is parked in such a designated space but is not attached to the charging station it is in violation of this ordinance. Any nonelectric vehicle so parked is subject to civil fine or removal. The fine for violation of this ordinance is fifty dollars ($50.00) and shall be collected in the same manner and with the same penalties for late payment as other on street parking violations. Any vehicle parked in such a space must make the appropriate payment for the space and observe the time limit for the underlying parking zone. \n(Code 1959 , \u00a721-37; Ord. No. 1981-691, \u00a72, 6-16-81; Ord. No. 1997-76, \u00a71, 3-4-97; Ord. No. 2006-998, \u00a71, 4-18-06; Ord. No. 2012-35, \u00a71, 4-3-12, eff. 4-10-12) \nCross reference: Schedules incorporated by reference, \u00a711-2004","type":"section","prefixes":["(c)"],"prefix":"(c)","entire_prefix":"(c)","prefix_anchor":"(c)","level":1}},"ancestry":{"1":{"id":"128","name":"ARTICLE J. - PARKING AND STANDING","identifier":"J","label":"article","url":"\/II\/11\/2\/J\/"},"2":{"id":"115","name":"CHAPTER 2. - MOTOR VEHICLES AND TRAFFIC","identifier":"2","label":"chapter","url":"\/II\/11\/2\/"},"3":{"id":"110","name":"PART 11 - TRANSPORTATION","identifier":"11","label":"part","url":"\/II\/11\/"},"4":{"id":"5","name":"Division II - Planning and Development","identifier":"II","label":"division","url":"\/II\/"}},"structure_contents":{"0":{"id":"452","structure_id":"128","section_number":"11-2170","catch_line":"PENALTIES.","url":"\/11-2170\/","token":"11-2170"},"1":{"id":"453","structure_id":"128","section_number":"11-2171","catch_line":"PARKING PROHIBITED IN CERTAIN PLACES.","url":"\/11-2171\/","token":"11-2171"},"2":{"id":"454","structure_id":"128","section_number":"11-2172","catch_line":"NO PARKING ZONES.","url":"\/11-2172\/","token":"11-2172"},"3":{"id":"455","structure_id":"128","section_number":"11-2173","catch_line":"NO STOPPING OR STANDING ZONES.","url":"\/11-2173\/","token":"11-2173"},"4":{"id":"456","structure_id":"128","section_number":"11-2174","catch_line":"PARKING TIME LIMITED IN DESIGNATED PLACES.","url":"\/11-2174\/","token":"11-2174"},"5":{"id":"457","structure_id":"128","section_number":"11-2175","catch_line":"PARKING LIMITATIONS ON CITY-OWNED FACILITIES.","url":"\/11-2175\/","token":"11-2175"},"6":{"id":"459","structure_id":"128","section_number":"11-2176","catch_line":"TRUCK PARKING.","url":"\/11-2176\/","token":"11-2176"},"7":{"id":"460","structure_id":"128","section_number":"11-2177","catch_line":"STANDING FOR LOADING ONLY.","url":"\/11-2177\/","token":"11-2177"},"8":{"id":"461","structure_id":"128","section_number":"11-2178","catch_line":"BUS STOPS.","url":"\/11-2178\/","token":"11-2178"},"9":{"id":"462","structure_id":"128","section_number":"11-2179","catch_line":"STOPPING, STANDING OR PARKING CLOSE TO CURB.","url":"\/11-2179\/","token":"11-2179"},"10":{"id":"463","structure_id":"128","section_number":"11-2180","catch_line":"UNLAWFUL PURPOSES FOR PARKING.","url":"\/11-2180\/","token":"11-2180"},"11":{"id":"464","structure_id":"128","section_number":"11-2181","catch_line":"TEMPORARY PARKING RESTRICTIONS BY CHIEF OF POLICE.","url":"\/11-2181\/","token":"11-2181"},"12":{"id":"465","structure_id":"128","section_number":"11-2182","catch_line":"CONTROLLED PARKING RESIDENTIAL AREA.","url":"\/11-2182\/","token":"11-2182"},"13":{"id":"466","structure_id":"128","section_number":"11-2183","catch_line":"PARKING, OBSTRUCTIONS PROHIBITED AT MOORE SQUARE TRANSIT TRANSFER FACILITY.","url":"\/11-2183\/","token":"11-2183"},"14":{"id":"467","structure_id":"128","section_number":"11-2184","catch_line":"TAXI ZONES.","url":"\/11-2184\/","token":"11-2184"},"15":{"id":"468","structure_id":"128","section_number":"11-2185","catch_line":"POLICE VEHICLE PARKING ZONE.","url":"\/11-2185\/","token":"11-2185"},"16":{"id":"471","structure_id":"128","section_number":"11-2186","catch_line":"VALET PARKING.","url":"\/11-2186\/","token":"11-2186"},"17":{"id":"472","structure_id":"128","section_number":"11-2187","catch_line":"NO PARKING TOW AWAY ZONE.","url":"\/11-2187\/","token":"11-2187"},"18":{"id":"473","structure_id":"128","section_number":"11-2188","catch_line":"EXTRAORDINANRY IMPACT EVENTS.","url":"\/11-2188\/","token":"11-2188"},"19":{"id":"474","structure_id":"128","section_number":"11-2189","catch_line":"RESERVED.","url":"\/11-2189\/","token":"11-2189"},"20":{"id":"475","structure_id":"128","section_number":"11-2189","catch_line":"RESERVED. ","url":"\/11-2189\/","token":"11-2189"}},"previous_section":{"id":"455","structure_id":"128","section_number":"11-2173","catch_line":"NO STOPPING OR STANDING ZONES.","url":"\/11-2173\/","token":"11-2173"},"next_section":{"id":"457","structure_id":"128","section_number":"11-2175","catch_line":"PARKING LIMITATIONS ON CITY-OWNED FACILITIES.","url":"\/11-2175\/","token":"11-2175"},"references":{"0":{"id":"457","section_number":"11-2175","catch_line":"PARKING LIMITATIONS ON CITY-OWNED FACILITIES.","url":"http:\/\/localhost:8888\/11-2175\/"},"1":{"id":"465","section_number":"11-2182","catch_line":"CONTROLLED PARKING RESIDENTIAL AREA.","url":"http:\/\/localhost:8888\/11-2182\/"}},"formats":{"txt":"\/11-2174.txt","json":"\/11-2174.xml"},"dublin_core":{"Title":"PARKING TIME LIMITED IN DESIGNATED PLACES.","Type":"Text","Format":"text\/html","Identifier":"\u00a7 11-2174","Relation":"Code of State"},"plain_text":"                                  CODE OF STATE\n\nPARKING TIME LIMITED IN DESIGNATED PLACES. (\u00a7 11-2174)\n\n(a) \n\n   (1) \tOn Saturdays, Sundays, Independence Day, Labor Day, Thanksgiving Day and\n   Christmas Day.\n   \n\n   (2) \tAt the main post office, where parking is restricted in accordance with\n   other provisions of this chapter. \n   \n\n   (3) \tAt locations specified in \u00a711-2172, \u00a711-2178, \u00a711-2179, or Article K\n   of this chapter. \n   \n\n(b) Each interval of time, equal to the legally allowable parking time in any\nparticular zone, by which a vehicle remains beyond the legal time, shall be a\nseparate violation. For example, each hour or part thereof a vehicle remains\npast the first hour in a one-hour parking zone shall constitute a separate\nviolation.\n\n(c) The City Council may designate certain parking spaces on City streets at or\nnear electric charging stations for use only by electric vehicles. An electric\nvehicle is one that operates, either partially or exclusively, on electrical\nenergy from the grid, or an off grid source, that is stored on board for motive\npurpose. An electric charging station is equipment that has as its primary\npurpose the transfer of electric energy to a battery or other energy storage\ndevice on an electric vehicle. \nSpaces designated as reserved for electric vehicles shall be clearly marked as\nsuch. When a space has been so marked no person shall park or stand any\nnonelectric vehicle in that space. If an electric vehicle is parked in such a\ndesignated space but is not attached to the charging station it is in violation\nof this ordinance. Any nonelectric vehicle so parked is subject to civil fine or\nremoval. The fine for violation of this ordinance is fifty dollars ($50.00) and\nshall be collected in the same manner and with the same penalties for late\npayment as other on street parking violations. Any vehicle parked in such a\nspace must make the appropriate payment for the space and observe the time limit\nfor the underlying parking zone. \n(Code 1959 , \u00a721-37; Ord. No. 1981-691, \u00a72, 6-16-81; Ord. No. 1997-76, \u00a71,\n3-4-97; Ord. No. 2006-998, \u00a71, 4-18-06; Ord. No. 2012-35, \u00a71, 4-3-12, eff.\n4-10-12) \nCross reference: Schedules incorporated by reference, \u00a711-2004\n"}