{"law_id":"406","section_number":"11-2074","catch_line":"THROUGH STREETS.","history":"","order_by":"11-2074","metadata":false,"url":"\/11-2074\/","token":"11-2074","structure":{"1":{"id":"119","name":"ARTICLE D. - STOPS REQUIRED","identifier":"D","label":"article","url":"\/II\/11\/2\/D\/"},"2":{"id":"115","name":"CHAPTER 2. - MOTOR VEHICLES AND TRAFFIC","identifier":"2","label":"chapter","url":"\/II\/11\/2\/"},"3":{"id":"110","name":"PART 11 - TRANSPORTATION","identifier":"11","label":"part","url":"\/II\/11\/"},"4":{"id":"5","name":"Division II - Planning and Development","identifier":"II","label":"division","url":"\/II\/"}},"referred_to_by":{"0":{"id":"406","section_number":"11-2074","catch_line":"THROUGH STREETS.","url":"http:\/\/localhost:8888\/11-2074\/"}},"edition_id":"1","section_id":"406","structure_id":"119","full_text":"It shall be unlawful for any person to fail to stop at a stop sign or yield at a yield sign, as required by Chapters 20-158 and 20-158.1 of the General Statutes and \u00a711-2072 and \u00a711-2073 above, before entering any of the streets or parts of streets listed in official Traffic Schedule No. 4, Through Street; provided, if any such intersections are controlled by traffic signals, stop signs, yield signs, or other traffic-control devices as provided for in \u00a711-2071, \u00a711-2072 or \u00a711-2073 of this Code, such controls shall take precedence over this section. Traffic stop or yield signs shall be erected at all streets intersecting the through streets designated in official Traffic Schedule No. 4 unless otherwise provided for in this chapter. \nCross reference: Schedules incorporated by reference, \u00a711-2004","text":{"0":{"id":"1127","text":"It shall be unlawful for any person to fail to stop at a stop sign or yield at a yield sign, as required by Chapters 20-158 and 20-158.1 of the General Statutes and \u00a711-2072 and \u00a711-2073 above, before entering any of the streets or parts of streets listed in official Traffic Schedule No. 4, Through Street; provided, if any such intersections are controlled by traffic signals, stop signs, yield signs, or other traffic-control devices as provided for in \u00a711-2071, \u00a711-2072 or \u00a711-2073 of this Code, such controls shall take precedence over this section. Traffic stop or yield signs shall be erected at all streets intersecting the through streets designated in official Traffic Schedule No. 4 unless otherwise provided for in this chapter. \nCross reference: Schedules incorporated by reference, \u00a711-2004","type":"section","prefixes":[""],"prefix":"","entire_prefix":"","prefix_anchor":"","level":1}},"ancestry":{"1":{"id":"119","name":"ARTICLE D. - STOPS REQUIRED","identifier":"D","label":"article","url":"\/II\/11\/2\/D\/"},"2":{"id":"115","name":"CHAPTER 2. - MOTOR VEHICLES AND TRAFFIC","identifier":"2","label":"chapter","url":"\/II\/11\/2\/"},"3":{"id":"110","name":"PART 11 - TRANSPORTATION","identifier":"11","label":"part","url":"\/II\/11\/"},"4":{"id":"5","name":"Division II - Planning and Development","identifier":"II","label":"division","url":"\/II\/"}},"structure_contents":{"0":{"id":"402","structure_id":"119","section_number":"11-2071","catch_line":"ELECTRONIC TRAFFIC-CONTROL SIGNALS.","url":"\/11-2071\/","token":"11-2071"},"1":{"id":"404","structure_id":"119","section_number":"11-2072","catch_line":"STOP INTERSECTIONS.","url":"\/11-2072\/","token":"11-2072"},"2":{"id":"405","structure_id":"119","section_number":"11-2073","catch_line":"YIELD SIGNS.","url":"\/11-2073\/","token":"11-2073"},"3":{"id":"406","structure_id":"119","section_number":"11-2074","catch_line":"THROUGH STREETS.","url":"\/11-2074\/","token":"11-2074"},"4":{"id":"407","structure_id":"119","section_number":"11-2075","catch_line":"EMERGING FROM ALLEY OR PRIVATE DRIVEWAY.","url":"\/11-2075\/","token":"11-2075"},"5":{"id":"408","structure_id":"119","section_number":"11-2076","catch_line":"STOP WHEN TRAFFIC OBSTRUCTED.","url":"\/11-2076\/","token":"11-2076"},"6":{"id":"409","structure_id":"119","section_number":"11-2077","catch_line":"RESERVED.","url":"\/11-2077\/","token":"11-2077"},"7":{"id":"410","structure_id":"119","section_number":"11-2077","catch_line":"RESERVED. ","url":"\/11-2077\/","token":"11-2077"}},"previous_section":{"id":"405","structure_id":"119","section_number":"11-2073","catch_line":"YIELD SIGNS.","url":"\/11-2073\/","token":"11-2073"},"next_section":{"id":"407","structure_id":"119","section_number":"11-2075","catch_line":"EMERGING FROM ALLEY OR PRIVATE DRIVEWAY.","url":"\/11-2075\/","token":"11-2075"},"references":false,"formats":{"txt":"\/11-2074.txt","json":"\/11-2074.xml"},"dublin_core":{"Title":"THROUGH STREETS.","Type":"Text","Format":"text\/html","Identifier":"\u00a7 11-2074","Relation":"Code of State"},"plain_text":"                                  CODE OF STATE\n\nTHROUGH STREETS. (\u00a7 11-2074)\n\nIt shall be unlawful for any person to fail to stop at a stop sign or yield at a\nyield sign, as required by Chapters 20-158 and 20-158.1 of the General Statutes\nand \u00a711-2072 and \u00a711-2073 above, before entering any of the streets or parts\nof streets listed in official Traffic Schedule No. 4, Through Street; provided,\nif any such intersections are controlled by traffic signals, stop signs, yield\nsigns, or other traffic-control devices as provided for in \u00a711-2071, \u00a711-2072\nor \u00a711-2073 of this Code, such controls shall take precedence over this\nsection. Traffic stop or yield signs shall be erected at all streets\nintersecting the through streets designated in official Traffic Schedule No. 4\nunless otherwise provided for in this chapter. \nCross reference: Schedules incorporated by reference, \u00a711-2004\n"}