{"law_id":"462","section_number":"11-2179","catch_line":"STOPPING, STANDING OR PARKING CLOSE TO CURB.","history":"","order_by":"11-2179","metadata":false,"url":"\/11-2179\/","token":"11-2179","structure":{"1":{"id":"128","name":"ARTICLE J. - PARKING AND STANDING","identifier":"J","label":"article","url":"\/II\/11\/2\/J\/"},"2":{"id":"115","name":"CHAPTER 2. - MOTOR VEHICLES AND TRAFFIC","identifier":"2","label":"chapter","url":"\/II\/11\/2\/"},"3":{"id":"110","name":"PART 11 - TRANSPORTATION","identifier":"11","label":"part","url":"\/II\/11\/"},"4":{"id":"5","name":"Division II - Planning and Development","identifier":"II","label":"division","url":"\/II\/"}},"referred_to_by":{"0":{"id":"465","section_number":"11-2182","catch_line":"CONTROLLED PARKING RESIDENTIAL AREA.","url":"http:\/\/localhost:8888\/11-2182\/"}},"edition_id":"1","section_id":"462","structure_id":"128","full_text":"(a) No person shall stop, stand or park in a roadway upon which the boundaries of individual parking spaces are marked on the pavement other than parallel with the front of the curb or edge of the roadway , headed in the direction of traffic and completely within the boundaries of the delineated parking space. When no parking space boundaries are marked on the roadway the vehicle shall be parked as above except that it may not be farther than twelve (12) inches from the curb or edge of the roadway if there is no curb. On streets which have been marked or signed for angle parking vehicles shall be parked at the angle to the curb indicated by such marks or signs. The requirement that the vehicle be headed in the direction of traffic is not applicable if the parking space in question is on a street of two (2) lanes or less, without a marked center line, and located in a residentially zoned area.\r\r(b) For the purposes of this section &#8220;front of the curb&#8221; shall mean the roadside of the curb that is raised above and perpendicular to the gutter.\r\r(c) For the purposes of this section &#8220;edge of the roadway&#8221; shall mean the portion of the right-of-way where the improved area designed and ordinarily used for vehicular traffic meets the unimproved area not designed or ordinarily used for vehicular traffic. \n(Ord. No. 1995-607, \u00a71, 4-18-95; Ord. No. 2010-705, \u00a71, 2-16-10)\r\r","text":{"0":{"id":"1275","text":"No person shall stop, stand or park in a roadway upon which the boundaries of individual parking spaces are marked on the pavement other than parallel with the front of the curb or edge of the roadway , headed in the direction of traffic and completely within the boundaries of the delineated parking space. When no parking space boundaries are marked on the roadway the vehicle shall be parked as above except that it may not be farther than twelve (12) inches from the curb or edge of the roadway if there is no curb. On streets which have been marked or signed for angle parking vehicles shall be parked at the angle to the curb indicated by such marks or signs. The requirement that the vehicle be headed in the direction of traffic is not applicable if the parking space in question is on a street of two (2) lanes or less, without a marked center line, and located in a residentially zoned area.","type":"section","prefixes":["(a)"],"prefix":"(a)","entire_prefix":"(a)","prefix_anchor":"(a)","level":1},"1":{"id":"1276","text":"For the purposes of this section &#8220;front of the curb&#8221; shall mean the roadside of the curb that is raised above and perpendicular to the gutter.","type":"section","prefixes":["(b)"],"prefix":"(b)","entire_prefix":"(b)","prefix_anchor":"(b)","level":1},"2":{"id":"1277","text":"For the purposes of this section &#8220;edge of the roadway&#8221; shall mean the portion of the right-of-way where the improved area designed and ordinarily used for vehicular traffic meets the unimproved area not designed or ordinarily used for vehicular traffic. \n(Ord. No. 1995-607, \u00a71, 4-18-95; Ord. No. 2010-705, \u00a71, 2-16-10)","type":"section","prefixes":["(c)"],"prefix":"(c)","entire_prefix":"(c)","prefix_anchor":"(c)","level":1}},"ancestry":{"1":{"id":"128","name":"ARTICLE J. - PARKING AND STANDING","identifier":"J","label":"article","url":"\/II\/11\/2\/J\/"},"2":{"id":"115","name":"CHAPTER 2. - MOTOR VEHICLES AND TRAFFIC","identifier":"2","label":"chapter","url":"\/II\/11\/2\/"},"3":{"id":"110","name":"PART 11 - TRANSPORTATION","identifier":"11","label":"part","url":"\/II\/11\/"},"4":{"id":"5","name":"Division II - Planning and Development","identifier":"II","label":"division","url":"\/II\/"}},"structure_contents":{"0":{"id":"452","structure_id":"128","section_number":"11-2170","catch_line":"PENALTIES.","url":"\/11-2170\/","token":"11-2170"},"1":{"id":"453","structure_id":"128","section_number":"11-2171","catch_line":"PARKING PROHIBITED IN CERTAIN PLACES.","url":"\/11-2171\/","token":"11-2171"},"2":{"id":"454","structure_id":"128","section_number":"11-2172","catch_line":"NO PARKING ZONES.","url":"\/11-2172\/","token":"11-2172"},"3":{"id":"455","structure_id":"128","section_number":"11-2173","catch_line":"NO STOPPING OR STANDING ZONES.","url":"\/11-2173\/","token":"11-2173"},"4":{"id":"456","structure_id":"128","section_number":"11-2174","catch_line":"PARKING TIME LIMITED IN DESIGNATED PLACES.","url":"\/11-2174\/","token":"11-2174"},"5":{"id":"457","structure_id":"128","section_number":"11-2175","catch_line":"PARKING LIMITATIONS ON CITY-OWNED FACILITIES.","url":"\/11-2175\/","token":"11-2175"},"6":{"id":"459","structure_id":"128","section_number":"11-2176","catch_line":"TRUCK PARKING.","url":"\/11-2176\/","token":"11-2176"},"7":{"id":"460","structure_id":"128","section_number":"11-2177","catch_line":"STANDING FOR LOADING ONLY.","url":"\/11-2177\/","token":"11-2177"},"8":{"id":"461","structure_id":"128","section_number":"11-2178","catch_line":"BUS STOPS.","url":"\/11-2178\/","token":"11-2178"},"9":{"id":"462","structure_id":"128","section_number":"11-2179","catch_line":"STOPPING, STANDING OR PARKING CLOSE TO CURB.","url":"\/11-2179\/","token":"11-2179"},"10":{"id":"463","structure_id":"128","section_number":"11-2180","catch_line":"UNLAWFUL PURPOSES FOR PARKING.","url":"\/11-2180\/","token":"11-2180"},"11":{"id":"464","structure_id":"128","section_number":"11-2181","catch_line":"TEMPORARY PARKING RESTRICTIONS BY CHIEF OF POLICE.","url":"\/11-2181\/","token":"11-2181"},"12":{"id":"465","structure_id":"128","section_number":"11-2182","catch_line":"CONTROLLED PARKING RESIDENTIAL AREA.","url":"\/11-2182\/","token":"11-2182"},"13":{"id":"466","structure_id":"128","section_number":"11-2183","catch_line":"PARKING, OBSTRUCTIONS PROHIBITED AT MOORE SQUARE TRANSIT TRANSFER FACILITY.","url":"\/11-2183\/","token":"11-2183"},"14":{"id":"467","structure_id":"128","section_number":"11-2184","catch_line":"TAXI ZONES.","url":"\/11-2184\/","token":"11-2184"},"15":{"id":"468","structure_id":"128","section_number":"11-2185","catch_line":"POLICE VEHICLE PARKING ZONE.","url":"\/11-2185\/","token":"11-2185"},"16":{"id":"471","structure_id":"128","section_number":"11-2186","catch_line":"VALET PARKING.","url":"\/11-2186\/","token":"11-2186"},"17":{"id":"472","structure_id":"128","section_number":"11-2187","catch_line":"NO PARKING TOW AWAY ZONE.","url":"\/11-2187\/","token":"11-2187"},"18":{"id":"473","structure_id":"128","section_number":"11-2188","catch_line":"EXTRAORDINANRY IMPACT EVENTS.","url":"\/11-2188\/","token":"11-2188"},"19":{"id":"474","structure_id":"128","section_number":"11-2189","catch_line":"RESERVED.","url":"\/11-2189\/","token":"11-2189"},"20":{"id":"475","structure_id":"128","section_number":"11-2189","catch_line":"RESERVED. ","url":"\/11-2189\/","token":"11-2189"}},"previous_section":{"id":"461","structure_id":"128","section_number":"11-2178","catch_line":"BUS STOPS.","url":"\/11-2178\/","token":"11-2178"},"next_section":{"id":"463","structure_id":"128","section_number":"11-2180","catch_line":"UNLAWFUL PURPOSES FOR PARKING.","url":"\/11-2180\/","token":"11-2180"},"references":false,"formats":{"txt":"\/11-2179.txt","json":"\/11-2179.xml"},"dublin_core":{"Title":"STOPPING, STANDING OR PARKING CLOSE TO CURB.","Type":"Text","Format":"text\/html","Identifier":"\u00a7 11-2179","Relation":"Code of State"},"plain_text":"                                  CODE OF STATE\n\nSTOPPING, STANDING OR PARKING CLOSE TO CURB. (\u00a7 11-2179)\n\n(a) No person shall stop, stand or park in a roadway upon which the boundaries\nof individual parking spaces are marked on the pavement other than parallel with\nthe front of the curb or edge of the roadway , headed in the direction of\ntraffic and completely within the boundaries of the delineated parking space.\nWhen no parking space boundaries are marked on the roadway the vehicle shall be\nparked as above except that it may not be farther than twelve (12) inches from\nthe curb or edge of the roadway if there is no curb. On streets which have been\nmarked or signed for angle parking vehicles shall be parked at the angle to the\ncurb indicated by such marks or signs. The requirement that the vehicle be\nheaded in the direction of traffic is not applicable if the parking space in\nquestion is on a street of two (2) lanes or less, without a marked center line,\nand located in a residentially zoned area.\n\n(b) For the purposes of this section &#8220;front of the curb&#8221; shall mean\nthe roadside of the curb that is raised above and perpendicular to the gutter.\n\n(c) For the purposes of this section &#8220;edge of the roadway&#8221; shall\nmean the portion of the right-of-way where the improved area designed and\nordinarily used for vehicular traffic meets the unimproved area not designed or\nordinarily used for vehicular traffic. \n(Ord. No. 1995-607, \u00a71, 4-18-95; Ord. No. 2010-705, \u00a71, 2-16-10)\n"}