{"law_id":"405","section_number":"11-2073","catch_line":"YIELD SIGNS.","history":"","order_by":"11-2073","metadata":false,"url":"\/11-2073\/","token":"11-2073","structure":{"1":{"id":"119","name":"ARTICLE D. - STOPS REQUIRED","identifier":"D","label":"article","url":"\/II\/11\/2\/D\/"},"2":{"id":"115","name":"CHAPTER 2. - MOTOR VEHICLES AND TRAFFIC","identifier":"2","label":"chapter","url":"\/II\/11\/2\/"},"3":{"id":"110","name":"PART 11 - TRANSPORTATION","identifier":"11","label":"part","url":"\/II\/11\/"},"4":{"id":"5","name":"Division II - Planning and Development","identifier":"II","label":"division","url":"\/II\/"}},"referred_to_by":{"0":{"id":"406","section_number":"11-2074","catch_line":"THROUGH STREETS.","url":"http:\/\/localhost:8888\/11-2074\/"}},"edition_id":"1","section_id":"405","structure_id":"119","full_text":"(a) The driver of a vehicle approaching a yield sign erected at designated locations, shall, and in obedience to the sign, slow down and yield the right-of-way to any pedestrian crossing the roadway on which he is driving and to any vehicle in movement on the main traveled or through highway or street which is approaching so as to arrive at the intersection at approximately the same time as the vehicle entering the main traveled or through street or highway.\r\r(b) The driver of the vehicle approaching a yield sign, if required to stop, shall stop before entering the crosswalk on the near side of the intersection; or in the event there is no crosswalk, at a clearly marked stop line; but if none, then at the point nearest the intersecting roadway where the driver has a view of approaching traffic on the intersecting roadway.\r\r(c) In accordance with the above, and when signs are erected giving notice thereof, drivers of vehicles, when entering designated or main-traveled or through streets from intersecting streets in the direction or directions shown, shall yield the right-of-way to approaching pedestrians or vehicles.\r\r(d) Yield signs shall be located, and the regulations applicable thereto shall be effective, as designated in official Traffic Schedule No. 3, Yield Signs. \nCross reference: Schedules incorporated by reference, \u00a711-2004 \nState law reference: Erection of yield signs, G.S. 20-158.1.\r\r","text":{"0":{"id":"1123","text":"The driver of a vehicle approaching a yield sign erected at designated locations, shall, and in obedience to the sign, slow down and yield the right-of-way to any pedestrian crossing the roadway on which he is driving and to any vehicle in movement on the main traveled or through highway or street which is approaching so as to arrive at the intersection at approximately the same time as the vehicle entering the main traveled or through street or highway.","type":"section","prefixes":["(a)"],"prefix":"(a)","entire_prefix":"(a)","prefix_anchor":"(a)","level":1},"1":{"id":"1124","text":"The driver of the vehicle approaching a yield sign, if required to stop, shall stop before entering the crosswalk on the near side of the intersection; or in the event there is no crosswalk, at a clearly marked stop line; but if none, then at the point nearest the intersecting roadway where the driver has a view of approaching traffic on the intersecting roadway.","type":"section","prefixes":["(b)"],"prefix":"(b)","entire_prefix":"(b)","prefix_anchor":"(b)","level":1},"2":{"id":"1125","text":"In accordance with the above, and when signs are erected giving notice thereof, drivers of vehicles, when entering designated or main-traveled or through streets from intersecting streets in the direction or directions shown, shall yield the right-of-way to approaching pedestrians or vehicles.","type":"section","prefixes":["(c)"],"prefix":"(c)","entire_prefix":"(c)","prefix_anchor":"(c)","level":1},"3":{"id":"1126","text":"Yield signs shall be located, and the regulations applicable thereto shall be effective, as designated in official Traffic Schedule No. 3, Yield Signs. \nCross reference: Schedules incorporated by reference, \u00a711-2004 \nState law reference: Erection of yield signs, G.S. 20-158.1.","type":"section","prefixes":["(d)"],"prefix":"(d)","entire_prefix":"(d)","prefix_anchor":"(d)","level":1}},"ancestry":{"1":{"id":"119","name":"ARTICLE D. - STOPS REQUIRED","identifier":"D","label":"article","url":"\/II\/11\/2\/D\/"},"2":{"id":"115","name":"CHAPTER 2. - MOTOR VEHICLES AND TRAFFIC","identifier":"2","label":"chapter","url":"\/II\/11\/2\/"},"3":{"id":"110","name":"PART 11 - TRANSPORTATION","identifier":"11","label":"part","url":"\/II\/11\/"},"4":{"id":"5","name":"Division II - Planning and Development","identifier":"II","label":"division","url":"\/II\/"}},"structure_contents":{"0":{"id":"402","structure_id":"119","section_number":"11-2071","catch_line":"ELECTRONIC TRAFFIC-CONTROL SIGNALS.","url":"\/11-2071\/","token":"11-2071"},"1":{"id":"404","structure_id":"119","section_number":"11-2072","catch_line":"STOP INTERSECTIONS.","url":"\/11-2072\/","token":"11-2072"},"2":{"id":"405","structure_id":"119","section_number":"11-2073","catch_line":"YIELD SIGNS.","url":"\/11-2073\/","token":"11-2073"},"3":{"id":"406","structure_id":"119","section_number":"11-2074","catch_line":"THROUGH STREETS.","url":"\/11-2074\/","token":"11-2074"},"4":{"id":"407","structure_id":"119","section_number":"11-2075","catch_line":"EMERGING FROM ALLEY OR PRIVATE DRIVEWAY.","url":"\/11-2075\/","token":"11-2075"},"5":{"id":"408","structure_id":"119","section_number":"11-2076","catch_line":"STOP WHEN TRAFFIC OBSTRUCTED.","url":"\/11-2076\/","token":"11-2076"},"6":{"id":"409","structure_id":"119","section_number":"11-2077","catch_line":"RESERVED.","url":"\/11-2077\/","token":"11-2077"},"7":{"id":"410","structure_id":"119","section_number":"11-2077","catch_line":"RESERVED. ","url":"\/11-2077\/","token":"11-2077"}},"previous_section":{"id":"404","structure_id":"119","section_number":"11-2072","catch_line":"STOP INTERSECTIONS.","url":"\/11-2072\/","token":"11-2072"},"next_section":{"id":"406","structure_id":"119","section_number":"11-2074","catch_line":"THROUGH STREETS.","url":"\/11-2074\/","token":"11-2074"},"references":{"0":{"id":"406","section_number":"11-2074","catch_line":"THROUGH STREETS.","url":"http:\/\/localhost:8888\/11-2074\/"}},"formats":{"txt":"\/11-2073.txt","json":"\/11-2073.xml"},"dublin_core":{"Title":"YIELD SIGNS.","Type":"Text","Format":"text\/html","Identifier":"\u00a7 11-2073","Relation":"Code of State"},"plain_text":"                                  CODE OF STATE\n\nYIELD SIGNS. (\u00a7 11-2073)\n\n(a) The driver of a vehicle approaching a yield sign erected at designated\nlocations, shall, and in obedience to the sign, slow down and yield the\nright-of-way to any pedestrian crossing the roadway on which he is driving and\nto any vehicle in movement on the main traveled or through highway or street\nwhich is approaching so as to arrive at the intersection at approximately the\nsame time as the vehicle entering the main traveled or through street or\nhighway.\n\n(b) The driver of the vehicle approaching a yield sign, if required to stop,\nshall stop before entering the crosswalk on the near side of the intersection;\nor in the event there is no crosswalk, at a clearly marked stop line; but if\nnone, then at the point nearest the intersecting roadway where the driver has a\nview of approaching traffic on the intersecting roadway.\n\n(c) In accordance with the above, and when signs are erected giving notice\nthereof, drivers of vehicles, when entering designated or main-traveled or\nthrough streets from intersecting streets in the direction or directions shown,\nshall yield the right-of-way to approaching pedestrians or vehicles.\n\n(d) Yield signs shall be located, and the regulations applicable thereto shall\nbe effective, as designated in official Traffic Schedule No. 3, Yield Signs. \nCross reference: Schedules incorporated by reference, \u00a711-2004 \nState law reference: Erection of yield signs, G.S. 20-158.1.\n"}