{"law_id":"460","section_number":"11-2177","catch_line":"STANDING FOR LOADING ONLY.","history":"","order_by":"11-2177","metadata":false,"url":"\/11-2177\/","token":"11-2177","structure":{"1":{"id":"128","name":"ARTICLE J. - PARKING AND STANDING","identifier":"J","label":"article","url":"\/II\/11\/2\/J\/"},"2":{"id":"115","name":"CHAPTER 2. - MOTOR VEHICLES AND TRAFFIC","identifier":"2","label":"chapter","url":"\/II\/11\/2\/"},"3":{"id":"110","name":"PART 11 - TRANSPORTATION","identifier":"11","label":"part","url":"\/II\/11\/"},"4":{"id":"5","name":"Division II - Planning and Development","identifier":"II","label":"division","url":"\/II\/"}},"referred_to_by":false,"edition_id":"1","section_id":"460","structure_id":"128","full_text":"(a) Passenger loading and unloading. \nNo person shall stop, stand or park a vehicle for any purpose or period of time other than for the expeditious loading or unloading of passengers in any place marked as a passenger loading and unloading zone during the hours when the regulations applicable to such zones or stops are effective, and then for a period not to exceed ten (10) minutes. Passenger loading and unloading zones and the regulations applicable thereto, shall be as designated in official Traffic Schedule No. 16, &#8220;Passenger Loading and Unloading Zones.\r\r(b) Materials loading and unloading. \nNo person shall stop, stand or park a vehicle for any purpose or length of time other than for the expeditious unloading and delivery, or pickup and loading of materials in any place marked as a loading and unloading zone during hours when the provisions applicable to loading zones are in effect. In no case shall the stop for loading or unloading of materials exceed sixty (60) minutes. Unless otherwise stated these loading zones shall be in effect from 9:00 a.m. to 5:00 p.m., Monday through Saturday. Materials loading and unloading zones and the regulations applicable thereto shall be as designated in official Traffic Schedule No. 17, &#8220;Materials Loading and Unloading Zones.&#8221;\r\r(c) Exemption for television transmission. \nNotwithstanding provisions of this section to the contrary, and for the sole purpose of television signal transmission, it shall be lawful for a vehicle containing mobile television transmission equipment to park in a space designated as a passenger loading zone or a loading zone. Provided, however, that such vehicle shall only remain in the space for the minimum period of time required to prepare for the transmission of live television signals, and in no event for longer than one (1) hour.\r\r(d) Truck loading zones. \nTruck loading zones shall be established as provided in this subsection. &#8220;Truck loading&#8221; shall mean the stopping or standing of any type of truck for the exclusive purpose of loading or unloading merchandise. For the purpose of definition in this section, a truck shall be classified as a vehicle designed to be used for the transportation of cargo including tractor trailer units, single-unit trucks, vans displaying a North Carolina commercial license plate (two (2) alphabetical characters followed by four (4) numeric characters), and pickup trucks; but excluding vehicles not principally designed for the transportation or cargo, such as motorcycles, passenger cars with or without trailers, station wagons or other noncargo vehicles. It shall be unlawful for trucks to park in official truck loading zones except for the exclusive purpose of loading or unloading merchandise. Truck loading zones and the regulations applicable thereto, shall be as designated in official Traffic Schedule No. 18, &#8220;Truck Loading Zones.&#8221;\r\r(e) Commercial vehicle only loading zone.\r\r(i) Definition. For purposes of this section, &#8220;commercial vehicle&#8221; shall mean a truck or other vehicle upon which the name, logo, or other designation of the person owning or operating the vehicle is painted or otherwise permanently affixed to the vehicle in letters or markings at least two inches in height, or which displays a valid North Carolina commercial license plate. \n(ii)\tUse, generally. It shall be unlawful for any person to either (1) park any vehicle, other than a commercial vehicle, in any commercial loading zone as designated by the City in official Traffic Schedule No. 24, or (2) during the enforcement hours described in Traffic Schedule No. 24, &#8220;Commercial Loading Zones,&#8221; to utilize a commercial loading zone for any purpose other than expeditiously loading or unloading property, goods or merchandise from a commercial vehicle. In addition to any applicable fine or penalty, any vehicle parked in violation of this section shall be subject to being ticketed or cited at the discretion of any law enforcement officer or parking enforcement officer. \n(iii)\tArea affected. This section shall apply only within the downtown business district bounded by East Street on the East, West Street and Glenwood Avenue on the West, Peace Street on the North and South Street to the South. Commercial loading zones and the regulations applicable thereto, shall be designated in official Traffic Schedule No. 24, &#8220;Commercial Loading Zones.&#8221; \n(Code 1959 , \u00a721-28; Ord. No. 2006-990, \u00a7\u00a71, 2, 3-21-06; Ord. No. 2006-67, \u00a7\u00a71, 2, 8-8-06) \nCross reference: Schedules incorporated by reference, \u00a711-2004\r\r","text":{"0":{"id":"1268","text":"Passenger loading and unloading. \nNo person shall stop, stand or park a vehicle for any purpose or period of time other than for the expeditious loading or unloading of passengers in any place marked as a passenger loading and unloading zone during the hours when the regulations applicable to such zones or stops are effective, and then for a period not to exceed ten (10) minutes. Passenger loading and unloading zones and the regulations applicable thereto, shall be as designated in official Traffic Schedule No. 16, &#8220;Passenger Loading and Unloading Zones.","type":"section","prefixes":["(a)"],"prefix":"(a)","entire_prefix":"(a)","prefix_anchor":"(a)","level":1},"1":{"id":"1269","text":"Materials loading and unloading. \nNo person shall stop, stand or park a vehicle for any purpose or length of time other than for the expeditious unloading and delivery, or pickup and loading of materials in any place marked as a loading and unloading zone during hours when the provisions applicable to loading zones are in effect. In no case shall the stop for loading or unloading of materials exceed sixty (60) minutes. Unless otherwise stated these loading zones shall be in effect from 9:00 a.m. to 5:00 p.m., Monday through Saturday. Materials loading and unloading zones and the regulations applicable thereto shall be as designated in official Traffic Schedule No. 17, &#8220;Materials Loading and Unloading Zones.&#8221;","type":"section","prefixes":["(b)"],"prefix":"(b)","entire_prefix":"(b)","prefix_anchor":"(b)","level":1},"2":{"id":"1270","text":"Exemption for television transmission. \nNotwithstanding provisions of this section to the contrary, and for the sole purpose of television signal transmission, it shall be lawful for a vehicle containing mobile television transmission equipment to park in a space designated as a passenger loading zone or a loading zone. Provided, however, that such vehicle shall only remain in the space for the minimum period of time required to prepare for the transmission of live television signals, and in no event for longer than one (1) hour.","type":"section","prefixes":["(c)"],"prefix":"(c)","entire_prefix":"(c)","prefix_anchor":"(c)","level":1},"3":{"id":"1271","text":"Truck loading zones. \nTruck loading zones shall be established as provided in this subsection. &#8220;Truck loading&#8221; shall mean the stopping or standing of any type of truck for the exclusive purpose of loading or unloading merchandise. For the purpose of definition in this section, a truck shall be classified as a vehicle designed to be used for the transportation of cargo including tractor trailer units, single-unit trucks, vans displaying a North Carolina commercial license plate (two (2) alphabetical characters followed by four (4) numeric characters), and pickup trucks; but excluding vehicles not principally designed for the transportation or cargo, such as motorcycles, passenger cars with or without trailers, station wagons or other noncargo vehicles. It shall be unlawful for trucks to park in official truck loading zones except for the exclusive purpose of loading or unloading merchandise. Truck loading zones and the regulations applicable thereto, shall be as designated in official Traffic Schedule No. 18, &#8220;Truck Loading Zones.&#8221;","type":"section","prefixes":["(d)"],"prefix":"(d)","entire_prefix":"(d)","prefix_anchor":"(d)","level":1},"4":{"id":"1272","text":"Commercial vehicle only loading zone.","type":"section","prefixes":["(e)"],"prefix":"(e)","entire_prefix":"(e)","prefix_anchor":"(e)","level":1},"5":{"id":"1273","text":"Definition. For purposes of this section, &#8220;commercial vehicle&#8221; shall mean a truck or other vehicle upon which the name, logo, or other designation of the person owning or operating the vehicle is painted or otherwise permanently affixed to the vehicle in letters or markings at least two inches in height, or which displays a valid North Carolina commercial license plate. \n(ii)\tUse, generally. It shall be unlawful for any person to either (1) park any vehicle, other than a commercial vehicle, in any commercial loading zone as designated by the City in official Traffic Schedule No. 24, or (2) during the enforcement hours described in Traffic Schedule No. 24, &#8220;Commercial Loading Zones,&#8221; to utilize a commercial loading zone for any purpose other than expeditiously loading or unloading property, goods or merchandise from a commercial vehicle. In addition to any applicable fine or penalty, any vehicle parked in violation of this section shall be subject to being ticketed or cited at the discretion of any law enforcement officer or parking enforcement officer. \n(iii)\tArea affected. This section shall apply only within the downtown business district bounded by East Street on the East, West Street and Glenwood Avenue on the West, Peace Street on the North and South Street to the South. Commercial loading zones and the regulations applicable thereto, shall be designated in official Traffic Schedule No. 24, &#8220;Commercial Loading Zones.&#8221; \n(Code 1959 , \u00a721-28; Ord. No. 2006-990, \u00a7\u00a71, 2, 3-21-06; Ord. No. 2006-67, \u00a7\u00a71, 2, 8-8-06) \nCross reference: Schedules incorporated by reference, \u00a711-2004","type":"section","prefixes":["(i)"],"prefix":"(i)","entire_prefix":"(i)","prefix_anchor":"(i)","level":1}},"ancestry":{"1":{"id":"128","name":"ARTICLE J. - PARKING AND STANDING","identifier":"J","label":"article","url":"\/II\/11\/2\/J\/"},"2":{"id":"115","name":"CHAPTER 2. - MOTOR VEHICLES AND TRAFFIC","identifier":"2","label":"chapter","url":"\/II\/11\/2\/"},"3":{"id":"110","name":"PART 11 - TRANSPORTATION","identifier":"11","label":"part","url":"\/II\/11\/"},"4":{"id":"5","name":"Division II - Planning and Development","identifier":"II","label":"division","url":"\/II\/"}},"structure_contents":{"0":{"id":"452","structure_id":"128","section_number":"11-2170","catch_line":"PENALTIES.","url":"\/11-2170\/","token":"11-2170"},"1":{"id":"453","structure_id":"128","section_number":"11-2171","catch_line":"PARKING PROHIBITED IN CERTAIN PLACES.","url":"\/11-2171\/","token":"11-2171"},"2":{"id":"454","structure_id":"128","section_number":"11-2172","catch_line":"NO PARKING ZONES.","url":"\/11-2172\/","token":"11-2172"},"3":{"id":"455","structure_id":"128","section_number":"11-2173","catch_line":"NO STOPPING OR STANDING ZONES.","url":"\/11-2173\/","token":"11-2173"},"4":{"id":"456","structure_id":"128","section_number":"11-2174","catch_line":"PARKING TIME LIMITED IN DESIGNATED PLACES.","url":"\/11-2174\/","token":"11-2174"},"5":{"id":"457","structure_id":"128","section_number":"11-2175","catch_line":"PARKING LIMITATIONS ON CITY-OWNED FACILITIES.","url":"\/11-2175\/","token":"11-2175"},"6":{"id":"459","structure_id":"128","section_number":"11-2176","catch_line":"TRUCK PARKING.","url":"\/11-2176\/","token":"11-2176"},"7":{"id":"460","structure_id":"128","section_number":"11-2177","catch_line":"STANDING FOR LOADING ONLY.","url":"\/11-2177\/","token":"11-2177"},"8":{"id":"461","structure_id":"128","section_number":"11-2178","catch_line":"BUS STOPS.","url":"\/11-2178\/","token":"11-2178"},"9":{"id":"462","structure_id":"128","section_number":"11-2179","catch_line":"STOPPING, STANDING OR PARKING CLOSE TO CURB.","url":"\/11-2179\/","token":"11-2179"},"10":{"id":"463","structure_id":"128","section_number":"11-2180","catch_line":"UNLAWFUL PURPOSES FOR PARKING.","url":"\/11-2180\/","token":"11-2180"},"11":{"id":"464","structure_id":"128","section_number":"11-2181","catch_line":"TEMPORARY PARKING RESTRICTIONS BY CHIEF OF POLICE.","url":"\/11-2181\/","token":"11-2181"},"12":{"id":"465","structure_id":"128","section_number":"11-2182","catch_line":"CONTROLLED PARKING RESIDENTIAL AREA.","url":"\/11-2182\/","token":"11-2182"},"13":{"id":"466","structure_id":"128","section_number":"11-2183","catch_line":"PARKING, OBSTRUCTIONS PROHIBITED AT MOORE SQUARE TRANSIT TRANSFER FACILITY.","url":"\/11-2183\/","token":"11-2183"},"14":{"id":"467","structure_id":"128","section_number":"11-2184","catch_line":"TAXI ZONES.","url":"\/11-2184\/","token":"11-2184"},"15":{"id":"468","structure_id":"128","section_number":"11-2185","catch_line":"POLICE VEHICLE PARKING ZONE.","url":"\/11-2185\/","token":"11-2185"},"16":{"id":"471","structure_id":"128","section_number":"11-2186","catch_line":"VALET PARKING.","url":"\/11-2186\/","token":"11-2186"},"17":{"id":"472","structure_id":"128","section_number":"11-2187","catch_line":"NO PARKING TOW AWAY ZONE.","url":"\/11-2187\/","token":"11-2187"},"18":{"id":"473","structure_id":"128","section_number":"11-2188","catch_line":"EXTRAORDINANRY IMPACT EVENTS.","url":"\/11-2188\/","token":"11-2188"},"19":{"id":"474","structure_id":"128","section_number":"11-2189","catch_line":"RESERVED.","url":"\/11-2189\/","token":"11-2189"},"20":{"id":"475","structure_id":"128","section_number":"11-2189","catch_line":"RESERVED. ","url":"\/11-2189\/","token":"11-2189"}},"previous_section":{"id":"459","structure_id":"128","section_number":"11-2176","catch_line":"TRUCK PARKING.","url":"\/11-2176\/","token":"11-2176"},"next_section":{"id":"461","structure_id":"128","section_number":"11-2178","catch_line":"BUS STOPS.","url":"\/11-2178\/","token":"11-2178"},"references":{"0":{"id":"465","section_number":"11-2182","catch_line":"CONTROLLED PARKING RESIDENTIAL AREA.","url":"http:\/\/localhost:8888\/11-2182\/"}},"formats":{"txt":"\/11-2177.txt","json":"\/11-2177.xml"},"dublin_core":{"Title":"STANDING FOR LOADING ONLY.","Type":"Text","Format":"text\/html","Identifier":"\u00a7 11-2177","Relation":"Code of State"},"plain_text":"                                  CODE OF STATE\n\nSTANDING FOR LOADING ONLY. (\u00a7 11-2177)\n\n(a) Passenger loading and unloading. \nNo person shall stop, stand or park a vehicle for any purpose or period of time\nother than for the expeditious loading or unloading of passengers in any place\nmarked as a passenger loading and unloading zone during the hours when the\nregulations applicable to such zones or stops are effective, and then for a\nperiod not to exceed ten (10) minutes. Passenger loading and unloading zones and\nthe regulations applicable thereto, shall be as designated in official Traffic\nSchedule No. 16, &#8220;Passenger Loading and Unloading Zones.\n\n(b) Materials loading and unloading. \nNo person shall stop, stand or park a vehicle for any purpose or length of time\nother than for the expeditious unloading and delivery, or pickup and loading of\nmaterials in any place marked as a loading and unloading zone during hours when\nthe provisions applicable to loading zones are in effect. In no case shall the\nstop for loading or unloading of materials exceed sixty (60) minutes. Unless\notherwise stated these loading zones shall be in effect from 9:00 a.m. to 5:00\np.m., Monday through Saturday. Materials loading and unloading zones and the\nregulations applicable thereto shall be as designated in official Traffic\nSchedule No. 17, &#8220;Materials Loading and Unloading Zones.&#8221;\n\n(c) Exemption for television transmission. \nNotwithstanding provisions of this section to the contrary, and for the sole\npurpose of television signal transmission, it shall be lawful for a vehicle\ncontaining mobile television transmission equipment to park in a space\ndesignated as a passenger loading zone or a loading zone. Provided, however,\nthat such vehicle shall only remain in the space for the minimum period of time\nrequired to prepare for the transmission of live television signals, and in no\nevent for longer than one (1) hour.\n\n(d) Truck loading zones. \nTruck loading zones shall be established as provided in this subsection.\n&#8220;Truck loading&#8221; shall mean the stopping or standing of any type of\ntruck for the exclusive purpose of loading or unloading merchandise. For the\npurpose of definition in this section, a truck shall be classified as a vehicle\ndesigned to be used for the transportation of cargo including tractor trailer\nunits, single-unit trucks, vans displaying a North Carolina commercial license\nplate (two (2) alphabetical characters followed by four (4) numeric characters),\nand pickup trucks; but excluding vehicles not principally designed for the\ntransportation or cargo, such as motorcycles, passenger cars with or without\ntrailers, station wagons or other noncargo vehicles. It shall be unlawful for\ntrucks to park in official truck loading zones except for the exclusive purpose\nof loading or unloading merchandise. Truck loading zones and the regulations\napplicable thereto, shall be as designated in official Traffic Schedule No. 18,\n&#8220;Truck Loading Zones.&#8221;\n\n(e) Commercial vehicle only loading zone.\n\n(i) Definition. For purposes of this section, &#8220;commercial vehicle&#8221;\nshall mean a truck or other vehicle upon which the name, logo, or other\ndesignation of the person owning or operating the vehicle is painted or\notherwise permanently affixed to the vehicle in letters or markings at least two\ninches in height, or which displays a valid North Carolina commercial license\nplate. \n(ii)\tUse, generally. It shall be unlawful for any person to either (1) park any\nvehicle, other than a commercial vehicle, in any commercial loading zone as\ndesignated by the City in official Traffic Schedule No. 24, or (2) during the\nenforcement hours described in Traffic Schedule No. 24, &#8220;Commercial\nLoading Zones,&#8221; to utilize a commercial loading zone for any purpose other\nthan expeditiously loading or unloading property, goods or merchandise from a\ncommercial vehicle. In addition to any applicable fine or penalty, any vehicle\nparked in violation of this section shall be subject to being ticketed or cited\nat the discretion of any law enforcement officer or parking enforcement officer.\n\n(iii)\tArea affected. This section shall apply only within the downtown business\ndistrict bounded by East Street on the East, West Street and Glenwood Avenue on\nthe West, Peace Street on the North and South Street to the South. Commercial\nloading zones and the regulations applicable thereto, shall be designated in\nofficial Traffic Schedule No. 24, &#8220;Commercial Loading Zones.&#8221; \n(Code 1959 , \u00a721-28; Ord. No. 2006-990, \u00a7\u00a71, 2, 3-21-06; Ord. No. 2006-67,\n\u00a7\u00a71, 2, 8-8-06) \nCross reference: Schedules incorporated by reference, \u00a711-2004\n"}