{"law_id":"471","section_number":"11-2186","catch_line":"VALET PARKING.","history":"","order_by":"11-2186","metadata":false,"url":"\/11-2186\/","token":"11-2186","structure":{"1":{"id":"128","name":"ARTICLE J. - PARKING AND STANDING","identifier":"J","label":"article","url":"\/II\/11\/2\/J\/"},"2":{"id":"115","name":"CHAPTER 2. - MOTOR VEHICLES AND TRAFFIC","identifier":"2","label":"chapter","url":"\/II\/11\/2\/"},"3":{"id":"110","name":"PART 11 - TRANSPORTATION","identifier":"11","label":"part","url":"\/II\/11\/"},"4":{"id":"5","name":"Division II - Planning and Development","identifier":"II","label":"division","url":"\/II\/"}},"referred_to_by":false,"edition_id":"1","section_id":"471","structure_id":"128","full_text":"(a) [Valet parking.] \nValet parking means the business of using the streets for the purposes of loading and unloading passengers to and from vehicles and for the parking of those vehicles. Valet parking shall only be operated in connection with a designated valet parking zone.\r\r(b) [Permit required.] \nNo person shall engage in the business of operating valet parking service in the City without first obtaining a permit pursuant to this section. The operator shall also be required to obtain a valid privilege license from the City but the Revenue Collector cannot issue such privilege license until the valet parking permit has been obtained.\r\r(d) Insurance. \nNo permit shall be issued or continued in operation, and no person shall operate a valet parking service unless and until there is in full force and effect a motor vehicle liability insurance policy insuring such owner and each employee thereof, and unless and until such owner shall file with the City Clerk a written certificate of insurance showing that the policy or policies are in effect and that they cannot be cancelled without thirty (30) days written notice to the City Clerk. The policies shall have coverage limits of not less that one million dollars ($1,000,000.00) for death or injury in any one occurrence, and property damage coverage of not less than one hundred thousand dollars ($100,000.00). In addition, the owner shall also furnish the insurance coverage required by \u00a711-6001(b) herein.\r\r(e) Issuance. \nUpon receipt of the completed application and fee, the Public Works Director or his designee shall conduct any investigation deemed appropriate to determine whether a permit should issue. In making the determination, the number of services already operating in an area, the number of zones already in the area requested, the hours of operation being proposed, and the probable effect of the service of local traffic conditions.\r\r(f) Authority of the City . \nThe City reserves the right to determine and designate appropriate street locations and times for the operation of valet parking services. Once the City has determined and designated appropriate street locations and times for the operating of valet services, the service shall be limited to parking or unloading vehicles only at those street locations and times. No cars will be parked in on street parking areas. The City reserves the right to add, modify or eliminate street locations and times at any time in order to protect pedestrian traffic and improve conditions for the flow of motor vehicular traffic.\r\r(g) Suspension and revocation. \nAny permit issued hereunder may be suspended or revoked for any reason that would justify a refusal to issue the permit originally or by reason of any failure by the permitee to comply with the provisions of this code, or any condition imposed by the Public Works Director or his designee upon issuance of the permit. The permit may be suspended if the sidewalk or street area is needed for parades, festivals or other such special events. Except for temporary suspensions for special events as set out above, the permittee is entitled to prompt notice of the City&#8217;s intent to suspend or revoke and is entitled to a hearing before the Public Works Director or his designee. The permittee may appeal the decision of the Public Works Director or his designee to the City Council.\r\r(h) Penalties. \nViolations of the permit requirements are a misdemeanor punishable by a fine of up to five hundred dollars ($500.00) and by any civil remedy available under North Carolina law, G.S. 160A-75. Violations are also grounds for the revocations of the required business privilege license. \n(Ord. No. 2007-159, \u00a71, 1-23-07)\r\r","text":{"0":{"id":"1312","text":"[Valet parking.] \nValet parking means the business of using the streets for the purposes of loading and unloading passengers to and from vehicles and for the parking of those vehicles. Valet parking shall only be operated in connection with a designated valet parking zone.","type":"section","prefixes":["(a)"],"prefix":"(a)","entire_prefix":"(a)","prefix_anchor":"(a)","level":1},"1":{"id":"1313","text":"[Permit required.] \nNo person shall engage in the business of operating valet parking service in the City without first obtaining a permit pursuant to this section. The operator shall also be required to obtain a valid privilege license from the City but the Revenue Collector cannot issue such privilege license until the valet parking permit has been obtained.","type":"section","prefixes":["(b)"],"prefix":"(b)","entire_prefix":"(b)","prefix_anchor":"(b)","level":1},"2":{"id":"1314","text":"","type":"section","prefixes":["(c)"],"prefix":"(c)","entire_prefix":"(c)","prefix_anchor":"(c)","level":1},"3":{"id":"1315","text":"\tThe name, age, business address and residence of the applicant if a natural person; if a corporation, its name, address of its principal office, and the names of its principal officers together with their respective addresses; if a partnership, association, or other unincorporated entity, the names of the partners, or the names of those comprising the association or company with the address of each. \n","type":"section","prefixes":["(c)","(1)"],"prefix":"(1)","entire_prefix":"(c)(1)","prefix_anchor":"(c)(1)","level":2},"4":{"id":"1316","text":"\tThe experience of the applicant in the provision of such services and whether any similar permit in any jurisdiction has ever been revoked, and if so, the circumstances of such revocation. \n","type":"section","prefixes":["(c)","(2)"],"prefix":"(2)","entire_prefix":"(c)(2)","prefix_anchor":"(c)(2)","level":2},"5":{"id":"1317","text":"\tThe uniform or insignia to be used to designate the applicant&#8217;s employees.\n","type":"section","prefixes":["(c)","(3)"],"prefix":"(3)","entire_prefix":"(c)(3)","prefix_anchor":"(c)(3)","level":2},"6":{"id":"1318","text":"\tThe street and sidewalk locations and the times during which applicant intends to provide valet service. \n","type":"section","prefixes":["(c)","(4)"],"prefix":"(4)","entire_prefix":"(c)(4)","prefix_anchor":"(c)(4)","level":2},"7":{"id":"1319","text":"\tWhether the applicant or any of its principal officers or employees has ever been convicted of a felony or a violation of any narcotic law, or a crime involving moral turpitude. \n","type":"section","prefixes":["(c)","(5)"],"prefix":"(5)","entire_prefix":"(c)(5)","prefix_anchor":"(c)(5)","level":2},"8":{"id":"1320","text":"\tSuch other information that the Public Works Director or his designee believes necessary to assure that the public streets can meet their main purpose of carrying motor vehicular traffic. \n","type":"section","prefixes":["(c)","(6)"],"prefix":"(6)","entire_prefix":"(c)(6)","prefix_anchor":"(c)(6)","level":2},"9":{"id":"1321","text":"Insurance. \nNo permit shall be issued or continued in operation, and no person shall operate a valet parking service unless and until there is in full force and effect a motor vehicle liability insurance policy insuring such owner and each employee thereof, and unless and until such owner shall file with the City Clerk a written certificate of insurance showing that the policy or policies are in effect and that they cannot be cancelled without thirty (30) days written notice to the City Clerk. The policies shall have coverage limits of not less that one million dollars ($1,000,000.00) for death or injury in any one occurrence, and property damage coverage of not less than one hundred thousand dollars ($100,000.00). In addition, the owner shall also furnish the insurance coverage required by \u00a711-6001(b) herein.","type":"section","prefixes":["(d)"],"prefix":"(d)","entire_prefix":"(d)","prefix_anchor":"(d)","level":1},"10":{"id":"1322","text":"Issuance. \nUpon receipt of the completed application and fee, the Public Works Director or his designee shall conduct any investigation deemed appropriate to determine whether a permit should issue. In making the determination, the number of services already operating in an area, the number of zones already in the area requested, the hours of operation being proposed, and the probable effect of the service of local traffic conditions.","type":"section","prefixes":["(e)"],"prefix":"(e)","entire_prefix":"(e)","prefix_anchor":"(e)","level":1},"11":{"id":"1323","text":"Authority of the City . \nThe City reserves the right to determine and designate appropriate street locations and times for the operation of valet parking services. Once the City has determined and designated appropriate street locations and times for the operating of valet services, the service shall be limited to parking or unloading vehicles only at those street locations and times. No cars will be parked in on street parking areas. The City reserves the right to add, modify or eliminate street locations and times at any time in order to protect pedestrian traffic and improve conditions for the flow of motor vehicular traffic.","type":"section","prefixes":["(f)"],"prefix":"(f)","entire_prefix":"(f)","prefix_anchor":"(f)","level":1},"12":{"id":"1324","text":"Suspension and revocation. \nAny permit issued hereunder may be suspended or revoked for any reason that would justify a refusal to issue the permit originally or by reason of any failure by the permitee to comply with the provisions of this code, or any condition imposed by the Public Works Director or his designee upon issuance of the permit. The permit may be suspended if the sidewalk or street area is needed for parades, festivals or other such special events. Except for temporary suspensions for special events as set out above, the permittee is entitled to prompt notice of the City&#8217;s intent to suspend or revoke and is entitled to a hearing before the Public Works Director or his designee. The permittee may appeal the decision of the Public Works Director or his designee to the City Council.","type":"section","prefixes":["(g)"],"prefix":"(g)","entire_prefix":"(g)","prefix_anchor":"(g)","level":1},"13":{"id":"1325","text":"Penalties. \nViolations of the permit requirements are a misdemeanor punishable by a fine of up to five hundred dollars ($500.00) and by any civil remedy available under North Carolina law, G.S. 160A-75. Violations are also grounds for the revocations of the required business privilege license. \n(Ord. No. 2007-159, \u00a71, 1-23-07)","type":"section","prefixes":["(h)"],"prefix":"(h)","entire_prefix":"(h)","prefix_anchor":"(h)","level":1}},"ancestry":{"1":{"id":"128","name":"ARTICLE J. - PARKING AND STANDING","identifier":"J","label":"article","url":"\/II\/11\/2\/J\/"},"2":{"id":"115","name":"CHAPTER 2. - MOTOR VEHICLES AND TRAFFIC","identifier":"2","label":"chapter","url":"\/II\/11\/2\/"},"3":{"id":"110","name":"PART 11 - TRANSPORTATION","identifier":"11","label":"part","url":"\/II\/11\/"},"4":{"id":"5","name":"Division II - Planning and Development","identifier":"II","label":"division","url":"\/II\/"}},"structure_contents":{"0":{"id":"452","structure_id":"128","section_number":"11-2170","catch_line":"PENALTIES.","url":"\/11-2170\/","token":"11-2170"},"1":{"id":"453","structure_id":"128","section_number":"11-2171","catch_line":"PARKING PROHIBITED IN CERTAIN PLACES.","url":"\/11-2171\/","token":"11-2171"},"2":{"id":"454","structure_id":"128","section_number":"11-2172","catch_line":"NO PARKING ZONES.","url":"\/11-2172\/","token":"11-2172"},"3":{"id":"455","structure_id":"128","section_number":"11-2173","catch_line":"NO STOPPING OR STANDING ZONES.","url":"\/11-2173\/","token":"11-2173"},"4":{"id":"456","structure_id":"128","section_number":"11-2174","catch_line":"PARKING TIME LIMITED IN DESIGNATED PLACES.","url":"\/11-2174\/","token":"11-2174"},"5":{"id":"457","structure_id":"128","section_number":"11-2175","catch_line":"PARKING LIMITATIONS ON CITY-OWNED FACILITIES.","url":"\/11-2175\/","token":"11-2175"},"6":{"id":"459","structure_id":"128","section_number":"11-2176","catch_line":"TRUCK PARKING.","url":"\/11-2176\/","token":"11-2176"},"7":{"id":"460","structure_id":"128","section_number":"11-2177","catch_line":"STANDING FOR LOADING ONLY.","url":"\/11-2177\/","token":"11-2177"},"8":{"id":"461","structure_id":"128","section_number":"11-2178","catch_line":"BUS STOPS.","url":"\/11-2178\/","token":"11-2178"},"9":{"id":"462","structure_id":"128","section_number":"11-2179","catch_line":"STOPPING, STANDING OR PARKING CLOSE TO CURB.","url":"\/11-2179\/","token":"11-2179"},"10":{"id":"463","structure_id":"128","section_number":"11-2180","catch_line":"UNLAWFUL PURPOSES FOR PARKING.","url":"\/11-2180\/","token":"11-2180"},"11":{"id":"464","structure_id":"128","section_number":"11-2181","catch_line":"TEMPORARY PARKING RESTRICTIONS BY CHIEF OF POLICE.","url":"\/11-2181\/","token":"11-2181"},"12":{"id":"465","structure_id":"128","section_number":"11-2182","catch_line":"CONTROLLED PARKING RESIDENTIAL AREA.","url":"\/11-2182\/","token":"11-2182"},"13":{"id":"466","structure_id":"128","section_number":"11-2183","catch_line":"PARKING, OBSTRUCTIONS PROHIBITED AT MOORE SQUARE TRANSIT TRANSFER FACILITY.","url":"\/11-2183\/","token":"11-2183"},"14":{"id":"467","structure_id":"128","section_number":"11-2184","catch_line":"TAXI ZONES.","url":"\/11-2184\/","token":"11-2184"},"15":{"id":"468","structure_id":"128","section_number":"11-2185","catch_line":"POLICE VEHICLE PARKING ZONE.","url":"\/11-2185\/","token":"11-2185"},"16":{"id":"471","structure_id":"128","section_number":"11-2186","catch_line":"VALET PARKING.","url":"\/11-2186\/","token":"11-2186"},"17":{"id":"472","structure_id":"128","section_number":"11-2187","catch_line":"NO PARKING TOW AWAY ZONE.","url":"\/11-2187\/","token":"11-2187"},"18":{"id":"473","structure_id":"128","section_number":"11-2188","catch_line":"EXTRAORDINANRY IMPACT EVENTS.","url":"\/11-2188\/","token":"11-2188"},"19":{"id":"474","structure_id":"128","section_number":"11-2189","catch_line":"RESERVED.","url":"\/11-2189\/","token":"11-2189"},"20":{"id":"475","structure_id":"128","section_number":"11-2189","catch_line":"RESERVED. ","url":"\/11-2189\/","token":"11-2189"}},"previous_section":{"id":"468","structure_id":"128","section_number":"11-2185","catch_line":"POLICE VEHICLE PARKING ZONE.","url":"\/11-2185\/","token":"11-2185"},"next_section":{"id":"472","structure_id":"128","section_number":"11-2187","catch_line":"NO PARKING TOW AWAY ZONE.","url":"\/11-2187\/","token":"11-2187"},"references":false,"formats":{"txt":"\/11-2186.txt","json":"\/11-2186.xml"},"dublin_core":{"Title":"VALET PARKING.","Type":"Text","Format":"text\/html","Identifier":"\u00a7 11-2186","Relation":"Code of State"},"plain_text":"                                  CODE OF STATE\n\nVALET PARKING. (\u00a7 11-2186)\n\n(a) [Valet parking.] \nValet parking means the business of using the streets for the purposes of\nloading and unloading passengers to and from vehicles and for the parking of\nthose vehicles. Valet parking shall only be operated in connection with a\ndesignated valet parking zone.\n\n(b) [Permit required.] \nNo person shall engage in the business of operating valet parking service in the\nCity without first obtaining a permit pursuant to this section. The operator\nshall also be required to obtain a valid privilege license from the City but the\nRevenue Collector cannot issue such privilege license until the valet parking\npermit has been obtained.\n\n(c) \n\n   (1) \tThe name, age, business address and residence of the applicant if a\n   natural person; if a corporation, its name, address of its principal office,\n   and the names of its principal officers together with their respective\n   addresses; if a partnership, association, or other unincorporated entity, the\n   names of the partners, or the names of those comprising the association or\n   company with the address of each. \n   \n\n   (2) \tThe experience of the applicant in the provision of such services and\n   whether any similar permit in any jurisdiction has ever been revoked, and if\n   so, the circumstances of such revocation. \n   \n\n   (3) \tThe uniform or insignia to be used to designate the applicant&#8217;s\n   employees.\n   \n\n   (4) \tThe street and sidewalk locations and the times during which applicant\n   intends to provide valet service. \n   \n\n   (5) \tWhether the applicant or any of its principal officers or employees has\n   ever been convicted of a felony or a violation of any narcotic law, or a crime\n   involving moral turpitude. \n   \n\n   (6) \tSuch other information that the Public Works Director or his designee\n   believes necessary to assure that the public streets can meet their main\n   purpose of carrying motor vehicular traffic. \n   \n\n(d) Insurance. \nNo permit shall be issued or continued in operation, and no person shall operate\na valet parking service unless and until there is in full force and effect a\nmotor vehicle liability insurance policy insuring such owner and each employee\nthereof, and unless and until such owner shall file with the City Clerk a\nwritten certificate of insurance showing that the policy or policies are in\neffect and that they cannot be cancelled without thirty (30) days written notice\nto the City Clerk. The policies shall have coverage limits of not less that one\nmillion dollars ($1,000,000.00) for death or injury in any one occurrence, and\nproperty damage coverage of not less than one hundred thousand dollars\n($100,000.00). In addition, the owner shall also furnish the insurance coverage\nrequired by \u00a711-6001(b) herein.\n\n(e) Issuance. \nUpon receipt of the completed application and fee, the Public Works Director or\nhis designee shall conduct any investigation deemed appropriate to determine\nwhether a permit should issue. In making the determination, the number of\nservices already operating in an area, the number of zones already in the area\nrequested, the hours of operation being proposed, and the probable effect of the\nservice of local traffic conditions.\n\n(f) Authority of the City . \nThe City reserves the right to determine and designate appropriate street\nlocations and times for the operation of valet parking services. Once the City\nhas determined and designated appropriate street locations and times for the\noperating of valet services, the service shall be limited to parking or\nunloading vehicles only at those street locations and times. No cars will be\nparked in on street parking areas. The City reserves the right to add, modify or\neliminate street locations and times at any time in order to protect pedestrian\ntraffic and improve conditions for the flow of motor vehicular traffic.\n\n(g) Suspension and revocation. \nAny permit issued hereunder may be suspended or revoked for any reason that\nwould justify a refusal to issue the permit originally or by reason of any\nfailure by the permitee to comply with the provisions of this code, or any\ncondition imposed by the Public Works Director or his designee upon issuance of\nthe permit. The permit may be suspended if the sidewalk or street area is needed\nfor parades, festivals or other such special events. Except for temporary\nsuspensions for special events as set out above, the permittee is entitled to\nprompt notice of the City&#8217;s intent to suspend or revoke and is entitled to\na hearing before the Public Works Director or his designee. The permittee may\nappeal the decision of the Public Works Director or his designee to the City\nCouncil.\n\n(h) Penalties. \nViolations of the permit requirements are a misdemeanor punishable by a fine of\nup to five hundred dollars ($500.00) and by any civil remedy available under\nNorth Carolina law, G.S. 160A-75. Violations are also grounds for the\nrevocations of the required business privilege license. \n(Ord. No. 2007-159, \u00a71, 1-23-07)\n"}