{"law_id":"415","section_number":"11-2094","catch_line":"RESERVED.","history":"","order_by":"11-2094","metadata":false,"url":"\/11-2094\/","token":"11-2094","structure":{"1":{"id":"121","name":"ARTICLE E. - SPEED REGULATIONS [1]","identifier":"E","label":"article","url":"\/II\/11\/2\/E\/"},"2":{"id":"115","name":"CHAPTER 2. - MOTOR VEHICLES AND TRAFFIC","identifier":"2","label":"chapter","url":"\/II\/11\/2\/"},"3":{"id":"110","name":"PART 11 - TRANSPORTATION","identifier":"11","label":"part","url":"\/II\/11\/"},"4":{"id":"5","name":"Division II - Planning and Development","identifier":"II","label":"division","url":"\/II\/"}},"referred_to_by":false,"edition_id":"1","section_id":"415","structure_id":"121","full_text":"________________________________________\nFOOTNOTE(S):\n________________________________________\n&#8212; (1) &#8212; \nCross reference: Speed limit in park, \u00a79-2012 (Back)","text":{"0":{"id":"1136","text":"________________________________________\nFOOTNOTE(S):\n________________________________________\n&#8212; (1) &#8212; \nCross reference: Speed limit in park, \u00a79-2012 (Back)","type":"section","prefixes":[""],"prefix":"","entire_prefix":"","prefix_anchor":"","level":1}},"ancestry":{"1":{"id":"121","name":"ARTICLE E. - SPEED REGULATIONS [1]","identifier":"E","label":"article","url":"\/II\/11\/2\/E\/"},"2":{"id":"115","name":"CHAPTER 2. - MOTOR VEHICLES AND TRAFFIC","identifier":"2","label":"chapter","url":"\/II\/11\/2\/"},"3":{"id":"110","name":"PART 11 - TRANSPORTATION","identifier":"11","label":"part","url":"\/II\/11\/"},"4":{"id":"5","name":"Division II - Planning and Development","identifier":"II","label":"division","url":"\/II\/"}},"structure_contents":{"0":{"id":"411","structure_id":"121","section_number":"11-2091","catch_line":"GENERAL.","url":"\/11-2091\/","token":"11-2091"},"1":{"id":"412","structure_id":"121","section_number":"11-2092","catch_line":"EXCEPTIONS.","url":"\/11-2092\/","token":"11-2092"},"2":{"id":"413","structure_id":"121","section_number":"11-2093","catch_line":"EXCEPTIONS DURING SPECIFIED TIMES.","url":"\/11-2093\/","token":"11-2093"},"3":{"id":"415","structure_id":"121","section_number":"11-2094","catch_line":"RESERVED.","url":"\/11-2094\/","token":"11-2094"}},"previous_section":{"id":"413","structure_id":"121","section_number":"11-2093","catch_line":"EXCEPTIONS DURING SPECIFIED TIMES.","url":"\/11-2093\/","token":"11-2093"},"references":false,"formats":{"txt":"\/11-2094.txt","json":"\/11-2094.xml"},"dublin_core":{"Title":"RESERVED.","Type":"Text","Format":"text\/html","Identifier":"\u00a7 11-2094","Relation":"Code of State"},"plain_text":"                                  CODE OF STATE\n\nRESERVED. (\u00a7 11-2094)\n\n________________________________________\nFOOTNOTE(S):\n________________________________________\n&#8212; (1) &#8212; \nCross reference: Speed limit in park, \u00a79-2012 (Back)\n"}