{"law_id":"385","section_number":"11-2025","catch_line":"CIVIL PENALTIES.","history":"","order_by":"11-2025","metadata":false,"url":"\/11-2025\/","token":"11-2025","structure":{"1":{"id":"117","name":"ARTICLE B. - ADMINISTRATION AND ENFORCEMENT","identifier":"B","label":"article","url":"\/II\/11\/2\/B\/"},"2":{"id":"115","name":"CHAPTER 2. - MOTOR VEHICLES AND TRAFFIC","identifier":"2","label":"chapter","url":"\/II\/11\/2\/"},"3":{"id":"110","name":"PART 11 - TRANSPORTATION","identifier":"11","label":"part","url":"\/II\/11\/"},"4":{"id":"5","name":"Division II - Planning and Development","identifier":"II","label":"division","url":"\/II\/"}},"referred_to_by":{"0":{"id":"384","section_number":"11-2024","catch_line":"RESERVED.","url":"http:\/\/localhost:8888\/11-2024\/"},"1":{"id":"880","section_number":"2-2061","catch_line":"CREATION; CRIMINAL AND CIVIL PENALTIES FOR TRAFFIC VIOLATIONS.","url":"http:\/\/localhost:8888\/2-2061\/"}},"edition_id":"1","section_id":"385","structure_id":"117","full_text":"(a) Violations of Articles J and K of this chapter shall subject the offender to the civil penalties hereinafter enumerated. Pursuant to G.S. 160A-175, all criminal penalties for these violations as set out in G.S. 14-4 are hereby removed. Civil penalties may be recovered by the City in a civil action in the nature of debt or may be collected in such other amounts as prescribed herein within the prescribed time following the issuance of notice or citation for the violation.\r\r(b) Notice to be affixed. \nWhenever a member of the Police Department of the City or other person charged by ordinance or Charter with the enforcement of the provisions of this chapter regulating the parking of vehicles shall find that any of those provisions are being, or have been, violated by the owner or operator of any vehicle, such officer or person shall notify the owner or operator of the vehicle of the violation by conspicuously attaching to the vehicle a parking violation notice or citation in such form as the Finance Director may direct.\r\r(c) Same; contents. \nSuch parking violation notice or citation shall, among other things, (i) state upon its face the amount of the penalty for the specific violation if the penalty is paid within twenty-one (21) days from and after the violation; (ii) notify the offender that a failure to pay the penalty within twenty-one (21) days from the violation shall subject the offender to an additional late penalty in the amount of twenty dollars ($20.00); (iii) notify the offender that a failure to pay the penalty within one hundred eighty (180) days from the violation shall subject the offender to a late penalty in the amount of ten dollars ($10.00), in addition to the one imposed for failure to pay within twenty-one (21) days of the violation (iv) notify the offender that a failure to pay the penalty within the prescribed time shall subject the offender to a civil action in the nature of debt for the stated penalty plus an additional penalty in the amount of ninety-five dollars ($95.00), together with the cost of the action to be taxed by the court; (v) further provide that the offender may answer the City parking citation by mailing the citation and the stated penalty to Citation Processing Center, P.O. Box 6649, Rockville, MD 20849-6649, or may pay the amount in person at 222 West Hargett Street, Revenue Service Lobby and that upon payment, the case or claim and right of action by the City will be deemed compromised and settled; (vi) that the penalty must be either paid or the failure to pay must be cleared within twenty-one (21) days of the issuance of the citation. The notice shall further state that if the parking violation citation is not cleared within twenty-one (21) days, court action by the filing of a civil complaint for collection of the penalty may be taken. As used upon the parking violation citation, the word &#8220;cleared&#8221; shall mean either (i) payment, (ii) arrangement for payment to be made, or (iii) a prima facie showing that the parking citation was received as a result of mistake, inadvertence or excusable neglect.\r\r(d) Settlement of claim. \nThe supervisor of the violations division is authorized to accept payments in full and final settlement of the claim or claims, right or rights of action which the City may have to enforce such penalty by civil action in the nature of debt. Acceptance of a penalty shall be deemed a full and final release of any and all claims, or right of action arising out of contended violations.\r\r(g) Penalties, to general fund. \nAll penalties paid to the violations division or as may be recovered in a civil action in the nature of debt as herein provided shall be paid into the general fund of the City at such time and under such regulations as may be prescribed by the Finance Director. \n(Code 1959 , \u00a721-12.1; Ord. No. 1986-774, \u00a7\u00a72, 3, 4-15-86; Ord. No. 1989-456, \u00a71, 11-7-89; Ord. No. 1990-477, \u00a7\u00a71, 2, 1-2-90; Ord. No. 1991-873, \u00a71, 11-19-91; Ord. No. 1992-887, \u00a7\u00a71\u20144, 12-3-91; Ord. No. 1994-436A, \u00a71, 6-28-94; Ord. No. 2003-396, \u00a71, 3-4-03; Ord. No. 2004-666A, \u00a7\u00a71\u20148, 6-29-04; Ord. No. 2007-268, \u00a7\u00a71\u20148, 7-24-07, eff. 10-1-07; Ord. No. 2010-724, \u00a71, 4-20-10, eff. 6-1-10; Ord. No. 2012-3, \u00a7\u00a71, 2, 1-17-12; Ord. No. 2012-57, \u00a7\u00a71, 2, 6-5-12, eff. 10-1-12)\r\r","text":{"0":{"id":"1079","text":"Violations of Articles J and K of this chapter shall subject the offender to the civil penalties hereinafter enumerated. Pursuant to G.S. 160A-175, all criminal penalties for these violations as set out in G.S. 14-4 are hereby removed. Civil penalties may be recovered by the City in a civil action in the nature of debt or may be collected in such other amounts as prescribed herein within the prescribed time following the issuance of notice or citation for the violation.","type":"section","prefixes":["(a)"],"prefix":"(a)","entire_prefix":"(a)","prefix_anchor":"(a)","level":1},"1":{"id":"1080","text":"Notice to be affixed. \nWhenever a member of the Police Department of the City or other person charged by ordinance or Charter with the enforcement of the provisions of this chapter regulating the parking of vehicles shall find that any of those provisions are being, or have been, violated by the owner or operator of any vehicle, such officer or person shall notify the owner or operator of the vehicle of the violation by conspicuously attaching to the vehicle a parking violation notice or citation in such form as the Finance Director may direct.","type":"section","prefixes":["(b)"],"prefix":"(b)","entire_prefix":"(b)","prefix_anchor":"(b)","level":1},"2":{"id":"1081","text":"Same; contents. \nSuch parking violation notice or citation shall, among other things, (i) state upon its face the amount of the penalty for the specific violation if the penalty is paid within twenty-one (21) days from and after the violation; (ii) notify the offender that a failure to pay the penalty within twenty-one (21) days from the violation shall subject the offender to an additional late penalty in the amount of twenty dollars ($20.00); (iii) notify the offender that a failure to pay the penalty within one hundred eighty (180) days from the violation shall subject the offender to a late penalty in the amount of ten dollars ($10.00), in addition to the one imposed for failure to pay within twenty-one (21) days of the violation (iv) notify the offender that a failure to pay the penalty within the prescribed time shall subject the offender to a civil action in the nature of debt for the stated penalty plus an additional penalty in the amount of ninety-five dollars ($95.00), together with the cost of the action to be taxed by the court; (v) further provide that the offender may answer the City parking citation by mailing the citation and the stated penalty to Citation Processing Center, P.O. Box 6649, Rockville, MD 20849-6649, or may pay the amount in person at 222 West Hargett Street, Revenue Service Lobby and that upon payment, the case or claim and right of action by the City will be deemed compromised and settled; (vi) that the penalty must be either paid or the failure to pay must be cleared within twenty-one (21) days of the issuance of the citation. The notice shall further state that if the parking violation citation is not cleared within twenty-one (21) days, court action by the filing of a civil complaint for collection of the penalty may be taken. As used upon the parking violation citation, the word &#8220;cleared&#8221; shall mean either (i) payment, (ii) arrangement for payment to be made, or (iii) a prima facie showing that the parking citation was received as a result of mistake, inadvertence or excusable neglect.","type":"section","prefixes":["(c)"],"prefix":"(c)","entire_prefix":"(c)","prefix_anchor":"(c)","level":1},"3":{"id":"1082","text":"Settlement of claim. \nThe supervisor of the violations division is authorized to accept payments in full and final settlement of the claim or claims, right or rights of action which the City may have to enforce such penalty by civil action in the nature of debt. Acceptance of a penalty shall be deemed a full and final release of any and all claims, or right of action arising out of contended violations.","type":"section","prefixes":["(d)"],"prefix":"(d)","entire_prefix":"(d)","prefix_anchor":"(d)","level":1},"4":{"id":"1083","text":"","type":"section","prefixes":["(e)"],"prefix":"(e)","entire_prefix":"(e)","prefix_anchor":"(e)","level":1},"5":{"id":"1084","text":"\tParking, stopping or standing in certain places, designated in \u00a711-2171, to-wit: \na.\tObstructing traffic (11-2171(a)).\nb.\tOn a sidewalk (11-2171(b)(1)). \nc.\tWithin an intersection (11-2171(b)(2)). \nd.\tDouble stopping, standing or parking (11-2171(b)(9)). \ne.\tStopping, standing or parking in front of a fire hydrant or within a fire hydrant zone (11-2171(b)(10)). \nf.\tBlocking, or parking within five (5) feet on either side of, a private road or driveway (11-2171(b)(11)). \ng.\tBlocking or otherwise obstructing ingress to, egress from, or passage through City-owned, off-street parking areas for the general public, as provided in \u00a711-2171(b)(12) (paragraph 2): $30.00. \n","type":"section","prefixes":["(e)","(1)"],"prefix":"(1)","entire_prefix":"(e)(1)","prefix_anchor":"(e)(1)","level":2},"6":{"id":"1085","text":"\tParking in a &#8220;No parking zone,&#8221; as provided in \u00a711-2172: $30.00. \n","type":"section","prefixes":["(e)","(2)"],"prefix":"(2)","entire_prefix":"(e)(2)","prefix_anchor":"(e)(2)","level":2},"7":{"id":"1086","text":"\tParking, standing, or stopping in a &#8220;No stopping or standing zone,&#8221; as provided in \u00a711-2173: $30.00. \n","type":"section","prefixes":["(e)","(3)"],"prefix":"(3)","entire_prefix":"(e)(3)","prefix_anchor":"(e)(3)","level":2},"8":{"id":"1087","text":"\tUnauthorized parking in municipal building parking areas as provided in \u00a711-2175: $30.00. \n","type":"section","prefixes":["(e)","(4)"],"prefix":"(4)","entire_prefix":"(e)(4)","prefix_anchor":"(e)(4)","level":2},"9":{"id":"1088","text":"\tUnauthorized truck parking as provided in \u00a711-2176: $30.00. \n","type":"section","prefixes":["(e)","(5)"],"prefix":"(5)","entire_prefix":"(e)(5)","prefix_anchor":"(e)(5)","level":2},"10":{"id":"1089","text":"\tUnauthorized parking in loading zones as provided in \u00a711-2177: $30.00. \n","type":"section","prefixes":["(e)","(6)"],"prefix":"(6)","entire_prefix":"(e)(6)","prefix_anchor":"(e)(6)","level":2},"11":{"id":"1090","text":"\tParking, standing or stopping in a &#8220;Bus Zone&#8221; as provided in \u00a711-2178: $30.00. \n","type":"section","prefixes":["(e)","(7)"],"prefix":"(7)","entire_prefix":"(e)(7)","prefix_anchor":"(e)(7)","level":2},"12":{"id":"1091","text":"\tImproper parking in a valet zone as provided in \u00a711-2186: $30.00. \n","type":"section","prefixes":["(e)","(8)"],"prefix":"(8)","entire_prefix":"(e)(8)","prefix_anchor":"(e)(8)","level":2},"13":{"id":"1092","text":"\tAll other parking, standing or stopping violations established under Articles J and K of this chapter: $20.00. \n","type":"section","prefixes":["(e)","(9)"],"prefix":"(9)","entire_prefix":"(e)(9)","prefix_anchor":"(e)(9)","level":2},"14":{"id":"1093","text":"","type":"section","prefixes":["(f)"],"prefix":"(f)","entire_prefix":"(f)","prefix_anchor":"(f)","level":1},"15":{"id":"1094","text":"\tA delinquent penalty of twenty dollars ($20.00), in addition to the one imposed for payment within forty-eight (48) hours, shall apply in those cases in which the penalties prescribed in subsection (e) above have not been paid within twenty-one (21) days from the date of the violation. \n","type":"section","prefixes":["(f)","(1)"],"prefix":"(1)","entire_prefix":"(f)(1)","prefix_anchor":"(f)(1)","level":2},"16":{"id":"1095","text":"\tA delinquent penalty of ten dollars ($10.00), in addition to the one imposed for failure to pay within twenty-one (21) days shall apply in those cases in which the penalties prescribed in subsection (e) above have not been paid within one hundred eighty (180) days from the date of the violation. \n","type":"section","prefixes":["(f)","(2)"],"prefix":"(2)","entire_prefix":"(f)(2)","prefix_anchor":"(f)(2)","level":2},"17":{"id":"1096","text":"\tA penalty of thirty-five dollars ($35.00), in addition to the one imposed for payment within forty-eight (48) hours and the delinquent penalties, shall apply in those cases in which the penalties set forth above in subsection (e) have not been paid within the prescribed period of time, and in which a civil action shall have been instituted. \n","type":"section","prefixes":["(f)","(3)"],"prefix":"(3)","entire_prefix":"(f)(3)","prefix_anchor":"(f)(3)","level":2},"18":{"id":"1097","text":"Penalties, to general fund. \nAll penalties paid to the violations division or as may be recovered in a civil action in the nature of debt as herein provided shall be paid into the general fund of the City at such time and under such regulations as may be prescribed by the Finance Director. \n(Code 1959 , \u00a721-12.1; Ord. No. 1986-774, \u00a7\u00a72, 3, 4-15-86; Ord. No. 1989-456, \u00a71, 11-7-89; Ord. No. 1990-477, \u00a7\u00a71, 2, 1-2-90; Ord. No. 1991-873, \u00a71, 11-19-91; Ord. No. 1992-887, \u00a7\u00a71\u20144, 12-3-91; Ord. No. 1994-436A, \u00a71, 6-28-94; Ord. No. 2003-396, \u00a71, 3-4-03; Ord. No. 2004-666A, \u00a7\u00a71\u20148, 6-29-04; Ord. No. 2007-268, \u00a7\u00a71\u20148, 7-24-07, eff. 10-1-07; Ord. No. 2010-724, \u00a71, 4-20-10, eff. 6-1-10; Ord. No. 2012-3, \u00a7\u00a71, 2, 1-17-12; Ord. No. 2012-57, \u00a7\u00a71, 2, 6-5-12, eff. 10-1-12)","type":"section","prefixes":["(g)"],"prefix":"(g)","entire_prefix":"(g)","prefix_anchor":"(g)","level":1}},"ancestry":{"1":{"id":"117","name":"ARTICLE B. - ADMINISTRATION AND ENFORCEMENT","identifier":"B","label":"article","url":"\/II\/11\/2\/B\/"},"2":{"id":"115","name":"CHAPTER 2. - MOTOR VEHICLES AND TRAFFIC","identifier":"2","label":"chapter","url":"\/II\/11\/2\/"},"3":{"id":"110","name":"PART 11 - TRANSPORTATION","identifier":"11","label":"part","url":"\/II\/11\/"},"4":{"id":"5","name":"Division II - Planning and Development","identifier":"II","label":"division","url":"\/II\/"}},"structure_contents":{"0":{"id":"380","structure_id":"117","section_number":"11-2021","catch_line":"IN GENERAL.","url":"\/11-2021\/","token":"11-2021"},"1":{"id":"382","structure_id":"117","section_number":"11-2022","catch_line":"ACCIDENT INVESTIGATION.","url":"\/11-2022\/","token":"11-2022"},"2":{"id":"383","structure_id":"117","section_number":"11-2023","catch_line":"TRAFFIC REGULATION AND PEDESTRIAN SAFETY.","url":"\/11-2023\/","token":"11-2023"},"3":{"id":"384","structure_id":"117","section_number":"11-2024","catch_line":"RESERVED.","url":"\/11-2024\/","token":"11-2024"},"4":{"id":"385","structure_id":"117","section_number":"11-2025","catch_line":"CIVIL PENALTIES.","url":"\/11-2025\/","token":"11-2025"},"5":{"id":"386","structure_id":"117","section_number":"11-2026","catch_line":"REMOVAL OF A TRAFFIC TICKET.","url":"\/11-2026\/","token":"11-2026"},"6":{"id":"387","structure_id":"117","section_number":"11-2027","catch_line":"ALTERATION OF A TRAFFIC TICKET.","url":"\/11-2027\/","token":"11-2027"},"7":{"id":"388","structure_id":"117","section_number":"11-2028","catch_line":"RESERVED.","url":"\/11-2028\/","token":"11-2028"},"8":{"id":"389","structure_id":"117","section_number":"11-2030","catch_line":"RESERVED.","url":"\/11-2030\/","token":"11-2030"},"9":{"id":"390","structure_id":"117","section_number":"11-2030","catch_line":"RESERVED. ","url":"\/11-2030\/","token":"11-2030"}},"previous_section":{"id":"384","structure_id":"117","section_number":"11-2024","catch_line":"RESERVED.","url":"\/11-2024\/","token":"11-2024"},"next_section":{"id":"386","structure_id":"117","section_number":"11-2026","catch_line":"REMOVAL OF A TRAFFIC TICKET.","url":"\/11-2026\/","token":"11-2026"},"references":{"0":{"id":"880","section_number":"2-2061","catch_line":"CREATION; CRIMINAL AND CIVIL PENALTIES FOR TRAFFIC VIOLATIONS.","url":"http:\/\/localhost:8888\/2-2061\/"}},"formats":{"txt":"\/11-2025.txt","json":"\/11-2025.xml"},"dublin_core":{"Title":"CIVIL PENALTIES.","Type":"Text","Format":"text\/html","Identifier":"\u00a7 11-2025","Relation":"Code of State"},"plain_text":"                                  CODE OF STATE\n\nCIVIL PENALTIES. (\u00a7 11-2025)\n\n(a) Violations of Articles J and K of this chapter shall subject the offender to\nthe civil penalties hereinafter enumerated. Pursuant to G.S. 160A-175, all\ncriminal penalties for these violations as set out in G.S. 14-4 are hereby\nremoved. Civil penalties may be recovered by the City in a civil action in the\nnature of debt or may be collected in such other amounts as prescribed herein\nwithin the prescribed time following the issuance of notice or citation for the\nviolation.\n\n(b) Notice to be affixed. \nWhenever a member of the Police Department of the City or other person charged\nby ordinance or Charter with the enforcement of the provisions of this chapter\nregulating the parking of vehicles shall find that any of those provisions are\nbeing, or have been, violated by the owner or operator of any vehicle, such\nofficer or person shall notify the owner or operator of the vehicle of the\nviolation by conspicuously attaching to the vehicle a parking violation notice\nor citation in such form as the Finance Director may direct.\n\n(c) Same; contents. \nSuch parking violation notice or citation shall, among other things, (i) state\nupon its face the amount of the penalty for the specific violation if the\npenalty is paid within twenty-one (21) days from and after the violation; (ii)\nnotify the offender that a failure to pay the penalty within twenty-one (21)\ndays from the violation shall subject the offender to an additional late penalty\nin the amount of twenty dollars ($20.00); (iii) notify the offender that a\nfailure to pay the penalty within one hundred eighty (180) days from the\nviolation shall subject the offender to a late penalty in the amount of ten\ndollars ($10.00), in addition to the one imposed for failure to pay within\ntwenty-one (21) days of the violation (iv) notify the offender that a failure to\npay the penalty within the prescribed time shall subject the offender to a civil\naction in the nature of debt for the stated penalty plus an additional penalty\nin the amount of ninety-five dollars ($95.00), together with the cost of the\naction to be taxed by the court; (v) further provide that the offender may\nanswer the City parking citation by mailing the citation and the stated penalty\nto Citation Processing Center, P.O. Box 6649, Rockville, MD 20849-6649, or may\npay the amount in person at 222 West Hargett Street, Revenue Service Lobby and\nthat upon payment, the case or claim and right of action by the City will be\ndeemed compromised and settled; (vi) that the penalty must be either paid or the\nfailure to pay must be cleared within twenty-one (21) days of the issuance of\nthe citation. The notice shall further state that if the parking violation\ncitation is not cleared within twenty-one (21) days, court action by the filing\nof a civil complaint for collection of the penalty may be taken. As used upon\nthe parking violation citation, the word &#8220;cleared&#8221; shall mean either\n(i) payment, (ii) arrangement for payment to be made, or (iii) a prima facie\nshowing that the parking citation was received as a result of mistake,\ninadvertence or excusable neglect.\n\n(d) Settlement of claim. \nThe supervisor of the violations division is authorized to accept payments in\nfull and final settlement of the claim or claims, right or rights of action\nwhich the City may have to enforce such penalty by civil action in the nature of\ndebt. Acceptance of a penalty shall be deemed a full and final release of any\nand all claims, or right of action arising out of contended violations.\n\n(e) \n\n   (1) \tParking, stopping or standing in certain places, designated in \u00a711-2171,\n   to-wit: \n   a.\tObstructing traffic (11-2171(a)).\n   b.\tOn a sidewalk (11-2171(b)(1)). \n   c.\tWithin an intersection (11-2171(b)(2)). \n   d.\tDouble stopping, standing or parking (11-2171(b)(9)). \n   e.\tStopping, standing or parking in front of a fire hydrant or within a fire\n   hydrant zone (11-2171(b)(10)). \n   f.\tBlocking, or parking within five (5) feet on either side of, a private road\n   or driveway (11-2171(b)(11)). \n   g.\tBlocking or otherwise obstructing ingress to, egress from, or passage\n   through City-owned, off-street parking areas for the general public, as\n   provided in \u00a711-2171(b)(12) (paragraph 2): $30.00. \n   \n\n   (2) \tParking in a &#8220;No parking zone,&#8221; as provided in \u00a711-2172:\n   $30.00. \n   \n\n   (3) \tParking, standing, or stopping in a &#8220;No stopping or standing\n   zone,&#8221; as provided in \u00a711-2173: $30.00. \n   \n\n   (4) \tUnauthorized parking in municipal building parking areas as provided in\n   \u00a711-2175: $30.00. \n   \n\n   (5) \tUnauthorized truck parking as provided in \u00a711-2176: $30.00. \n   \n\n   (6) \tUnauthorized parking in loading zones as provided in \u00a711-2177: $30.00. \n   \n\n   (7) \tParking, standing or stopping in a &#8220;Bus Zone&#8221; as provided in\n   \u00a711-2178: $30.00. \n   \n\n   (8) \tImproper parking in a valet zone as provided in \u00a711-2186: $30.00. \n   \n\n   (9) \tAll other parking, standing or stopping violations established under\n   Articles J and K of this chapter: $20.00. \n   \n\n(f) \n\n   (1) \tA delinquent penalty of twenty dollars ($20.00), in addition to the one\n   imposed for payment within forty-eight (48) hours, shall apply in those cases\n   in which the penalties prescribed in subsection (e) above have not been paid\n   within twenty-one (21) days from the date of the violation. \n   \n\n   (2) \tA delinquent penalty of ten dollars ($10.00), in addition to the one\n   imposed for failure to pay within twenty-one (21) days shall apply in those\n   cases in which the penalties prescribed in subsection (e) above have not been\n   paid within one hundred eighty (180) days from the date of the violation. \n   \n\n   (3) \tA penalty of thirty-five dollars ($35.00), in addition to the one imposed\n   for payment within forty-eight (48) hours and the delinquent penalties, shall\n   apply in those cases in which the penalties set forth above in subsection (e)\n   have not been paid within the prescribed period of time, and in which a civil\n   action shall have been instituted. \n   \n\n(g) Penalties, to general fund. \nAll penalties paid to the violations division or as may be recovered in a civil\naction in the nature of debt as herein provided shall be paid into the general\nfund of the City at such time and under such regulations as may be prescribed by\nthe Finance Director. \n(Code 1959 , \u00a721-12.1; Ord. No. 1986-774, \u00a7\u00a72, 3, 4-15-86; Ord. No. 1989-456,\n\u00a71, 11-7-89; Ord. No. 1990-477, \u00a7\u00a71, 2, 1-2-90; Ord. No. 1991-873, \u00a71,\n11-19-91; Ord. No. 1992-887, \u00a7\u00a71\u20144, 12-3-91; Ord. No. 1994-436A, \u00a71,\n6-28-94; Ord. No. 2003-396, \u00a71, 3-4-03; Ord. No. 2004-666A, \u00a7\u00a71\u20148, 6-29-04;\nOrd. No. 2007-268, \u00a7\u00a71\u20148, 7-24-07, eff. 10-1-07; Ord. No. 2010-724, \u00a71,\n4-20-10, eff. 6-1-10; Ord. No. 2012-3, \u00a7\u00a71, 2, 1-17-12; Ord. No. 2012-57,\n\u00a7\u00a71, 2, 6-5-12, eff. 10-1-12)\n"}