{"law_id":"486","section_number":"11-2209","catch_line":"CONTENTS OF APPLICATION; FORM.","history":"","order_by":"11-2209","metadata":false,"url":"\/11-2209\/","token":"11-2209","structure":{"1":{"id":"131","name":"ARTICLE K. - PARKING METERS","identifier":"K","label":"article","url":"\/II\/11\/2\/K\/"},"2":{"id":"115","name":"CHAPTER 2. - MOTOR VEHICLES AND TRAFFIC","identifier":"2","label":"chapter","url":"\/II\/11\/2\/"},"3":{"id":"110","name":"PART 11 - TRANSPORTATION","identifier":"11","label":"part","url":"\/II\/11\/"},"4":{"id":"5","name":"Division II - Planning and Development","identifier":"II","label":"division","url":"\/II\/"}},"referred_to_by":false,"edition_id":"1","section_id":"486","structure_id":"131","full_text":"(a) Written authorization. \nThe application for a permit shall be made in writing on a form supplied by the Inspections Department. The application will show the name of the business or applicant&#8217;s name; the reason for the encumbrance of the parking space or spaces; any certification required by this section; and the location of the proposed activity and the number of spaces desired to be encumbered and the day or dates needed and such other information as may be required by the Police Department.\r\r(b) Exhibit of permit. \nIn all cases, any permit issued hereunder shall be displayed by the permittee (or his agent) at the location of the parking spaces authorized to be encumbered and shall be exhibited to any officer or employee of the City upon demand. \n(Code 1959 , \u00a721-48.1; Ord. No. 1984-452, \u00a72, 12-4-84)\r\r","text":{"0":{"id":"1366","text":"Written authorization. \nThe application for a permit shall be made in writing on a form supplied by the Inspections Department. The application will show the name of the business or applicant&#8217;s name; the reason for the encumbrance of the parking space or spaces; any certification required by this section; and the location of the proposed activity and the number of spaces desired to be encumbered and the day or dates needed and such other information as may be required by the Police Department.","type":"section","prefixes":["(a)"],"prefix":"(a)","entire_prefix":"(a)","prefix_anchor":"(a)","level":1},"1":{"id":"1367","text":"Exhibit of permit. \nIn all cases, any permit issued hereunder shall be displayed by the permittee (or his agent) at the location of the parking spaces authorized to be encumbered and shall be exhibited to any officer or employee of the City upon demand. \n(Code 1959 , \u00a721-48.1; Ord. No. 1984-452, \u00a72, 12-4-84)","type":"section","prefixes":["(b)"],"prefix":"(b)","entire_prefix":"(b)","prefix_anchor":"(b)","level":1}},"ancestry":{"1":{"id":"131","name":"ARTICLE K. - PARKING METERS","identifier":"K","label":"article","url":"\/II\/11\/2\/K\/"},"2":{"id":"115","name":"CHAPTER 2. - MOTOR VEHICLES AND TRAFFIC","identifier":"2","label":"chapter","url":"\/II\/11\/2\/"},"3":{"id":"110","name":"PART 11 - TRANSPORTATION","identifier":"11","label":"part","url":"\/II\/11\/"},"4":{"id":"5","name":"Division II - Planning and Development","identifier":"II","label":"division","url":"\/II\/"}},"structure_contents":{"0":{"id":"476","structure_id":"131","section_number":"11-2200","catch_line":"PENALTIES.","url":"\/11-2200\/","token":"11-2200"},"1":{"id":"477","structure_id":"131","section_number":"11-2201","catch_line":"DEFINITIONS.","url":"\/11-2201\/","token":"11-2201"},"2":{"id":"478","structure_id":"131","section_number":"11-2202","catch_line":"PARKING METER ZONES.","url":"\/11-2202\/","token":"11-2202"},"3":{"id":"479","structure_id":"131","section_number":"11-2203","catch_line":"INSTALLATION OF PARKING METERS.","url":"\/11-2203\/","token":"11-2203"},"4":{"id":"480","structure_id":"131","section_number":"11-2204","catch_line":"OPERATION OF PARKING METERS.","url":"\/11-2204\/","token":"11-2204"},"5":{"id":"482","structure_id":"131","section_number":"11-2205","catch_line":"PARKING TIME LIMITS.","url":"\/11-2205\/","token":"11-2205"},"6":{"id":"483","structure_id":"131","section_number":"11-2206","catch_line":"METER ZONES; PERIOD OF OPERATION.","url":"\/11-2206\/","token":"11-2206"},"7":{"id":"484","structure_id":"131","section_number":"11-2207","catch_line":"EXCEPTIONS TO PARKING TIME LIMITATIONS AND TO REQUIRED ACTIVATION OF PARKING METERS BY DEPOSIT OF COINS; PARKING SPACE ENCUMBRANCE.","url":"\/11-2207\/","token":"11-2207"},"8":{"id":"485","structure_id":"131","section_number":"11-2208","catch_line":"PARKING EXCEPTIONS AND SPACE RESERVATIONS AUTHORIZED BY CITY COUNCIL.","url":"\/11-2208\/","token":"11-2208"},"9":{"id":"486","structure_id":"131","section_number":"11-2209","catch_line":"CONTENTS OF APPLICATION; FORM.","url":"\/11-2209\/","token":"11-2209"},"10":{"id":"487","structure_id":"131","section_number":"11-2210","catch_line":"ISSUANCE OF PERMITS.","url":"\/11-2210\/","token":"11-2210"},"11":{"id":"488","structure_id":"131","section_number":"11-2211","catch_line":"UNLAWFUL ACTS.","url":"\/11-2211\/","token":"11-2211"},"12":{"id":"489","structure_id":"131","section_number":"11-2212","catch_line":"VIOLATIONS.","url":"\/11-2212\/","token":"11-2212"},"13":{"id":"490","structure_id":"131","section_number":"11-2213","catch_line":"ENFORCEMENT.","url":"\/11-2213\/","token":"11-2213"},"14":{"id":"491","structure_id":"131","section_number":"11-2214","catch_line":"USE OF PROCEEDS.","url":"\/11-2214\/","token":"11-2214"},"15":{"id":"493","structure_id":"131","section_number":"11-2215","catch_line":"RESERVATION OF POWERS.","url":"\/11-2215\/","token":"11-2215"},"16":{"id":"494","structure_id":"131","section_number":"11-2216","catch_line":"IMMOBILIZATION OF VEHICLES.","url":"\/11-2216\/","token":"11-2216"},"17":{"id":"495","structure_id":"131","section_number":"11-2217","catch_line":"RESERVED.","url":"\/11-2217\/","token":"11-2217"},"18":{"id":"496","structure_id":"131","section_number":"11-2217","catch_line":"RESERVED. ","url":"\/11-2217\/","token":"11-2217"}},"previous_section":{"id":"485","structure_id":"131","section_number":"11-2208","catch_line":"PARKING EXCEPTIONS AND SPACE RESERVATIONS AUTHORIZED BY CITY COUNCIL.","url":"\/11-2208\/","token":"11-2208"},"next_section":{"id":"487","structure_id":"131","section_number":"11-2210","catch_line":"ISSUANCE OF PERMITS.","url":"\/11-2210\/","token":"11-2210"},"references":false,"formats":{"txt":"\/11-2209.txt","json":"\/11-2209.xml"},"dublin_core":{"Title":"CONTENTS OF APPLICATION; FORM.","Type":"Text","Format":"text\/html","Identifier":"\u00a7 11-2209","Relation":"Code of State"},"plain_text":"                                  CODE OF STATE\n\nCONTENTS OF APPLICATION; FORM. (\u00a7 11-2209)\n\n(a) Written authorization. \nThe application for a permit shall be made in writing on a form supplied by the\nInspections Department. The application will show the name of the business or\napplicant&#8217;s name; the reason for the encumbrance of the parking space or\nspaces; any certification required by this section; and the location of the\nproposed activity and the number of spaces desired to be encumbered and the day\nor dates needed and such other information as may be required by the Police\nDepartment.\n\n(b) Exhibit of permit. \nIn all cases, any permit issued hereunder shall be displayed by the permittee\n(or his agent) at the location of the parking spaces authorized to be encumbered\nand shall be exhibited to any officer or employee of the City upon demand. \n(Code 1959 , \u00a721-48.1; Ord. No. 1984-452, \u00a72, 12-4-84)\n"}