{"law_id":"404","section_number":"11-2072","catch_line":"STOP INTERSECTIONS.","history":"","order_by":"11-2072","metadata":false,"url":"\/11-2072\/","token":"11-2072","structure":{"1":{"id":"119","name":"ARTICLE D. - STOPS REQUIRED","identifier":"D","label":"article","url":"\/II\/11\/2\/D\/"},"2":{"id":"115","name":"CHAPTER 2. - MOTOR VEHICLES AND TRAFFIC","identifier":"2","label":"chapter","url":"\/II\/11\/2\/"},"3":{"id":"110","name":"PART 11 - TRANSPORTATION","identifier":"11","label":"part","url":"\/II\/11\/"},"4":{"id":"5","name":"Division II - Planning and Development","identifier":"II","label":"division","url":"\/II\/"}},"referred_to_by":{"0":{"id":"406","section_number":"11-2074","catch_line":"THROUGH STREETS.","url":"http:\/\/localhost:8888\/11-2074\/"},"1":{"id":"449","section_number":"11-2153","catch_line":"ELECTRONIC TRAFFIC AND PEDESTRIAN CONTROL SIGNALS.","url":"http:\/\/localhost:8888\/11-2153\/"}},"edition_id":"1","section_id":"404","structure_id":"119","full_text":"(a) Except when directed to proceed by a police officer, every driver of a vehicle approaching a designated stop intersection which shall be indicated by a stop sign or, in the discretion of the transportation director, a flashing red light, shall stop before entering the crosswalk, on the near side of the intersection, or, in the event there is no crosswalk, shall stop at a clearly marked stop line, or, if none, then at the point nearest the intersecting roadway where the driver has a view of approaching traffic on the intersecting roadway before entering the intersection.\r\r(b) The driver having stopped in obedience to a stop sign or flashing red light at an intersection shall proceed cautiously, yielding the right-of-way to all vehicles not so obliged to stop which are approaching the intersection.\r\r(c) Stop intersections and the location of signs or flashing red lights at those intersections shall be in accordance with official Traffic Schedule No. 2, Stop Intersections. \nCross reference: Schedules incorporated by reference, \u00a711-2004 \nState law reference: Stop intersections, G.S. 20-158(a).\r\r","text":{"0":{"id":"1120","text":"Except when directed to proceed by a police officer, every driver of a vehicle approaching a designated stop intersection which shall be indicated by a stop sign or, in the discretion of the transportation director, a flashing red light, shall stop before entering the crosswalk, on the near side of the intersection, or, in the event there is no crosswalk, shall stop at a clearly marked stop line, or, if none, then at the point nearest the intersecting roadway where the driver has a view of approaching traffic on the intersecting roadway before entering the intersection.","type":"section","prefixes":["(a)"],"prefix":"(a)","entire_prefix":"(a)","prefix_anchor":"(a)","level":1},"1":{"id":"1121","text":"The driver having stopped in obedience to a stop sign or flashing red light at an intersection shall proceed cautiously, yielding the right-of-way to all vehicles not so obliged to stop which are approaching the intersection.","type":"section","prefixes":["(b)"],"prefix":"(b)","entire_prefix":"(b)","prefix_anchor":"(b)","level":1},"2":{"id":"1122","text":"Stop intersections and the location of signs or flashing red lights at those intersections shall be in accordance with official Traffic Schedule No. 2, Stop Intersections. \nCross reference: Schedules incorporated by reference, \u00a711-2004 \nState law reference: Stop intersections, G.S. 20-158(a).","type":"section","prefixes":["(c)"],"prefix":"(c)","entire_prefix":"(c)","prefix_anchor":"(c)","level":1}},"ancestry":{"1":{"id":"119","name":"ARTICLE D. - STOPS REQUIRED","identifier":"D","label":"article","url":"\/II\/11\/2\/D\/"},"2":{"id":"115","name":"CHAPTER 2. - MOTOR VEHICLES AND TRAFFIC","identifier":"2","label":"chapter","url":"\/II\/11\/2\/"},"3":{"id":"110","name":"PART 11 - TRANSPORTATION","identifier":"11","label":"part","url":"\/II\/11\/"},"4":{"id":"5","name":"Division II - Planning and Development","identifier":"II","label":"division","url":"\/II\/"}},"structure_contents":{"0":{"id":"402","structure_id":"119","section_number":"11-2071","catch_line":"ELECTRONIC TRAFFIC-CONTROL SIGNALS.","url":"\/11-2071\/","token":"11-2071"},"1":{"id":"404","structure_id":"119","section_number":"11-2072","catch_line":"STOP INTERSECTIONS.","url":"\/11-2072\/","token":"11-2072"},"2":{"id":"405","structure_id":"119","section_number":"11-2073","catch_line":"YIELD SIGNS.","url":"\/11-2073\/","token":"11-2073"},"3":{"id":"406","structure_id":"119","section_number":"11-2074","catch_line":"THROUGH STREETS.","url":"\/11-2074\/","token":"11-2074"},"4":{"id":"407","structure_id":"119","section_number":"11-2075","catch_line":"EMERGING FROM ALLEY OR PRIVATE DRIVEWAY.","url":"\/11-2075\/","token":"11-2075"},"5":{"id":"408","structure_id":"119","section_number":"11-2076","catch_line":"STOP WHEN TRAFFIC OBSTRUCTED.","url":"\/11-2076\/","token":"11-2076"},"6":{"id":"409","structure_id":"119","section_number":"11-2077","catch_line":"RESERVED.","url":"\/11-2077\/","token":"11-2077"},"7":{"id":"410","structure_id":"119","section_number":"11-2077","catch_line":"RESERVED. ","url":"\/11-2077\/","token":"11-2077"}},"previous_section":{"id":"402","structure_id":"119","section_number":"11-2071","catch_line":"ELECTRONIC TRAFFIC-CONTROL SIGNALS.","url":"\/11-2071\/","token":"11-2071"},"next_section":{"id":"405","structure_id":"119","section_number":"11-2073","catch_line":"YIELD SIGNS.","url":"\/11-2073\/","token":"11-2073"},"references":{"0":{"id":"406","section_number":"11-2074","catch_line":"THROUGH STREETS.","url":"http:\/\/localhost:8888\/11-2074\/"}},"formats":{"txt":"\/11-2072.txt","json":"\/11-2072.xml"},"dublin_core":{"Title":"STOP INTERSECTIONS.","Type":"Text","Format":"text\/html","Identifier":"\u00a7 11-2072","Relation":"Code of State"},"plain_text":"                                  CODE OF STATE\n\nSTOP INTERSECTIONS. (\u00a7 11-2072)\n\n(a) Except when directed to proceed by a police officer, every driver of a\nvehicle approaching a designated stop intersection which shall be indicated by a\nstop sign or, in the discretion of the transportation director, a flashing red\nlight, shall stop before entering the crosswalk, on the near side of the\nintersection, or, in the event there is no crosswalk, shall stop at a clearly\nmarked stop line, or, if none, then at the point nearest the intersecting\nroadway where the driver has a view of approaching traffic on the intersecting\nroadway before entering the intersection.\n\n(b) The driver having stopped in obedience to a stop sign or flashing red light\nat an intersection shall proceed cautiously, yielding the right-of-way to all\nvehicles not so obliged to stop which are approaching the intersection.\n\n(c) Stop intersections and the location of signs or flashing red lights at those\nintersections shall be in accordance with official Traffic Schedule No. 2, Stop\nIntersections. \nCross reference: Schedules incorporated by reference, \u00a711-2004 \nState law reference: Stop intersections, G.S. 20-158(a).\n"}