{"law_id":"448","section_number":"11-2152","catch_line":"PEDESTRIAN CROSSING PROHIBITED.","history":"","order_by":"11-2152","metadata":false,"url":"\/11-2152\/","token":"11-2152","structure":{"1":{"id":"125","name":"ARTICLE I. - PEDESTRIANS' RIGHTS AND DUTIES","identifier":"I","label":"article","url":"\/II\/11\/2\/I\/"},"2":{"id":"115","name":"CHAPTER 2. - MOTOR VEHICLES AND TRAFFIC","identifier":"2","label":"chapter","url":"\/II\/11\/2\/"},"3":{"id":"110","name":"PART 11 - TRANSPORTATION","identifier":"11","label":"part","url":"\/II\/11\/"},"4":{"id":"5","name":"Division II - Planning and Development","identifier":"II","label":"division","url":"\/II\/"}},"referred_to_by":false,"edition_id":"1","section_id":"448","structure_id":"125","full_text":"It shall be unlawful for any person to cross a street, on foot or by any other means, at a point and in a manner prohibited by this section and where a sign, barricade or other notice indicates that such crossing is prohibited. Locations where pedestrian crossing is so prohibited shall be as designated in Traffic Schedule No. 12, &#8220;Pedestrian Crossing Prohibited.&#8221; \n(Code 1959 , \u00a721-17.2) \nCross reference: Schedules incorporated by reference, \u00a711-2004","text":{"0":{"id":"1224","text":"It shall be unlawful for any person to cross a street, on foot or by any other means, at a point and in a manner prohibited by this section and where a sign, barricade or other notice indicates that such crossing is prohibited. Locations where pedestrian crossing is so prohibited shall be as designated in Traffic Schedule No. 12, &#8220;Pedestrian Crossing Prohibited.&#8221; \n(Code 1959 , \u00a721-17.2) \nCross reference: Schedules incorporated by reference, \u00a711-2004","type":"section","prefixes":[""],"prefix":"","entire_prefix":"","prefix_anchor":"","level":1}},"ancestry":{"1":{"id":"125","name":"ARTICLE I. - PEDESTRIANS' RIGHTS AND DUTIES","identifier":"I","label":"article","url":"\/II\/11\/2\/I\/"},"2":{"id":"115","name":"CHAPTER 2. - MOTOR VEHICLES AND TRAFFIC","identifier":"2","label":"chapter","url":"\/II\/11\/2\/"},"3":{"id":"110","name":"PART 11 - TRANSPORTATION","identifier":"11","label":"part","url":"\/II\/11\/"},"4":{"id":"5","name":"Division II - Planning and Development","identifier":"II","label":"division","url":"\/II\/"}},"structure_contents":{"0":{"id":"446","structure_id":"125","section_number":"11-2151","catch_line":"PEDESTRIAN STREETS.","url":"\/11-2151\/","token":"11-2151"},"1":{"id":"448","structure_id":"125","section_number":"11-2152","catch_line":"PEDESTRIAN CROSSING PROHIBITED.","url":"\/11-2152\/","token":"11-2152"},"2":{"id":"449","structure_id":"125","section_number":"11-2153","catch_line":"ELECTRONIC TRAFFIC AND PEDESTRIAN CONTROL SIGNALS.","url":"\/11-2153\/","token":"11-2153"},"3":{"id":"450","structure_id":"125","section_number":"11-2154","catch_line":"RESERVED.","url":"\/11-2154\/","token":"11-2154"},"4":{"id":"451","structure_id":"125","section_number":"11-2154","catch_line":"RESERVED. ","url":"\/11-2154\/","token":"11-2154"}},"previous_section":{"id":"446","structure_id":"125","section_number":"11-2151","catch_line":"PEDESTRIAN STREETS.","url":"\/11-2151\/","token":"11-2151"},"next_section":{"id":"449","structure_id":"125","section_number":"11-2153","catch_line":"ELECTRONIC TRAFFIC AND PEDESTRIAN CONTROL SIGNALS.","url":"\/11-2153\/","token":"11-2153"},"references":false,"formats":{"txt":"\/11-2152.txt","json":"\/11-2152.xml"},"dublin_core":{"Title":"PEDESTRIAN CROSSING PROHIBITED.","Type":"Text","Format":"text\/html","Identifier":"\u00a7 11-2152","Relation":"Code of State"},"plain_text":"                                  CODE OF STATE\n\nPEDESTRIAN CROSSING PROHIBITED. (\u00a7 11-2152)\n\nIt shall be unlawful for any person to cross a street, on foot or by any other\nmeans, at a point and in a manner prohibited by this section and where a sign,\nbarricade or other notice indicates that such crossing is prohibited. Locations\nwhere pedestrian crossing is so prohibited shall be as designated in Traffic\nSchedule No. 12, &#8220;Pedestrian Crossing Prohibited.&#8221; \n(Code 1959 , \u00a721-17.2) \nCross reference: Schedules incorporated by reference, \u00a711-2004\n"}