{"law_id":"408","section_number":"11-2076","catch_line":"STOP WHEN TRAFFIC OBSTRUCTED.","history":"","order_by":"11-2076","metadata":false,"url":"\/11-2076\/","token":"11-2076","structure":{"1":{"id":"119","name":"ARTICLE D. - STOPS REQUIRED","identifier":"D","label":"article","url":"\/II\/11\/2\/D\/"},"2":{"id":"115","name":"CHAPTER 2. - MOTOR VEHICLES AND TRAFFIC","identifier":"2","label":"chapter","url":"\/II\/11\/2\/"},"3":{"id":"110","name":"PART 11 - TRANSPORTATION","identifier":"11","label":"part","url":"\/II\/11\/"},"4":{"id":"5","name":"Division II - Planning and Development","identifier":"II","label":"division","url":"\/II\/"}},"referred_to_by":false,"edition_id":"1","section_id":"408","structure_id":"119","full_text":"It shall be unlawful for a driver to enter any intersection or a marked crosswalk unless there is sufficient space on the other side of the intersection or crosswalk to accommodate the vehicle he is operating without obstructing the passage of other vehicles or pedestrians, notwithstanding any traffic-control signal indication to proceed. \n(Code 1959 , \u00a721-43)","text":{"0":{"id":"1129","text":"It shall be unlawful for a driver to enter any intersection or a marked crosswalk unless there is sufficient space on the other side of the intersection or crosswalk to accommodate the vehicle he is operating without obstructing the passage of other vehicles or pedestrians, notwithstanding any traffic-control signal indication to proceed. \n(Code 1959 , \u00a721-43)","type":"section","prefixes":[""],"prefix":"","entire_prefix":"","prefix_anchor":"","level":1}},"ancestry":{"1":{"id":"119","name":"ARTICLE D. - STOPS REQUIRED","identifier":"D","label":"article","url":"\/II\/11\/2\/D\/"},"2":{"id":"115","name":"CHAPTER 2. - MOTOR VEHICLES AND TRAFFIC","identifier":"2","label":"chapter","url":"\/II\/11\/2\/"},"3":{"id":"110","name":"PART 11 - TRANSPORTATION","identifier":"11","label":"part","url":"\/II\/11\/"},"4":{"id":"5","name":"Division II - Planning and Development","identifier":"II","label":"division","url":"\/II\/"}},"structure_contents":{"0":{"id":"402","structure_id":"119","section_number":"11-2071","catch_line":"ELECTRONIC TRAFFIC-CONTROL SIGNALS.","url":"\/11-2071\/","token":"11-2071"},"1":{"id":"404","structure_id":"119","section_number":"11-2072","catch_line":"STOP INTERSECTIONS.","url":"\/11-2072\/","token":"11-2072"},"2":{"id":"405","structure_id":"119","section_number":"11-2073","catch_line":"YIELD SIGNS.","url":"\/11-2073\/","token":"11-2073"},"3":{"id":"406","structure_id":"119","section_number":"11-2074","catch_line":"THROUGH STREETS.","url":"\/11-2074\/","token":"11-2074"},"4":{"id":"407","structure_id":"119","section_number":"11-2075","catch_line":"EMERGING FROM ALLEY OR PRIVATE DRIVEWAY.","url":"\/11-2075\/","token":"11-2075"},"5":{"id":"408","structure_id":"119","section_number":"11-2076","catch_line":"STOP WHEN TRAFFIC OBSTRUCTED.","url":"\/11-2076\/","token":"11-2076"},"6":{"id":"409","structure_id":"119","section_number":"11-2077","catch_line":"RESERVED.","url":"\/11-2077\/","token":"11-2077"},"7":{"id":"410","structure_id":"119","section_number":"11-2077","catch_line":"RESERVED. ","url":"\/11-2077\/","token":"11-2077"}},"previous_section":{"id":"407","structure_id":"119","section_number":"11-2075","catch_line":"EMERGING FROM ALLEY OR PRIVATE DRIVEWAY.","url":"\/11-2075\/","token":"11-2075"},"next_section":{"id":"409","structure_id":"119","section_number":"11-2077","catch_line":"RESERVED.","url":"\/11-2077\/","token":"11-2077"},"references":false,"formats":{"txt":"\/11-2076.txt","json":"\/11-2076.xml"},"dublin_core":{"Title":"STOP WHEN TRAFFIC OBSTRUCTED.","Type":"Text","Format":"text\/html","Identifier":"\u00a7 11-2076","Relation":"Code of State"},"plain_text":"                                  CODE OF STATE\n\nSTOP WHEN TRAFFIC OBSTRUCTED. (\u00a7 11-2076)\n\nIt shall be unlawful for a driver to enter any intersection or a marked\ncrosswalk unless there is sufficient space on the other side of the intersection\nor crosswalk to accommodate the vehicle he is operating without obstructing the\npassage of other vehicles or pedestrians, notwithstanding any traffic-control\nsignal indication to proceed. \n(Code 1959 , \u00a721-43)\n"}