{"law_id":"402","edition_id":"1","section_id":"402","structure_id":"119","section_number":"11-2071","catch_line":"ELECTRONIC TRAFFIC-CONTROL SIGNALS.","history":"","full_text":"(b) The electronic traffic-control signals described in this section shall be located, and the regulations provided in this section shall be effective, as designated in official Traffic Schedule No. 1, &#8220;Electronic Traffic Control Signals.&#8221; \nCross references: Right turns on red light prohibited, \u00a711-2105, Traffic Schedule No. 1; pedestrian crossings at signalized intersections, \u00a711-2153; schedules incorporated by reference, \u00a711-2004 \nState law reference: Vehicle control signs and signals, G.S. 20-158.\r\r","order_by":"11-2071","text":{"0":{"id":"1114","text":"","type":"section","prefixes":["(a)"],"prefix":"(a)","entire_prefix":"(a)","prefix_anchor":"(a)","level":1},"1":{"id":"1115","text":"\tGreen light. \nVehicular traffic facing the signals may proceed straight through, or unless a sign prohibits such turn, may turn right or left. Vehicular traffic shall yield the right-of-way to other vehicles and to pedestrians lawfully within the intersection at the time such signal is exhibited. \n","type":"section","prefixes":["(a)","(1)"],"prefix":"(1)","entire_prefix":"(a)(1)","prefix_anchor":"(a)(1)","level":2},"2":{"id":"1116","text":"\tYellow or amber light, when appearing immediately after, or coincidentally with, a green light. \nSuch yellow or amber light shall serve as a warning that a red light and the applicable stop restrictions shall be exhibited immediately following. \n","type":"section","prefixes":["(a)","(2)"],"prefix":"(2)","entire_prefix":"(a)(2)","prefix_anchor":"(a)(2)","level":2},"3":{"id":"1117","text":"\tRed light. \nAny person operating a vehicle facing such light shall bring the same to a stop before entering the nearest crosswalk or boundary of an intersection or at such other point as may be indicated by a limit line, and shall remain standing until a plain green light or green arrow is shown illuminated alone; provided, however, that a right turn may be made after bringing the vehicle to a complete stop and after yielding to pedestrians and other vehicles, unless otherwise prohibited by this chapter. \n","type":"section","prefixes":["(a)","(3)"],"prefix":"(3)","entire_prefix":"(a)(3)","prefix_anchor":"(a)(3)","level":2},"4":{"id":"1118","text":"The electronic traffic-control signals described in this section shall be located, and the regulations provided in this section shall be effective, as designated in official Traffic Schedule No. 1, &#8220;Electronic Traffic Control Signals.&#8221; \nCross references: Right turns on red light prohibited, \u00a711-2105, Traffic Schedule No. 1; pedestrian crossings at signalized intersections, \u00a711-2153; schedules incorporated by reference, \u00a711-2004 \nState law reference: Vehicle control signs and signals, G.S. 20-158.","type":"section","prefixes":["(b)"],"prefix":"(b)","entire_prefix":"(b)","prefix_anchor":"(b)","level":1}},"ancestry":{"1":{"id":"119","name":"ARTICLE D. - STOPS REQUIRED","identifier":"D","label":"article","url":"\/II\/11\/2\/D\/"},"2":{"id":"115","name":"CHAPTER 2. - MOTOR VEHICLES AND TRAFFIC","identifier":"2","label":"chapter","url":"\/II\/11\/2\/"},"3":{"id":"110","name":"PART 11 - TRANSPORTATION","identifier":"11","label":"part","url":"\/II\/11\/"},"4":{"id":"5","name":"Division II - Planning and Development","identifier":"II","label":"division","url":"\/II\/"}},"structure_contents":{"0":{"id":"402","structure_id":"119","section_number":"11-2071","catch_line":"ELECTRONIC TRAFFIC-CONTROL SIGNALS.","url":"\/11-2071\/","token":"11-2071"},"1":{"id":"404","structure_id":"119","section_number":"11-2072","catch_line":"STOP INTERSECTIONS.","url":"\/11-2072\/","token":"11-2072"},"2":{"id":"405","structure_id":"119","section_number":"11-2073","catch_line":"YIELD SIGNS.","url":"\/11-2073\/","token":"11-2073"},"3":{"id":"406","structure_id":"119","section_number":"11-2074","catch_line":"THROUGH STREETS.","url":"\/11-2074\/","token":"11-2074"},"4":{"id":"407","structure_id":"119","section_number":"11-2075","catch_line":"EMERGING FROM ALLEY OR PRIVATE DRIVEWAY.","url":"\/11-2075\/","token":"11-2075"},"5":{"id":"408","structure_id":"119","section_number":"11-2076","catch_line":"STOP WHEN TRAFFIC OBSTRUCTED.","url":"\/11-2076\/","token":"11-2076"},"6":{"id":"409","structure_id":"119","section_number":"11-2077","catch_line":"RESERVED.","url":"\/11-2077\/","token":"11-2077"},"7":{"id":"410","structure_id":"119","section_number":"11-2077","catch_line":"RESERVED. ","url":"\/11-2077\/","token":"11-2077"}},"next_section":{"id":"404","structure_id":"119","section_number":"11-2072","catch_line":"STOP INTERSECTIONS.","url":"\/11-2072\/","token":"11-2072"},"metadata":false,"references":{"0":{"id":"406","section_number":"11-2074","catch_line":"THROUGH STREETS.","url":"http:\/\/localhost:8888\/11-2074\/"},"1":{"id":"449","section_number":"11-2153","catch_line":"ELECTRONIC TRAFFIC AND PEDESTRIAN CONTROL SIGNALS.","url":"http:\/\/localhost:8888\/11-2153\/"}},"url":"\/11-2071\/","token":"11-2071","formats":{"txt":"\/11-2071.txt","json":"\/11-2071.xml"},"dublin_core":{"Title":"ELECTRONIC TRAFFIC-CONTROL SIGNALS.","Type":"Text","Format":"text\/html","Identifier":"\u00a7 11-2071","Relation":"Code of State"},"plain_text":"                                  CODE OF STATE\n\nELECTRONIC TRAFFIC-CONTROL SIGNALS. (\u00a7 11-2071)\n\n(a) \n\n   (1) \tGreen light. \n   Vehicular traffic facing the signals may proceed straight through, or unless a\n   sign prohibits such turn, may turn right or left. Vehicular traffic shall\n   yield the right-of-way to other vehicles and to pedestrians lawfully within\n   the intersection at the time such signal is exhibited. \n   \n\n   (2) \tYellow or amber light, when appearing immediately after, or\n   coincidentally with, a green light. \n   Such yellow or amber light shall serve as a warning that a red light and the\n   applicable stop restrictions shall be exhibited immediately following. \n   \n\n   (3) \tRed light. \n   Any person operating a vehicle facing such light shall bring the same to a\n   stop before entering the nearest crosswalk or boundary of an intersection or\n   at such other point as may be indicated by a limit line, and shall remain\n   standing until a plain green light or green arrow is shown illuminated alone;\n   provided, however, that a right turn may be made after bringing the vehicle to\n   a complete stop and after yielding to pedestrians and other vehicles, unless\n   otherwise prohibited by this chapter. \n   \n\n(b) The electronic traffic-control signals described in this section shall be\nlocated, and the regulations provided in this section shall be effective, as\ndesignated in official Traffic Schedule No. 1, &#8220;Electronic Traffic Control\nSignals.&#8221; \nCross references: Right turns on red light prohibited, \u00a711-2105, Traffic\nSchedule No. 1; pedestrian crossings at signalized intersections, \u00a711-2153;\nschedules incorporated by reference, \u00a711-2004 \nState law reference: Vehicle control signs and signals, G.S. 20-158.\n"}