{"law_id":"477","section_number":"11-2201","catch_line":"DEFINITIONS.","history":"","order_by":"11-2201","metadata":false,"url":"\/11-2201\/","token":"11-2201","structure":{"1":{"id":"131","name":"ARTICLE K. - PARKING METERS","identifier":"K","label":"article","url":"\/II\/11\/2\/K\/"},"2":{"id":"115","name":"CHAPTER 2. - MOTOR VEHICLES AND TRAFFIC","identifier":"2","label":"chapter","url":"\/II\/11\/2\/"},"3":{"id":"110","name":"PART 11 - TRANSPORTATION","identifier":"11","label":"part","url":"\/II\/11\/"},"4":{"id":"5","name":"Division II - Planning and Development","identifier":"II","label":"division","url":"\/II\/"}},"referred_to_by":{"0":{"id":"464","section_number":"11-2181","catch_line":"TEMPORARY PARKING RESTRICTIONS BY CHIEF OF POLICE.","url":"http:\/\/localhost:8888\/11-2181\/"}},"edition_id":"1","section_id":"477","structure_id":"131","full_text":"(a) Operator. \nThe word operator as used in this article, shall mean and include every individual who shall operate a vehicle as the owner thereof, or as the agent, employee or permittee of the owner, or is in actual physical control of a vehicle.\r\r(b) Park, parking. \nThe word park or parking, as used in this article, shall mean the standing of a vehicle, whether occupied or not, upon a street otherwise than temporarily for the purpose of, and while actually engaged in, receiving or discharging passengers or loading or unloading merchandise or in obedience to traffic regulations, signs or signals or an involuntary stopping of the vehicle by reason of causes beyond the control of the operator of the vehicle.\r\r(c) Parking meter. \nThe word parking meter, as used in this article, shall mean and include any mechanical device or meter not inconsistent with this chapter placed or erected for the regulation of parking by authority of this chapter. Each parking meter installed shall indicate by proper legend the legal parking time established by the City and when operated shall at all times indicate the balance of legal parking time, and at the expiration of such period shall indicate illegal or overtime parking.\r\r(d) Parking meter zone. \nThe words parking meter zone, as used in this article, shall mean and include any restricted street upon which parking meters are installed and in operation.\r\r(e) Parking meter space. \nThe words parking meter space, as used in this article, shall mean any space within a parking meter zone, adjacent to a parking meter and which is duly designated for the parking of a single vehicle by lines painted or otherwise durably marked on the curb or on the surface of the street adjacent to or adjoining the parking meters. \n(Code 1959 , \u00a721-44) \nAnnotation: Metered parking is permissible, if for a regulatory, rather than revenue-earning purpose. State v. Scoggin, 236 NC 1, 72 S.E. 2d 97 (1952).\r\r","text":{"0":{"id":"1331","text":"Operator. \nThe word operator as used in this article, shall mean and include every individual who shall operate a vehicle as the owner thereof, or as the agent, employee or permittee of the owner, or is in actual physical control of a vehicle.","type":"section","prefixes":["(a)"],"prefix":"(a)","entire_prefix":"(a)","prefix_anchor":"(a)","level":1},"1":{"id":"1332","text":"Park, parking. \nThe word park or parking, as used in this article, shall mean the standing of a vehicle, whether occupied or not, upon a street otherwise than temporarily for the purpose of, and while actually engaged in, receiving or discharging passengers or loading or unloading merchandise or in obedience to traffic regulations, signs or signals or an involuntary stopping of the vehicle by reason of causes beyond the control of the operator of the vehicle.","type":"section","prefixes":["(b)"],"prefix":"(b)","entire_prefix":"(b)","prefix_anchor":"(b)","level":1},"2":{"id":"1333","text":"Parking meter. \nThe word parking meter, as used in this article, shall mean and include any mechanical device or meter not inconsistent with this chapter placed or erected for the regulation of parking by authority of this chapter. Each parking meter installed shall indicate by proper legend the legal parking time established by the City and when operated shall at all times indicate the balance of legal parking time, and at the expiration of such period shall indicate illegal or overtime parking.","type":"section","prefixes":["(c)"],"prefix":"(c)","entire_prefix":"(c)","prefix_anchor":"(c)","level":1},"3":{"id":"1334","text":"Parking meter zone. \nThe words parking meter zone, as used in this article, shall mean and include any restricted street upon which parking meters are installed and in operation.","type":"section","prefixes":["(d)"],"prefix":"(d)","entire_prefix":"(d)","prefix_anchor":"(d)","level":1},"4":{"id":"1335","text":"Parking meter space. \nThe words parking meter space, as used in this article, shall mean any space within a parking meter zone, adjacent to a parking meter and which is duly designated for the parking of a single vehicle by lines painted or otherwise durably marked on the curb or on the surface of the street adjacent to or adjoining the parking meters. \n(Code 1959 , \u00a721-44) \nAnnotation: Metered parking is permissible, if for a regulatory, rather than revenue-earning purpose. State v. Scoggin, 236 NC 1, 72 S.E. 2d 97 (1952).","type":"section","prefixes":["(e)"],"prefix":"(e)","entire_prefix":"(e)","prefix_anchor":"(e)","level":1}},"ancestry":{"1":{"id":"131","name":"ARTICLE K. - PARKING METERS","identifier":"K","label":"article","url":"\/II\/11\/2\/K\/"},"2":{"id":"115","name":"CHAPTER 2. - MOTOR VEHICLES AND TRAFFIC","identifier":"2","label":"chapter","url":"\/II\/11\/2\/"},"3":{"id":"110","name":"PART 11 - TRANSPORTATION","identifier":"11","label":"part","url":"\/II\/11\/"},"4":{"id":"5","name":"Division II - Planning and Development","identifier":"II","label":"division","url":"\/II\/"}},"structure_contents":{"0":{"id":"476","structure_id":"131","section_number":"11-2200","catch_line":"PENALTIES.","url":"\/11-2200\/","token":"11-2200"},"1":{"id":"477","structure_id":"131","section_number":"11-2201","catch_line":"DEFINITIONS.","url":"\/11-2201\/","token":"11-2201"},"2":{"id":"478","structure_id":"131","section_number":"11-2202","catch_line":"PARKING METER ZONES.","url":"\/11-2202\/","token":"11-2202"},"3":{"id":"479","structure_id":"131","section_number":"11-2203","catch_line":"INSTALLATION OF PARKING METERS.","url":"\/11-2203\/","token":"11-2203"},"4":{"id":"480","structure_id":"131","section_number":"11-2204","catch_line":"OPERATION OF PARKING METERS.","url":"\/11-2204\/","token":"11-2204"},"5":{"id":"482","structure_id":"131","section_number":"11-2205","catch_line":"PARKING TIME LIMITS.","url":"\/11-2205\/","token":"11-2205"},"6":{"id":"483","structure_id":"131","section_number":"11-2206","catch_line":"METER ZONES; PERIOD OF OPERATION.","url":"\/11-2206\/","token":"11-2206"},"7":{"id":"484","structure_id":"131","section_number":"11-2207","catch_line":"EXCEPTIONS TO PARKING TIME LIMITATIONS AND TO REQUIRED ACTIVATION OF PARKING METERS BY DEPOSIT OF COINS; PARKING SPACE ENCUMBRANCE.","url":"\/11-2207\/","token":"11-2207"},"8":{"id":"485","structure_id":"131","section_number":"11-2208","catch_line":"PARKING EXCEPTIONS AND SPACE RESERVATIONS AUTHORIZED BY CITY COUNCIL.","url":"\/11-2208\/","token":"11-2208"},"9":{"id":"486","structure_id":"131","section_number":"11-2209","catch_line":"CONTENTS OF APPLICATION; FORM.","url":"\/11-2209\/","token":"11-2209"},"10":{"id":"487","structure_id":"131","section_number":"11-2210","catch_line":"ISSUANCE OF PERMITS.","url":"\/11-2210\/","token":"11-2210"},"11":{"id":"488","structure_id":"131","section_number":"11-2211","catch_line":"UNLAWFUL ACTS.","url":"\/11-2211\/","token":"11-2211"},"12":{"id":"489","structure_id":"131","section_number":"11-2212","catch_line":"VIOLATIONS.","url":"\/11-2212\/","token":"11-2212"},"13":{"id":"490","structure_id":"131","section_number":"11-2213","catch_line":"ENFORCEMENT.","url":"\/11-2213\/","token":"11-2213"},"14":{"id":"491","structure_id":"131","section_number":"11-2214","catch_line":"USE OF PROCEEDS.","url":"\/11-2214\/","token":"11-2214"},"15":{"id":"493","structure_id":"131","section_number":"11-2215","catch_line":"RESERVATION OF POWERS.","url":"\/11-2215\/","token":"11-2215"},"16":{"id":"494","structure_id":"131","section_number":"11-2216","catch_line":"IMMOBILIZATION OF VEHICLES.","url":"\/11-2216\/","token":"11-2216"},"17":{"id":"495","structure_id":"131","section_number":"11-2217","catch_line":"RESERVED.","url":"\/11-2217\/","token":"11-2217"},"18":{"id":"496","structure_id":"131","section_number":"11-2217","catch_line":"RESERVED. ","url":"\/11-2217\/","token":"11-2217"}},"previous_section":{"id":"476","structure_id":"131","section_number":"11-2200","catch_line":"PENALTIES.","url":"\/11-2200\/","token":"11-2200"},"next_section":{"id":"478","structure_id":"131","section_number":"11-2202","catch_line":"PARKING METER ZONES.","url":"\/11-2202\/","token":"11-2202"},"references":false,"formats":{"txt":"\/11-2201.txt","json":"\/11-2201.xml"},"dublin_core":{"Title":"DEFINITIONS.","Type":"Text","Format":"text\/html","Identifier":"\u00a7 11-2201","Relation":"Code of State"},"plain_text":"                                  CODE OF STATE\n\nDEFINITIONS. (\u00a7 11-2201)\n\n(a) Operator. \nThe word operator as used in this article, shall mean and include every\nindividual who shall operate a vehicle as the owner thereof, or as the agent,\nemployee or permittee of the owner, or is in actual physical control of a\nvehicle.\n\n(b) Park, parking. \nThe word park or parking, as used in this article, shall mean the standing of a\nvehicle, whether occupied or not, upon a street otherwise than temporarily for\nthe purpose of, and while actually engaged in, receiving or discharging\npassengers or loading or unloading merchandise or in obedience to traffic\nregulations, signs or signals or an involuntary stopping of the vehicle by\nreason of causes beyond the control of the operator of the vehicle.\n\n(c) Parking meter. \nThe word parking meter, as used in this article, shall mean and include any\nmechanical device or meter not inconsistent with this chapter placed or erected\nfor the regulation of parking by authority of this chapter. Each parking meter\ninstalled shall indicate by proper legend the legal parking time established by\nthe City and when operated shall at all times indicate the balance of legal\nparking time, and at the expiration of such period shall indicate illegal or\novertime parking.\n\n(d) Parking meter zone. \nThe words parking meter zone, as used in this article, shall mean and include\nany restricted street upon which parking meters are installed and in operation.\n\n(e) Parking meter space. \nThe words parking meter space, as used in this article, shall mean any space\nwithin a parking meter zone, adjacent to a parking meter and which is duly\ndesignated for the parking of a single vehicle by lines painted or otherwise\ndurably marked on the curb or on the surface of the street adjacent to or\nadjoining the parking meters. \n(Code 1959 , \u00a721-44) \nAnnotation: Metered parking is permissible, if for a regulatory, rather than\nrevenue-earning purpose. State v. Scoggin, 236 NC 1, 72 S.E. 2d 97 (1952).\n"}