{"law_id":"485","section_number":"11-2208","catch_line":"PARKING EXCEPTIONS AND SPACE RESERVATIONS AUTHORIZED BY CITY COUNCIL.","history":"","order_by":"11-2208","metadata":false,"url":"\/11-2208\/","token":"11-2208","structure":{"1":{"id":"131","name":"ARTICLE K. - PARKING METERS","identifier":"K","label":"article","url":"\/II\/11\/2\/K\/"},"2":{"id":"115","name":"CHAPTER 2. - MOTOR VEHICLES AND TRAFFIC","identifier":"2","label":"chapter","url":"\/II\/11\/2\/"},"3":{"id":"110","name":"PART 11 - TRANSPORTATION","identifier":"11","label":"part","url":"\/II\/11\/"},"4":{"id":"5","name":"Division II - Planning and Development","identifier":"II","label":"division","url":"\/II\/"}},"referred_to_by":{"0":{"id":"464","section_number":"11-2181","catch_line":"TEMPORARY PARKING RESTRICTIONS BY CHIEF OF POLICE.","url":"http:\/\/localhost:8888\/11-2181\/"},"1":{"id":"488","section_number":"11-2211","catch_line":"UNLAWFUL ACTS.","url":"http:\/\/localhost:8888\/11-2211\/"}},"edition_id":"1","section_id":"485","structure_id":"131","full_text":"(a) The proposed use and necessity of reservation of spaces is of a temporary and not regularly occurring nature;\r\r(b) The proposed use and necessity of reservation of spaces is for a lawful purpose;\r\r(c) The reservation of spaces will not significantly impede pedestrian or vehicular traffic;\r\r(d) The proposed use will not endanger pedestrians, motorists, or occupants of adjacent buildings;\r\r(e) The purpose of which reservation of spaces is requested cannot be accomplished otherwise without risk of personal injury or property damage, or without excessive expense; and\r\r(f) The proposed use and reservation of spaces will not be injurious to the public peace, health, safety, and welfare.\n(Code 1959 , \u00a721-48.1; Ord. No. 1983-83, \u00a71, 3-15-83)\r\r","text":{"0":{"id":"1360","text":"The proposed use and necessity of reservation of spaces is of a temporary and not regularly occurring nature;","type":"section","prefixes":["(a)"],"prefix":"(a)","entire_prefix":"(a)","prefix_anchor":"(a)","level":1},"1":{"id":"1361","text":"The proposed use and necessity of reservation of spaces is for a lawful purpose;","type":"section","prefixes":["(b)"],"prefix":"(b)","entire_prefix":"(b)","prefix_anchor":"(b)","level":1},"2":{"id":"1362","text":"The reservation of spaces will not significantly impede pedestrian or vehicular traffic;","type":"section","prefixes":["(c)"],"prefix":"(c)","entire_prefix":"(c)","prefix_anchor":"(c)","level":1},"3":{"id":"1363","text":"The proposed use will not endanger pedestrians, motorists, or occupants of adjacent buildings;","type":"section","prefixes":["(d)"],"prefix":"(d)","entire_prefix":"(d)","prefix_anchor":"(d)","level":1},"4":{"id":"1364","text":"The purpose of which reservation of spaces is requested cannot be accomplished otherwise without risk of personal injury or property damage, or without excessive expense; and","type":"section","prefixes":["(e)"],"prefix":"(e)","entire_prefix":"(e)","prefix_anchor":"(e)","level":1},"5":{"id":"1365","text":"The proposed use and reservation of spaces will not be injurious to the public peace, health, safety, and welfare.\n(Code 1959 , \u00a721-48.1; Ord. No. 1983-83, \u00a71, 3-15-83)","type":"section","prefixes":["(f)"],"prefix":"(f)","entire_prefix":"(f)","prefix_anchor":"(f)","level":1}},"ancestry":{"1":{"id":"131","name":"ARTICLE K. - PARKING METERS","identifier":"K","label":"article","url":"\/II\/11\/2\/K\/"},"2":{"id":"115","name":"CHAPTER 2. - MOTOR VEHICLES AND TRAFFIC","identifier":"2","label":"chapter","url":"\/II\/11\/2\/"},"3":{"id":"110","name":"PART 11 - TRANSPORTATION","identifier":"11","label":"part","url":"\/II\/11\/"},"4":{"id":"5","name":"Division II - Planning and Development","identifier":"II","label":"division","url":"\/II\/"}},"structure_contents":{"0":{"id":"476","structure_id":"131","section_number":"11-2200","catch_line":"PENALTIES.","url":"\/11-2200\/","token":"11-2200"},"1":{"id":"477","structure_id":"131","section_number":"11-2201","catch_line":"DEFINITIONS.","url":"\/11-2201\/","token":"11-2201"},"2":{"id":"478","structure_id":"131","section_number":"11-2202","catch_line":"PARKING METER ZONES.","url":"\/11-2202\/","token":"11-2202"},"3":{"id":"479","structure_id":"131","section_number":"11-2203","catch_line":"INSTALLATION OF PARKING METERS.","url":"\/11-2203\/","token":"11-2203"},"4":{"id":"480","structure_id":"131","section_number":"11-2204","catch_line":"OPERATION OF PARKING METERS.","url":"\/11-2204\/","token":"11-2204"},"5":{"id":"482","structure_id":"131","section_number":"11-2205","catch_line":"PARKING TIME LIMITS.","url":"\/11-2205\/","token":"11-2205"},"6":{"id":"483","structure_id":"131","section_number":"11-2206","catch_line":"METER ZONES; PERIOD OF OPERATION.","url":"\/11-2206\/","token":"11-2206"},"7":{"id":"484","structure_id":"131","section_number":"11-2207","catch_line":"EXCEPTIONS TO PARKING TIME LIMITATIONS AND TO REQUIRED ACTIVATION OF PARKING METERS BY DEPOSIT OF COINS; PARKING SPACE ENCUMBRANCE.","url":"\/11-2207\/","token":"11-2207"},"8":{"id":"485","structure_id":"131","section_number":"11-2208","catch_line":"PARKING EXCEPTIONS AND SPACE RESERVATIONS AUTHORIZED BY CITY COUNCIL.","url":"\/11-2208\/","token":"11-2208"},"9":{"id":"486","structure_id":"131","section_number":"11-2209","catch_line":"CONTENTS OF APPLICATION; FORM.","url":"\/11-2209\/","token":"11-2209"},"10":{"id":"487","structure_id":"131","section_number":"11-2210","catch_line":"ISSUANCE OF PERMITS.","url":"\/11-2210\/","token":"11-2210"},"11":{"id":"488","structure_id":"131","section_number":"11-2211","catch_line":"UNLAWFUL ACTS.","url":"\/11-2211\/","token":"11-2211"},"12":{"id":"489","structure_id":"131","section_number":"11-2212","catch_line":"VIOLATIONS.","url":"\/11-2212\/","token":"11-2212"},"13":{"id":"490","structure_id":"131","section_number":"11-2213","catch_line":"ENFORCEMENT.","url":"\/11-2213\/","token":"11-2213"},"14":{"id":"491","structure_id":"131","section_number":"11-2214","catch_line":"USE OF PROCEEDS.","url":"\/11-2214\/","token":"11-2214"},"15":{"id":"493","structure_id":"131","section_number":"11-2215","catch_line":"RESERVATION OF POWERS.","url":"\/11-2215\/","token":"11-2215"},"16":{"id":"494","structure_id":"131","section_number":"11-2216","catch_line":"IMMOBILIZATION OF VEHICLES.","url":"\/11-2216\/","token":"11-2216"},"17":{"id":"495","structure_id":"131","section_number":"11-2217","catch_line":"RESERVED.","url":"\/11-2217\/","token":"11-2217"},"18":{"id":"496","structure_id":"131","section_number":"11-2217","catch_line":"RESERVED. ","url":"\/11-2217\/","token":"11-2217"}},"previous_section":{"id":"484","structure_id":"131","section_number":"11-2207","catch_line":"EXCEPTIONS TO PARKING TIME LIMITATIONS AND TO REQUIRED ACTIVATION OF PARKING METERS BY DEPOSIT OF COINS; PARKING SPACE ENCUMBRANCE.","url":"\/11-2207\/","token":"11-2207"},"next_section":{"id":"486","structure_id":"131","section_number":"11-2209","catch_line":"CONTENTS OF APPLICATION; FORM.","url":"\/11-2209\/","token":"11-2209"},"references":false,"formats":{"txt":"\/11-2208.txt","json":"\/11-2208.xml"},"dublin_core":{"Title":"PARKING EXCEPTIONS AND SPACE RESERVATIONS AUTHORIZED BY CITY COUNCIL.","Type":"Text","Format":"text\/html","Identifier":"\u00a7 11-2208","Relation":"Code of State"},"plain_text":"                                  CODE OF STATE\n\nPARKING EXCEPTIONS AND SPACE RESERVATIONS AUTHORIZED BY CITY COUNCIL. (\u00a7\n11-2208)\n\n(a) The proposed use and necessity of reservation of spaces is of a temporary\nand not regularly occurring nature;\n\n(b) The proposed use and necessity of reservation of spaces is for a lawful\npurpose;\n\n(c) The reservation of spaces will not significantly impede pedestrian or\nvehicular traffic;\n\n(d) The proposed use will not endanger pedestrians, motorists, or occupants of\nadjacent buildings;\n\n(e) The purpose of which reservation of spaces is requested cannot be\naccomplished otherwise without risk of personal injury or property damage, or\nwithout excessive expense; and\n\n(f) The proposed use and reservation of spaces will not be injurious to the\npublic peace, health, safety, and welfare.\n(Code 1959 , \u00a721-48.1; Ord. No. 1983-83, \u00a71, 3-15-83)\n"}