{"law_id":"488","section_number":"11-2211","catch_line":"UNLAWFUL ACTS.","history":"","order_by":"11-2211","metadata":false,"url":"\/11-2211\/","token":"11-2211","structure":{"1":{"id":"131","name":"ARTICLE K. - PARKING METERS","identifier":"K","label":"article","url":"\/II\/11\/2\/K\/"},"2":{"id":"115","name":"CHAPTER 2. - MOTOR VEHICLES AND TRAFFIC","identifier":"2","label":"chapter","url":"\/II\/11\/2\/"},"3":{"id":"110","name":"PART 11 - TRANSPORTATION","identifier":"11","label":"part","url":"\/II\/11\/"},"4":{"id":"5","name":"Division II - Planning and Development","identifier":"II","label":"division","url":"\/II\/"}},"referred_to_by":{"0":{"id":"488","section_number":"11-2211","catch_line":"UNLAWFUL ACTS.","url":"http:\/\/localhost:8888\/11-2211\/"}},"edition_id":"1","section_id":"488","structure_id":"131","full_text":"(a) It shall be unlawful for any person other than a person having a valid permit issued under authority of \u00a7\u00a711-2207 through 11-2210, his authorized agents, employees or servants to park or stand any vehicle in the street parking space adjacent to any parking meter covered or hooded or in a street parking space in which a traffic cone has been placed; provided that employees of the City Traffic Engineering Department shall be authorized to encumber any area described in \u00a711-2207 for the purpose of the installation or maintenance of any traffic-control devices, such encumbrance to be accomplished by the placement of traffic cones or barricades in such area.\r\r(b) It shall be further unlawful for any unauthorized person to cover or hood any parking meter, or to place a traffic cone in any parking space, or to remove, damage or destroy any official parking meter cover, hood or traffic cone of the City, or for any unauthorized person to have in his possession any official parking meter hood or cover, traffic cone, or any other device designed for the encumbrance of parking spaces contrary to the provisions of \u00a7\u00a711-2207 through 11-2210 \n(Code 1959 , \u00a721-48.1)\r\r","text":{"0":{"id":"1369","text":"It shall be unlawful for any person other than a person having a valid permit issued under authority of \u00a7\u00a711-2207 through 11-2210, his authorized agents, employees or servants to park or stand any vehicle in the street parking space adjacent to any parking meter covered or hooded or in a street parking space in which a traffic cone has been placed; provided that employees of the City Traffic Engineering Department shall be authorized to encumber any area described in \u00a711-2207 for the purpose of the installation or maintenance of any traffic-control devices, such encumbrance to be accomplished by the placement of traffic cones or barricades in such area.","type":"section","prefixes":["(a)"],"prefix":"(a)","entire_prefix":"(a)","prefix_anchor":"(a)","level":1},"1":{"id":"1370","text":"It shall be further unlawful for any unauthorized person to cover or hood any parking meter, or to place a traffic cone in any parking space, or to remove, damage or destroy any official parking meter cover, hood or traffic cone of the City, or for any unauthorized person to have in his possession any official parking meter hood or cover, traffic cone, or any other device designed for the encumbrance of parking spaces contrary to the provisions of \u00a7\u00a711-2207 through 11-2210 \n(Code 1959 , \u00a721-48.1)","type":"section","prefixes":["(b)"],"prefix":"(b)","entire_prefix":"(b)","prefix_anchor":"(b)","level":1}},"ancestry":{"1":{"id":"131","name":"ARTICLE K. - PARKING METERS","identifier":"K","label":"article","url":"\/II\/11\/2\/K\/"},"2":{"id":"115","name":"CHAPTER 2. - MOTOR VEHICLES AND TRAFFIC","identifier":"2","label":"chapter","url":"\/II\/11\/2\/"},"3":{"id":"110","name":"PART 11 - TRANSPORTATION","identifier":"11","label":"part","url":"\/II\/11\/"},"4":{"id":"5","name":"Division II - Planning and Development","identifier":"II","label":"division","url":"\/II\/"}},"structure_contents":{"0":{"id":"476","structure_id":"131","section_number":"11-2200","catch_line":"PENALTIES.","url":"\/11-2200\/","token":"11-2200"},"1":{"id":"477","structure_id":"131","section_number":"11-2201","catch_line":"DEFINITIONS.","url":"\/11-2201\/","token":"11-2201"},"2":{"id":"478","structure_id":"131","section_number":"11-2202","catch_line":"PARKING METER ZONES.","url":"\/11-2202\/","token":"11-2202"},"3":{"id":"479","structure_id":"131","section_number":"11-2203","catch_line":"INSTALLATION OF PARKING METERS.","url":"\/11-2203\/","token":"11-2203"},"4":{"id":"480","structure_id":"131","section_number":"11-2204","catch_line":"OPERATION OF PARKING METERS.","url":"\/11-2204\/","token":"11-2204"},"5":{"id":"482","structure_id":"131","section_number":"11-2205","catch_line":"PARKING TIME LIMITS.","url":"\/11-2205\/","token":"11-2205"},"6":{"id":"483","structure_id":"131","section_number":"11-2206","catch_line":"METER ZONES; PERIOD OF OPERATION.","url":"\/11-2206\/","token":"11-2206"},"7":{"id":"484","structure_id":"131","section_number":"11-2207","catch_line":"EXCEPTIONS TO PARKING TIME LIMITATIONS AND TO REQUIRED ACTIVATION OF PARKING METERS BY DEPOSIT OF COINS; PARKING SPACE ENCUMBRANCE.","url":"\/11-2207\/","token":"11-2207"},"8":{"id":"485","structure_id":"131","section_number":"11-2208","catch_line":"PARKING EXCEPTIONS AND SPACE RESERVATIONS AUTHORIZED BY CITY COUNCIL.","url":"\/11-2208\/","token":"11-2208"},"9":{"id":"486","structure_id":"131","section_number":"11-2209","catch_line":"CONTENTS OF APPLICATION; FORM.","url":"\/11-2209\/","token":"11-2209"},"10":{"id":"487","structure_id":"131","section_number":"11-2210","catch_line":"ISSUANCE OF PERMITS.","url":"\/11-2210\/","token":"11-2210"},"11":{"id":"488","structure_id":"131","section_number":"11-2211","catch_line":"UNLAWFUL ACTS.","url":"\/11-2211\/","token":"11-2211"},"12":{"id":"489","structure_id":"131","section_number":"11-2212","catch_line":"VIOLATIONS.","url":"\/11-2212\/","token":"11-2212"},"13":{"id":"490","structure_id":"131","section_number":"11-2213","catch_line":"ENFORCEMENT.","url":"\/11-2213\/","token":"11-2213"},"14":{"id":"491","structure_id":"131","section_number":"11-2214","catch_line":"USE OF PROCEEDS.","url":"\/11-2214\/","token":"11-2214"},"15":{"id":"493","structure_id":"131","section_number":"11-2215","catch_line":"RESERVATION OF POWERS.","url":"\/11-2215\/","token":"11-2215"},"16":{"id":"494","structure_id":"131","section_number":"11-2216","catch_line":"IMMOBILIZATION OF VEHICLES.","url":"\/11-2216\/","token":"11-2216"},"17":{"id":"495","structure_id":"131","section_number":"11-2217","catch_line":"RESERVED.","url":"\/11-2217\/","token":"11-2217"},"18":{"id":"496","structure_id":"131","section_number":"11-2217","catch_line":"RESERVED. ","url":"\/11-2217\/","token":"11-2217"}},"previous_section":{"id":"487","structure_id":"131","section_number":"11-2210","catch_line":"ISSUANCE OF PERMITS.","url":"\/11-2210\/","token":"11-2210"},"next_section":{"id":"489","structure_id":"131","section_number":"11-2212","catch_line":"VIOLATIONS.","url":"\/11-2212\/","token":"11-2212"},"references":false,"formats":{"txt":"\/11-2211.txt","json":"\/11-2211.xml"},"dublin_core":{"Title":"UNLAWFUL ACTS.","Type":"Text","Format":"text\/html","Identifier":"\u00a7 11-2211","Relation":"Code of State"},"plain_text":"                                  CODE OF STATE\n\nUNLAWFUL ACTS. (\u00a7 11-2211)\n\n(a) It shall be unlawful for any person other than a person having a valid\npermit issued under authority of \u00a7\u00a711-2207 through 11-2210, his authorized\nagents, employees or servants to park or stand any vehicle in the street parking\nspace adjacent to any parking meter covered or hooded or in a street parking\nspace in which a traffic cone has been placed; provided that employees of the\nCity Traffic Engineering Department shall be authorized to encumber any area\ndescribed in \u00a711-2207 for the purpose of the installation or maintenance of any\ntraffic-control devices, such encumbrance to be accomplished by the placement of\ntraffic cones or barricades in such area.\n\n(b) It shall be further unlawful for any unauthorized person to cover or hood\nany parking meter, or to place a traffic cone in any parking space, or to\nremove, damage or destroy any official parking meter cover, hood or traffic cone\nof the City, or for any unauthorized person to have in his possession any\nofficial parking meter hood or cover, traffic cone, or any other device designed\nfor the encumbrance of parking spaces contrary to the provisions of \u00a7\u00a711-2207\nthrough 11-2210 \n(Code 1959 , \u00a721-48.1)\n"}