{"law_id":"440","section_number":"11-2133","catch_line":"REGULATION OF VEHICLES AND LOADS.","history":"","order_by":"11-2133","metadata":false,"url":"\/11-2133\/","token":"11-2133","structure":{"1":{"id":"124","name":"ARTICLE H. - MISCELLANEOUS DRIVING RULES","identifier":"H","label":"article","url":"\/II\/11\/2\/H\/"},"2":{"id":"115","name":"CHAPTER 2. - MOTOR VEHICLES AND TRAFFIC","identifier":"2","label":"chapter","url":"\/II\/11\/2\/"},"3":{"id":"110","name":"PART 11 - TRANSPORTATION","identifier":"11","label":"part","url":"\/II\/11\/"},"4":{"id":"5","name":"Division II - Planning and Development","identifier":"II","label":"division","url":"\/II\/"}},"referred_to_by":false,"edition_id":"1","section_id":"440","structure_id":"124","full_text":"(a) It shall be unlawful for any person to drive or move or for the owner to cause or knowingly permit to be moved or driven on any street within the corporate limits any vehicle or vehicles of a size exceeding the limitations stated in this section, provided that the prohibition and limitations of this section shall only apply on the days of the week of Monday through Friday inclusive and shall only apply during the periods between 7:30 a.m. and 8:30 a.m. and between 4:30 p.m. and 6:00 p.m.\r\r(b) The total outside width of any vehicle or the load thereon shall not exceed ten and one-half (10\u00bd) feet.\r\r(c) No vehicle, unladen or with load, shall exceed a height of thirteen (13) feet, six (6) inches.\r\r(d) A vehicle having two (2) axles shall not exceed thirty-five (35) feet in length of extreme overall dimensions inclusive of front and rear bumpers. A vehicle having three (3) axles shall not exceed forty (40) feet in length of overall dimensions inclusive of front and rear bumpers. A truck-tractor and semitrailer shall be regarded as two (2) vehicles for the purpose of determining lawful length.\r\r(e) No combination of vehicles coupled together shall exceed a total length of fifty-five (55) feet inclusive of front and rear bumpers. \n(Code 1959 , \u00a721-53)\r\r","text":{"0":{"id":"1196","text":"It shall be unlawful for any person to drive or move or for the owner to cause or knowingly permit to be moved or driven on any street within the corporate limits any vehicle or vehicles of a size exceeding the limitations stated in this section, provided that the prohibition and limitations of this section shall only apply on the days of the week of Monday through Friday inclusive and shall only apply during the periods between 7:30 a.m. and 8:30 a.m. and between 4:30 p.m. and 6:00 p.m.","type":"section","prefixes":["(a)"],"prefix":"(a)","entire_prefix":"(a)","prefix_anchor":"(a)","level":1},"1":{"id":"1197","text":"The total outside width of any vehicle or the load thereon shall not exceed ten and one-half (10\u00bd) feet.","type":"section","prefixes":["(b)"],"prefix":"(b)","entire_prefix":"(b)","prefix_anchor":"(b)","level":1},"2":{"id":"1198","text":"No vehicle, unladen or with load, shall exceed a height of thirteen (13) feet, six (6) inches.","type":"section","prefixes":["(c)"],"prefix":"(c)","entire_prefix":"(c)","prefix_anchor":"(c)","level":1},"3":{"id":"1199","text":"A vehicle having two (2) axles shall not exceed thirty-five (35) feet in length of extreme overall dimensions inclusive of front and rear bumpers. A vehicle having three (3) axles shall not exceed forty (40) feet in length of overall dimensions inclusive of front and rear bumpers. A truck-tractor and semitrailer shall be regarded as two (2) vehicles for the purpose of determining lawful length.","type":"section","prefixes":["(d)"],"prefix":"(d)","entire_prefix":"(d)","prefix_anchor":"(d)","level":1},"4":{"id":"1200","text":"No combination of vehicles coupled together shall exceed a total length of fifty-five (55) feet inclusive of front and rear bumpers. \n(Code 1959 , \u00a721-53)","type":"section","prefixes":["(e)"],"prefix":"(e)","entire_prefix":"(e)","prefix_anchor":"(e)","level":1}},"ancestry":{"1":{"id":"124","name":"ARTICLE H. - MISCELLANEOUS DRIVING RULES","identifier":"H","label":"article","url":"\/II\/11\/2\/H\/"},"2":{"id":"115","name":"CHAPTER 2. - MOTOR VEHICLES AND TRAFFIC","identifier":"2","label":"chapter","url":"\/II\/11\/2\/"},"3":{"id":"110","name":"PART 11 - TRANSPORTATION","identifier":"11","label":"part","url":"\/II\/11\/"},"4":{"id":"5","name":"Division II - Planning and Development","identifier":"II","label":"division","url":"\/II\/"}},"structure_contents":{"0":{"id":"427","structure_id":"124","section_number":"11-2121","catch_line":"DRIVING ON SIDEWALKS.","url":"\/11-2121\/","token":"11-2121"},"1":{"id":"428","structure_id":"124","section_number":"11-2122","catch_line":"CLINGING TO MOVING VEHICLES.","url":"\/11-2122\/","token":"11-2122"},"2":{"id":"429","structure_id":"124","section_number":"11-2123","catch_line":"USE OF ROADWAY BY NONMOTORIZED OR TOY VEHICLES.","url":"\/11-2123\/","token":"11-2123"},"3":{"id":"430","structure_id":"124","section_number":"11-2124","catch_line":"DRIVING ON BARRICADED STREET.","url":"\/11-2124\/","token":"11-2124"},"4":{"id":"431","structure_id":"124","section_number":"11-2125","catch_line":"DRIVING UNDER HAZARDOUS CONDITIONS.","url":"\/11-2125\/","token":"11-2125"},"5":{"id":"432","structure_id":"124","section_number":"11-2126","catch_line":"MOTOR OR OTHER VEHICLES PROHIBITED FROM DRIVING OVER A MEDIAN STRIP OR FRESHLY PAINTED TRAFFIC DIRECTION SIGNS PAINTED ON THE CITY STREETS.","url":"\/11-2126\/","token":"11-2126"},"6":{"id":"433","structure_id":"124","section_number":"11-2127","catch_line":"LIMITATION ON BACKING.","url":"\/11-2127\/","token":"11-2127"},"7":{"id":"434","structure_id":"124","section_number":"11-2128","catch_line":"OBSTRUCTION TO DRIVER'S VIEW OR DRIVING MECHANISM.","url":"\/11-2128\/","token":"11-2128"},"8":{"id":"435","structure_id":"124","section_number":"11-2129","catch_line":"CROSSING FIRE HOSE.","url":"\/11-2129\/","token":"11-2129"},"9":{"id":"437","structure_id":"124","section_number":"11-2130","catch_line":"PROCESSIONS\u2014DRIVING THROUGH.","url":"\/11-2130\/","token":"11-2130"},"10":{"id":"438","structure_id":"124","section_number":"11-2131","catch_line":"SAME\u2014DRIVING IN FUNERAL OR OTHER PROCESSIONS.","url":"\/11-2131\/","token":"11-2131"},"11":{"id":"439","structure_id":"124","section_number":"11-2132","catch_line":"TRUCK ROUTES.","url":"\/11-2132\/","token":"11-2132"},"12":{"id":"440","structure_id":"124","section_number":"11-2133","catch_line":"REGULATION OF VEHICLES AND LOADS.","url":"\/11-2133\/","token":"11-2133"},"13":{"id":"441","structure_id":"124","section_number":"11-2134","catch_line":"DEFINITIONS.","url":"\/11-2134\/","token":"11-2134"},"14":{"id":"442","structure_id":"124","section_number":"11-2135","catch_line":"GENERAL.","url":"\/11-2135\/","token":"11-2135"},"15":{"id":"443","structure_id":"124","section_number":"11-2136","catch_line":"PENALTY AND APPEAL.","url":"\/11-2136\/","token":"11-2136"},"16":{"id":"444","structure_id":"124","section_number":"11-2137","catch_line":"RESERVED.","url":"\/11-2137\/","token":"11-2137"},"17":{"id":"445","structure_id":"124","section_number":"11-2137","catch_line":"RESERVED. ","url":"\/11-2137\/","token":"11-2137"}},"previous_section":{"id":"439","structure_id":"124","section_number":"11-2132","catch_line":"TRUCK ROUTES.","url":"\/11-2132\/","token":"11-2132"},"next_section":{"id":"441","structure_id":"124","section_number":"11-2134","catch_line":"DEFINITIONS.","url":"\/11-2134\/","token":"11-2134"},"references":false,"formats":{"txt":"\/11-2133.txt","json":"\/11-2133.xml"},"dublin_core":{"Title":"REGULATION OF VEHICLES AND LOADS.","Type":"Text","Format":"text\/html","Identifier":"\u00a7 11-2133","Relation":"Code of State"},"plain_text":"                                  CODE OF STATE\n\nREGULATION OF VEHICLES AND LOADS. (\u00a7 11-2133)\n\n(a) It shall be unlawful for any person to drive or move or for the owner to\ncause or knowingly permit to be moved or driven on any street within the\ncorporate limits any vehicle or vehicles of a size exceeding the limitations\nstated in this section, provided that the prohibition and limitations of this\nsection shall only apply on the days of the week of Monday through Friday\ninclusive and shall only apply during the periods between 7:30 a.m. and 8:30\na.m. and between 4:30 p.m. and 6:00 p.m.\n\n(b) The total outside width of any vehicle or the load thereon shall not exceed\nten and one-half (10\u00bd) feet.\n\n(c) No vehicle, unladen or with load, shall exceed a height of thirteen (13)\nfeet, six (6) inches.\n\n(d) A vehicle having two (2) axles shall not exceed thirty-five (35) feet in\nlength of extreme overall dimensions inclusive of front and rear bumpers. A\nvehicle having three (3) axles shall not exceed forty (40) feet in length of\noverall dimensions inclusive of front and rear bumpers. A truck-tractor and\nsemitrailer shall be regarded as two (2) vehicles for the purpose of determining\nlawful length.\n\n(e) No combination of vehicles coupled together shall exceed a total length of\nfifty-five (55) feet inclusive of front and rear bumpers. \n(Code 1959 , \u00a721-53)\n"}