{"law_id":"527","section_number":"11-4004","catch_line":"POWERS AND DUTIES.","history":"","order_by":"11-4004","metadata":false,"url":"\/11-4004\/","token":"11-4004","structure":{"1":{"id":"146","name":"ARTICLE A. - TRANSIT AUTHORITY","identifier":"A","label":"article","url":"\/II\/11\/4\/A\/"},"2":{"id":"145","name":"CHAPTER 4. - PUBLIC TRANSIT","identifier":"4","label":"chapter","url":"\/II\/11\/4\/"},"3":{"id":"110","name":"PART 11 - TRANSPORTATION","identifier":"11","label":"part","url":"\/II\/11\/"},"4":{"id":"5","name":"Division II - Planning and Development","identifier":"II","label":"division","url":"\/II\/"}},"referred_to_by":false,"edition_id":"1","section_id":"527","structure_id":"146","full_text":"(a) Implementation of the transit development program and updating periodically that program.\r\r(b) Development and execution of contracts with a private transit management firm for provision of transit service.\r\r(c) Marketing, promoting, and providing information about transit service in the Raleigh area.\r\r(d) Monitoring the quantity and quality of transit service provided.\r\r(e) Performing operational and short range transit planning and coordination with long range transportation planning done by City, regional, and state agencies.\r\r(f) To use officers, employees, and facilities of the City on such a basis as may be agreed upon between the City Manager and the authority.\r\r(g) To maintain and operate facilities and equipment necessary or convenient for authority operations, including the provision of public transportation service.\r\r(h) To enter into and administer contracts or agreements with civil jurisdictions outside the territory of the authority with respect to the provision of public transportation service.\r\r(i) To equitably and efficiently establish and administer the scheduling, routing, and rates of transit service.\r\r(j) To develop budgets for its operation for approval by the City Council and to exercise authority hereby granted in conformance with such approved budget. No power or duty herein enumerated shall be exercised or carried out except consistently with and according to the approved budget. \n(Ord. 1975-1, \u00a74)\r\r","text":{"0":{"id":"1465","text":"Implementation of the transit development program and updating periodically that program.","type":"section","prefixes":["(a)"],"prefix":"(a)","entire_prefix":"(a)","prefix_anchor":"(a)","level":1},"1":{"id":"1466","text":"Development and execution of contracts with a private transit management firm for provision of transit service.","type":"section","prefixes":["(b)"],"prefix":"(b)","entire_prefix":"(b)","prefix_anchor":"(b)","level":1},"2":{"id":"1467","text":"Marketing, promoting, and providing information about transit service in the Raleigh area.","type":"section","prefixes":["(c)"],"prefix":"(c)","entire_prefix":"(c)","prefix_anchor":"(c)","level":1},"3":{"id":"1468","text":"Monitoring the quantity and quality of transit service provided.","type":"section","prefixes":["(d)"],"prefix":"(d)","entire_prefix":"(d)","prefix_anchor":"(d)","level":1},"4":{"id":"1469","text":"Performing operational and short range transit planning and coordination with long range transportation planning done by City, regional, and state agencies.","type":"section","prefixes":["(e)"],"prefix":"(e)","entire_prefix":"(e)","prefix_anchor":"(e)","level":1},"5":{"id":"1470","text":"To use officers, employees, and facilities of the City on such a basis as may be agreed upon between the City Manager and the authority.","type":"section","prefixes":["(f)"],"prefix":"(f)","entire_prefix":"(f)","prefix_anchor":"(f)","level":1},"6":{"id":"1471","text":"To maintain and operate facilities and equipment necessary or convenient for authority operations, including the provision of public transportation service.","type":"section","prefixes":["(g)"],"prefix":"(g)","entire_prefix":"(g)","prefix_anchor":"(g)","level":1},"7":{"id":"1472","text":"To enter into and administer contracts or agreements with civil jurisdictions outside the territory of the authority with respect to the provision of public transportation service.","type":"section","prefixes":["(h)"],"prefix":"(h)","entire_prefix":"(h)","prefix_anchor":"(h)","level":1},"8":{"id":"1473","text":"To equitably and efficiently establish and administer the scheduling, routing, and rates of transit service.","type":"section","prefixes":["(i)"],"prefix":"(i)","entire_prefix":"(i)","prefix_anchor":"(i)","level":1},"9":{"id":"1474","text":"To develop budgets for its operation for approval by the City Council and to exercise authority hereby granted in conformance with such approved budget. No power or duty herein enumerated shall be exercised or carried out except consistently with and according to the approved budget. \n(Ord. 1975-1, \u00a74)","type":"section","prefixes":["(j)"],"prefix":"(j)","entire_prefix":"(j)","prefix_anchor":"(j)","level":1}},"ancestry":{"1":{"id":"146","name":"ARTICLE A. - TRANSIT AUTHORITY","identifier":"A","label":"article","url":"\/II\/11\/4\/A\/"},"2":{"id":"145","name":"CHAPTER 4. - PUBLIC TRANSIT","identifier":"4","label":"chapter","url":"\/II\/11\/4\/"},"3":{"id":"110","name":"PART 11 - TRANSPORTATION","identifier":"11","label":"part","url":"\/II\/11\/"},"4":{"id":"5","name":"Division II - Planning and Development","identifier":"II","label":"division","url":"\/II\/"}},"structure_contents":{"0":{"id":"523","structure_id":"146","section_number":"11-4001","catch_line":"TRANSIT AUTHORITY CREATED.","url":"\/11-4001\/","token":"11-4001"},"1":{"id":"524","structure_id":"146","section_number":"11-4002","catch_line":"MEMBERSHIP.","url":"\/11-4002\/","token":"11-4002"},"2":{"id":"526","structure_id":"146","section_number":"11-4003","catch_line":"TERMS OF MEMBERS.","url":"\/11-4003\/","token":"11-4003"},"3":{"id":"527","structure_id":"146","section_number":"11-4004","catch_line":"POWERS AND DUTIES.","url":"\/11-4004\/","token":"11-4004"},"4":{"id":"528","structure_id":"146","section_number":"11-4005","catch_line":"TRANSPORTATION DEPARTMENT TO STAFF.","url":"\/11-4005\/","token":"11-4005"},"5":{"id":"529","structure_id":"146","section_number":"11-4006","catch_line":"TRANSIT DIRECTOR'S DUTIES.","url":"\/11-4006\/","token":"11-4006"},"6":{"id":"530","structure_id":"146","section_number":"11-4007","catch_line":"RESERVED.","url":"\/11-4007\/","token":"11-4007"},"7":{"id":"531","structure_id":"146","section_number":"11-4007","catch_line":"RESERVED. ","url":"\/11-4007\/","token":"11-4007"}},"previous_section":{"id":"526","structure_id":"146","section_number":"11-4003","catch_line":"TERMS OF MEMBERS.","url":"\/11-4003\/","token":"11-4003"},"next_section":{"id":"528","structure_id":"146","section_number":"11-4005","catch_line":"TRANSPORTATION DEPARTMENT TO STAFF.","url":"\/11-4005\/","token":"11-4005"},"references":false,"formats":{"txt":"\/11-4004.txt","json":"\/11-4004.xml"},"dublin_core":{"Title":"POWERS AND DUTIES.","Type":"Text","Format":"text\/html","Identifier":"\u00a7 11-4004","Relation":"Code of State"},"plain_text":"                                  CODE OF STATE\n\nPOWERS AND DUTIES. (\u00a7 11-4004)\n\n(a) Implementation of the transit development program and updating periodically\nthat program.\n\n(b) Development and execution of contracts with a private transit management\nfirm for provision of transit service.\n\n(c) Marketing, promoting, and providing information about transit service in the\nRaleigh area.\n\n(d) Monitoring the quantity and quality of transit service provided.\n\n(e) Performing operational and short range transit planning and coordination\nwith long range transportation planning done by City, regional, and state\nagencies.\n\n(f) To use officers, employees, and facilities of the City on such a basis as\nmay be agreed upon between the City Manager and the authority.\n\n(g) To maintain and operate facilities and equipment necessary or convenient for\nauthority operations, including the provision of public transportation service.\n\n(h) To enter into and administer contracts or agreements with civil\njurisdictions outside the territory of the authority with respect to the\nprovision of public transportation service.\n\n(i) To equitably and efficiently establish and administer the scheduling,\nrouting, and rates of transit service.\n\n(j) To develop budgets for its operation for approval by the City Council and to\nexercise authority hereby granted in conformance with such approved budget. No\npower or duty herein enumerated shall be exercised or carried out except\nconsistently with and according to the approved budget. \n(Ord. 1975-1, \u00a74)\n"}