{"law_id":"529","section_number":"11-4006","catch_line":"TRANSIT DIRECTOR&#8217;S DUTIES.","history":"","order_by":"11-4006","metadata":false,"url":"\/11-4006\/","token":"11-4006","structure":{"1":{"id":"146","name":"ARTICLE A. - TRANSIT AUTHORITY","identifier":"A","label":"article","url":"\/II\/11\/4\/A\/"},"2":{"id":"145","name":"CHAPTER 4. - PUBLIC TRANSIT","identifier":"4","label":"chapter","url":"\/II\/11\/4\/"},"3":{"id":"110","name":"PART 11 - TRANSPORTATION","identifier":"11","label":"part","url":"\/II\/11\/"},"4":{"id":"5","name":"Division II - Planning and Development","identifier":"II","label":"division","url":"\/II\/"}},"referred_to_by":false,"edition_id":"1","section_id":"529","structure_id":"146","full_text":"(a) To ensure that the desires, actions, and policies of the authority are converted into appropriate transit services for the area and to administer such policies and actions of the authority in conformance with general administrative policies of the City as determined by the City Manager.\r\r(b) To direct the implementation of such services.\r\r(c) To oversee transit operations for the authority and report and interpret to the authority on current and planned operating results or implications.\r\r(d) To develop budgets and standards of transit operation for the authority&#8217;s approval.\r\r(e) To ensure to the authority the timely implementation of the transit development program; make recommendations to the authority for additional service improvements.\r\r(f) To testify at regulatory hearings pertaining to all phases of transit activities and\/or needs.\r\r(g) To monitor transit marketing effectiveness and to administer transit planning coordination.\n(Ord. 1975-1, \u00a76)\r\r","text":{"0":{"id":"1476","text":"To ensure that the desires, actions, and policies of the authority are converted into appropriate transit services for the area and to administer such policies and actions of the authority in conformance with general administrative policies of the City as determined by the City Manager.","type":"section","prefixes":["(a)"],"prefix":"(a)","entire_prefix":"(a)","prefix_anchor":"(a)","level":1},"1":{"id":"1477","text":"To direct the implementation of such services.","type":"section","prefixes":["(b)"],"prefix":"(b)","entire_prefix":"(b)","prefix_anchor":"(b)","level":1},"2":{"id":"1478","text":"To oversee transit operations for the authority and report and interpret to the authority on current and planned operating results or implications.","type":"section","prefixes":["(c)"],"prefix":"(c)","entire_prefix":"(c)","prefix_anchor":"(c)","level":1},"3":{"id":"1479","text":"To develop budgets and standards of transit operation for the authority&#8217;s approval.","type":"section","prefixes":["(d)"],"prefix":"(d)","entire_prefix":"(d)","prefix_anchor":"(d)","level":1},"4":{"id":"1480","text":"To ensure to the authority the timely implementation of the transit development program; make recommendations to the authority for additional service improvements.","type":"section","prefixes":["(e)"],"prefix":"(e)","entire_prefix":"(e)","prefix_anchor":"(e)","level":1},"5":{"id":"1481","text":"To testify at regulatory hearings pertaining to all phases of transit activities and\/or needs.","type":"section","prefixes":["(f)"],"prefix":"(f)","entire_prefix":"(f)","prefix_anchor":"(f)","level":1},"6":{"id":"1482","text":"To monitor transit marketing effectiveness and to administer transit planning coordination.\n(Ord. 1975-1, \u00a76)","type":"section","prefixes":["(g)"],"prefix":"(g)","entire_prefix":"(g)","prefix_anchor":"(g)","level":1}},"ancestry":{"1":{"id":"146","name":"ARTICLE A. - TRANSIT AUTHORITY","identifier":"A","label":"article","url":"\/II\/11\/4\/A\/"},"2":{"id":"145","name":"CHAPTER 4. - PUBLIC TRANSIT","identifier":"4","label":"chapter","url":"\/II\/11\/4\/"},"3":{"id":"110","name":"PART 11 - TRANSPORTATION","identifier":"11","label":"part","url":"\/II\/11\/"},"4":{"id":"5","name":"Division II - Planning and Development","identifier":"II","label":"division","url":"\/II\/"}},"structure_contents":{"0":{"id":"523","structure_id":"146","section_number":"11-4001","catch_line":"TRANSIT AUTHORITY CREATED.","url":"\/11-4001\/","token":"11-4001"},"1":{"id":"524","structure_id":"146","section_number":"11-4002","catch_line":"MEMBERSHIP.","url":"\/11-4002\/","token":"11-4002"},"2":{"id":"526","structure_id":"146","section_number":"11-4003","catch_line":"TERMS OF MEMBERS.","url":"\/11-4003\/","token":"11-4003"},"3":{"id":"527","structure_id":"146","section_number":"11-4004","catch_line":"POWERS AND DUTIES.","url":"\/11-4004\/","token":"11-4004"},"4":{"id":"528","structure_id":"146","section_number":"11-4005","catch_line":"TRANSPORTATION DEPARTMENT TO STAFF.","url":"\/11-4005\/","token":"11-4005"},"5":{"id":"529","structure_id":"146","section_number":"11-4006","catch_line":"TRANSIT DIRECTOR'S DUTIES.","url":"\/11-4006\/","token":"11-4006"},"6":{"id":"530","structure_id":"146","section_number":"11-4007","catch_line":"RESERVED.","url":"\/11-4007\/","token":"11-4007"},"7":{"id":"531","structure_id":"146","section_number":"11-4007","catch_line":"RESERVED. ","url":"\/11-4007\/","token":"11-4007"}},"previous_section":{"id":"528","structure_id":"146","section_number":"11-4005","catch_line":"TRANSPORTATION DEPARTMENT TO STAFF.","url":"\/11-4005\/","token":"11-4005"},"next_section":{"id":"530","structure_id":"146","section_number":"11-4007","catch_line":"RESERVED.","url":"\/11-4007\/","token":"11-4007"},"references":false,"formats":{"txt":"\/11-4006.txt","json":"\/11-4006.xml"},"dublin_core":{"Title":"TRANSIT DIRECTOR&#8217;S DUTIES.","Type":"Text","Format":"text\/html","Identifier":"\u00a7 11-4006","Relation":"Code of State"},"plain_text":"                                  CODE OF STATE\n\nTRANSIT DIRECTOR&#8217;S DUTIES. (\u00a7 11-4006)\n\n(a) To ensure that the desires, actions, and policies of the authority are\nconverted into appropriate transit services for the area and to administer such\npolicies and actions of the authority in conformance with general administrative\npolicies of the City as determined by the City Manager.\n\n(b) To direct the implementation of such services.\n\n(c) To oversee transit operations for the authority and report and interpret to\nthe authority on current and planned operating results or implications.\n\n(d) To develop budgets and standards of transit operation for the\nauthority&#8217;s approval.\n\n(e) To ensure to the authority the timely implementation of the transit\ndevelopment program; make recommendations to the authority for additional\nservice improvements.\n\n(f) To testify at regulatory hearings pertaining to all phases of transit\nactivities and\/or needs.\n\n(g) To monitor transit marketing effectiveness and to administer transit\nplanning coordination.\n(Ord. 1975-1, \u00a76)\n"}