{"law_id":"528","section_number":"11-4005","catch_line":"TRANSPORTATION DEPARTMENT TO STAFF.","history":"","order_by":"11-4005","metadata":false,"url":"\/11-4005\/","token":"11-4005","structure":{"1":{"id":"146","name":"ARTICLE A. - TRANSIT AUTHORITY","identifier":"A","label":"article","url":"\/II\/11\/4\/A\/"},"2":{"id":"145","name":"CHAPTER 4. - PUBLIC TRANSIT","identifier":"4","label":"chapter","url":"\/II\/11\/4\/"},"3":{"id":"110","name":"PART 11 - TRANSPORTATION","identifier":"11","label":"part","url":"\/II\/11\/"},"4":{"id":"5","name":"Division II - Planning and Development","identifier":"II","label":"division","url":"\/II\/"}},"referred_to_by":false,"edition_id":"1","section_id":"528","structure_id":"146","full_text":"The City Department of Transportation shall serve as staff to the authority to assist in its duties, and the director of transportation or his designee shall serve as the director of transit for the authority. \n(Ord. 1975-1, \u00a75)","text":{"0":{"id":"1475","text":"The City Department of Transportation shall serve as staff to the authority to assist in its duties, and the director of transportation or his designee shall serve as the director of transit for the authority. \n(Ord. 1975-1, \u00a75)","type":"section","prefixes":[""],"prefix":"","entire_prefix":"","prefix_anchor":"","level":1}},"ancestry":{"1":{"id":"146","name":"ARTICLE A. - TRANSIT AUTHORITY","identifier":"A","label":"article","url":"\/II\/11\/4\/A\/"},"2":{"id":"145","name":"CHAPTER 4. - PUBLIC TRANSIT","identifier":"4","label":"chapter","url":"\/II\/11\/4\/"},"3":{"id":"110","name":"PART 11 - TRANSPORTATION","identifier":"11","label":"part","url":"\/II\/11\/"},"4":{"id":"5","name":"Division II - Planning and Development","identifier":"II","label":"division","url":"\/II\/"}},"structure_contents":{"0":{"id":"523","structure_id":"146","section_number":"11-4001","catch_line":"TRANSIT AUTHORITY CREATED.","url":"\/11-4001\/","token":"11-4001"},"1":{"id":"524","structure_id":"146","section_number":"11-4002","catch_line":"MEMBERSHIP.","url":"\/11-4002\/","token":"11-4002"},"2":{"id":"526","structure_id":"146","section_number":"11-4003","catch_line":"TERMS OF MEMBERS.","url":"\/11-4003\/","token":"11-4003"},"3":{"id":"527","structure_id":"146","section_number":"11-4004","catch_line":"POWERS AND DUTIES.","url":"\/11-4004\/","token":"11-4004"},"4":{"id":"528","structure_id":"146","section_number":"11-4005","catch_line":"TRANSPORTATION DEPARTMENT TO STAFF.","url":"\/11-4005\/","token":"11-4005"},"5":{"id":"529","structure_id":"146","section_number":"11-4006","catch_line":"TRANSIT DIRECTOR'S DUTIES.","url":"\/11-4006\/","token":"11-4006"},"6":{"id":"530","structure_id":"146","section_number":"11-4007","catch_line":"RESERVED.","url":"\/11-4007\/","token":"11-4007"},"7":{"id":"531","structure_id":"146","section_number":"11-4007","catch_line":"RESERVED. ","url":"\/11-4007\/","token":"11-4007"}},"previous_section":{"id":"527","structure_id":"146","section_number":"11-4004","catch_line":"POWERS AND DUTIES.","url":"\/11-4004\/","token":"11-4004"},"next_section":{"id":"529","structure_id":"146","section_number":"11-4006","catch_line":"TRANSIT DIRECTOR'S DUTIES.","url":"\/11-4006\/","token":"11-4006"},"references":false,"formats":{"txt":"\/11-4005.txt","json":"\/11-4005.xml"},"dublin_core":{"Title":"TRANSPORTATION DEPARTMENT TO STAFF.","Type":"Text","Format":"text\/html","Identifier":"\u00a7 11-4005","Relation":"Code of State"},"plain_text":"                                  CODE OF STATE\n\nTRANSPORTATION DEPARTMENT TO STAFF. (\u00a7 11-4005)\n\nThe City Department of Transportation shall serve as staff to the authority to\nassist in its duties, and the director of transportation or his designee shall\nserve as the director of transit for the authority. \n(Ord. 1975-1, \u00a75)\n"}