{"law_id":"524","section_number":"11-4002","catch_line":"MEMBERSHIP.","history":"","order_by":"11-4002","metadata":false,"url":"\/11-4002\/","token":"11-4002","structure":{"1":{"id":"146","name":"ARTICLE A. - TRANSIT AUTHORITY","identifier":"A","label":"article","url":"\/II\/11\/4\/A\/"},"2":{"id":"145","name":"CHAPTER 4. - PUBLIC TRANSIT","identifier":"4","label":"chapter","url":"\/II\/11\/4\/"},"3":{"id":"110","name":"PART 11 - TRANSPORTATION","identifier":"11","label":"part","url":"\/II\/11\/"},"4":{"id":"5","name":"Division II - Planning and Development","identifier":"II","label":"division","url":"\/II\/"}},"referred_to_by":false,"edition_id":"1","section_id":"524","structure_id":"146","full_text":"The Raleigh Transit Authority (hereinafter referred to as the &#8220;authority&#8221;) shall be composed of nine (9) members, including a Chairman, such members and Chairman to be named by the City Council. In addition to these nine (9) members the City Council may also appoint two (2) alternate members to the authority. The alternate members may only participate in the deliberations of the authority in the event that enough regular authority members are absent to cause the authority to lack a quorum. Service as an alternate member will not count against the member for purposes of the rules against consecutive service on boards and commissions. \n(Ord. 1975-1, \u00a72; Ord. No. 2002-235, \u00a71, 6-18-02)","text":{"0":{"id":"1462","text":"The Raleigh Transit Authority (hereinafter referred to as the &#8220;authority&#8221;) shall be composed of nine (9) members, including a Chairman, such members and Chairman to be named by the City Council. In addition to these nine (9) members the City Council may also appoint two (2) alternate members to the authority. The alternate members may only participate in the deliberations of the authority in the event that enough regular authority members are absent to cause the authority to lack a quorum. Service as an alternate member will not count against the member for purposes of the rules against consecutive service on boards and commissions. \n(Ord. 1975-1, \u00a72; Ord. No. 2002-235, \u00a71, 6-18-02)","type":"section","prefixes":[""],"prefix":"","entire_prefix":"","prefix_anchor":"","level":1}},"ancestry":{"1":{"id":"146","name":"ARTICLE A. - TRANSIT AUTHORITY","identifier":"A","label":"article","url":"\/II\/11\/4\/A\/"},"2":{"id":"145","name":"CHAPTER 4. - PUBLIC TRANSIT","identifier":"4","label":"chapter","url":"\/II\/11\/4\/"},"3":{"id":"110","name":"PART 11 - TRANSPORTATION","identifier":"11","label":"part","url":"\/II\/11\/"},"4":{"id":"5","name":"Division II - Planning and Development","identifier":"II","label":"division","url":"\/II\/"}},"structure_contents":{"0":{"id":"523","structure_id":"146","section_number":"11-4001","catch_line":"TRANSIT AUTHORITY CREATED.","url":"\/11-4001\/","token":"11-4001"},"1":{"id":"524","structure_id":"146","section_number":"11-4002","catch_line":"MEMBERSHIP.","url":"\/11-4002\/","token":"11-4002"},"2":{"id":"526","structure_id":"146","section_number":"11-4003","catch_line":"TERMS OF MEMBERS.","url":"\/11-4003\/","token":"11-4003"},"3":{"id":"527","structure_id":"146","section_number":"11-4004","catch_line":"POWERS AND DUTIES.","url":"\/11-4004\/","token":"11-4004"},"4":{"id":"528","structure_id":"146","section_number":"11-4005","catch_line":"TRANSPORTATION DEPARTMENT TO STAFF.","url":"\/11-4005\/","token":"11-4005"},"5":{"id":"529","structure_id":"146","section_number":"11-4006","catch_line":"TRANSIT DIRECTOR'S DUTIES.","url":"\/11-4006\/","token":"11-4006"},"6":{"id":"530","structure_id":"146","section_number":"11-4007","catch_line":"RESERVED.","url":"\/11-4007\/","token":"11-4007"},"7":{"id":"531","structure_id":"146","section_number":"11-4007","catch_line":"RESERVED. ","url":"\/11-4007\/","token":"11-4007"}},"previous_section":{"id":"523","structure_id":"146","section_number":"11-4001","catch_line":"TRANSIT AUTHORITY CREATED.","url":"\/11-4001\/","token":"11-4001"},"next_section":{"id":"526","structure_id":"146","section_number":"11-4003","catch_line":"TERMS OF MEMBERS.","url":"\/11-4003\/","token":"11-4003"},"references":false,"formats":{"txt":"\/11-4002.txt","json":"\/11-4002.xml"},"dublin_core":{"Title":"MEMBERSHIP.","Type":"Text","Format":"text\/html","Identifier":"\u00a7 11-4002","Relation":"Code of State"},"plain_text":"                                  CODE OF STATE\n\nMEMBERSHIP. (\u00a7 11-4002)\n\nThe Raleigh Transit Authority (hereinafter referred to as the\n&#8220;authority&#8221;) shall be composed of nine (9) members, including a\nChairman, such members and Chairman to be named by the City Council. In addition\nto these nine (9) members the City Council may also appoint two (2) alternate\nmembers to the authority. The alternate members may only participate in the\ndeliberations of the authority in the event that enough regular authority\nmembers are absent to cause the authority to lack a quorum. Service as an\nalternate member will not count against the member for purposes of the rules\nagainst consecutive service on boards and commissions. \n(Ord. 1975-1, \u00a72; Ord. No. 2002-235, \u00a71, 6-18-02)\n"}