{"law_id":"566","section_number":"12-1024","catch_line":"PEDDLERS&#8217; TIME ON STREET LIMITED; PRESENCE RESTRICTED IN CERTAIN AREA; IMPEDING PEDESTRIANS PROHIBITED; WASTE RECEPTACLE REQUIRED ON STAND, CART, ETC.","history":"","order_by":"12-1024","metadata":false,"url":"\/12-1024\/","token":"12-1024","structure":{"1":{"id":"172","name":"ARTICLE B. - STREET USE AND CLEANLINESS","identifier":"B","label":"article","url":"\/II\/12\/1\/B\/"},"2":{"id":"170","name":"CHAPTER 1. - STREETS AND PUBLIC WAYS","identifier":"1","label":"chapter","url":"\/II\/12\/1\/"},"3":{"id":"169","name":"PART 12 - LICENSING AND REGULATION","identifier":"12","label":"part","url":"\/II\/12\/"},"4":{"id":"5","name":"Division II - Planning and Development","identifier":"II","label":"division","url":"\/II\/"}},"referred_to_by":false,"edition_id":"1","section_id":"566","structure_id":"172","full_text":"(a) All vending controlled by the Private Use of Public Spaces Handbook as adopted by the Raleigh City Council on February 20, 2007, and as subsequently amended shall only be conducted pursuant to the terms of that document. Anyone vending without a permit or outside the parameters of the handbook relating to location, type of cart, product sold, or any other specification shall be guilty of a misdemeanor. The misdemeanor may be punished by a fine greater than fifty dollars ($50.00) as set out in N.C.G.S. 14-4.\r\r(b) Except pursuant to a special event permit, it shall be unlawful to peddle in the streets of the City items other than foodstuffs prepared in conformity with applicable Wake County Health Regulations, fresh cut flowers, fruits, vegetables, dairy products, and original artworks and handicrafts produced by the peddler. If a special event permit is granted the peddler may also sell merchandise which is related to the event for the product has been granted.\r\r(d) Provided further, it shall be unlawful for any person to erect, maintain or have any stand, cart or vehicle upon any street which impedes, endangers or interferes with the travel upon or use of the streets by the public. Each such stand, cart or vehicle shall be equipped with a waste receptacle and shall have rubber tires.\r\r(f) Permit holders may be required to remove private materials or accessories to allow street, sidewalk, or utility access for maintenance operation or during approved special events. All permits issued pursuant to this section shall be suspended during a special event approved by the City Council. Carts are excluded within four hundred (400) feet of the edge of any special events area unless the permit holder is given permission from the event sponsor to set up within the designated event area. No more than three (3) permits per cart shall be issued to any cart owner.\r\r(i) Any street vending performed that is not in compliance with these regulations is illegal.\r\r(j) A permit is revoked if the operator receives three (3) citations, either civil, criminal or combination thereof during any calendar year. \n(Code 1959 , \u00a79-12; Ord. No. 1980-393, \u00a7\u00a75, 6, 6-3-80; Ord. No. 1989-441, \u00a71, 10-3-89; Ord. No. 2010-773, \u00a71, 8-3-10; Ord. No. 2010-815, \u00a71, 12-7-10; Ord. No. 2011-835, \u00a71, 2-1-11; Ord. No. 2012-87, \u00a71, 7-3-12)\r\r","text":{"0":{"id":"1544","text":"All vending controlled by the Private Use of Public Spaces Handbook as adopted by the Raleigh City Council on February 20, 2007, and as subsequently amended shall only be conducted pursuant to the terms of that document. Anyone vending without a permit or outside the parameters of the handbook relating to location, type of cart, product sold, or any other specification shall be guilty of a misdemeanor. The misdemeanor may be punished by a fine greater than fifty dollars ($50.00) as set out in N.C.G.S. 14-4.","type":"section","prefixes":["(a)"],"prefix":"(a)","entire_prefix":"(a)","prefix_anchor":"(a)","level":1},"1":{"id":"1545","text":"Except pursuant to a special event permit, it shall be unlawful to peddle in the streets of the City items other than foodstuffs prepared in conformity with applicable Wake County Health Regulations, fresh cut flowers, fruits, vegetables, dairy products, and original artworks and handicrafts produced by the peddler. If a special event permit is granted the peddler may also sell merchandise which is related to the event for the product has been granted.","type":"section","prefixes":["(b)"],"prefix":"(b)","entire_prefix":"(b)","prefix_anchor":"(b)","level":1},"2":{"id":"1546","text":"","type":"section","prefixes":["(c)"],"prefix":"(c)","entire_prefix":"(c)","prefix_anchor":"(c)","level":1},"3":{"id":"1547","text":"\tThe vendor shall obtain an annual permit from the City after establishing that the vendor complies with all legal requirements for its operation; \n","type":"section","prefixes":["(c)","(1)"],"prefix":"(1)","entire_prefix":"(c)(1)","prefix_anchor":"(c)(1)","level":2},"4":{"id":"1548","text":"\tAll equipment required for the operation and the operation itself is contained within the zero-emissions motorized vehicle;\n","type":"section","prefixes":["(c)","(2)"],"prefix":"(2)","entire_prefix":"(c)(2)","prefix_anchor":"(c)(2)","level":2},"5":{"id":"1549","text":"\tThe vendor may occupy the loading zone space at the end of the posted period for the loading zone space and shall remove all equipment and leave all loading zones no later than 11:00 p.m.; \n","type":"section","prefixes":["(c)","(3)"],"prefix":"(3)","entire_prefix":"(c)(3)","prefix_anchor":"(c)(3)","level":2},"6":{"id":"1550","text":"\tThe vendor shall not use or permit customers to use the street. All vending transactions with customers shall occur at the curb; \n","type":"section","prefixes":["(c)","(4)"],"prefix":"(4)","entire_prefix":"(c)(4)","prefix_anchor":"(c)(4)","level":2},"7":{"id":"1551","text":"\tThe vendor shall promptly remove any trash associated with its operation; \n","type":"section","prefixes":["(c)","(5)"],"prefix":"(5)","entire_prefix":"(c)(5)","prefix_anchor":"(c)(5)","level":2},"8":{"id":"1552","text":"\tThe vehicle shall be no larger than shall have a gross vehicle weight when unloaded no greater than three thousand nine hundred (3,900) lbs. and the vehicle shall not extend beyond the boundaries of the commercial loading zone; \n","type":"section","prefixes":["(c)","(6)"],"prefix":"(6)","entire_prefix":"(c)(6)","prefix_anchor":"(c)(6)","level":2},"9":{"id":"1553","text":"\tThe vendor shall hold the City, its officers, councilors, and employees harmless and indemnify them for any loss, liability, damage, and costs and expenses arising from its operations; and, \n","type":"section","prefixes":["(c)","(7)"],"prefix":"(7)","entire_prefix":"(c)(7)","prefix_anchor":"(c)(7)","level":2},"10":{"id":"1554","text":"\tNo fixed-location business of a competing nature and no outdoor dining space is located within 50&#8242; of the loading zone parking space to be used by the vendor. \n","type":"section","prefixes":["(c)","(8)"],"prefix":"(8)","entire_prefix":"(c)(8)","prefix_anchor":"(c)(8)","level":2},"11":{"id":"1555","text":"Provided further, it shall be unlawful for any person to erect, maintain or have any stand, cart or vehicle upon any street which impedes, endangers or interferes with the travel upon or use of the streets by the public. Each such stand, cart or vehicle shall be equipped with a waste receptacle and shall have rubber tires.","type":"section","prefixes":["(d)"],"prefix":"(d)","entire_prefix":"(d)","prefix_anchor":"(d)","level":1},"12":{"id":"1556","text":"","type":"section","prefixes":["(e)"],"prefix":"(e)","entire_prefix":"(e)","prefix_anchor":"(e)","level":1},"13":{"id":"1557","text":"\tA home occupation use permit for a home based business.\n","type":"section","prefixes":["(e)","(1)"],"prefix":"(1)","entire_prefix":"(e)(1)","prefix_anchor":"(e)(1)","level":2},"14":{"id":"1558","text":"\tA food vending permit from Wake County.\n","type":"section","prefixes":["(e)","(2)"],"prefix":"(2)","entire_prefix":"(e)(2)","prefix_anchor":"(e)(2)","level":2},"15":{"id":"1559","text":"\tA valid City of Raleigh business license. \n","type":"section","prefixes":["(e)","(3)"],"prefix":"(3)","entire_prefix":"(e)(3)","prefix_anchor":"(e)(3)","level":2},"16":{"id":"1560","text":"\tA scaled sketch plan or photographs showing proposed cart location, dimension, and details of surrounding streetscape elements, covering six (6) feet on all sides of the edge of the cart operation area including property lines, sidewalks, curb lines, lighting, trees indicating size, tree grates, planters, parking meters, benches, street signs, bus stops and fire hydrants. The cart operation area shall not exceed one hundred (100) square feet. \n","type":"section","prefixes":["(e)","(4)"],"prefix":"(4)","entire_prefix":"(e)(4)","prefix_anchor":"(e)(4)","level":2},"17":{"id":"1561","text":"\tA list of products to be sold.\n","type":"section","prefixes":["(e)","(5)"],"prefix":"(5)","entire_prefix":"(e)(5)","prefix_anchor":"(e)(5)","level":2},"18":{"id":"1562","text":"\tProof of a valid insurance policy that provides a minimum liability coverage of one million dollars ($1,000,000.00) with the City named as an additional insured. \n","type":"section","prefixes":["(e)","(6)"],"prefix":"(6)","entire_prefix":"(e)(6)","prefix_anchor":"(e)(6)","level":2},"19":{"id":"1563","text":"\tA written indemnity agreement that will hold harmless the City, its officers, and employees, for any loss or liability or damage, including costs, for bodily injury or property damage sustained by a person as a result of the negligent installation, use, or maintenance of a permitted space. \n","type":"section","prefixes":["(e)","(7)"],"prefix":"(7)","entire_prefix":"(e)(7)","prefix_anchor":"(e)(7)","level":2},"20":{"id":"1564","text":"\tA food permit from the N.C. Department of Agriculture if the applicant intends to sell baked goods or ice cream.\n","type":"section","prefixes":["(e)","(8)"],"prefix":"(8)","entire_prefix":"(e)(8)","prefix_anchor":"(e)(8)","level":2},"21":{"id":"1565","text":"Permit holders may be required to remove private materials or accessories to allow street, sidewalk, or utility access for maintenance operation or during approved special events. All permits issued pursuant to this section shall be suspended during a special event approved by the City Council. Carts are excluded within four hundred (400) feet of the edge of any special events area unless the permit holder is given permission from the event sponsor to set up within the designated event area. No more than three (3) permits per cart shall be issued to any cart owner.","type":"section","prefixes":["(f)"],"prefix":"(f)","entire_prefix":"(f)","prefix_anchor":"(f)","level":1},"22":{"id":"1566","text":"","type":"section","prefixes":["(g)"],"prefix":"(g)","entire_prefix":"(g)","prefix_anchor":"(g)","level":1},"23":{"id":"1567","text":"\tCarts must not locate in any area that impedes, endangers, or interferes with pedestrian or vehicular traffic.\n","type":"section","prefixes":["(g)","(1)"],"prefix":"(1)","entire_prefix":"(g)(1)","prefix_anchor":"(g)(1)","level":2},"24":{"id":"1568","text":"\tCarts selling food products must be located at least fifty (50) feet from the entrance to any business selling food unless the owner of the other business gives written permission for the infringement of the no vending area. \n","type":"section","prefixes":["(g)","(2)"],"prefix":"(2)","entire_prefix":"(g)(2)","prefix_anchor":"(g)(2)","level":2},"25":{"id":"1569","text":"\tCarts must locate at least fifty (50) feet from any outdoor eating area.\n","type":"section","prefixes":["(g)","(3)"],"prefix":"(3)","entire_prefix":"(g)(3)","prefix_anchor":"(g)(3)","level":2},"26":{"id":"1570","text":"\tCarts must be located at least two (2) feet from any curb.\n","type":"section","prefixes":["(g)","(4)"],"prefix":"(4)","entire_prefix":"(g)(4)","prefix_anchor":"(g)(4)","level":2},"27":{"id":"1571","text":"\tCarts must not be locked or attached to trees or street furniture. \n","type":"section","prefixes":["(g)","(5)"],"prefix":"(5)","entire_prefix":"(g)(5)","prefix_anchor":"(g)(5)","level":2},"28":{"id":"1572","text":"\tCarts must maintain an unobstructed pedestrian corridor of a minimum of five (5) feet in width parallel to the street. On Fayetteville Street the minimum pedestrian corridor is seven (7) feet. \n","type":"section","prefixes":["(g)","(6)"],"prefix":"(6)","entire_prefix":"(g)(6)","prefix_anchor":"(g)(6)","level":2},"29":{"id":"1573","text":"\tNo more than two (2) carts will be allowed on any block face.\n","type":"section","prefixes":["(g)","(7)"],"prefix":"(7)","entire_prefix":"(g)(7)","prefix_anchor":"(g)(7)","level":2},"30":{"id":"1574","text":"","type":"section","prefixes":["(h)"],"prefix":"(h)","entire_prefix":"(h)","prefix_anchor":"(h)","level":1},"31":{"id":"1575","text":"\tCarts must be non-motorized with operable wheels. Persons with disabilities may use a motorized system to propel the cart. \n","type":"section","prefixes":["(h)","(1)"],"prefix":"(1)","entire_prefix":"(h)(1)","prefix_anchor":"(h)(1)","level":2},"32":{"id":"1576","text":"\tAll carts must be self contained with a waste receptacle. All equipment other than coolers must be contained on or with in the cart. \n","type":"section","prefixes":["(h)","(2)"],"prefix":"(2)","entire_prefix":"(h)(2)","prefix_anchor":"(h)(2)","level":2},"33":{"id":"1577","text":"\tA cart may not exceed six (6) feet in height and eight and one-half (8.5) feet in length and four (4) feet in width. Carts permitted prior to 2007 may continue to operate if they exceed any of these dimensions. \n","type":"section","prefixes":["(h)","(3)"],"prefix":"(3)","entire_prefix":"(h)(3)","prefix_anchor":"(h)(3)","level":2},"34":{"id":"1578","text":"\tUmbrellas or canopies must be attached to the cart and must not exceed eight (8) feet in height above grade. Maximum diameter of canopies and umbrellas shall not exceed six (6) feet and shall not interfere with pedestrian movement. No cart shall have more than two (2) umbrellas. \n","type":"section","prefixes":["(h)","(4)"],"prefix":"(4)","entire_prefix":"(h)(4)","prefix_anchor":"(h)(4)","level":2},"35":{"id":"1579","text":"\tCarts must be constructed of durable material and not plastic or wood may be visible. \n","type":"section","prefixes":["(h)","(5)"],"prefix":"(5)","entire_prefix":"(h)(5)","prefix_anchor":"(h)(5)","level":2},"36":{"id":"1580","text":"\tCarts must comply with all local, state, and federal rules regarding sanitation and protection of food from airborne contamination.\n","type":"section","prefixes":["(h)","(6)"],"prefix":"(6)","entire_prefix":"(h)(6)","prefix_anchor":"(h)(6)","level":2},"37":{"id":"1581","text":"\tAll signage on carts shall comply with the Raleigh Sign Ordinance. No free standing signage is permitted. \n","type":"section","prefixes":["(h)","(7)"],"prefix":"(7)","entire_prefix":"(h)(7)","prefix_anchor":"(h)(7)","level":2},"38":{"id":"1582","text":"\tSales of goods and merchandise are limited to food and beverage, fresh cut flowers, or original artwork and handicrafts produced by the vendor. All items for sale must be confined to the cart. Food vendors may place a maximum of three (3) coolers within their containment area so long as the coolers are neatly stacked to avoid visual clutter. No generators may be used at any time. \n","type":"section","prefixes":["(h)","(8)"],"prefix":"(8)","entire_prefix":"(h)(8)","prefix_anchor":"(h)(8)","level":2},"39":{"id":"1583","text":"\tA vendor may maintain one chair for his own use. No public seating is allowed. Pushcarts may not be stored, parked, or left overnight on any City property. \n(10)\tCarts may only be operated between the hours of 6:00 a.m. and 3:00 a.m. Cleanup and removal of the cart must be completed by 3:30 a.m. The operator must be present at all times and must have a valid permit on his person or on the cart at all times. \n","type":"section","prefixes":["(h)","(9)"],"prefix":"(9)","entire_prefix":"(h)(9)","prefix_anchor":"(h)(9)","level":2},"40":{"id":"1584","text":"\tPermits are not transferrable.\n","type":"section","prefixes":["(h)","(11"],"prefix":"(11","entire_prefix":"(h)(11","prefix_anchor":"(h)(11","level":2},"41":{"id":"1585","text":"\tThe operator is responsible for all waste and trash removal. The containment area must be kept clear of grease, trash, paper, cups or cans associated with the operation. No liquid waste or grease is to be disposed of in tree pits or onto the sidewalks, streets or other public places. \n","type":"section","prefixes":["(h)","(12"],"prefix":"(12","entire_prefix":"(h)(12","prefix_anchor":"(h)(12","level":2},"42":{"id":"1586","text":"Any street vending performed that is not in compliance with these regulations is illegal.","type":"section","prefixes":["(i)"],"prefix":"(i)","entire_prefix":"(i)","prefix_anchor":"(i)","level":1},"43":{"id":"1587","text":"A permit is revoked if the operator receives three (3) citations, either civil, criminal or combination thereof during any calendar year. \n(Code 1959 , \u00a79-12; Ord. No. 1980-393, \u00a7\u00a75, 6, 6-3-80; Ord. No. 1989-441, \u00a71, 10-3-89; Ord. No. 2010-773, \u00a71, 8-3-10; Ord. No. 2010-815, \u00a71, 12-7-10; Ord. No. 2011-835, \u00a71, 2-1-11; Ord. No. 2012-87, \u00a71, 7-3-12)","type":"section","prefixes":["(j)"],"prefix":"(j)","entire_prefix":"(j)","prefix_anchor":"(j)","level":1}},"ancestry":{"1":{"id":"172","name":"ARTICLE B. - STREET USE AND CLEANLINESS","identifier":"B","label":"article","url":"\/II\/12\/1\/B\/"},"2":{"id":"170","name":"CHAPTER 1. - STREETS AND PUBLIC WAYS","identifier":"1","label":"chapter","url":"\/II\/12\/1\/"},"3":{"id":"169","name":"PART 12 - LICENSING AND REGULATION","identifier":"12","label":"part","url":"\/II\/12\/"},"4":{"id":"5","name":"Division II - Planning and Development","identifier":"II","label":"division","url":"\/II\/"}},"structure_contents":{"0":{"id":"563","structure_id":"172","section_number":"12-1021","catch_line":"AUCTION SALES IN STREETS; ATTRACTING CROWDS.","url":"\/12-1021\/","token":"12-1021"},"1":{"id":"564","structure_id":"172","section_number":"12-1022","catch_line":"USE OF SIDEWALKS FOR PRIVATE PURPOSES; PERMIT REQUIRED; INSURANCE.","url":"\/12-1022\/","token":"12-1022"},"2":{"id":"565","structure_id":"172","section_number":"12-1023","catch_line":"PRESENT USES; REPAIRS; COSTS.","url":"\/12-1023\/","token":"12-1023"},"3":{"id":"566","structure_id":"172","section_number":"12-1024","catch_line":"PEDDLERS' TIME ON STREET LIMITED; PRESENCE RESTRICTED IN CERTAIN AREA; IMPEDING PEDESTRIANS PROHIBITED; WASTE RECEPTACLE REQUIRED ON STAND, CART, ETC.","url":"\/12-1024\/","token":"12-1024"},"4":{"id":"567","structure_id":"172","section_number":"12-1025","catch_line":"SALE OF MERCHANDISE ON SIDEWALKS.","url":"\/12-1025\/","token":"12-1025"},"5":{"id":"568","structure_id":"172","section_number":"12-1026","catch_line":"SOLICITING BUSINESS OR EMPLOYMENT.","url":"\/12-1026\/","token":"12-1026"},"6":{"id":"570","structure_id":"172","section_number":"12-1027","catch_line":"SUBSCRIPTIONS OF PUBLICATIONS.","url":"\/12-1027\/","token":"12-1027"},"7":{"id":"571","structure_id":"172","section_number":"12-1028","catch_line":"TREES, PLANTING, INJURING, DESTROYING.","url":"\/12-1028\/","token":"12-1028"},"8":{"id":"572","structure_id":"172","section_number":"12-1029","catch_line":"UNLOADING COAL ON SIDEWALKS.","url":"\/12-1029\/","token":"12-1029"},"9":{"id":"573","structure_id":"172","section_number":"12-1030","catch_line":"VEHICLES AND ANIMALS ON SIDEWALKS.","url":"\/12-1030\/","token":"12-1030"},"10":{"id":"574","structure_id":"172","section_number":"12-1031","catch_line":"PLAYING GAMES OR THROWING MISSILES ON STREETS, SIDEWALKS, PRIVATE LOTS OR OTHER PUBLIC PROPERTY.","url":"\/12-1031\/","token":"12-1031"},"11":{"id":"575","structure_id":"172","section_number":"12-1032","catch_line":"DISCHARGING NOXIOUS FLUIDS.","url":"\/12-1032\/","token":"12-1032"},"12":{"id":"576","structure_id":"172","section_number":"12-1033","catch_line":"DRAINS UNDER SIDEWALKS.","url":"\/12-1033\/","token":"12-1033"},"13":{"id":"577","structure_id":"172","section_number":"12-1034","catch_line":"FILTHY MATTER IN WASTE RECEPTACLES.","url":"\/12-1034\/","token":"12-1034"},"14":{"id":"578","structure_id":"172","section_number":"12-1035","catch_line":"HAULING REFUSE; TRACKING MUD.","url":"\/12-1035\/","token":"12-1035"},"15":{"id":"579","structure_id":"172","section_number":"12-1036","catch_line":"PAINTING STREETS, CURBS, ETC.; AUTHORIZED CITY EMPLOYEES.","url":"\/12-1036\/","token":"12-1036"},"16":{"id":"582","structure_id":"172","section_number":"12-1037","catch_line":"CLEANING SIDEWALKS AND GUTTERS.","url":"\/12-1037\/","token":"12-1037"},"17":{"id":"583","structure_id":"172","section_number":"12-1037","catch_line":"REPAIR OF SIDEWALKS AND DRIVEWAYS BY PROPERTY OWNERS.","url":"\/12-1037\/","token":"12-1037"},"18":{"id":"584","structure_id":"172","section_number":"12-1038","catch_line":"JUNK, ETC., ON RIGHTS-OF-WAY PROHIBITED.","url":"\/12-1038\/","token":"12-1038"},"19":{"id":"585","structure_id":"172","section_number":"12-1039","catch_line":"REMOVING MATERIAL FROM STREETS.","url":"\/12-1039\/","token":"12-1039"},"20":{"id":"586","structure_id":"172","section_number":"12-1040","catch_line":"DEPOSITING TRASH ON STREET.","url":"\/12-1040\/","token":"12-1040"},"21":{"id":"587","structure_id":"172","section_number":"12-1041","catch_line":"RESERVED.","url":"\/12-1041\/","token":"12-1041"},"22":{"id":"588","structure_id":"172","section_number":"12-1041","catch_line":"RESERVED. ","url":"\/12-1041\/","token":"12-1041"}},"previous_section":{"id":"565","structure_id":"172","section_number":"12-1023","catch_line":"PRESENT USES; REPAIRS; COSTS.","url":"\/12-1023\/","token":"12-1023"},"next_section":{"id":"567","structure_id":"172","section_number":"12-1025","catch_line":"SALE OF MERCHANDISE ON SIDEWALKS.","url":"\/12-1025\/","token":"12-1025"},"references":{"0":{"id":"567","section_number":"12-1025","catch_line":"SALE OF MERCHANDISE ON SIDEWALKS.","url":"http:\/\/localhost:8888\/12-1025\/"}},"formats":{"txt":"\/12-1024.txt","json":"\/12-1024.xml"},"dublin_core":{"Title":"PEDDLERS&#8217; TIME ON STREET LIMITED; PRESENCE RESTRICTED IN CERTAIN AREA; IMPEDING PEDESTRIANS PROHIBITED; WASTE RECEPTACLE REQUIRED ON STAND, CART, ETC.","Type":"Text","Format":"text\/html","Identifier":"\u00a7 12-1024","Relation":"Code of State"},"plain_text":"                                  CODE OF STATE\n\nPEDDLERS&#8217; TIME ON STREET LIMITED; PRESENCE RESTRICTED IN CERTAIN AREA;\nIMPEDING PEDESTRIANS PROHIBITED; WASTE RECEPTACLE REQUIRED ON STAND, CART, ETC.\n(\u00a7 12-1024)\n\n(a) All vending controlled by the Private Use of Public Spaces Handbook as\nadopted by the Raleigh City Council on February 20, 2007, and as subsequently\namended shall only be conducted pursuant to the terms of that document. Anyone\nvending without a permit or outside the parameters of the handbook relating to\nlocation, type of cart, product sold, or any other specification shall be guilty\nof a misdemeanor. The misdemeanor may be punished by a fine greater than fifty\ndollars ($50.00) as set out in N.C.G.S. 14-4.\n\n(b) Except pursuant to a special event permit, it shall be unlawful to peddle in\nthe streets of the City items other than foodstuffs prepared in conformity with\napplicable Wake County Health Regulations, fresh cut flowers, fruits,\nvegetables, dairy products, and original artworks and handicrafts produced by\nthe peddler. If a special event permit is granted the peddler may also sell\nmerchandise which is related to the event for the product has been granted.\n\n(c) \n\n   (1) \tThe vendor shall obtain an annual permit from the City after establishing\n   that the vendor complies with all legal requirements for its operation; \n   \n\n   (2) \tAll equipment required for the operation and the operation itself is\n   contained within the zero-emissions motorized vehicle;\n   \n\n   (3) \tThe vendor may occupy the loading zone space at the end of the posted\n   period for the loading zone space and shall remove all equipment and leave all\n   loading zones no later than 11:00 p.m.; \n   \n\n   (4) \tThe vendor shall not use or permit customers to use the street. All\n   vending transactions with customers shall occur at the curb; \n   \n\n   (5) \tThe vendor shall promptly remove any trash associated with its operation;\n   \n   \n\n   (6) \tThe vehicle shall be no larger than shall have a gross vehicle weight\n   when unloaded no greater than three thousand nine hundred (3,900) lbs. and the\n   vehicle shall not extend beyond the boundaries of the commercial loading zone;\n   \n   \n\n   (7) \tThe vendor shall hold the City, its officers, councilors, and employees\n   harmless and indemnify them for any loss, liability, damage, and costs and\n   expenses arising from its operations; and, \n   \n\n   (8) \tNo fixed-location business of a competing nature and no outdoor dining\n   space is located within 50&#8242; of the loading zone parking space to be used\n   by the vendor. \n   \n\n(d) Provided further, it shall be unlawful for any person to erect, maintain or\nhave any stand, cart or vehicle upon any street which impedes, endangers or\ninterferes with the travel upon or use of the streets by the public. Each such\nstand, cart or vehicle shall be equipped with a waste receptacle and shall have\nrubber tires.\n\n(e) \n\n   (1) \tA home occupation use permit for a home based business.\n   \n\n   (2) \tA food vending permit from Wake County.\n   \n\n   (3) \tA valid City of Raleigh business license. \n   \n\n   (4) \tA scaled sketch plan or photographs showing proposed cart location,\n   dimension, and details of surrounding streetscape elements, covering six (6)\n   feet on all sides of the edge of the cart operation area including property\n   lines, sidewalks, curb lines, lighting, trees indicating size, tree grates,\n   planters, parking meters, benches, street signs, bus stops and fire hydrants.\n   The cart operation area shall not exceed one hundred (100) square feet. \n   \n\n   (5) \tA list of products to be sold.\n   \n\n   (6) \tProof of a valid insurance policy that provides a minimum liability\n   coverage of one million dollars ($1,000,000.00) with the City named as an\n   additional insured. \n   \n\n   (7) \tA written indemnity agreement that will hold harmless the City, its\n   officers, and employees, for any loss or liability or damage, including costs,\n   for bodily injury or property damage sustained by a person as a result of the\n   negligent installation, use, or maintenance of a permitted space. \n   \n\n   (8) \tA food permit from the N.C. Department of Agriculture if the applicant\n   intends to sell baked goods or ice cream.\n   \n\n(f) Permit holders may be required to remove private materials or accessories to\nallow street, sidewalk, or utility access for maintenance operation or during\napproved special events. All permits issued pursuant to this section shall be\nsuspended during a special event approved by the City Council. Carts are\nexcluded within four hundred (400) feet of the edge of any special events area\nunless the permit holder is given permission from the event sponsor to set up\nwithin the designated event area. No more than three (3) permits per cart shall\nbe issued to any cart owner.\n\n(g) \n\n   (1) \tCarts must not locate in any area that impedes, endangers, or interferes\n   with pedestrian or vehicular traffic.\n   \n\n   (2) \tCarts selling food products must be located at least fifty (50) feet from\n   the entrance to any business selling food unless the owner of the other\n   business gives written permission for the infringement of the no vending area.\n   \n   \n\n   (3) \tCarts must locate at least fifty (50) feet from any outdoor eating area.\n   \n\n   (4) \tCarts must be located at least two (2) feet from any curb.\n   \n\n   (5) \tCarts must not be locked or attached to trees or street furniture. \n   \n\n   (6) \tCarts must maintain an unobstructed pedestrian corridor of a minimum of\n   five (5) feet in width parallel to the street. On Fayetteville Street the\n   minimum pedestrian corridor is seven (7) feet. \n   \n\n   (7) \tNo more than two (2) carts will be allowed on any block face.\n   \n\n(h) \n\n   (1) \tCarts must be non-motorized with operable wheels. Persons with\n   disabilities may use a motorized system to propel the cart. \n   \n\n   (2) \tAll carts must be self contained with a waste receptacle. All equipment\n   other than coolers must be contained on or with in the cart. \n   \n\n   (3) \tA cart may not exceed six (6) feet in height and eight and one-half (8.5)\n   feet in length and four (4) feet in width. Carts permitted prior to 2007 may\n   continue to operate if they exceed any of these dimensions. \n   \n\n   (4) \tUmbrellas or canopies must be attached to the cart and must not exceed\n   eight (8) feet in height above grade. Maximum diameter of canopies and\n   umbrellas shall not exceed six (6) feet and shall not interfere with\n   pedestrian movement. No cart shall have more than two (2) umbrellas. \n   \n\n   (5) \tCarts must be constructed of durable material and not plastic or wood may\n   be visible. \n   \n\n   (6) \tCarts must comply with all local, state, and federal rules regarding\n   sanitation and protection of food from airborne contamination.\n   \n\n   (7) \tAll signage on carts shall comply with the Raleigh Sign Ordinance. No\n   free standing signage is permitted. \n   \n\n   (8) \tSales of goods and merchandise are limited to food and beverage, fresh\n   cut flowers, or original artwork and handicrafts produced by the vendor. All\n   items for sale must be confined to the cart. Food vendors may place a maximum\n   of three (3) coolers within their containment area so long as the coolers are\n   neatly stacked to avoid visual clutter. No generators may be used at any time.\n   \n   \n\n   (9) \tA vendor may maintain one chair for his own use. No public seating is\n   allowed. Pushcarts may not be stored, parked, or left overnight on any City\n   property. \n   (10)\tCarts may only be operated between the hours of 6:00 a.m. and 3:00 a.m.\n   Cleanup and removal of the cart must be completed by 3:30 a.m. The operator\n   must be present at all times and must have a valid permit on his person or on\n   the cart at all times. \n   \n\n   (11. \tPermits are not transferrable.\n   \n\n   (12. \tThe operator is responsible for all waste and trash removal. The\n   containment area must be kept clear of grease, trash, paper, cups or cans\n   associated with the operation. No liquid waste or grease is to be disposed of\n   in tree pits or onto the sidewalks, streets or other public places. \n   \n\n(i) Any street vending performed that is not in compliance with these\nregulations is illegal.\n\n(j) A permit is revoked if the operator receives three (3) citations, either\ncivil, criminal or combination thereof during any calendar year. \n(Code 1959 , \u00a79-12; Ord. No. 1980-393, \u00a7\u00a75, 6, 6-3-80; Ord. No. 1989-441,\n\u00a71, 10-3-89; Ord. No. 2010-773, \u00a71, 8-3-10; Ord. No. 2010-815, \u00a71, 12-7-10;\nOrd. No. 2011-835, \u00a71, 2-1-11; Ord. No. 2012-87, \u00a71, 7-3-12)\n"}