{"law_id":"594","section_number":"12-1055","catch_line":"PICKETING DEFINED.","history":"","order_by":"12-1055","metadata":false,"url":"\/12-1055\/","token":"12-1055","structure":{"1":{"id":"173","name":"ARTICLE C. - PARADES, DEMONSTRATIONS AND STREET EVENTS","identifier":"C","label":"article","url":"\/II\/12\/1\/C\/"},"2":{"id":"170","name":"CHAPTER 1. - STREETS AND PUBLIC WAYS","identifier":"1","label":"chapter","url":"\/II\/12\/1\/"},"3":{"id":"169","name":"PART 12 - LICENSING AND REGULATION","identifier":"12","label":"part","url":"\/II\/12\/"},"4":{"id":"5","name":"Division II - Planning and Development","identifier":"II","label":"division","url":"\/II\/"}},"referred_to_by":false,"edition_id":"1","section_id":"594","structure_id":"173","full_text":"The terms picket, pickets and picketing as used herein are deemed to include &#8220;demonstrators,&#8221; persons participating in vigils and any action primarily promoting or objecting to a policy upon those portions of the public ways not used primarily for vehicular parking and moving traffic and not constituting a parade. \n(Code 1959 , \u00a715-35.1(j))","text":{"0":{"id":"1654","text":"The terms picket, pickets and picketing as used herein are deemed to include &#8220;demonstrators,&#8221; persons participating in vigils and any action primarily promoting or objecting to a policy upon those portions of the public ways not used primarily for vehicular parking and moving traffic and not constituting a parade. \n(Code 1959 , \u00a715-35.1(j))","type":"section","prefixes":[""],"prefix":"","entire_prefix":"","prefix_anchor":"","level":1}},"ancestry":{"1":{"id":"173","name":"ARTICLE C. - PARADES, DEMONSTRATIONS AND STREET EVENTS","identifier":"C","label":"article","url":"\/II\/12\/1\/C\/"},"2":{"id":"170","name":"CHAPTER 1. - STREETS AND PUBLIC WAYS","identifier":"1","label":"chapter","url":"\/II\/12\/1\/"},"3":{"id":"169","name":"PART 12 - LICENSING AND REGULATION","identifier":"12","label":"part","url":"\/II\/12\/"},"4":{"id":"5","name":"Division II - Planning and Development","identifier":"II","label":"division","url":"\/II\/"}},"structure_contents":{"0":{"id":"589","structure_id":"173","section_number":"12-1051","catch_line":"PERMIT REQUIRED.","url":"\/12-1051\/","token":"12-1051"},"1":{"id":"590","structure_id":"173","section_number":"12-1052","catch_line":"PROCEDURES FOR OBTAINING PERMIT.","url":"\/12-1052\/","token":"12-1052"},"2":{"id":"591","structure_id":"173","section_number":"12-1053","catch_line":"STANDARDS FOR CONDUCT OF PARADES.","url":"\/12-1053\/","token":"12-1053"},"3":{"id":"593","structure_id":"173","section_number":"12-1054","catch_line":"REVOCATION OF PERMIT.","url":"\/12-1054\/","token":"12-1054"},"4":{"id":"594","structure_id":"173","section_number":"12-1055","catch_line":"PICKETING DEFINED.","url":"\/12-1055\/","token":"12-1055"},"5":{"id":"595","structure_id":"173","section_number":"12-1056","catch_line":"PICKETING PERMITTED; NOTICE OF INTENT AND RECEIPT REQUIRED.","url":"\/12-1056\/","token":"12-1056"},"6":{"id":"596","structure_id":"173","section_number":"12-1057","catch_line":"STANDARDS OF CONDUCT FOR PICKETING ACTIVITIES.","url":"\/12-1057\/","token":"12-1057"},"7":{"id":"597","structure_id":"173","section_number":"12-1058","catch_line":"INTERFERENCE WITH PICKETS PROHIBITED; POLICE AUTHORITY TO DISPERSE CROWDS; FAILURE TO LEAVE WHEN ORDERED DECLARED OFFENSE.","url":"\/12-1058\/","token":"12-1058"},"8":{"id":"598","structure_id":"173","section_number":"12-1059","catch_line":"FOOTRACES AND BICYCLE RACES.","url":"\/12-1059\/","token":"12-1059"},"9":{"id":"599","structure_id":"173","section_number":"12-1060","catch_line":"PROHIBITION OF FIREARMS AND DANGEROUS WEAPONS.","url":"\/12-1060\/","token":"12-1060"}},"previous_section":{"id":"593","structure_id":"173","section_number":"12-1054","catch_line":"REVOCATION OF PERMIT.","url":"\/12-1054\/","token":"12-1054"},"next_section":{"id":"595","structure_id":"173","section_number":"12-1056","catch_line":"PICKETING PERMITTED; NOTICE OF INTENT AND RECEIPT REQUIRED.","url":"\/12-1056\/","token":"12-1056"},"references":{"0":{"id":"596","section_number":"12-1057","catch_line":"STANDARDS OF CONDUCT FOR PICKETING ACTIVITIES.","url":"http:\/\/localhost:8888\/12-1057\/"}},"formats":{"txt":"\/12-1055.txt","json":"\/12-1055.xml"},"dublin_core":{"Title":"PICKETING DEFINED.","Type":"Text","Format":"text\/html","Identifier":"\u00a7 12-1055","Relation":"Code of State"},"plain_text":"                                  CODE OF STATE\n\nPICKETING DEFINED. (\u00a7 12-1055)\n\nThe terms picket, pickets and picketing as used herein are deemed to include\n&#8220;demonstrators,&#8221; persons participating in vigils and any action\nprimarily promoting or objecting to a policy upon those portions of the public\nways not used primarily for vehicular parking and moving traffic and not\nconstituting a parade. \n(Code 1959 , \u00a715-35.1(j))\n"}