{"law_id":"586","section_number":"12-1040","catch_line":"DEPOSITING TRASH ON STREET.","history":"","order_by":"12-1040","metadata":false,"url":"\/12-1040\/","token":"12-1040","structure":{"1":{"id":"172","name":"ARTICLE B. - STREET USE AND CLEANLINESS","identifier":"B","label":"article","url":"\/II\/12\/1\/B\/"},"2":{"id":"170","name":"CHAPTER 1. - STREETS AND PUBLIC WAYS","identifier":"1","label":"chapter","url":"\/II\/12\/1\/"},"3":{"id":"169","name":"PART 12 - LICENSING AND REGULATION","identifier":"12","label":"part","url":"\/II\/12\/"},"4":{"id":"5","name":"Division II - Planning and Development","identifier":"II","label":"division","url":"\/II\/"}},"referred_to_by":false,"edition_id":"1","section_id":"586","structure_id":"172","full_text":"No person shall throw, drop or deposit, or cause to be thrown, dropped or deposited on any street, avenue, alley, highway, footway, sidewalk, park, or other public place or space in the City, any waste (including but not limited to, refuse, garbage, ashes, rubbish, building rubbish, dead animals, putrescible matter, paper, drinking cups, broken glass, tacks, brush, grass, weeds, and anything injurious to health); provided, however, building rubbish and material used in building, construction, repair, remodeling and excavating operations may be deposited in the aforesaid places when permitted by and in accordance with other applicable ordinances. If any person, while transporting or hauling, or causing to be transported or hauled, such rubbish or material, or earth, excavation, coal or other material, shall throw, drop or deposit, or cause to be thrown, dropped or deposited, such rubbish or material from the body of the vehicle, in violation of the provisions of this subsection, such person must daily clean up and remove such rubbish or material in a manner satisfactory to the Director of Public Works, failing which the Department of Public Works may clean up and remove such rubbish and material, and the City may collect the cost of such cleaning up and removal from such person. \n(Ord. No. 1998-454, \u00a712, 11-4-98)","text":{"0":{"id":"1627","text":"No person shall throw, drop or deposit, or cause to be thrown, dropped or deposited on any street, avenue, alley, highway, footway, sidewalk, park, or other public place or space in the City, any waste (including but not limited to, refuse, garbage, ashes, rubbish, building rubbish, dead animals, putrescible matter, paper, drinking cups, broken glass, tacks, brush, grass, weeds, and anything injurious to health); provided, however, building rubbish and material used in building, construction, repair, remodeling and excavating operations may be deposited in the aforesaid places when permitted by and in accordance with other applicable ordinances. If any person, while transporting or hauling, or causing to be transported or hauled, such rubbish or material, or earth, excavation, coal or other material, shall throw, drop or deposit, or cause to be thrown, dropped or deposited, such rubbish or material from the body of the vehicle, in violation of the provisions of this subsection, such person must daily clean up and remove such rubbish or material in a manner satisfactory to the Director of Public Works, failing which the Department of Public Works may clean up and remove such rubbish and material, and the City may collect the cost of such cleaning up and removal from such person. \n(Ord. No. 1998-454, \u00a712, 11-4-98)","type":"section","prefixes":[""],"prefix":"","entire_prefix":"","prefix_anchor":"","level":1}},"ancestry":{"1":{"id":"172","name":"ARTICLE B. - STREET USE AND CLEANLINESS","identifier":"B","label":"article","url":"\/II\/12\/1\/B\/"},"2":{"id":"170","name":"CHAPTER 1. - STREETS AND PUBLIC WAYS","identifier":"1","label":"chapter","url":"\/II\/12\/1\/"},"3":{"id":"169","name":"PART 12 - LICENSING AND REGULATION","identifier":"12","label":"part","url":"\/II\/12\/"},"4":{"id":"5","name":"Division II - Planning and Development","identifier":"II","label":"division","url":"\/II\/"}},"structure_contents":{"0":{"id":"563","structure_id":"172","section_number":"12-1021","catch_line":"AUCTION SALES IN STREETS; ATTRACTING CROWDS.","url":"\/12-1021\/","token":"12-1021"},"1":{"id":"564","structure_id":"172","section_number":"12-1022","catch_line":"USE OF SIDEWALKS FOR PRIVATE PURPOSES; PERMIT REQUIRED; INSURANCE.","url":"\/12-1022\/","token":"12-1022"},"2":{"id":"565","structure_id":"172","section_number":"12-1023","catch_line":"PRESENT USES; REPAIRS; COSTS.","url":"\/12-1023\/","token":"12-1023"},"3":{"id":"566","structure_id":"172","section_number":"12-1024","catch_line":"PEDDLERS' TIME ON STREET LIMITED; PRESENCE RESTRICTED IN CERTAIN AREA; IMPEDING PEDESTRIANS PROHIBITED; WASTE RECEPTACLE REQUIRED ON STAND, CART, ETC.","url":"\/12-1024\/","token":"12-1024"},"4":{"id":"567","structure_id":"172","section_number":"12-1025","catch_line":"SALE OF MERCHANDISE ON SIDEWALKS.","url":"\/12-1025\/","token":"12-1025"},"5":{"id":"568","structure_id":"172","section_number":"12-1026","catch_line":"SOLICITING BUSINESS OR EMPLOYMENT.","url":"\/12-1026\/","token":"12-1026"},"6":{"id":"570","structure_id":"172","section_number":"12-1027","catch_line":"SUBSCRIPTIONS OF PUBLICATIONS.","url":"\/12-1027\/","token":"12-1027"},"7":{"id":"571","structure_id":"172","section_number":"12-1028","catch_line":"TREES, PLANTING, INJURING, DESTROYING.","url":"\/12-1028\/","token":"12-1028"},"8":{"id":"572","structure_id":"172","section_number":"12-1029","catch_line":"UNLOADING COAL ON SIDEWALKS.","url":"\/12-1029\/","token":"12-1029"},"9":{"id":"573","structure_id":"172","section_number":"12-1030","catch_line":"VEHICLES AND ANIMALS ON SIDEWALKS.","url":"\/12-1030\/","token":"12-1030"},"10":{"id":"574","structure_id":"172","section_number":"12-1031","catch_line":"PLAYING GAMES OR THROWING MISSILES ON STREETS, SIDEWALKS, PRIVATE LOTS OR OTHER PUBLIC PROPERTY.","url":"\/12-1031\/","token":"12-1031"},"11":{"id":"575","structure_id":"172","section_number":"12-1032","catch_line":"DISCHARGING NOXIOUS FLUIDS.","url":"\/12-1032\/","token":"12-1032"},"12":{"id":"576","structure_id":"172","section_number":"12-1033","catch_line":"DRAINS UNDER SIDEWALKS.","url":"\/12-1033\/","token":"12-1033"},"13":{"id":"577","structure_id":"172","section_number":"12-1034","catch_line":"FILTHY MATTER IN WASTE RECEPTACLES.","url":"\/12-1034\/","token":"12-1034"},"14":{"id":"578","structure_id":"172","section_number":"12-1035","catch_line":"HAULING REFUSE; TRACKING MUD.","url":"\/12-1035\/","token":"12-1035"},"15":{"id":"579","structure_id":"172","section_number":"12-1036","catch_line":"PAINTING STREETS, CURBS, ETC.; AUTHORIZED CITY EMPLOYEES.","url":"\/12-1036\/","token":"12-1036"},"16":{"id":"582","structure_id":"172","section_number":"12-1037","catch_line":"CLEANING SIDEWALKS AND GUTTERS.","url":"\/12-1037\/","token":"12-1037"},"17":{"id":"583","structure_id":"172","section_number":"12-1037","catch_line":"REPAIR OF SIDEWALKS AND DRIVEWAYS BY PROPERTY OWNERS.","url":"\/12-1037\/","token":"12-1037"},"18":{"id":"584","structure_id":"172","section_number":"12-1038","catch_line":"JUNK, ETC., ON RIGHTS-OF-WAY PROHIBITED.","url":"\/12-1038\/","token":"12-1038"},"19":{"id":"585","structure_id":"172","section_number":"12-1039","catch_line":"REMOVING MATERIAL FROM STREETS.","url":"\/12-1039\/","token":"12-1039"},"20":{"id":"586","structure_id":"172","section_number":"12-1040","catch_line":"DEPOSITING TRASH ON STREET.","url":"\/12-1040\/","token":"12-1040"},"21":{"id":"587","structure_id":"172","section_number":"12-1041","catch_line":"RESERVED.","url":"\/12-1041\/","token":"12-1041"},"22":{"id":"588","structure_id":"172","section_number":"12-1041","catch_line":"RESERVED. ","url":"\/12-1041\/","token":"12-1041"}},"previous_section":{"id":"585","structure_id":"172","section_number":"12-1039","catch_line":"REMOVING MATERIAL FROM STREETS.","url":"\/12-1039\/","token":"12-1039"},"next_section":{"id":"587","structure_id":"172","section_number":"12-1041","catch_line":"RESERVED.","url":"\/12-1041\/","token":"12-1041"},"references":false,"formats":{"txt":"\/12-1040.txt","json":"\/12-1040.xml"},"dublin_core":{"Title":"DEPOSITING TRASH ON STREET.","Type":"Text","Format":"text\/html","Identifier":"\u00a7 12-1040","Relation":"Code of State"},"plain_text":"                                  CODE OF STATE\n\nDEPOSITING TRASH ON STREET. (\u00a7 12-1040)\n\nNo person shall throw, drop or deposit, or cause to be thrown, dropped or\ndeposited on any street, avenue, alley, highway, footway, sidewalk, park, or\nother public place or space in the City, any waste (including but not limited\nto, refuse, garbage, ashes, rubbish, building rubbish, dead animals, putrescible\nmatter, paper, drinking cups, broken glass, tacks, brush, grass, weeds, and\nanything injurious to health); provided, however, building rubbish and material\nused in building, construction, repair, remodeling and excavating operations may\nbe deposited in the aforesaid places when permitted by and in accordance with\nother applicable ordinances. If any person, while transporting or hauling, or\ncausing to be transported or hauled, such rubbish or material, or earth,\nexcavation, coal or other material, shall throw, drop or deposit, or cause to be\nthrown, dropped or deposited, such rubbish or material from the body of the\nvehicle, in violation of the provisions of this subsection, such person must\ndaily clean up and remove such rubbish or material in a manner satisfactory to\nthe Director of Public Works, failing which the Department of Public Works may\nclean up and remove such rubbish and material, and the City may collect the cost\nof such cleaning up and removal from such person. \n(Ord. No. 1998-454, \u00a712, 11-4-98)\n"}