{"law_id":"595","section_number":"12-1056","catch_line":"PICKETING PERMITTED; NOTICE OF INTENT AND RECEIPT REQUIRED.","history":"","order_by":"12-1056","metadata":false,"url":"\/12-1056\/","token":"12-1056","structure":{"1":{"id":"173","name":"ARTICLE C. - PARADES, DEMONSTRATIONS AND STREET EVENTS","identifier":"C","label":"article","url":"\/II\/12\/1\/C\/"},"2":{"id":"170","name":"CHAPTER 1. - STREETS AND PUBLIC WAYS","identifier":"1","label":"chapter","url":"\/II\/12\/1\/"},"3":{"id":"169","name":"PART 12 - LICENSING AND REGULATION","identifier":"12","label":"part","url":"\/II\/12\/"},"4":{"id":"5","name":"Division II - Planning and Development","identifier":"II","label":"division","url":"\/II\/"}},"referred_to_by":{"0":{"id":"596","section_number":"12-1057","catch_line":"STANDARDS OF CONDUCT FOR PICKETING ACTIVITIES.","url":"http:\/\/localhost:8888\/12-1057\/"}},"edition_id":"1","section_id":"595","structure_id":"173","full_text":"(a) No picketing shall be conducted on the public ways of this City and no person shall participate in the same unless notice of intent to picket has been given to the Chief of Police or his designated representative, and unless a receipt of such notice has been issued.\r\r(c) It is unlawful for any person to engage in picketing before or about the residence or dwelling of any individual.\r\r(d) Upon the giving of notice of intent to picket, properly completed as hereinabove set out, the designated officer shall immediately issue a receipt of notice. The receipt shall contain all information stated in the notice. Notice shall be given by the holder of a receipt of notice to the Chief of Police or his designated representative immediately upon the cessation of such picketing for a period of twenty-four (24) hours or more. Before resumption of picketing interrupted for any such period, a new notice shall be given and a new receipt issued. \n(Code 1959 , \u00a715-35.1(a)\u2014(c); Ord. No. 1990-504, \u00a71, 3-7-90; Ord. No. 2006-977, \u00a71, 3-7-06)\r\r","text":{"0":{"id":"1655","text":"No picketing shall be conducted on the public ways of this City and no person shall participate in the same unless notice of intent to picket has been given to the Chief of Police or his designated representative, and unless a receipt of such notice has been issued.","type":"section","prefixes":["(a)"],"prefix":"(a)","entire_prefix":"(a)","prefix_anchor":"(a)","level":1},"1":{"id":"1656","text":"","type":"section","prefixes":["(b)"],"prefix":"(b)","entire_prefix":"(b)","prefix_anchor":"(b)","level":1},"2":{"id":"1657","text":"\tThe name, if any, of the organization or group sponsoring or proposing to picket unless the group indicates that it intends to picket anonymously, in which case no name is required; \n","type":"section","prefixes":["(b)","(1)"],"prefix":"(1)","entire_prefix":"(b)(1)","prefix_anchor":"(b)(1)","level":2},"3":{"id":"1658","text":"\tThe location or locations in the City where the pickets propose to assemble and demonstrate; \n","type":"section","prefixes":["(b)","(2)"],"prefix":"(2)","entire_prefix":"(b)(2)","prefix_anchor":"(b)(2)","level":2},"4":{"id":"1659","text":"\tThe date or dates on which the picketing is to occur;\n","type":"section","prefixes":["(b)","(3)"],"prefix":"(3)","entire_prefix":"(b)(3)","prefix_anchor":"(b)(3)","level":2},"5":{"id":"1660","text":"\tThe name of the person and organization giving notice of intent to picket unless the person or organization indicates that it intends to picket anonymously, in which case no name is required; \n","type":"section","prefixes":["(b)","(4)"],"prefix":"(4)","entire_prefix":"(b)(4)","prefix_anchor":"(b)(4)","level":2},"6":{"id":"1661","text":"\tWhether or not persons below the age of eighteen (18) years are expected to participate; and\n","type":"section","prefixes":["(b)","(5)"],"prefix":"(5)","entire_prefix":"(b)(5)","prefix_anchor":"(b)(5)","level":2},"7":{"id":"1662","text":"\tThe person or persons to be in charge of the activity and who will accompany it and carry any receipt of notice at all times.\n","type":"section","prefixes":["(b)","(6)"],"prefix":"(6)","entire_prefix":"(b)(6)","prefix_anchor":"(b)(6)","level":2},"8":{"id":"1663","text":"It is unlawful for any person to engage in picketing before or about the residence or dwelling of any individual.","type":"section","prefixes":["(c)"],"prefix":"(c)","entire_prefix":"(c)","prefix_anchor":"(c)","level":1},"9":{"id":"1664","text":"Upon the giving of notice of intent to picket, properly completed as hereinabove set out, the designated officer shall immediately issue a receipt of notice. The receipt shall contain all information stated in the notice. Notice shall be given by the holder of a receipt of notice to the Chief of Police or his designated representative immediately upon the cessation of such picketing for a period of twenty-four (24) hours or more. Before resumption of picketing interrupted for any such period, a new notice shall be given and a new receipt issued. \n(Code 1959 , \u00a715-35.1(a)\u2014(c); Ord. No. 1990-504, \u00a71, 3-7-90; Ord. No. 2006-977, \u00a71, 3-7-06)","type":"section","prefixes":["(d)"],"prefix":"(d)","entire_prefix":"(d)","prefix_anchor":"(d)","level":1}},"ancestry":{"1":{"id":"173","name":"ARTICLE C. - PARADES, DEMONSTRATIONS AND STREET EVENTS","identifier":"C","label":"article","url":"\/II\/12\/1\/C\/"},"2":{"id":"170","name":"CHAPTER 1. - STREETS AND PUBLIC WAYS","identifier":"1","label":"chapter","url":"\/II\/12\/1\/"},"3":{"id":"169","name":"PART 12 - LICENSING AND REGULATION","identifier":"12","label":"part","url":"\/II\/12\/"},"4":{"id":"5","name":"Division II - Planning and Development","identifier":"II","label":"division","url":"\/II\/"}},"structure_contents":{"0":{"id":"589","structure_id":"173","section_number":"12-1051","catch_line":"PERMIT REQUIRED.","url":"\/12-1051\/","token":"12-1051"},"1":{"id":"590","structure_id":"173","section_number":"12-1052","catch_line":"PROCEDURES FOR OBTAINING PERMIT.","url":"\/12-1052\/","token":"12-1052"},"2":{"id":"591","structure_id":"173","section_number":"12-1053","catch_line":"STANDARDS FOR CONDUCT OF PARADES.","url":"\/12-1053\/","token":"12-1053"},"3":{"id":"593","structure_id":"173","section_number":"12-1054","catch_line":"REVOCATION OF PERMIT.","url":"\/12-1054\/","token":"12-1054"},"4":{"id":"594","structure_id":"173","section_number":"12-1055","catch_line":"PICKETING DEFINED.","url":"\/12-1055\/","token":"12-1055"},"5":{"id":"595","structure_id":"173","section_number":"12-1056","catch_line":"PICKETING PERMITTED; NOTICE OF INTENT AND RECEIPT REQUIRED.","url":"\/12-1056\/","token":"12-1056"},"6":{"id":"596","structure_id":"173","section_number":"12-1057","catch_line":"STANDARDS OF CONDUCT FOR PICKETING ACTIVITIES.","url":"\/12-1057\/","token":"12-1057"},"7":{"id":"597","structure_id":"173","section_number":"12-1058","catch_line":"INTERFERENCE WITH PICKETS PROHIBITED; POLICE AUTHORITY TO DISPERSE CROWDS; FAILURE TO LEAVE WHEN ORDERED DECLARED OFFENSE.","url":"\/12-1058\/","token":"12-1058"},"8":{"id":"598","structure_id":"173","section_number":"12-1059","catch_line":"FOOTRACES AND BICYCLE RACES.","url":"\/12-1059\/","token":"12-1059"},"9":{"id":"599","structure_id":"173","section_number":"12-1060","catch_line":"PROHIBITION OF FIREARMS AND DANGEROUS WEAPONS.","url":"\/12-1060\/","token":"12-1060"}},"previous_section":{"id":"594","structure_id":"173","section_number":"12-1055","catch_line":"PICKETING DEFINED.","url":"\/12-1055\/","token":"12-1055"},"next_section":{"id":"596","structure_id":"173","section_number":"12-1057","catch_line":"STANDARDS OF CONDUCT FOR PICKETING ACTIVITIES.","url":"\/12-1057\/","token":"12-1057"},"references":false,"formats":{"txt":"\/12-1056.txt","json":"\/12-1056.xml"},"dublin_core":{"Title":"PICKETING PERMITTED; NOTICE OF INTENT AND RECEIPT REQUIRED.","Type":"Text","Format":"text\/html","Identifier":"\u00a7 12-1056","Relation":"Code of State"},"plain_text":"                                  CODE OF STATE\n\nPICKETING PERMITTED; NOTICE OF INTENT AND RECEIPT REQUIRED. (\u00a7 12-1056)\n\n(a) No picketing shall be conducted on the public ways of this City and no\nperson shall participate in the same unless notice of intent to picket has been\ngiven to the Chief of Police or his designated representative, and unless a\nreceipt of such notice has been issued.\n\n(b) \n\n   (1) \tThe name, if any, of the organization or group sponsoring or proposing to\n   picket unless the group indicates that it intends to picket anonymously, in\n   which case no name is required; \n   \n\n   (2) \tThe location or locations in the City where the pickets propose to\n   assemble and demonstrate; \n   \n\n   (3) \tThe date or dates on which the picketing is to occur;\n   \n\n   (4) \tThe name of the person and organization giving notice of intent to picket\n   unless the person or organization indicates that it intends to picket\n   anonymously, in which case no name is required; \n   \n\n   (5) \tWhether or not persons below the age of eighteen (18) years are expected\n   to participate; and\n   \n\n   (6) \tThe person or persons to be in charge of the activity and who will\n   accompany it and carry any receipt of notice at all times.\n   \n\n(c) It is unlawful for any person to engage in picketing before or about the\nresidence or dwelling of any individual.\n\n(d) Upon the giving of notice of intent to picket, properly completed as\nhereinabove set out, the designated officer shall immediately issue a receipt of\nnotice. The receipt shall contain all information stated in the notice. Notice\nshall be given by the holder of a receipt of notice to the Chief of Police or\nhis designated representative immediately upon the cessation of such picketing\nfor a period of twenty-four (24) hours or more. Before resumption of picketing\ninterrupted for any such period, a new notice shall be given and a new receipt\nissued. \n(Code 1959 , \u00a715-35.1(a)\u2014(c); Ord. No. 1990-504, \u00a71, 3-7-90; Ord. No.\n2006-977, \u00a71, 3-7-06)\n"}