{"law_id":"568","section_number":"12-1026","catch_line":"SOLICITING BUSINESS OR EMPLOYMENT.","history":"","order_by":"12-1026","metadata":false,"url":"\/12-1026\/","token":"12-1026","structure":{"1":{"id":"172","name":"ARTICLE B. - STREET USE AND CLEANLINESS","identifier":"B","label":"article","url":"\/II\/12\/1\/B\/"},"2":{"id":"170","name":"CHAPTER 1. - STREETS AND PUBLIC WAYS","identifier":"1","label":"chapter","url":"\/II\/12\/1\/"},"3":{"id":"169","name":"PART 12 - LICENSING AND REGULATION","identifier":"12","label":"part","url":"\/II\/12\/"},"4":{"id":"5","name":"Division II - Planning and Development","identifier":"II","label":"division","url":"\/II\/"}},"referred_to_by":false,"edition_id":"1","section_id":"568","structure_id":"172","full_text":"(a) Business. \nIt shall be unlawful for any person to solicit or attempt to solicit business of any kind on the streets or sidewalks of the City.\r\r(b) Employment near Nash Square. \nLoitering for the purpose of seeking employment or the seeking thereof or the solicitation by any prospective employer of any person for hire within or upon any of the streets or sidewalks contiguous to Nash Square is declared to be a public nuisance and such practices are prohibited.\r\r(c) Employment, generally. \nLoitering for the purpose of seeking employment or the seeking thereof or the solicitation by any prospective employer of any person for hire within or upon any of the streets or sidewalks of the City is declared to be a public nuisance and such practices are prohibited.\r\r(d) Approaching motor vehicles. \nNo person shall stand, sit, or loiter in the right-of-way of any streets in the City with the intent to approach any motor vehicle for the purpose of soliciting employment, business or contribution from the driver or occupant of the motor vehicle; provided, that the provisions of this section shall not apply to licensees, employees or contractors of the Department of Transportation or City employees engaged in construction or maintenance or in making traffic or engineering surveys. \n(Code 1959 , \u00a719-16; Ord. No. 1994-447, \u00a71, 7-19-94; Ord. No. 1995-678, \u00a71, 7-5-95) \nState law reference: Authority to regulate solicitation, G.S. 160A-178.\r\r","text":{"0":{"id":"1589","text":"Business. \nIt shall be unlawful for any person to solicit or attempt to solicit business of any kind on the streets or sidewalks of the City.","type":"section","prefixes":["(a)"],"prefix":"(a)","entire_prefix":"(a)","prefix_anchor":"(a)","level":1},"1":{"id":"1590","text":"Employment near Nash Square. \nLoitering for the purpose of seeking employment or the seeking thereof or the solicitation by any prospective employer of any person for hire within or upon any of the streets or sidewalks contiguous to Nash Square is declared to be a public nuisance and such practices are prohibited.","type":"section","prefixes":["(b)"],"prefix":"(b)","entire_prefix":"(b)","prefix_anchor":"(b)","level":1},"2":{"id":"1591","text":"Employment, generally. \nLoitering for the purpose of seeking employment or the seeking thereof or the solicitation by any prospective employer of any person for hire within or upon any of the streets or sidewalks of the City is declared to be a public nuisance and such practices are prohibited.","type":"section","prefixes":["(c)"],"prefix":"(c)","entire_prefix":"(c)","prefix_anchor":"(c)","level":1},"3":{"id":"1592","text":"Approaching motor vehicles. \nNo person shall stand, sit, or loiter in the right-of-way of any streets in the City with the intent to approach any motor vehicle for the purpose of soliciting employment, business or contribution from the driver or occupant of the motor vehicle; provided, that the provisions of this section shall not apply to licensees, employees or contractors of the Department of Transportation or City employees engaged in construction or maintenance or in making traffic or engineering surveys. \n(Code 1959 , \u00a719-16; Ord. No. 1994-447, \u00a71, 7-19-94; Ord. No. 1995-678, \u00a71, 7-5-95) \nState law reference: Authority to regulate solicitation, G.S. 160A-178.","type":"section","prefixes":["(d)"],"prefix":"(d)","entire_prefix":"(d)","prefix_anchor":"(d)","level":1}},"ancestry":{"1":{"id":"172","name":"ARTICLE B. - STREET USE AND CLEANLINESS","identifier":"B","label":"article","url":"\/II\/12\/1\/B\/"},"2":{"id":"170","name":"CHAPTER 1. - STREETS AND PUBLIC WAYS","identifier":"1","label":"chapter","url":"\/II\/12\/1\/"},"3":{"id":"169","name":"PART 12 - LICENSING AND REGULATION","identifier":"12","label":"part","url":"\/II\/12\/"},"4":{"id":"5","name":"Division II - Planning and Development","identifier":"II","label":"division","url":"\/II\/"}},"structure_contents":{"0":{"id":"563","structure_id":"172","section_number":"12-1021","catch_line":"AUCTION SALES IN STREETS; ATTRACTING CROWDS.","url":"\/12-1021\/","token":"12-1021"},"1":{"id":"564","structure_id":"172","section_number":"12-1022","catch_line":"USE OF SIDEWALKS FOR PRIVATE PURPOSES; PERMIT REQUIRED; INSURANCE.","url":"\/12-1022\/","token":"12-1022"},"2":{"id":"565","structure_id":"172","section_number":"12-1023","catch_line":"PRESENT USES; REPAIRS; COSTS.","url":"\/12-1023\/","token":"12-1023"},"3":{"id":"566","structure_id":"172","section_number":"12-1024","catch_line":"PEDDLERS' TIME ON STREET LIMITED; PRESENCE RESTRICTED IN CERTAIN AREA; IMPEDING PEDESTRIANS PROHIBITED; WASTE RECEPTACLE REQUIRED ON STAND, CART, ETC.","url":"\/12-1024\/","token":"12-1024"},"4":{"id":"567","structure_id":"172","section_number":"12-1025","catch_line":"SALE OF MERCHANDISE ON SIDEWALKS.","url":"\/12-1025\/","token":"12-1025"},"5":{"id":"568","structure_id":"172","section_number":"12-1026","catch_line":"SOLICITING BUSINESS OR EMPLOYMENT.","url":"\/12-1026\/","token":"12-1026"},"6":{"id":"570","structure_id":"172","section_number":"12-1027","catch_line":"SUBSCRIPTIONS OF PUBLICATIONS.","url":"\/12-1027\/","token":"12-1027"},"7":{"id":"571","structure_id":"172","section_number":"12-1028","catch_line":"TREES, PLANTING, INJURING, DESTROYING.","url":"\/12-1028\/","token":"12-1028"},"8":{"id":"572","structure_id":"172","section_number":"12-1029","catch_line":"UNLOADING COAL ON SIDEWALKS.","url":"\/12-1029\/","token":"12-1029"},"9":{"id":"573","structure_id":"172","section_number":"12-1030","catch_line":"VEHICLES AND ANIMALS ON SIDEWALKS.","url":"\/12-1030\/","token":"12-1030"},"10":{"id":"574","structure_id":"172","section_number":"12-1031","catch_line":"PLAYING GAMES OR THROWING MISSILES ON STREETS, SIDEWALKS, PRIVATE LOTS OR OTHER PUBLIC PROPERTY.","url":"\/12-1031\/","token":"12-1031"},"11":{"id":"575","structure_id":"172","section_number":"12-1032","catch_line":"DISCHARGING NOXIOUS FLUIDS.","url":"\/12-1032\/","token":"12-1032"},"12":{"id":"576","structure_id":"172","section_number":"12-1033","catch_line":"DRAINS UNDER SIDEWALKS.","url":"\/12-1033\/","token":"12-1033"},"13":{"id":"577","structure_id":"172","section_number":"12-1034","catch_line":"FILTHY MATTER IN WASTE RECEPTACLES.","url":"\/12-1034\/","token":"12-1034"},"14":{"id":"578","structure_id":"172","section_number":"12-1035","catch_line":"HAULING REFUSE; TRACKING MUD.","url":"\/12-1035\/","token":"12-1035"},"15":{"id":"579","structure_id":"172","section_number":"12-1036","catch_line":"PAINTING STREETS, CURBS, ETC.; AUTHORIZED CITY EMPLOYEES.","url":"\/12-1036\/","token":"12-1036"},"16":{"id":"582","structure_id":"172","section_number":"12-1037","catch_line":"CLEANING SIDEWALKS AND GUTTERS.","url":"\/12-1037\/","token":"12-1037"},"17":{"id":"583","structure_id":"172","section_number":"12-1037","catch_line":"REPAIR OF SIDEWALKS AND DRIVEWAYS BY PROPERTY OWNERS.","url":"\/12-1037\/","token":"12-1037"},"18":{"id":"584","structure_id":"172","section_number":"12-1038","catch_line":"JUNK, ETC., ON RIGHTS-OF-WAY PROHIBITED.","url":"\/12-1038\/","token":"12-1038"},"19":{"id":"585","structure_id":"172","section_number":"12-1039","catch_line":"REMOVING MATERIAL FROM STREETS.","url":"\/12-1039\/","token":"12-1039"},"20":{"id":"586","structure_id":"172","section_number":"12-1040","catch_line":"DEPOSITING TRASH ON STREET.","url":"\/12-1040\/","token":"12-1040"},"21":{"id":"587","structure_id":"172","section_number":"12-1041","catch_line":"RESERVED.","url":"\/12-1041\/","token":"12-1041"},"22":{"id":"588","structure_id":"172","section_number":"12-1041","catch_line":"RESERVED. ","url":"\/12-1041\/","token":"12-1041"}},"previous_section":{"id":"567","structure_id":"172","section_number":"12-1025","catch_line":"SALE OF MERCHANDISE ON SIDEWALKS.","url":"\/12-1025\/","token":"12-1025"},"next_section":{"id":"570","structure_id":"172","section_number":"12-1027","catch_line":"SUBSCRIPTIONS OF PUBLICATIONS.","url":"\/12-1027\/","token":"12-1027"},"references":false,"formats":{"txt":"\/12-1026.txt","json":"\/12-1026.xml"},"dublin_core":{"Title":"SOLICITING BUSINESS OR EMPLOYMENT.","Type":"Text","Format":"text\/html","Identifier":"\u00a7 12-1026","Relation":"Code of State"},"plain_text":"                                  CODE OF STATE\n\nSOLICITING BUSINESS OR EMPLOYMENT. (\u00a7 12-1026)\n\n(a) Business. \nIt shall be unlawful for any person to solicit or attempt to solicit business of\nany kind on the streets or sidewalks of the City.\n\n(b) Employment near Nash Square. \nLoitering for the purpose of seeking employment or the seeking thereof or the\nsolicitation by any prospective employer of any person for hire within or upon\nany of the streets or sidewalks contiguous to Nash Square is declared to be a\npublic nuisance and such practices are prohibited.\n\n(c) Employment, generally. \nLoitering for the purpose of seeking employment or the seeking thereof or the\nsolicitation by any prospective employer of any person for hire within or upon\nany of the streets or sidewalks of the City is declared to be a public nuisance\nand such practices are prohibited.\n\n(d) Approaching motor vehicles. \nNo person shall stand, sit, or loiter in the right-of-way of any streets in the\nCity with the intent to approach any motor vehicle for the purpose of soliciting\nemployment, business or contribution from the driver or occupant of the motor\nvehicle; provided, that the provisions of this section shall not apply to\nlicensees, employees or contractors of the Department of Transportation or City\nemployees engaged in construction or maintenance or in making traffic or\nengineering surveys. \n(Code 1959 , \u00a719-16; Ord. No. 1994-447, \u00a71, 7-19-94; Ord. No. 1995-678, \u00a71,\n7-5-95) \nState law reference: Authority to regulate solicitation, G.S. 160A-178.\n"}