{"law_id":"596","section_number":"12-1057","catch_line":"STANDARDS OF CONDUCT FOR PICKETING ACTIVITIES.","history":"","order_by":"12-1057","metadata":false,"url":"\/12-1057\/","token":"12-1057","structure":{"1":{"id":"173","name":"ARTICLE C. - PARADES, DEMONSTRATIONS AND STREET EVENTS","identifier":"C","label":"article","url":"\/II\/12\/1\/C\/"},"2":{"id":"170","name":"CHAPTER 1. - STREETS AND PUBLIC WAYS","identifier":"1","label":"chapter","url":"\/II\/12\/1\/"},"3":{"id":"169","name":"PART 12 - LICENSING AND REGULATION","identifier":"12","label":"part","url":"\/II\/12\/"},"4":{"id":"5","name":"Division II - Planning and Development","identifier":"II","label":"division","url":"\/II\/"}},"referred_to_by":false,"edition_id":"1","section_id":"596","structure_id":"173","full_text":"(a) Picketing shall be conducted only on portions of the public ways not used primarily for vehicular parking or moving traffic.\r\r(b) Pickets may carry written or printed placards or signs not exceeding thirty-six (36) inches provided the words used would not tend to incite violence.\r\r(c) If pickets promoting different objectives, causes, actions or policies desire to use a sidewalk that is already used for picketing, the Chief of Police or the Chief&#8217;s designated agents shall allot a number of pickets promoting each objective, to use such sidewalk, on an equitable basis, proportionate to the number of objectives being promoted.\r\r(d) Pickets shall be restricted to the use of the outermost half of the sidewalk or other public way nearest the street and shall not at any time nor in any way obstruct, interfere with, or block: persons entering or exiting from vehicles; persons crossing streets or otherwise using the public way; the entrance or exit to any building or access to property abutting the street or sidewalk; or pedestrian or vehicular traffic.\r\r(e) No person observing, engaging in, or assisting in picketing shall bring to or allow to remain in the immediate area of picketing any vicious animal.\r\r(f) It shall be unlawful for a group of ten or more persons to picket without filing a notice as required herein.\r\r(g) The provisions of \u00a7\u00a712-1055 through 12-1057 are mandatory, and not merely directory, and failure to comply with the provisions of these sections is hereby declared to be unlawful and punishable as provided by law. \n(Code 1959 , \u00a715-35.1(d)\u2014(i), (k)\u2014(m); Ord. No. 2006-977, \u00a72, 3-7-06)\r\r","text":{"0":{"id":"1665","text":"Picketing shall be conducted only on portions of the public ways not used primarily for vehicular parking or moving traffic.","type":"section","prefixes":["(a)"],"prefix":"(a)","entire_prefix":"(a)","prefix_anchor":"(a)","level":1},"1":{"id":"1666","text":"Pickets may carry written or printed placards or signs not exceeding thirty-six (36) inches provided the words used would not tend to incite violence.","type":"section","prefixes":["(b)"],"prefix":"(b)","entire_prefix":"(b)","prefix_anchor":"(b)","level":1},"2":{"id":"1667","text":"If pickets promoting different objectives, causes, actions or policies desire to use a sidewalk that is already used for picketing, the Chief of Police or the Chief&#8217;s designated agents shall allot a number of pickets promoting each objective, to use such sidewalk, on an equitable basis, proportionate to the number of objectives being promoted.","type":"section","prefixes":["(c)"],"prefix":"(c)","entire_prefix":"(c)","prefix_anchor":"(c)","level":1},"3":{"id":"1668","text":"Pickets shall be restricted to the use of the outermost half of the sidewalk or other public way nearest the street and shall not at any time nor in any way obstruct, interfere with, or block: persons entering or exiting from vehicles; persons crossing streets or otherwise using the public way; the entrance or exit to any building or access to property abutting the street or sidewalk; or pedestrian or vehicular traffic.","type":"section","prefixes":["(d)"],"prefix":"(d)","entire_prefix":"(d)","prefix_anchor":"(d)","level":1},"4":{"id":"1669","text":"No person observing, engaging in, or assisting in picketing shall bring to or allow to remain in the immediate area of picketing any vicious animal.","type":"section","prefixes":["(e)"],"prefix":"(e)","entire_prefix":"(e)","prefix_anchor":"(e)","level":1},"5":{"id":"1670","text":"It shall be unlawful for a group of ten or more persons to picket without filing a notice as required herein.","type":"section","prefixes":["(f)"],"prefix":"(f)","entire_prefix":"(f)","prefix_anchor":"(f)","level":1},"6":{"id":"1671","text":"The provisions of \u00a7\u00a712-1055 through 12-1057 are mandatory, and not merely directory, and failure to comply with the provisions of these sections is hereby declared to be unlawful and punishable as provided by law. \n(Code 1959 , \u00a715-35.1(d)\u2014(i), (k)\u2014(m); Ord. No. 2006-977, \u00a72, 3-7-06)","type":"section","prefixes":["(g)"],"prefix":"(g)","entire_prefix":"(g)","prefix_anchor":"(g)","level":1}},"ancestry":{"1":{"id":"173","name":"ARTICLE C. - PARADES, DEMONSTRATIONS AND STREET EVENTS","identifier":"C","label":"article","url":"\/II\/12\/1\/C\/"},"2":{"id":"170","name":"CHAPTER 1. - STREETS AND PUBLIC WAYS","identifier":"1","label":"chapter","url":"\/II\/12\/1\/"},"3":{"id":"169","name":"PART 12 - LICENSING AND REGULATION","identifier":"12","label":"part","url":"\/II\/12\/"},"4":{"id":"5","name":"Division II - Planning and Development","identifier":"II","label":"division","url":"\/II\/"}},"structure_contents":{"0":{"id":"589","structure_id":"173","section_number":"12-1051","catch_line":"PERMIT REQUIRED.","url":"\/12-1051\/","token":"12-1051"},"1":{"id":"590","structure_id":"173","section_number":"12-1052","catch_line":"PROCEDURES FOR OBTAINING PERMIT.","url":"\/12-1052\/","token":"12-1052"},"2":{"id":"591","structure_id":"173","section_number":"12-1053","catch_line":"STANDARDS FOR CONDUCT OF PARADES.","url":"\/12-1053\/","token":"12-1053"},"3":{"id":"593","structure_id":"173","section_number":"12-1054","catch_line":"REVOCATION OF PERMIT.","url":"\/12-1054\/","token":"12-1054"},"4":{"id":"594","structure_id":"173","section_number":"12-1055","catch_line":"PICKETING DEFINED.","url":"\/12-1055\/","token":"12-1055"},"5":{"id":"595","structure_id":"173","section_number":"12-1056","catch_line":"PICKETING PERMITTED; NOTICE OF INTENT AND RECEIPT REQUIRED.","url":"\/12-1056\/","token":"12-1056"},"6":{"id":"596","structure_id":"173","section_number":"12-1057","catch_line":"STANDARDS OF CONDUCT FOR PICKETING ACTIVITIES.","url":"\/12-1057\/","token":"12-1057"},"7":{"id":"597","structure_id":"173","section_number":"12-1058","catch_line":"INTERFERENCE WITH PICKETS PROHIBITED; POLICE AUTHORITY TO DISPERSE CROWDS; FAILURE TO LEAVE WHEN ORDERED DECLARED OFFENSE.","url":"\/12-1058\/","token":"12-1058"},"8":{"id":"598","structure_id":"173","section_number":"12-1059","catch_line":"FOOTRACES AND BICYCLE RACES.","url":"\/12-1059\/","token":"12-1059"},"9":{"id":"599","structure_id":"173","section_number":"12-1060","catch_line":"PROHIBITION OF FIREARMS AND DANGEROUS WEAPONS.","url":"\/12-1060\/","token":"12-1060"}},"previous_section":{"id":"595","structure_id":"173","section_number":"12-1056","catch_line":"PICKETING PERMITTED; NOTICE OF INTENT AND RECEIPT REQUIRED.","url":"\/12-1056\/","token":"12-1056"},"next_section":{"id":"597","structure_id":"173","section_number":"12-1058","catch_line":"INTERFERENCE WITH PICKETS PROHIBITED; POLICE AUTHORITY TO DISPERSE CROWDS; FAILURE TO LEAVE WHEN ORDERED DECLARED OFFENSE.","url":"\/12-1058\/","token":"12-1058"},"references":{"0":{"id":"596","section_number":"12-1057","catch_line":"STANDARDS OF CONDUCT FOR PICKETING ACTIVITIES.","url":"http:\/\/localhost:8888\/12-1057\/"}},"formats":{"txt":"\/12-1057.txt","json":"\/12-1057.xml"},"dublin_core":{"Title":"STANDARDS OF CONDUCT FOR PICKETING ACTIVITIES.","Type":"Text","Format":"text\/html","Identifier":"\u00a7 12-1057","Relation":"Code of State"},"plain_text":"                                  CODE OF STATE\n\nSTANDARDS OF CONDUCT FOR PICKETING ACTIVITIES. (\u00a7 12-1057)\n\n(a) Picketing shall be conducted only on portions of the public ways not used\nprimarily for vehicular parking or moving traffic.\n\n(b) Pickets may carry written or printed placards or signs not exceeding\nthirty-six (36) inches provided the words used would not tend to incite\nviolence.\n\n(c) If pickets promoting different objectives, causes, actions or policies\ndesire to use a sidewalk that is already used for picketing, the Chief of Police\nor the Chief&#8217;s designated agents shall allot a number of pickets promoting\neach objective, to use such sidewalk, on an equitable basis, proportionate to\nthe number of objectives being promoted.\n\n(d) Pickets shall be restricted to the use of the outermost half of the sidewalk\nor other public way nearest the street and shall not at any time nor in any way\nobstruct, interfere with, or block: persons entering or exiting from vehicles;\npersons crossing streets or otherwise using the public way; the entrance or exit\nto any building or access to property abutting the street or sidewalk; or\npedestrian or vehicular traffic.\n\n(e) No person observing, engaging in, or assisting in picketing shall bring to\nor allow to remain in the immediate area of picketing any vicious animal.\n\n(f) It shall be unlawful for a group of ten or more persons to picket without\nfiling a notice as required herein.\n\n(g) The provisions of \u00a7\u00a712-1055 through 12-1057 are mandatory, and not merely\ndirectory, and failure to comply with the provisions of these sections is hereby\ndeclared to be unlawful and punishable as provided by law. \n(Code 1959 , \u00a715-35.1(d)\u2014(i), (k)\u2014(m); Ord. No. 2006-977, \u00a72, 3-7-06)\n"}