{"law_id":"599","section_number":"12-1060","catch_line":"PROHIBITION OF FIREARMS AND DANGEROUS WEAPONS.","history":"","order_by":"12-1060","metadata":false,"url":"\/12-1060\/","token":"12-1060","structure":{"1":{"id":"173","name":"ARTICLE C. - PARADES, DEMONSTRATIONS AND STREET EVENTS","identifier":"C","label":"article","url":"\/II\/12\/1\/C\/"},"2":{"id":"170","name":"CHAPTER 1. - STREETS AND PUBLIC WAYS","identifier":"1","label":"chapter","url":"\/II\/12\/1\/"},"3":{"id":"169","name":"PART 12 - LICENSING AND REGULATION","identifier":"12","label":"part","url":"\/II\/12\/"},"4":{"id":"5","name":"Division II - Planning and Development","identifier":"II","label":"division","url":"\/II\/"}},"referred_to_by":false,"edition_id":"1","section_id":"599","structure_id":"173","full_text":"(a) It shall be unlawful for any person to possess on or about his person or vehicle any firearm or dangerous weapon of any kind, as defined below, whether exposed or concealed, while participating in any parade or any picketing.\r\r(b) It shall be unlawful for any person present at any parade or picketing or any person upon any street, sidewalk, alley or other public property within five hundred (500) feet of any parade or picketing, to possess on or about his person or vehicle any firearm or dangerous weapon of any kind, as defined below, whether exposed or concealed.\r\r(c) For purposes of this article, the term dangerous weapon shall be defined as any device or substance designed or capable of being used to inflict serious injury to any person or property; including, but not limited to: firearms, airguns, BB guns, pellet guns, knives or razors with a blade more than three (3) inches in length, metallic knuckles, clubs, blackjacks, nightsticks, dynamite cartridges, bombs, grenades, knives, explosives, molotov cocktails, and sword canes.\r\r","text":{"0":{"id":"1692","text":"It shall be unlawful for any person to possess on or about his person or vehicle any firearm or dangerous weapon of any kind, as defined below, whether exposed or concealed, while participating in any parade or any picketing.","type":"section","prefixes":["(a)"],"prefix":"(a)","entire_prefix":"(a)","prefix_anchor":"(a)","level":1},"1":{"id":"1693","text":"It shall be unlawful for any person present at any parade or picketing or any person upon any street, sidewalk, alley or other public property within five hundred (500) feet of any parade or picketing, to possess on or about his person or vehicle any firearm or dangerous weapon of any kind, as defined below, whether exposed or concealed.","type":"section","prefixes":["(b)"],"prefix":"(b)","entire_prefix":"(b)","prefix_anchor":"(b)","level":1},"2":{"id":"1694","text":"For purposes of this article, the term dangerous weapon shall be defined as any device or substance designed or capable of being used to inflict serious injury to any person or property; including, but not limited to: firearms, airguns, BB guns, pellet guns, knives or razors with a blade more than three (3) inches in length, metallic knuckles, clubs, blackjacks, nightsticks, dynamite cartridges, bombs, grenades, knives, explosives, molotov cocktails, and sword canes.","type":"section","prefixes":["(c)"],"prefix":"(c)","entire_prefix":"(c)","prefix_anchor":"(c)","level":1},"3":{"id":"1695","text":"","type":"section","prefixes":["(d)"],"prefix":"(d)","entire_prefix":"(d)","prefix_anchor":"(d)","level":1},"4":{"id":"1696","text":"\tLaw enforcement officers, \n","type":"section","prefixes":["(d)","(1)"],"prefix":"(1)","entire_prefix":"(d)(1)","prefix_anchor":"(d)(1)","level":2},"5":{"id":"1697","text":"\tOfficers and soldiers of the armed forces, militia and national guard. \n(Ord. No. 1980-346, \u00a71, 4-1-80; Ord. No. 2011-989, \u00a71, 12-6-11)  \n","type":"section","prefixes":["(d)","(2)"],"prefix":"(2)","entire_prefix":"(d)(2)","prefix_anchor":"(d)(2)","level":2}},"ancestry":{"1":{"id":"173","name":"ARTICLE C. - PARADES, DEMONSTRATIONS AND STREET EVENTS","identifier":"C","label":"article","url":"\/II\/12\/1\/C\/"},"2":{"id":"170","name":"CHAPTER 1. - STREETS AND PUBLIC WAYS","identifier":"1","label":"chapter","url":"\/II\/12\/1\/"},"3":{"id":"169","name":"PART 12 - LICENSING AND REGULATION","identifier":"12","label":"part","url":"\/II\/12\/"},"4":{"id":"5","name":"Division II - Planning and Development","identifier":"II","label":"division","url":"\/II\/"}},"structure_contents":{"0":{"id":"589","structure_id":"173","section_number":"12-1051","catch_line":"PERMIT REQUIRED.","url":"\/12-1051\/","token":"12-1051"},"1":{"id":"590","structure_id":"173","section_number":"12-1052","catch_line":"PROCEDURES FOR OBTAINING PERMIT.","url":"\/12-1052\/","token":"12-1052"},"2":{"id":"591","structure_id":"173","section_number":"12-1053","catch_line":"STANDARDS FOR CONDUCT OF PARADES.","url":"\/12-1053\/","token":"12-1053"},"3":{"id":"593","structure_id":"173","section_number":"12-1054","catch_line":"REVOCATION OF PERMIT.","url":"\/12-1054\/","token":"12-1054"},"4":{"id":"594","structure_id":"173","section_number":"12-1055","catch_line":"PICKETING DEFINED.","url":"\/12-1055\/","token":"12-1055"},"5":{"id":"595","structure_id":"173","section_number":"12-1056","catch_line":"PICKETING PERMITTED; NOTICE OF INTENT AND RECEIPT REQUIRED.","url":"\/12-1056\/","token":"12-1056"},"6":{"id":"596","structure_id":"173","section_number":"12-1057","catch_line":"STANDARDS OF CONDUCT FOR PICKETING ACTIVITIES.","url":"\/12-1057\/","token":"12-1057"},"7":{"id":"597","structure_id":"173","section_number":"12-1058","catch_line":"INTERFERENCE WITH PICKETS PROHIBITED; POLICE AUTHORITY TO DISPERSE CROWDS; FAILURE TO LEAVE WHEN ORDERED DECLARED OFFENSE.","url":"\/12-1058\/","token":"12-1058"},"8":{"id":"598","structure_id":"173","section_number":"12-1059","catch_line":"FOOTRACES AND BICYCLE RACES.","url":"\/12-1059\/","token":"12-1059"},"9":{"id":"599","structure_id":"173","section_number":"12-1060","catch_line":"PROHIBITION OF FIREARMS AND DANGEROUS WEAPONS.","url":"\/12-1060\/","token":"12-1060"}},"previous_section":{"id":"598","structure_id":"173","section_number":"12-1059","catch_line":"FOOTRACES AND BICYCLE RACES.","url":"\/12-1059\/","token":"12-1059"},"references":false,"formats":{"txt":"\/12-1060.txt","json":"\/12-1060.xml"},"dublin_core":{"Title":"PROHIBITION OF FIREARMS AND DANGEROUS WEAPONS.","Type":"Text","Format":"text\/html","Identifier":"\u00a7 12-1060","Relation":"Code of State"},"plain_text":"                                  CODE OF STATE\n\nPROHIBITION OF FIREARMS AND DANGEROUS WEAPONS. (\u00a7 12-1060)\n\n(a) It shall be unlawful for any person to possess on or about his person or\nvehicle any firearm or dangerous weapon of any kind, as defined below, whether\nexposed or concealed, while participating in any parade or any picketing.\n\n(b) It shall be unlawful for any person present at any parade or picketing or\nany person upon any street, sidewalk, alley or other public property within five\nhundred (500) feet of any parade or picketing, to possess on or about his person\nor vehicle any firearm or dangerous weapon of any kind, as defined below,\nwhether exposed or concealed.\n\n(c) For purposes of this article, the term dangerous weapon shall be defined as\nany device or substance designed or capable of being used to inflict serious\ninjury to any person or property; including, but not limited to: firearms,\nairguns, BB guns, pellet guns, knives or razors with a blade more than three (3)\ninches in length, metallic knuckles, clubs, blackjacks, nightsticks, dynamite\ncartridges, bombs, grenades, knives, explosives, molotov cocktails, and sword\ncanes.\n\n(d) \n\n   (1) \tLaw enforcement officers, \n   \n\n   (2) \tOfficers and soldiers of the armed forces, militia and national guard. \n   (Ord. No. 1980-346, \u00a71, 4-1-80; Ord. No. 2011-989, \u00a71, 12-6-11)\n"}