{"law_id":"556","section_number":"12-1003","catch_line":"CELLAR DOORS, GRATINGS AND MANHOLES IN SIDEWALKS.","history":"","order_by":"12-1003","metadata":false,"url":"\/12-1003\/","token":"12-1003","structure":{"1":{"id":"171","name":"ARTICLE A. - STREET OBSTRUCTIONS AND ENCROACHMENTS","identifier":"A","label":"article","url":"\/II\/12\/1\/A\/"},"2":{"id":"170","name":"CHAPTER 1. - STREETS AND PUBLIC WAYS","identifier":"1","label":"chapter","url":"\/II\/12\/1\/"},"3":{"id":"169","name":"PART 12 - LICENSING AND REGULATION","identifier":"12","label":"part","url":"\/II\/12\/"},"4":{"id":"5","name":"Division II - Planning and Development","identifier":"II","label":"division","url":"\/II\/"}},"referred_to_by":false,"edition_id":"1","section_id":"556","structure_id":"171","full_text":"It shall be unlawful for any person to construct any cellar door, grating or manhole on the sidewalks of the City without approval of the Council. Cellar doors, gratings or manholes shall be on a level with the sidewalk and shall be kept in good repair by the owner of such structures. Doors, gratings and manhole covers shall be constructed of iron or other material as approved by the Director of Transportation. All such openings shall be kept closed at all times when not in use, and when in use proper guards shall be provided to warn and protect the public. \n(Code 1959 , \u00a719-4; Ord. No. 1998-454, \u00a719, 11-4-98)","text":{"0":{"id":"1521","text":"It shall be unlawful for any person to construct any cellar door, grating or manhole on the sidewalks of the City without approval of the Council. Cellar doors, gratings or manholes shall be on a level with the sidewalk and shall be kept in good repair by the owner of such structures. Doors, gratings and manhole covers shall be constructed of iron or other material as approved by the Director of Transportation. All such openings shall be kept closed at all times when not in use, and when in use proper guards shall be provided to warn and protect the public. \n(Code 1959 , \u00a719-4; Ord. No. 1998-454, \u00a719, 11-4-98)","type":"section","prefixes":[""],"prefix":"","entire_prefix":"","prefix_anchor":"","level":1}},"ancestry":{"1":{"id":"171","name":"ARTICLE A. - STREET OBSTRUCTIONS AND ENCROACHMENTS","identifier":"A","label":"article","url":"\/II\/12\/1\/A\/"},"2":{"id":"170","name":"CHAPTER 1. - STREETS AND PUBLIC WAYS","identifier":"1","label":"chapter","url":"\/II\/12\/1\/"},"3":{"id":"169","name":"PART 12 - LICENSING AND REGULATION","identifier":"12","label":"part","url":"\/II\/12\/"},"4":{"id":"5","name":"Division II - Planning and Development","identifier":"II","label":"division","url":"\/II\/"}},"structure_contents":{"0":{"id":"554","structure_id":"171","section_number":"12-1001","catch_line":"AWNINGS, CANOPIES, MARQUEES, SIGNS AND OTHER PROJECTIONS OVER SIDEWALKS.","url":"\/12-1001\/","token":"12-1001"},"1":{"id":"555","structure_id":"171","section_number":"12-1002","catch_line":"BRIDGES OVER GUTTERS.","url":"\/12-1002\/","token":"12-1002"},"2":{"id":"556","structure_id":"171","section_number":"12-1003","catch_line":"CELLAR DOORS, GRATINGS AND MANHOLES IN SIDEWALKS.","url":"\/12-1003\/","token":"12-1003"},"3":{"id":"557","structure_id":"171","section_number":"12-1004","catch_line":"CELLARS AND VAULTS UNDER SIDEWALKS.","url":"\/12-1004\/","token":"12-1004"},"4":{"id":"559","structure_id":"171","section_number":"12-1005","catch_line":"PLACING ARTICLES ON SIDEWALKS SO AS TO OBSTRUCT.","url":"\/12-1005\/","token":"12-1005"},"5":{"id":"560","structure_id":"171","section_number":"12-1006","catch_line":"BICYCLES ON SIDEWALKS.","url":"\/12-1006\/","token":"12-1006"},"6":{"id":"561","structure_id":"171","section_number":"12-1007","catch_line":"RESERVED.","url":"\/12-1007\/","token":"12-1007"},"7":{"id":"562","structure_id":"171","section_number":"12-1007","catch_line":"RESERVED. ","url":"\/12-1007\/","token":"12-1007"}},"previous_section":{"id":"555","structure_id":"171","section_number":"12-1002","catch_line":"BRIDGES OVER GUTTERS.","url":"\/12-1002\/","token":"12-1002"},"next_section":{"id":"557","structure_id":"171","section_number":"12-1004","catch_line":"CELLARS AND VAULTS UNDER SIDEWALKS.","url":"\/12-1004\/","token":"12-1004"},"references":false,"formats":{"txt":"\/12-1003.txt","json":"\/12-1003.xml"},"dublin_core":{"Title":"CELLAR DOORS, GRATINGS AND MANHOLES IN SIDEWALKS.","Type":"Text","Format":"text\/html","Identifier":"\u00a7 12-1003","Relation":"Code of State"},"plain_text":"                                  CODE OF STATE\n\nCELLAR DOORS, GRATINGS AND MANHOLES IN SIDEWALKS. (\u00a7 12-1003)\n\nIt shall be unlawful for any person to construct any cellar door, grating or\nmanhole on the sidewalks of the City without approval of the Council. Cellar\ndoors, gratings or manholes shall be on a level with the sidewalk and shall be\nkept in good repair by the owner of such structures. Doors, gratings and manhole\ncovers shall be constructed of iron or other material as approved by the\nDirector of Transportation. All such openings shall be kept closed at all times\nwhen not in use, and when in use proper guards shall be provided to warn and\nprotect the public. \n(Code 1959 , \u00a719-4; Ord. No. 1998-454, \u00a719, 11-4-98)\n"}