{"law_id":"557","section_number":"12-1004","catch_line":"CELLARS AND VAULTS UNDER SIDEWALKS.","history":"","order_by":"12-1004","metadata":false,"url":"\/12-1004\/","token":"12-1004","structure":{"1":{"id":"171","name":"ARTICLE A. - STREET OBSTRUCTIONS AND ENCROACHMENTS","identifier":"A","label":"article","url":"\/II\/12\/1\/A\/"},"2":{"id":"170","name":"CHAPTER 1. - STREETS AND PUBLIC WAYS","identifier":"1","label":"chapter","url":"\/II\/12\/1\/"},"3":{"id":"169","name":"PART 12 - LICENSING AND REGULATION","identifier":"12","label":"part","url":"\/II\/12\/"},"4":{"id":"5","name":"Division II - Planning and Development","identifier":"II","label":"division","url":"\/II\/"}},"referred_to_by":false,"edition_id":"1","section_id":"557","structure_id":"171","full_text":"(a) No person shall appropriate any space under a sidewalk for cellar, vault or other underground uses without first obtaining approval of the Council. When approved, underground structures shall be constructed so as not to interfere with public utilities.\r\r(b) The sidewalk over any such underground space permitted shall be constructed and maintained by the owner of such structure so as to permit safe travel over the same by pedestrians.\r\r(c) The roof over any such underground space shall be of approved noncombustible material. Glass lights shall not be permitted within the sidewalk area over cellars, vaults or other underground structures. \n(Code 1959 , \u00a719-5)\r\r","text":{"0":{"id":"1522","text":"No person shall appropriate any space under a sidewalk for cellar, vault or other underground uses without first obtaining approval of the Council. When approved, underground structures shall be constructed so as not to interfere with public utilities.","type":"section","prefixes":["(a)"],"prefix":"(a)","entire_prefix":"(a)","prefix_anchor":"(a)","level":1},"1":{"id":"1523","text":"The sidewalk over any such underground space permitted shall be constructed and maintained by the owner of such structure so as to permit safe travel over the same by pedestrians.","type":"section","prefixes":["(b)"],"prefix":"(b)","entire_prefix":"(b)","prefix_anchor":"(b)","level":1},"2":{"id":"1524","text":"The roof over any such underground space shall be of approved noncombustible material. Glass lights shall not be permitted within the sidewalk area over cellars, vaults or other underground structures. \n(Code 1959 , \u00a719-5)","type":"section","prefixes":["(c)"],"prefix":"(c)","entire_prefix":"(c)","prefix_anchor":"(c)","level":1}},"ancestry":{"1":{"id":"171","name":"ARTICLE A. - STREET OBSTRUCTIONS AND ENCROACHMENTS","identifier":"A","label":"article","url":"\/II\/12\/1\/A\/"},"2":{"id":"170","name":"CHAPTER 1. - STREETS AND PUBLIC WAYS","identifier":"1","label":"chapter","url":"\/II\/12\/1\/"},"3":{"id":"169","name":"PART 12 - LICENSING AND REGULATION","identifier":"12","label":"part","url":"\/II\/12\/"},"4":{"id":"5","name":"Division II - Planning and Development","identifier":"II","label":"division","url":"\/II\/"}},"structure_contents":{"0":{"id":"554","structure_id":"171","section_number":"12-1001","catch_line":"AWNINGS, CANOPIES, MARQUEES, SIGNS AND OTHER PROJECTIONS OVER SIDEWALKS.","url":"\/12-1001\/","token":"12-1001"},"1":{"id":"555","structure_id":"171","section_number":"12-1002","catch_line":"BRIDGES OVER GUTTERS.","url":"\/12-1002\/","token":"12-1002"},"2":{"id":"556","structure_id":"171","section_number":"12-1003","catch_line":"CELLAR DOORS, GRATINGS AND MANHOLES IN SIDEWALKS.","url":"\/12-1003\/","token":"12-1003"},"3":{"id":"557","structure_id":"171","section_number":"12-1004","catch_line":"CELLARS AND VAULTS UNDER SIDEWALKS.","url":"\/12-1004\/","token":"12-1004"},"4":{"id":"559","structure_id":"171","section_number":"12-1005","catch_line":"PLACING ARTICLES ON SIDEWALKS SO AS TO OBSTRUCT.","url":"\/12-1005\/","token":"12-1005"},"5":{"id":"560","structure_id":"171","section_number":"12-1006","catch_line":"BICYCLES ON SIDEWALKS.","url":"\/12-1006\/","token":"12-1006"},"6":{"id":"561","structure_id":"171","section_number":"12-1007","catch_line":"RESERVED.","url":"\/12-1007\/","token":"12-1007"},"7":{"id":"562","structure_id":"171","section_number":"12-1007","catch_line":"RESERVED. ","url":"\/12-1007\/","token":"12-1007"}},"previous_section":{"id":"556","structure_id":"171","section_number":"12-1003","catch_line":"CELLAR DOORS, GRATINGS AND MANHOLES IN SIDEWALKS.","url":"\/12-1003\/","token":"12-1003"},"next_section":{"id":"559","structure_id":"171","section_number":"12-1005","catch_line":"PLACING ARTICLES ON SIDEWALKS SO AS TO OBSTRUCT.","url":"\/12-1005\/","token":"12-1005"},"references":false,"formats":{"txt":"\/12-1004.txt","json":"\/12-1004.xml"},"dublin_core":{"Title":"CELLARS AND VAULTS UNDER SIDEWALKS.","Type":"Text","Format":"text\/html","Identifier":"\u00a7 12-1004","Relation":"Code of State"},"plain_text":"                                  CODE OF STATE\n\nCELLARS AND VAULTS UNDER SIDEWALKS. (\u00a7 12-1004)\n\n(a) No person shall appropriate any space under a sidewalk for cellar, vault or\nother underground uses without first obtaining approval of the Council. When\napproved, underground structures shall be constructed so as not to interfere\nwith public utilities.\n\n(b) The sidewalk over any such underground space permitted shall be constructed\nand maintained by the owner of such structure so as to permit safe travel over\nthe same by pedestrians.\n\n(c) The roof over any such underground space shall be of approved noncombustible\nmaterial. Glass lights shall not be permitted within the sidewalk area over\ncellars, vaults or other underground structures. \n(Code 1959 , \u00a719-5)\n"}