{"law_id":"597","section_number":"12-1058","catch_line":"INTERFERENCE WITH PICKETS PROHIBITED; POLICE AUTHORITY TO DISPERSE CROWDS; FAILURE TO LEAVE WHEN ORDERED DECLARED OFFENSE.","history":"","order_by":"12-1058","metadata":false,"url":"\/12-1058\/","token":"12-1058","structure":{"1":{"id":"173","name":"ARTICLE C. - PARADES, DEMONSTRATIONS AND STREET EVENTS","identifier":"C","label":"article","url":"\/II\/12\/1\/C\/"},"2":{"id":"170","name":"CHAPTER 1. - STREETS AND PUBLIC WAYS","identifier":"1","label":"chapter","url":"\/II\/12\/1\/"},"3":{"id":"169","name":"PART 12 - LICENSING AND REGULATION","identifier":"12","label":"part","url":"\/II\/12\/"},"4":{"id":"5","name":"Division II - Planning and Development","identifier":"II","label":"division","url":"\/II\/"}},"referred_to_by":{"0":{"id":"596","section_number":"12-1057","catch_line":"STANDARDS OF CONDUCT FOR PICKETING ACTIVITIES.","url":"http:\/\/localhost:8888\/12-1057\/"}},"edition_id":"1","section_id":"597","structure_id":"173","full_text":"(a) It shall be unlawful for any person to physically interfere with pickets in the use of the sidewalk or to address profane, indecent, abusive, or threatening language to or at those pickets which would tend to provoke the pickets or others to a breach of the peace.\r\r(b) The police officers of the City may, in the event of the assemblage of persons in such numbers as to tend to intimidate pickets pursuing their lawful objective through numbers alone or through use of inflammatory words, direct the dispersal of persons so assembled and may arrest any person who fails to absent himself from the place of such assemblage when so directed by the police.\r\r(c) Whenever the free passage of any street or sidewalk in the City shall be obstructed by a crowd, whether or not the crowd assembles as a result of or in connection with picketing, the persons composing such crowd shall disperse or move on when directed to do so by a police officer. It shall be unlawful for any person to refuse to so disperse or move on when so directed by a police officer as herein provided. \n(Code 1959 , \u00a715-35.2)\r\r","text":{"0":{"id":"1672","text":"It shall be unlawful for any person to physically interfere with pickets in the use of the sidewalk or to address profane, indecent, abusive, or threatening language to or at those pickets which would tend to provoke the pickets or others to a breach of the peace.","type":"section","prefixes":["(a)"],"prefix":"(a)","entire_prefix":"(a)","prefix_anchor":"(a)","level":1},"1":{"id":"1673","text":"The police officers of the City may, in the event of the assemblage of persons in such numbers as to tend to intimidate pickets pursuing their lawful objective through numbers alone or through use of inflammatory words, direct the dispersal of persons so assembled and may arrest any person who fails to absent himself from the place of such assemblage when so directed by the police.","type":"section","prefixes":["(b)"],"prefix":"(b)","entire_prefix":"(b)","prefix_anchor":"(b)","level":1},"2":{"id":"1674","text":"Whenever the free passage of any street or sidewalk in the City shall be obstructed by a crowd, whether or not the crowd assembles as a result of or in connection with picketing, the persons composing such crowd shall disperse or move on when directed to do so by a police officer. It shall be unlawful for any person to refuse to so disperse or move on when so directed by a police officer as herein provided. \n(Code 1959 , \u00a715-35.2)","type":"section","prefixes":["(c)"],"prefix":"(c)","entire_prefix":"(c)","prefix_anchor":"(c)","level":1}},"ancestry":{"1":{"id":"173","name":"ARTICLE C. - PARADES, DEMONSTRATIONS AND STREET EVENTS","identifier":"C","label":"article","url":"\/II\/12\/1\/C\/"},"2":{"id":"170","name":"CHAPTER 1. - STREETS AND PUBLIC WAYS","identifier":"1","label":"chapter","url":"\/II\/12\/1\/"},"3":{"id":"169","name":"PART 12 - LICENSING AND REGULATION","identifier":"12","label":"part","url":"\/II\/12\/"},"4":{"id":"5","name":"Division II - Planning and Development","identifier":"II","label":"division","url":"\/II\/"}},"structure_contents":{"0":{"id":"589","structure_id":"173","section_number":"12-1051","catch_line":"PERMIT REQUIRED.","url":"\/12-1051\/","token":"12-1051"},"1":{"id":"590","structure_id":"173","section_number":"12-1052","catch_line":"PROCEDURES FOR OBTAINING PERMIT.","url":"\/12-1052\/","token":"12-1052"},"2":{"id":"591","structure_id":"173","section_number":"12-1053","catch_line":"STANDARDS FOR CONDUCT OF PARADES.","url":"\/12-1053\/","token":"12-1053"},"3":{"id":"593","structure_id":"173","section_number":"12-1054","catch_line":"REVOCATION OF PERMIT.","url":"\/12-1054\/","token":"12-1054"},"4":{"id":"594","structure_id":"173","section_number":"12-1055","catch_line":"PICKETING DEFINED.","url":"\/12-1055\/","token":"12-1055"},"5":{"id":"595","structure_id":"173","section_number":"12-1056","catch_line":"PICKETING PERMITTED; NOTICE OF INTENT AND RECEIPT REQUIRED.","url":"\/12-1056\/","token":"12-1056"},"6":{"id":"596","structure_id":"173","section_number":"12-1057","catch_line":"STANDARDS OF CONDUCT FOR PICKETING ACTIVITIES.","url":"\/12-1057\/","token":"12-1057"},"7":{"id":"597","structure_id":"173","section_number":"12-1058","catch_line":"INTERFERENCE WITH PICKETS PROHIBITED; POLICE AUTHORITY TO DISPERSE CROWDS; FAILURE TO LEAVE WHEN ORDERED DECLARED OFFENSE.","url":"\/12-1058\/","token":"12-1058"},"8":{"id":"598","structure_id":"173","section_number":"12-1059","catch_line":"FOOTRACES AND BICYCLE RACES.","url":"\/12-1059\/","token":"12-1059"},"9":{"id":"599","structure_id":"173","section_number":"12-1060","catch_line":"PROHIBITION OF FIREARMS AND DANGEROUS WEAPONS.","url":"\/12-1060\/","token":"12-1060"}},"previous_section":{"id":"596","structure_id":"173","section_number":"12-1057","catch_line":"STANDARDS OF CONDUCT FOR PICKETING ACTIVITIES.","url":"\/12-1057\/","token":"12-1057"},"next_section":{"id":"598","structure_id":"173","section_number":"12-1059","catch_line":"FOOTRACES AND BICYCLE RACES.","url":"\/12-1059\/","token":"12-1059"},"references":false,"formats":{"txt":"\/12-1058.txt","json":"\/12-1058.xml"},"dublin_core":{"Title":"INTERFERENCE WITH PICKETS PROHIBITED; POLICE AUTHORITY TO DISPERSE CROWDS; FAILURE TO LEAVE WHEN ORDERED DECLARED OFFENSE.","Type":"Text","Format":"text\/html","Identifier":"\u00a7 12-1058","Relation":"Code of State"},"plain_text":"                                  CODE OF STATE\n\nINTERFERENCE WITH PICKETS PROHIBITED; POLICE AUTHORITY TO DISPERSE CROWDS;\nFAILURE TO LEAVE WHEN ORDERED DECLARED OFFENSE. (\u00a7 12-1058)\n\n(a) It shall be unlawful for any person to physically interfere with pickets in\nthe use of the sidewalk or to address profane, indecent, abusive, or threatening\nlanguage to or at those pickets which would tend to provoke the pickets or\nothers to a breach of the peace.\n\n(b) The police officers of the City may, in the event of the assemblage of\npersons in such numbers as to tend to intimidate pickets pursuing their lawful\nobjective through numbers alone or through use of inflammatory words, direct the\ndispersal of persons so assembled and may arrest any person who fails to absent\nhimself from the place of such assemblage when so directed by the police.\n\n(c) Whenever the free passage of any street or sidewalk in the City shall be\nobstructed by a crowd, whether or not the crowd assembles as a result of or in\nconnection with picketing, the persons composing such crowd shall disperse or\nmove on when directed to do so by a police officer. It shall be unlawful for any\nperson to refuse to so disperse or move on when so directed by a police officer\nas herein provided. \n(Code 1959 , \u00a715-35.2)\n"}