{"law_id":"591","section_number":"12-1053","catch_line":"STANDARDS FOR CONDUCT OF PARADES.","history":"","order_by":"12-1053","metadata":false,"url":"\/12-1053\/","token":"12-1053","structure":{"1":{"id":"173","name":"ARTICLE C. - PARADES, DEMONSTRATIONS AND STREET EVENTS","identifier":"C","label":"article","url":"\/II\/12\/1\/C\/"},"2":{"id":"170","name":"CHAPTER 1. - STREETS AND PUBLIC WAYS","identifier":"1","label":"chapter","url":"\/II\/12\/1\/"},"3":{"id":"169","name":"PART 12 - LICENSING AND REGULATION","identifier":"12","label":"part","url":"\/II\/12\/"},"4":{"id":"5","name":"Division II - Planning and Development","identifier":"II","label":"division","url":"\/II\/"}},"referred_to_by":false,"edition_id":"1","section_id":"591","structure_id":"173","full_text":"(a) No parade or part thereof may be conducted on the streets of the City between the hours of 7:00 a.m. to 9:00 a.m. and 4:00 p.m. to 6:00 p.m.\r\r(b) No more than one parade may be conducted within the City at any one time.\r\r(c) Every parade shall follow a route approved by the City Manager. The City Manager shall approve no route which is incompatible with the preservation of public health, safety and welfare. The City Manager&#8217;s disapproval of a proposed route may be appealed to the City Council.\r\r(d) No one participating in a parade or proceeding along the route of a parade shall distribute therefrom any candy, cigarettes, prizes or favors of any kind.\r\r(e) No vicious animal whether leashed or unleashed shall participate in or proceed along the route of a parade. \n(Code 1959 , \u00a721-31(e); Ord. No. 1980-346, \u00a72, 4-1-80; Ord. No. 1989-304, \u00a71, 2-7-89)\r\r","text":{"0":{"id":"1645","text":"No parade or part thereof may be conducted on the streets of the City between the hours of 7:00 a.m. to 9:00 a.m. and 4:00 p.m. to 6:00 p.m.","type":"section","prefixes":["(a)"],"prefix":"(a)","entire_prefix":"(a)","prefix_anchor":"(a)","level":1},"1":{"id":"1646","text":"No more than one parade may be conducted within the City at any one time.","type":"section","prefixes":["(b)"],"prefix":"(b)","entire_prefix":"(b)","prefix_anchor":"(b)","level":1},"2":{"id":"1647","text":"Every parade shall follow a route approved by the City Manager. The City Manager shall approve no route which is incompatible with the preservation of public health, safety and welfare. The City Manager&#8217;s disapproval of a proposed route may be appealed to the City Council.","type":"section","prefixes":["(c)"],"prefix":"(c)","entire_prefix":"(c)","prefix_anchor":"(c)","level":1},"3":{"id":"1648","text":"No one participating in a parade or proceeding along the route of a parade shall distribute therefrom any candy, cigarettes, prizes or favors of any kind.","type":"section","prefixes":["(d)"],"prefix":"(d)","entire_prefix":"(d)","prefix_anchor":"(d)","level":1},"4":{"id":"1649","text":"No vicious animal whether leashed or unleashed shall participate in or proceed along the route of a parade. \n(Code 1959 , \u00a721-31(e); Ord. No. 1980-346, \u00a72, 4-1-80; Ord. No. 1989-304, \u00a71, 2-7-89)","type":"section","prefixes":["(e)"],"prefix":"(e)","entire_prefix":"(e)","prefix_anchor":"(e)","level":1}},"ancestry":{"1":{"id":"173","name":"ARTICLE C. - PARADES, DEMONSTRATIONS AND STREET EVENTS","identifier":"C","label":"article","url":"\/II\/12\/1\/C\/"},"2":{"id":"170","name":"CHAPTER 1. - STREETS AND PUBLIC WAYS","identifier":"1","label":"chapter","url":"\/II\/12\/1\/"},"3":{"id":"169","name":"PART 12 - LICENSING AND REGULATION","identifier":"12","label":"part","url":"\/II\/12\/"},"4":{"id":"5","name":"Division II - Planning and Development","identifier":"II","label":"division","url":"\/II\/"}},"structure_contents":{"0":{"id":"589","structure_id":"173","section_number":"12-1051","catch_line":"PERMIT REQUIRED.","url":"\/12-1051\/","token":"12-1051"},"1":{"id":"590","structure_id":"173","section_number":"12-1052","catch_line":"PROCEDURES FOR OBTAINING PERMIT.","url":"\/12-1052\/","token":"12-1052"},"2":{"id":"591","structure_id":"173","section_number":"12-1053","catch_line":"STANDARDS FOR CONDUCT OF PARADES.","url":"\/12-1053\/","token":"12-1053"},"3":{"id":"593","structure_id":"173","section_number":"12-1054","catch_line":"REVOCATION OF PERMIT.","url":"\/12-1054\/","token":"12-1054"},"4":{"id":"594","structure_id":"173","section_number":"12-1055","catch_line":"PICKETING DEFINED.","url":"\/12-1055\/","token":"12-1055"},"5":{"id":"595","structure_id":"173","section_number":"12-1056","catch_line":"PICKETING PERMITTED; NOTICE OF INTENT AND RECEIPT REQUIRED.","url":"\/12-1056\/","token":"12-1056"},"6":{"id":"596","structure_id":"173","section_number":"12-1057","catch_line":"STANDARDS OF CONDUCT FOR PICKETING ACTIVITIES.","url":"\/12-1057\/","token":"12-1057"},"7":{"id":"597","structure_id":"173","section_number":"12-1058","catch_line":"INTERFERENCE WITH PICKETS PROHIBITED; POLICE AUTHORITY TO DISPERSE CROWDS; FAILURE TO LEAVE WHEN ORDERED DECLARED OFFENSE.","url":"\/12-1058\/","token":"12-1058"},"8":{"id":"598","structure_id":"173","section_number":"12-1059","catch_line":"FOOTRACES AND BICYCLE RACES.","url":"\/12-1059\/","token":"12-1059"},"9":{"id":"599","structure_id":"173","section_number":"12-1060","catch_line":"PROHIBITION OF FIREARMS AND DANGEROUS WEAPONS.","url":"\/12-1060\/","token":"12-1060"}},"previous_section":{"id":"590","structure_id":"173","section_number":"12-1052","catch_line":"PROCEDURES FOR OBTAINING PERMIT.","url":"\/12-1052\/","token":"12-1052"},"next_section":{"id":"593","structure_id":"173","section_number":"12-1054","catch_line":"REVOCATION OF PERMIT.","url":"\/12-1054\/","token":"12-1054"},"references":false,"formats":{"txt":"\/12-1053.txt","json":"\/12-1053.xml"},"dublin_core":{"Title":"STANDARDS FOR CONDUCT OF PARADES.","Type":"Text","Format":"text\/html","Identifier":"\u00a7 12-1053","Relation":"Code of State"},"plain_text":"                                  CODE OF STATE\n\nSTANDARDS FOR CONDUCT OF PARADES. (\u00a7 12-1053)\n\n(a) No parade or part thereof may be conducted on the streets of the City\nbetween the hours of 7:00 a.m. to 9:00 a.m. and 4:00 p.m. to 6:00 p.m.\n\n(b) No more than one parade may be conducted within the City at any one time.\n\n(c) Every parade shall follow a route approved by the City Manager. The City\nManager shall approve no route which is incompatible with the preservation of\npublic health, safety and welfare. The City Manager&#8217;s disapproval of a\nproposed route may be appealed to the City Council.\n\n(d) No one participating in a parade or proceeding along the route of a parade\nshall distribute therefrom any candy, cigarettes, prizes or favors of any kind.\n\n(e) No vicious animal whether leashed or unleashed shall participate in or\nproceed along the route of a parade. \n(Code 1959 , \u00a721-31(e); Ord. No. 1980-346, \u00a72, 4-1-80; Ord. No. 1989-304, \u00a71,\n2-7-89)\n"}