{"law_id":"593","section_number":"12-1054","catch_line":"REVOCATION OF PERMIT.","history":"","order_by":"12-1054","metadata":false,"url":"\/12-1054\/","token":"12-1054","structure":{"1":{"id":"173","name":"ARTICLE C. - PARADES, DEMONSTRATIONS AND STREET EVENTS","identifier":"C","label":"article","url":"\/II\/12\/1\/C\/"},"2":{"id":"170","name":"CHAPTER 1. - STREETS AND PUBLIC WAYS","identifier":"1","label":"chapter","url":"\/II\/12\/1\/"},"3":{"id":"169","name":"PART 12 - LICENSING AND REGULATION","identifier":"12","label":"part","url":"\/II\/12\/"},"4":{"id":"5","name":"Division II - Planning and Development","identifier":"II","label":"division","url":"\/II\/"}},"referred_to_by":false,"edition_id":"1","section_id":"593","structure_id":"173","full_text":"(a) Any person violates the standards for the conduct of parades set out herein; or\r\r(b) Any participant in a parade fails to comply with the formation, terms and conditions set out in the application and permit or fails to comply with the terms of this section. \n(Code 1959 , \u00a721-31(f))\r\r","text":{"0":{"id":"1652","text":"Any person violates the standards for the conduct of parades set out herein; or","type":"section","prefixes":["(a)"],"prefix":"(a)","entire_prefix":"(a)","prefix_anchor":"(a)","level":1},"1":{"id":"1653","text":"Any participant in a parade fails to comply with the formation, terms and conditions set out in the application and permit or fails to comply with the terms of this section. \n(Code 1959 , \u00a721-31(f))","type":"section","prefixes":["(b)"],"prefix":"(b)","entire_prefix":"(b)","prefix_anchor":"(b)","level":1}},"ancestry":{"1":{"id":"173","name":"ARTICLE C. - PARADES, DEMONSTRATIONS AND STREET EVENTS","identifier":"C","label":"article","url":"\/II\/12\/1\/C\/"},"2":{"id":"170","name":"CHAPTER 1. - STREETS AND PUBLIC WAYS","identifier":"1","label":"chapter","url":"\/II\/12\/1\/"},"3":{"id":"169","name":"PART 12 - LICENSING AND REGULATION","identifier":"12","label":"part","url":"\/II\/12\/"},"4":{"id":"5","name":"Division II - Planning and Development","identifier":"II","label":"division","url":"\/II\/"}},"structure_contents":{"0":{"id":"589","structure_id":"173","section_number":"12-1051","catch_line":"PERMIT REQUIRED.","url":"\/12-1051\/","token":"12-1051"},"1":{"id":"590","structure_id":"173","section_number":"12-1052","catch_line":"PROCEDURES FOR OBTAINING PERMIT.","url":"\/12-1052\/","token":"12-1052"},"2":{"id":"591","structure_id":"173","section_number":"12-1053","catch_line":"STANDARDS FOR CONDUCT OF PARADES.","url":"\/12-1053\/","token":"12-1053"},"3":{"id":"593","structure_id":"173","section_number":"12-1054","catch_line":"REVOCATION OF PERMIT.","url":"\/12-1054\/","token":"12-1054"},"4":{"id":"594","structure_id":"173","section_number":"12-1055","catch_line":"PICKETING DEFINED.","url":"\/12-1055\/","token":"12-1055"},"5":{"id":"595","structure_id":"173","section_number":"12-1056","catch_line":"PICKETING PERMITTED; NOTICE OF INTENT AND RECEIPT REQUIRED.","url":"\/12-1056\/","token":"12-1056"},"6":{"id":"596","structure_id":"173","section_number":"12-1057","catch_line":"STANDARDS OF CONDUCT FOR PICKETING ACTIVITIES.","url":"\/12-1057\/","token":"12-1057"},"7":{"id":"597","structure_id":"173","section_number":"12-1058","catch_line":"INTERFERENCE WITH PICKETS PROHIBITED; POLICE AUTHORITY TO DISPERSE CROWDS; FAILURE TO LEAVE WHEN ORDERED DECLARED OFFENSE.","url":"\/12-1058\/","token":"12-1058"},"8":{"id":"598","structure_id":"173","section_number":"12-1059","catch_line":"FOOTRACES AND BICYCLE RACES.","url":"\/12-1059\/","token":"12-1059"},"9":{"id":"599","structure_id":"173","section_number":"12-1060","catch_line":"PROHIBITION OF FIREARMS AND DANGEROUS WEAPONS.","url":"\/12-1060\/","token":"12-1060"}},"previous_section":{"id":"591","structure_id":"173","section_number":"12-1053","catch_line":"STANDARDS FOR CONDUCT OF PARADES.","url":"\/12-1053\/","token":"12-1053"},"next_section":{"id":"594","structure_id":"173","section_number":"12-1055","catch_line":"PICKETING DEFINED.","url":"\/12-1055\/","token":"12-1055"},"references":false,"formats":{"txt":"\/12-1054.txt","json":"\/12-1054.xml"},"dublin_core":{"Title":"REVOCATION OF PERMIT.","Type":"Text","Format":"text\/html","Identifier":"\u00a7 12-1054","Relation":"Code of State"},"plain_text":"                                  CODE OF STATE\n\nREVOCATION OF PERMIT. (\u00a7 12-1054)\n\n(a) Any person violates the standards for the conduct of parades set out herein;\nor\n\n(b) Any participant in a parade fails to comply with the formation, terms and\nconditions set out in the application and permit or fails to comply with the\nterms of this section. \n(Code 1959 , \u00a721-31(f))\n"}