{"law_id":"598","section_number":"12-1059","catch_line":"FOOTRACES AND BICYCLE RACES.","history":"","order_by":"12-1059","metadata":false,"url":"\/12-1059\/","token":"12-1059","structure":{"1":{"id":"173","name":"ARTICLE C. - PARADES, DEMONSTRATIONS AND STREET EVENTS","identifier":"C","label":"article","url":"\/II\/12\/1\/C\/"},"2":{"id":"170","name":"CHAPTER 1. - STREETS AND PUBLIC WAYS","identifier":"1","label":"chapter","url":"\/II\/12\/1\/"},"3":{"id":"169","name":"PART 12 - LICENSING AND REGULATION","identifier":"12","label":"part","url":"\/II\/12\/"},"4":{"id":"5","name":"Division II - Planning and Development","identifier":"II","label":"division","url":"\/II\/"}},"referred_to_by":false,"edition_id":"1","section_id":"598","structure_id":"173","full_text":"(a) The term footrace as used in this section is defined as a group of three (3) or more runners or walkers competing against either each other or a time limit over a fixed course all or a part of which involves the use of City street right-of-way.\r\r(b) The term bicycle race as used in this section is defined as a group of three (3) or more bicyclists competing against each other or a time limit over a fixed course all or a part of which involves the use of City street right-of-way.\r\r(d) Upon receipt of an application properly completed and timely filed as hereinabove set out, the designated officer shall immediately issue a permit consistent with the standards prescribed herein. The permit shall contain all information stated on the application and shall be signed by the issuing officer.\r\r","text":{"0":{"id":"1675","text":"The term footrace as used in this section is defined as a group of three (3) or more runners or walkers competing against either each other or a time limit over a fixed course all or a part of which involves the use of City street right-of-way.","type":"section","prefixes":["(a)"],"prefix":"(a)","entire_prefix":"(a)","prefix_anchor":"(a)","level":1},"1":{"id":"1676","text":"The term bicycle race as used in this section is defined as a group of three (3) or more bicyclists competing against each other or a time limit over a fixed course all or a part of which involves the use of City street right-of-way.","type":"section","prefixes":["(b)"],"prefix":"(b)","entire_prefix":"(b)","prefix_anchor":"(b)","level":1},"2":{"id":"1677","text":"","type":"section","prefixes":["(c)"],"prefix":"(c)","entire_prefix":"(c)","prefix_anchor":"(c)","level":1},"3":{"id":"1678","text":"\tThe name, if any, of the organization or group sponsoring or proposing the race;\n","type":"section","prefixes":["(c)","(1)"],"prefix":"(1)","entire_prefix":"(c)(1)","prefix_anchor":"(c)(1)","level":2},"4":{"id":"1679","text":"\tThe location or locations in the City where the race is proposed to take place; \n","type":"section","prefixes":["(c)","(2)"],"prefix":"(2)","entire_prefix":"(c)(2)","prefix_anchor":"(c)(2)","level":2},"5":{"id":"1680","text":"\tThe date and hours for which permit is sought;\n","type":"section","prefixes":["(c)","(3)"],"prefix":"(3)","entire_prefix":"(c)(3)","prefix_anchor":"(c)(3)","level":2},"6":{"id":"1681","text":"\tThe name of the person applying for the permit; \n","type":"section","prefixes":["(c)","(4)"],"prefix":"(4)","entire_prefix":"(c)(4)","prefix_anchor":"(c)(4)","level":2},"7":{"id":"1682","text":"\tWhether or not persons below the age of eighteen (18) years are expected to participate; \n","type":"section","prefixes":["(c)","(5)"],"prefix":"(5)","entire_prefix":"(c)(5)","prefix_anchor":"(c)(5)","level":2},"8":{"id":"1683","text":"\tThe person or persons to be in charge of the activity and who will accompany it and carry permit at all times. \n","type":"section","prefixes":["(c)","(6)"],"prefix":"(6)","entire_prefix":"(c)(6)","prefix_anchor":"(c)(6)","level":2},"9":{"id":"1684","text":"Upon receipt of an application properly completed and timely filed as hereinabove set out, the designated officer shall immediately issue a permit consistent with the standards prescribed herein. The permit shall contain all information stated on the application and shall be signed by the issuing officer.","type":"section","prefixes":["(d)"],"prefix":"(d)","entire_prefix":"(d)","prefix_anchor":"(d)","level":1},"10":{"id":"1685","text":"","type":"section","prefixes":["(e)"],"prefix":"(e)","entire_prefix":"(e)","prefix_anchor":"(e)","level":1},"11":{"id":"1686","text":"\tNo more than one race may be conducted within the City at any one time. \n","type":"section","prefixes":["(e)","(1)"],"prefix":"(1)","entire_prefix":"(e)(1)","prefix_anchor":"(e)(1)","level":2},"12":{"id":"1687","text":"\tEvery race shall follow a route approved by the City Council. \n","type":"section","prefixes":["(e)","(2)"],"prefix":"(2)","entire_prefix":"(e)(2)","prefix_anchor":"(e)(2)","level":2},"13":{"id":"1688","text":"\tNo one participating in a race or proceeding along the route of a race shall distribute therefrom any candy, cigarettes, prizes or favors of any kind. \n","type":"section","prefixes":["(e)","(3)"],"prefix":"(3)","entire_prefix":"(e)(3)","prefix_anchor":"(e)(3)","level":2},"14":{"id":"1689","text":"\tNo vicious animal whether leashed or unleashed shall participate in or proceed along the route of a race. \n","type":"section","prefixes":["(e)","(4)"],"prefix":"(4)","entire_prefix":"(e)(4)","prefix_anchor":"(e)(4)","level":2},"15":{"id":"1690","text":"\tThe organizer of an event subject to this section shall make provision for proper safety procedures at intersections and along other sections of the right-of-way. The location of the safety monitors shall be determined by the Chief of Police or his designee and the personnel shall be provided at no cost to the City. Personnel hired for such duties shall be sworn law enforcement officers certified by the North Carolina Criminal Justice Training and Standards Council. \n","type":"section","prefixes":["(e)","(5)"],"prefix":"(5)","entire_prefix":"(e)(5)","prefix_anchor":"(e)(5)","level":2},"16":{"id":"1691","text":"\tThe permit shall not be issued until the sponsor shall acquire sufficient insurance or approval by the City Attorney to indemnify the City for damages or liability which the City might incur. \n(Ord. No. 1979-126, \u00a72, 6-19-79) \n","type":"section","prefixes":["(e)","(6)"],"prefix":"(6)","entire_prefix":"(e)(6)","prefix_anchor":"(e)(6)","level":2}},"ancestry":{"1":{"id":"173","name":"ARTICLE C. - PARADES, DEMONSTRATIONS AND STREET EVENTS","identifier":"C","label":"article","url":"\/II\/12\/1\/C\/"},"2":{"id":"170","name":"CHAPTER 1. - STREETS AND PUBLIC WAYS","identifier":"1","label":"chapter","url":"\/II\/12\/1\/"},"3":{"id":"169","name":"PART 12 - LICENSING AND REGULATION","identifier":"12","label":"part","url":"\/II\/12\/"},"4":{"id":"5","name":"Division II - Planning and Development","identifier":"II","label":"division","url":"\/II\/"}},"structure_contents":{"0":{"id":"589","structure_id":"173","section_number":"12-1051","catch_line":"PERMIT REQUIRED.","url":"\/12-1051\/","token":"12-1051"},"1":{"id":"590","structure_id":"173","section_number":"12-1052","catch_line":"PROCEDURES FOR OBTAINING PERMIT.","url":"\/12-1052\/","token":"12-1052"},"2":{"id":"591","structure_id":"173","section_number":"12-1053","catch_line":"STANDARDS FOR CONDUCT OF PARADES.","url":"\/12-1053\/","token":"12-1053"},"3":{"id":"593","structure_id":"173","section_number":"12-1054","catch_line":"REVOCATION OF PERMIT.","url":"\/12-1054\/","token":"12-1054"},"4":{"id":"594","structure_id":"173","section_number":"12-1055","catch_line":"PICKETING DEFINED.","url":"\/12-1055\/","token":"12-1055"},"5":{"id":"595","structure_id":"173","section_number":"12-1056","catch_line":"PICKETING PERMITTED; NOTICE OF INTENT AND RECEIPT REQUIRED.","url":"\/12-1056\/","token":"12-1056"},"6":{"id":"596","structure_id":"173","section_number":"12-1057","catch_line":"STANDARDS OF CONDUCT FOR PICKETING ACTIVITIES.","url":"\/12-1057\/","token":"12-1057"},"7":{"id":"597","structure_id":"173","section_number":"12-1058","catch_line":"INTERFERENCE WITH PICKETS PROHIBITED; POLICE AUTHORITY TO DISPERSE CROWDS; FAILURE TO LEAVE WHEN ORDERED DECLARED OFFENSE.","url":"\/12-1058\/","token":"12-1058"},"8":{"id":"598","structure_id":"173","section_number":"12-1059","catch_line":"FOOTRACES AND BICYCLE RACES.","url":"\/12-1059\/","token":"12-1059"},"9":{"id":"599","structure_id":"173","section_number":"12-1060","catch_line":"PROHIBITION OF FIREARMS AND DANGEROUS WEAPONS.","url":"\/12-1060\/","token":"12-1060"}},"previous_section":{"id":"597","structure_id":"173","section_number":"12-1058","catch_line":"INTERFERENCE WITH PICKETS PROHIBITED; POLICE AUTHORITY TO DISPERSE CROWDS; FAILURE TO LEAVE WHEN ORDERED DECLARED OFFENSE.","url":"\/12-1058\/","token":"12-1058"},"next_section":{"id":"599","structure_id":"173","section_number":"12-1060","catch_line":"PROHIBITION OF FIREARMS AND DANGEROUS WEAPONS.","url":"\/12-1060\/","token":"12-1060"},"references":false,"formats":{"txt":"\/12-1059.txt","json":"\/12-1059.xml"},"dublin_core":{"Title":"FOOTRACES AND BICYCLE RACES.","Type":"Text","Format":"text\/html","Identifier":"\u00a7 12-1059","Relation":"Code of State"},"plain_text":"                                  CODE OF STATE\n\nFOOTRACES AND BICYCLE RACES. (\u00a7 12-1059)\n\n(a) The term footrace as used in this section is defined as a group of three (3)\nor more runners or walkers competing against either each other or a time limit\nover a fixed course all or a part of which involves the use of City street\nright-of-way.\n\n(b) The term bicycle race as used in this section is defined as a group of three\n(3) or more bicyclists competing against each other or a time limit over a fixed\ncourse all or a part of which involves the use of City street right-of-way.\n\n(c) \n\n   (1) \tThe name, if any, of the organization or group sponsoring or proposing\n   the race;\n   \n\n   (2) \tThe location or locations in the City where the race is proposed to take\n   place; \n   \n\n   (3) \tThe date and hours for which permit is sought;\n   \n\n   (4) \tThe name of the person applying for the permit; \n   \n\n   (5) \tWhether or not persons below the age of eighteen (18) years are expected\n   to participate; \n   \n\n   (6) \tThe person or persons to be in charge of the activity and who will\n   accompany it and carry permit at all times. \n   \n\n(d) Upon receipt of an application properly completed and timely filed as\nhereinabove set out, the designated officer shall immediately issue a permit\nconsistent with the standards prescribed herein. The permit shall contain all\ninformation stated on the application and shall be signed by the issuing\nofficer.\n\n(e) \n\n   (1) \tNo more than one race may be conducted within the City at any one time. \n   \n\n   (2) \tEvery race shall follow a route approved by the City Council. \n   \n\n   (3) \tNo one participating in a race or proceeding along the route of a race\n   shall distribute therefrom any candy, cigarettes, prizes or favors of any\n   kind. \n   \n\n   (4) \tNo vicious animal whether leashed or unleashed shall participate in or\n   proceed along the route of a race. \n   \n\n   (5) \tThe organizer of an event subject to this section shall make provision\n   for proper safety procedures at intersections and along other sections of the\n   right-of-way. The location of the safety monitors shall be determined by the\n   Chief of Police or his designee and the personnel shall be provided at no cost\n   to the City. Personnel hired for such duties shall be sworn law enforcement\n   officers certified by the North Carolina Criminal Justice Training and\n   Standards Council. \n   \n\n   (6) \tThe permit shall not be issued until the sponsor shall acquire sufficient\n   insurance or approval by the City Attorney to indemnify the City for damages\n   or liability which the City might incur. \n   (Ord. No. 1979-126, \u00a72, 6-19-79)\n"}