{"law_id":"559","section_number":"12-1005","catch_line":"PLACING ARTICLES ON SIDEWALKS SO AS TO OBSTRUCT.","history":"","order_by":"12-1005","metadata":false,"url":"\/12-1005\/","token":"12-1005","structure":{"1":{"id":"171","name":"ARTICLE A. - STREET OBSTRUCTIONS AND ENCROACHMENTS","identifier":"A","label":"article","url":"\/II\/12\/1\/A\/"},"2":{"id":"170","name":"CHAPTER 1. - STREETS AND PUBLIC WAYS","identifier":"1","label":"chapter","url":"\/II\/12\/1\/"},"3":{"id":"169","name":"PART 12 - LICENSING AND REGULATION","identifier":"12","label":"part","url":"\/II\/12\/"},"4":{"id":"5","name":"Division II - Planning and Development","identifier":"II","label":"division","url":"\/II\/"}},"referred_to_by":false,"edition_id":"1","section_id":"559","structure_id":"171","full_text":"(a) It shall be unlawful for any person to obstruct the sidewalks of the City by placing thereon any box, bag, bale, crate, stand, frame, vehicle, coal, wood, brick, lumber, litter, or other obstruction for a longer period than is absolutely necessary for the purpose of loading, unloading, moving or transporting the same.\r\r","text":{"0":{"id":"1528","text":"It shall be unlawful for any person to obstruct the sidewalks of the City by placing thereon any box, bag, bale, crate, stand, frame, vehicle, coal, wood, brick, lumber, litter, or other obstruction for a longer period than is absolutely necessary for the purpose of loading, unloading, moving or transporting the same.","type":"section","prefixes":["(a)"],"prefix":"(a)","entire_prefix":"(a)","prefix_anchor":"(a)","level":1},"1":{"id":"1529","text":"","type":"section","prefixes":["(b)"],"prefix":"(b)","entire_prefix":"(b)","prefix_anchor":"(b)","level":1},"2":{"id":"1530","text":"\tStandard covered garbage cans, at the times and places designated by ordinance or order of the City Manager. \n","type":"section","prefixes":["(b)","(1)"],"prefix":"(1)","entire_prefix":"(b)(1)","prefix_anchor":"(b)(1)","level":2},"3":{"id":"1531","text":"\tIn case of a special permit for construction, dismantling, advertising, and for such other purposes as are or may be provided by ordinance. \n(Code 1959 , \u00a719-13; Ord. No. 1998-454, \u00a719, 11-4-98) \n","type":"section","prefixes":["(b)","(2)"],"prefix":"(2)","entire_prefix":"(b)(2)","prefix_anchor":"(b)(2)","level":2}},"ancestry":{"1":{"id":"171","name":"ARTICLE A. - STREET OBSTRUCTIONS AND ENCROACHMENTS","identifier":"A","label":"article","url":"\/II\/12\/1\/A\/"},"2":{"id":"170","name":"CHAPTER 1. - STREETS AND PUBLIC WAYS","identifier":"1","label":"chapter","url":"\/II\/12\/1\/"},"3":{"id":"169","name":"PART 12 - LICENSING AND REGULATION","identifier":"12","label":"part","url":"\/II\/12\/"},"4":{"id":"5","name":"Division II - Planning and Development","identifier":"II","label":"division","url":"\/II\/"}},"structure_contents":{"0":{"id":"554","structure_id":"171","section_number":"12-1001","catch_line":"AWNINGS, CANOPIES, MARQUEES, SIGNS AND OTHER PROJECTIONS OVER SIDEWALKS.","url":"\/12-1001\/","token":"12-1001"},"1":{"id":"555","structure_id":"171","section_number":"12-1002","catch_line":"BRIDGES OVER GUTTERS.","url":"\/12-1002\/","token":"12-1002"},"2":{"id":"556","structure_id":"171","section_number":"12-1003","catch_line":"CELLAR DOORS, GRATINGS AND MANHOLES IN SIDEWALKS.","url":"\/12-1003\/","token":"12-1003"},"3":{"id":"557","structure_id":"171","section_number":"12-1004","catch_line":"CELLARS AND VAULTS UNDER SIDEWALKS.","url":"\/12-1004\/","token":"12-1004"},"4":{"id":"559","structure_id":"171","section_number":"12-1005","catch_line":"PLACING ARTICLES ON SIDEWALKS SO AS TO OBSTRUCT.","url":"\/12-1005\/","token":"12-1005"},"5":{"id":"560","structure_id":"171","section_number":"12-1006","catch_line":"BICYCLES ON SIDEWALKS.","url":"\/12-1006\/","token":"12-1006"},"6":{"id":"561","structure_id":"171","section_number":"12-1007","catch_line":"RESERVED.","url":"\/12-1007\/","token":"12-1007"},"7":{"id":"562","structure_id":"171","section_number":"12-1007","catch_line":"RESERVED. ","url":"\/12-1007\/","token":"12-1007"}},"previous_section":{"id":"557","structure_id":"171","section_number":"12-1004","catch_line":"CELLARS AND VAULTS UNDER SIDEWALKS.","url":"\/12-1004\/","token":"12-1004"},"next_section":{"id":"560","structure_id":"171","section_number":"12-1006","catch_line":"BICYCLES ON SIDEWALKS.","url":"\/12-1006\/","token":"12-1006"},"references":false,"formats":{"txt":"\/12-1005.txt","json":"\/12-1005.xml"},"dublin_core":{"Title":"PLACING ARTICLES ON SIDEWALKS SO AS TO OBSTRUCT.","Type":"Text","Format":"text\/html","Identifier":"\u00a7 12-1005","Relation":"Code of State"},"plain_text":"                                  CODE OF STATE\n\nPLACING ARTICLES ON SIDEWALKS SO AS TO OBSTRUCT. (\u00a7 12-1005)\n\n(a) It shall be unlawful for any person to obstruct the sidewalks of the City by\nplacing thereon any box, bag, bale, crate, stand, frame, vehicle, coal, wood,\nbrick, lumber, litter, or other obstruction for a longer period than is\nabsolutely necessary for the purpose of loading, unloading, moving or\ntransporting the same.\n\n(b) \n\n   (1) \tStandard covered garbage cans, at the times and places designated by\n   ordinance or order of the City Manager. \n   \n\n   (2) \tIn case of a special permit for construction, dismantling, advertising,\n   and for such other purposes as are or may be provided by ordinance. \n   (Code 1959 , \u00a719-13; Ord. No. 1998-454, \u00a719, 11-4-98)\n"}