{"law_id":"697","section_number":"12-2136","catch_line":"LICENSING OF MASSAGISTS.","history":"","order_by":"12-2136","metadata":false,"url":"\/12-2136\/","token":"12-2136","structure":{"1":{"id":"179","name":"ARTICLE E. - MASSAGES [6]","identifier":"E","label":"article","url":"\/II\/12\/2\/E\/"},"2":{"id":"174","name":"CHAPTER 2. - BUSINESSES AND TRADES","identifier":"2","label":"chapter","url":"\/II\/12\/2\/"},"3":{"id":"169","name":"PART 12 - LICENSING AND REGULATION","identifier":"12","label":"part","url":"\/II\/12\/"},"4":{"id":"5","name":"Division II - Planning and Development","identifier":"II","label":"division","url":"\/II\/"}},"referred_to_by":false,"edition_id":"1","section_id":"697","structure_id":"179","full_text":"(a) No person shall engage in the business or profession of massage unless such person shall have first applied for and received the regulatory license provided by this section.\r\r(c) The application shall be approved if it is determined that the applicant possesses a current, valid license to practice massage and bodywork therapy issued by the State of North Carolina and has not been previously convicted of any violation of any provision of this article or misstated any information submitted in the application. Upon approval of the application and upon receipt of a twenty-five dollar ($25.00) license fee, the collector of revenue shall issue a regulatory license to the applicant. \n(Ord. No. 2001-935, \u00a73, 2-6-01)\r\r","text":{"0":{"id":"2045","text":"No person shall engage in the business or profession of massage unless such person shall have first applied for and received the regulatory license provided by this section.","type":"section","prefixes":["(a)"],"prefix":"(a)","entire_prefix":"(a)","prefix_anchor":"(a)","level":1},"1":{"id":"2046","text":"","type":"section","prefixes":["(b)"],"prefix":"(b)","entire_prefix":"(b)","prefix_anchor":"(b)","level":1},"2":{"id":"2047","text":"\tThe name, age, social security number, and current business and residence addresses of the applicant; \n","type":"section","prefixes":["(b)","(1)"],"prefix":"(1)","entire_prefix":"(b)(1)","prefix_anchor":"(b)(1)","level":2},"3":{"id":"2048","text":"\tThe applicant&#8217;s North Carolina Massage license number; and \n","type":"section","prefixes":["(b)","(2)"],"prefix":"(2)","entire_prefix":"(b)(2)","prefix_anchor":"(b)(2)","level":2},"4":{"id":"2049","text":"\tA statement that the applicant is in good standing with the North Carolina Board of Massage and Bodywork Therapy. \nThe applicant shall submit a copy of the applicant&#8217;s current North Carolina massage license with the application. \n","type":"section","prefixes":["(b)","(3)"],"prefix":"(3)","entire_prefix":"(b)(3)","prefix_anchor":"(b)(3)","level":2},"5":{"id":"2050","text":"The application shall be approved if it is determined that the applicant possesses a current, valid license to practice massage and bodywork therapy issued by the State of North Carolina and has not been previously convicted of any violation of any provision of this article or misstated any information submitted in the application. Upon approval of the application and upon receipt of a twenty-five dollar ($25.00) license fee, the collector of revenue shall issue a regulatory license to the applicant. \n(Ord. No. 2001-935, \u00a73, 2-6-01)","type":"section","prefixes":["(c)"],"prefix":"(c)","entire_prefix":"(c)","prefix_anchor":"(c)","level":1}},"ancestry":{"1":{"id":"179","name":"ARTICLE E. - MASSAGES [6]","identifier":"E","label":"article","url":"\/II\/12\/2\/E\/"},"2":{"id":"174","name":"CHAPTER 2. - BUSINESSES AND TRADES","identifier":"2","label":"chapter","url":"\/II\/12\/2\/"},"3":{"id":"169","name":"PART 12 - LICENSING AND REGULATION","identifier":"12","label":"part","url":"\/II\/12\/"},"4":{"id":"5","name":"Division II - Planning and Development","identifier":"II","label":"division","url":"\/II\/"}},"structure_contents":{"0":{"id":"690","structure_id":"179","section_number":"12-2131","catch_line":"MASSAGES; PURPOSE.","url":"\/12-2131\/","token":"12-2131"},"1":{"id":"693","structure_id":"179","section_number":"12-2132","catch_line":"EXEMPTIONS.","url":"\/12-2132\/","token":"12-2132"},"2":{"id":"694","structure_id":"179","section_number":"12-2133","catch_line":"DEFINITIONS.","url":"\/12-2133\/","token":"12-2133"},"3":{"id":"695","structure_id":"179","section_number":"12-2134","catch_line":"LICENSING OF MASSAGE BUSINESS OPERATORS.","url":"\/12-2134\/","token":"12-2134"},"4":{"id":"696","structure_id":"179","section_number":"12-2135","catch_line":"REVOCATION OF MASSAGE BUSINESS OPERATOR'S LICENSE.","url":"\/12-2135\/","token":"12-2135"},"5":{"id":"697","structure_id":"179","section_number":"12-2136","catch_line":"LICENSING OF MASSAGISTS.","url":"\/12-2136\/","token":"12-2136"},"6":{"id":"698","structure_id":"179","section_number":"12-2137","catch_line":"REVOCATION OF MASSAGIST'S LICENSE.","url":"\/12-2137\/","token":"12-2137"},"7":{"id":"699","structure_id":"179","section_number":"12-2138","catch_line":"EMPLOYER TO USE ONLY LICENSED EMPLOYEES.","url":"\/12-2138\/","token":"12-2138"},"8":{"id":"700","structure_id":"179","section_number":"12-2139","catch_line":"POSTING OF LICENSE.","url":"\/12-2139\/","token":"12-2139"},"9":{"id":"701","structure_id":"179","section_number":"12-2140","catch_line":"EMPLOYMENT OF MINORS.","url":"\/12-2140\/","token":"12-2140"},"10":{"id":"702","structure_id":"179","section_number":"12-2141","catch_line":"HOURS OF OPERATION.","url":"\/12-2141\/","token":"12-2141"},"11":{"id":"704","structure_id":"179","section_number":"12-2142","catch_line":"APPEALS.","url":"\/12-2142\/","token":"12-2142"},"12":{"id":"705","structure_id":"179","section_number":"12-2143","catch_line":"ANNUAL REGULATORY LICENSE.","url":"\/12-2143\/","token":"12-2143"},"13":{"id":"706","structure_id":"179","section_number":"12-2144","catch_line":"PENALTIES.","url":"\/12-2144\/","token":"12-2144"},"14":{"id":"707","structure_id":"179","section_number":"12-2145","catch_line":"RESERVED.","url":"\/12-2145\/","token":"12-2145"}},"previous_section":{"id":"696","structure_id":"179","section_number":"12-2135","catch_line":"REVOCATION OF MASSAGE BUSINESS OPERATOR'S LICENSE.","url":"\/12-2135\/","token":"12-2135"},"next_section":{"id":"698","structure_id":"179","section_number":"12-2137","catch_line":"REVOCATION OF MASSAGIST'S LICENSE.","url":"\/12-2137\/","token":"12-2137"},"references":false,"formats":{"txt":"\/12-2136.txt","json":"\/12-2136.xml"},"dublin_core":{"Title":"LICENSING OF MASSAGISTS.","Type":"Text","Format":"text\/html","Identifier":"\u00a7 12-2136","Relation":"Code of State"},"plain_text":"                                  CODE OF STATE\n\nLICENSING OF MASSAGISTS. (\u00a7 12-2136)\n\n(a) No person shall engage in the business or profession of massage unless such\nperson shall have first applied for and received the regulatory license provided\nby this section.\n\n(b) \n\n   (1) \tThe name, age, social security number, and current business and residence\n   addresses of the applicant; \n   \n\n   (2) \tThe applicant&#8217;s North Carolina Massage license number; and \n   \n\n   (3) \tA statement that the applicant is in good standing with the North\n   Carolina Board of Massage and Bodywork Therapy. \n   The applicant shall submit a copy of the applicant&#8217;s current North\n   Carolina massage license with the application. \n   \n\n(c) The application shall be approved if it is determined that the applicant\npossesses a current, valid license to practice massage and bodywork therapy\nissued by the State of North Carolina and has not been previously convicted of\nany violation of any provision of this article or misstated any information\nsubmitted in the application. Upon approval of the application and upon receipt\nof a twenty-five dollar ($25.00) license fee, the collector of revenue shall\nissue a regulatory license to the applicant. \n(Ord. No. 2001-935, \u00a73, 2-6-01)\n"}