{"law_id":"719","section_number":"12-2165","catch_line":"STANDARDS.","history":"","order_by":"12-2165","metadata":false,"url":"\/12-2165\/","token":"12-2165","structure":{"1":{"id":"181","name":"ARTICLE G. - PROBATIONARY RENTAL OCCUPANCY PERMIT [8]","identifier":"G","label":"article","url":"\/II\/12\/2\/G\/"},"2":{"id":"174","name":"CHAPTER 2. - BUSINESSES AND TRADES","identifier":"2","label":"chapter","url":"\/II\/12\/2\/"},"3":{"id":"169","name":"PART 12 - LICENSING AND REGULATION","identifier":"12","label":"part","url":"\/II\/12\/"},"4":{"id":"5","name":"Division II - Planning and Development","identifier":"II","label":"division","url":"\/II\/"}},"referred_to_by":{"0":{"id":"720","section_number":"12-2166","catch_line":"COMPLIANCE WITH PROVISIONS.","url":"http:\/\/localhost:8888\/12-2166\/"},"1":{"id":"730","section_number":"12-2177","catch_line":"REGISTRATION REQUIREMENT.","url":"http:\/\/localhost:8888\/12-2177\/"}},"edition_id":"1","section_id":"719","structure_id":"181","full_text":"(a) The permittee shall respond to the Department making contact, either in person or by telephone within two (2) business days after being contacted at the telephone number provided in the application, to the Raleigh Police Department, the Fire Department, or the Inspections Department. The permittee shall submit to the department making the contact, within three (3) days of the response, written documentation of the response. The permittee may designate a licensed rental agency as the person responsible for responding to calls for assistance from the Raleigh Police Department, the Fire Department, or the Inspections Department. The designated agency must have at least one agent located in the City or within twenty-five (25) miles of the City&#8217;s planning jurisdiction who is authorized by it to respond to calls. The designation shall be effective only after a notarized statement is submitted to the Inspections Department in which the responsible employee is identified and agrees to accept the duty.\r\r(b) The permittee at least once during the first year of the permit period shall attend one residential management course conducted or approved by the City. The Inspections Department shall maintain a list of approved courses.\r\r(c) The permittee shall maintain the dwelling so that it does not violate any applicable provision of the zoning Code, minimum housing Code, or other Code provision listed in the definition of probationary rental residential dwelling at \u00a712-2163\r\r(d) The permittee shall maintain a current list of occupants. Upon request, by City inspectors, police, and fire and emergency response personnel investigating violations or potential violations of this article, the permittee shall present the list of occupants to the investigating personnel.\r\r(e) The permittee shall obtain a \u00a710-6125(c) certificate of housing Code compliance before a vacant probationary rental residential dwelling with an unresolved notice of violation of the Housing Code is occupied by another tenant.\r\r(f) The permittee shall comply with the requirements of this article.\r\r(g) The Public Utilities Department shall not provide water service to a vacant probationary rental residential dwelling which is in violation of the Housing Code until a certificate of housing Code compliance has been issued for the dwelling pursuant to \u00a710-6125(c), unless the Director of the Public Utilities Department determines such service is necessary for public health reasons and will not be used by occupants of the dwelling for residential purposes.\r\r(h) Within thirty (30) days of the designation of a dwelling as probationary residential rental dwelling, the owner shall deliver a written notification, using the form approved by the Department of Inspections, to each tenant that the dwelling is a probationary rental residential dwelling. Prior to entering into a rental agreement, whether oral or written, the permittee shall provide written notification, using the form approved by the Department of Inspections, to each prospective tenant that the dwelling is a probationary rental residential dwelling. In the notification, the permittee shall explain the possible enforcement actions which can be applied for violations of the probationary rental occupancy permit. The permittee shall provide proof of the delivery to the Inspections Department along with a copy of the notification within ten (10) days of receipt of proof of delivery.\r\r(i) Within thirty (30) days of the designation of a dwelling as probationary residential rental dwelling, the owner of a condominium or a dwelling in a townhouse development, shall deliver a written notification, using the form approved by the Department of Inspections, to the association or governing body which controls the property commonly owned and associated with the dwelling, that the dwelling is a probationary rental residential dwelling. In the notification, the permittee shall explain the possible enforcement actions which can be applied for violations of the probationary rental occupancy permit on the common property of the association. The permittee shall provide proof of the delivery to the Inspections Department along with a copy of the notification within ten (10) days of receipt of proof of delivery.\r\r(j) Within thirty (30) days of the designation of an apartment house as probationary residential rental dwelling and when the persons owning the apartment house and the apartment complex are not the same person, the owner of an apartment house, shall deliver a written notification, using the form approved by the Department of Inspections, to the owner of the apartment project which controls the property commonly owned and associated with the apartment house, that the apartment house is a probationary rental residential dwelling. In the notification, the permittee shall explain the possible enforcement actions which can be applied for violations of the probationary rental occupancy permit on the common property of the apartment complex. The permittee shall provide proof of the delivery to the Inspections Department along with a copy of the notification within ten (10) days of receipt of proof of delivery. \n(Ord. No. 2004-720, \u00a71, 10-19-04; Ord. No. 2006-54, \u00a7\u00a79, 14, 15, 7-11-06)\r\r","text":{"0":{"id":"2150","text":"The permittee shall respond to the Department making contact, either in person or by telephone within two (2) business days after being contacted at the telephone number provided in the application, to the Raleigh Police Department, the Fire Department, or the Inspections Department. The permittee shall submit to the department making the contact, within three (3) days of the response, written documentation of the response. The permittee may designate a licensed rental agency as the person responsible for responding to calls for assistance from the Raleigh Police Department, the Fire Department, or the Inspections Department. The designated agency must have at least one agent located in the City or within twenty-five (25) miles of the City&#8217;s planning jurisdiction who is authorized by it to respond to calls. The designation shall be effective only after a notarized statement is submitted to the Inspections Department in which the responsible employee is identified and agrees to accept the duty.","type":"section","prefixes":["(a)"],"prefix":"(a)","entire_prefix":"(a)","prefix_anchor":"(a)","level":1},"1":{"id":"2151","text":"The permittee at least once during the first year of the permit period shall attend one residential management course conducted or approved by the City. The Inspections Department shall maintain a list of approved courses.","type":"section","prefixes":["(b)"],"prefix":"(b)","entire_prefix":"(b)","prefix_anchor":"(b)","level":1},"2":{"id":"2152","text":"The permittee shall maintain the dwelling so that it does not violate any applicable provision of the zoning Code, minimum housing Code, or other Code provision listed in the definition of probationary rental residential dwelling at \u00a712-2163","type":"section","prefixes":["(c)"],"prefix":"(c)","entire_prefix":"(c)","prefix_anchor":"(c)","level":1},"3":{"id":"2153","text":"The permittee shall maintain a current list of occupants. Upon request, by City inspectors, police, and fire and emergency response personnel investigating violations or potential violations of this article, the permittee shall present the list of occupants to the investigating personnel.","type":"section","prefixes":["(d)"],"prefix":"(d)","entire_prefix":"(d)","prefix_anchor":"(d)","level":1},"4":{"id":"2154","text":"The permittee shall obtain a \u00a710-6125(c) certificate of housing Code compliance before a vacant probationary rental residential dwelling with an unresolved notice of violation of the Housing Code is occupied by another tenant.","type":"section","prefixes":["(e)"],"prefix":"(e)","entire_prefix":"(e)","prefix_anchor":"(e)","level":1},"5":{"id":"2155","text":"The permittee shall comply with the requirements of this article.","type":"section","prefixes":["(f)"],"prefix":"(f)","entire_prefix":"(f)","prefix_anchor":"(f)","level":1},"6":{"id":"2156","text":"The Public Utilities Department shall not provide water service to a vacant probationary rental residential dwelling which is in violation of the Housing Code until a certificate of housing Code compliance has been issued for the dwelling pursuant to \u00a710-6125(c), unless the Director of the Public Utilities Department determines such service is necessary for public health reasons and will not be used by occupants of the dwelling for residential purposes.","type":"section","prefixes":["(g)"],"prefix":"(g)","entire_prefix":"(g)","prefix_anchor":"(g)","level":1},"7":{"id":"2157","text":"Within thirty (30) days of the designation of a dwelling as probationary residential rental dwelling, the owner shall deliver a written notification, using the form approved by the Department of Inspections, to each tenant that the dwelling is a probationary rental residential dwelling. Prior to entering into a rental agreement, whether oral or written, the permittee shall provide written notification, using the form approved by the Department of Inspections, to each prospective tenant that the dwelling is a probationary rental residential dwelling. In the notification, the permittee shall explain the possible enforcement actions which can be applied for violations of the probationary rental occupancy permit. The permittee shall provide proof of the delivery to the Inspections Department along with a copy of the notification within ten (10) days of receipt of proof of delivery.","type":"section","prefixes":["(h)"],"prefix":"(h)","entire_prefix":"(h)","prefix_anchor":"(h)","level":1},"8":{"id":"2158","text":"Within thirty (30) days of the designation of a dwelling as probationary residential rental dwelling, the owner of a condominium or a dwelling in a townhouse development, shall deliver a written notification, using the form approved by the Department of Inspections, to the association or governing body which controls the property commonly owned and associated with the dwelling, that the dwelling is a probationary rental residential dwelling. In the notification, the permittee shall explain the possible enforcement actions which can be applied for violations of the probationary rental occupancy permit on the common property of the association. The permittee shall provide proof of the delivery to the Inspections Department along with a copy of the notification within ten (10) days of receipt of proof of delivery.","type":"section","prefixes":["(i)"],"prefix":"(i)","entire_prefix":"(i)","prefix_anchor":"(i)","level":1},"9":{"id":"2159","text":"Within thirty (30) days of the designation of an apartment house as probationary residential rental dwelling and when the persons owning the apartment house and the apartment complex are not the same person, the owner of an apartment house, shall deliver a written notification, using the form approved by the Department of Inspections, to the owner of the apartment project which controls the property commonly owned and associated with the apartment house, that the apartment house is a probationary rental residential dwelling. In the notification, the permittee shall explain the possible enforcement actions which can be applied for violations of the probationary rental occupancy permit on the common property of the apartment complex. The permittee shall provide proof of the delivery to the Inspections Department along with a copy of the notification within ten (10) days of receipt of proof of delivery. \n(Ord. No. 2004-720, \u00a71, 10-19-04; Ord. No. 2006-54, \u00a7\u00a79, 14, 15, 7-11-06)","type":"section","prefixes":["(j)"],"prefix":"(j)","entire_prefix":"(j)","prefix_anchor":"(j)","level":1}},"ancestry":{"1":{"id":"181","name":"ARTICLE G. - PROBATIONARY RENTAL OCCUPANCY PERMIT [8]","identifier":"G","label":"article","url":"\/II\/12\/2\/G\/"},"2":{"id":"174","name":"CHAPTER 2. - BUSINESSES AND TRADES","identifier":"2","label":"chapter","url":"\/II\/12\/2\/"},"3":{"id":"169","name":"PART 12 - LICENSING AND REGULATION","identifier":"12","label":"part","url":"\/II\/12\/"},"4":{"id":"5","name":"Division II - Planning and Development","identifier":"II","label":"division","url":"\/II\/"}},"structure_contents":{"0":{"id":"716","structure_id":"181","section_number":"12-2162","catch_line":"FINDINGS AND DECLARATION OF NECESSITY.","url":"\/12-2162\/","token":"12-2162"},"1":{"id":"717","structure_id":"181","section_number":"12-2163","catch_line":"DEFINITIONS.","url":"\/12-2163\/","token":"12-2163"},"2":{"id":"718","structure_id":"181","section_number":"12-2164","catch_line":"PERMITTING OF PROBATIONARY RENTAL RESIDENTIAL DWELLINGS.","url":"\/12-2164\/","token":"12-2164"},"3":{"id":"719","structure_id":"181","section_number":"12-2165","catch_line":"STANDARDS.","url":"\/12-2165\/","token":"12-2165"},"4":{"id":"720","structure_id":"181","section_number":"12-2166","catch_line":"COMPLIANCE WITH PROVISIONS.","url":"\/12-2166\/","token":"12-2166"},"5":{"id":"721","structure_id":"181","section_number":"12-2167","catch_line":"ENFORCEMENT.","url":"\/12-2167\/","token":"12-2167"},"6":{"id":"722","structure_id":"181","section_number":"12-2168","catch_line":"APPEAL.","url":"\/12-2168\/","token":"12-2168"},"7":{"id":"723","structure_id":"181","section_number":"12-2169","catch_line":"ADMINISTRATIVE FEE AND ARBITRATION FEE.","url":"\/12-2169\/","token":"12-2169"},"8":{"id":"724","structure_id":"181","section_number":"12-2170","catch_line":"METHODS OF SERVICE.","url":"\/12-2170\/","token":"12-2170"},"9":{"id":"726","structure_id":"181","section_number":"12-2171","catch_line":"RELATION TO OTHER LAWS.","url":"\/12-2171\/","token":"12-2171"},"10":{"id":"727","structure_id":"181","section_number":"12-2172","catch_line":"RESERVED.","url":"\/12-2172\/","token":"12-2172"}},"previous_section":{"id":"718","structure_id":"181","section_number":"12-2164","catch_line":"PERMITTING OF PROBATIONARY RENTAL RESIDENTIAL DWELLINGS.","url":"\/12-2164\/","token":"12-2164"},"next_section":{"id":"720","structure_id":"181","section_number":"12-2166","catch_line":"COMPLIANCE WITH PROVISIONS.","url":"\/12-2166\/","token":"12-2166"},"references":{"0":{"id":"718","section_number":"12-2164","catch_line":"PERMITTING OF PROBATIONARY RENTAL RESIDENTIAL DWELLINGS.","url":"http:\/\/localhost:8888\/12-2164\/"},"1":{"id":"721","section_number":"12-2167","catch_line":"ENFORCEMENT.","url":"http:\/\/localhost:8888\/12-2167\/"}},"formats":{"txt":"\/12-2165.txt","json":"\/12-2165.xml"},"dublin_core":{"Title":"STANDARDS.","Type":"Text","Format":"text\/html","Identifier":"\u00a7 12-2165","Relation":"Code of State"},"plain_text":"                                  CODE OF STATE\n\nSTANDARDS. (\u00a7 12-2165)\n\n(a) The permittee shall respond to the Department making contact, either in\nperson or by telephone within two (2) business days after being contacted at the\ntelephone number provided in the application, to the Raleigh Police Department,\nthe Fire Department, or the Inspections Department. The permittee shall submit\nto the department making the contact, within three (3) days of the response,\nwritten documentation of the response. The permittee may designate a licensed\nrental agency as the person responsible for responding to calls for assistance\nfrom the Raleigh Police Department, the Fire Department, or the Inspections\nDepartment. The designated agency must have at least one agent located in the\nCity or within twenty-five (25) miles of the City&#8217;s planning jurisdiction\nwho is authorized by it to respond to calls. The designation shall be effective\nonly after a notarized statement is submitted to the Inspections Department in\nwhich the responsible employee is identified and agrees to accept the duty.\n\n(b) The permittee at least once during the first year of the permit period shall\nattend one residential management course conducted or approved by the City. The\nInspections Department shall maintain a list of approved courses.\n\n(c) The permittee shall maintain the dwelling so that it does not violate any\napplicable provision of the zoning Code, minimum housing Code, or other Code\nprovision listed in the definition of probationary rental residential dwelling\nat \u00a712-2163\n\n(d) The permittee shall maintain a current list of occupants. Upon request, by\nCity inspectors, police, and fire and emergency response personnel investigating\nviolations or potential violations of this article, the permittee shall present\nthe list of occupants to the investigating personnel.\n\n(e) The permittee shall obtain a \u00a710-6125(c) certificate of housing Code\ncompliance before a vacant probationary rental residential dwelling with an\nunresolved notice of violation of the Housing Code is occupied by another\ntenant.\n\n(f) The permittee shall comply with the requirements of this article.\n\n(g) The Public Utilities Department shall not provide water service to a vacant\nprobationary rental residential dwelling which is in violation of the Housing\nCode until a certificate of housing Code compliance has been issued for the\ndwelling pursuant to \u00a710-6125(c), unless the Director of the Public Utilities\nDepartment determines such service is necessary for public health reasons and\nwill not be used by occupants of the dwelling for residential purposes.\n\n(h) Within thirty (30) days of the designation of a dwelling as probationary\nresidential rental dwelling, the owner shall deliver a written notification,\nusing the form approved by the Department of Inspections, to each tenant that\nthe dwelling is a probationary rental residential dwelling. Prior to entering\ninto a rental agreement, whether oral or written, the permittee shall provide\nwritten notification, using the form approved by the Department of Inspections,\nto each prospective tenant that the dwelling is a probationary rental\nresidential dwelling. In the notification, the permittee shall explain the\npossible enforcement actions which can be applied for violations of the\nprobationary rental occupancy permit. The permittee shall provide proof of the\ndelivery to the Inspections Department along with a copy of the notification\nwithin ten (10) days of receipt of proof of delivery.\n\n(i) Within thirty (30) days of the designation of a dwelling as probationary\nresidential rental dwelling, the owner of a condominium or a dwelling in a\ntownhouse development, shall deliver a written notification, using the form\napproved by the Department of Inspections, to the association or governing body\nwhich controls the property commonly owned and associated with the dwelling,\nthat the dwelling is a probationary rental residential dwelling. In the\nnotification, the permittee shall explain the possible enforcement actions which\ncan be applied for violations of the probationary rental occupancy permit on the\ncommon property of the association. The permittee shall provide proof of the\ndelivery to the Inspections Department along with a copy of the notification\nwithin ten (10) days of receipt of proof of delivery.\n\n(j) Within thirty (30) days of the designation of an apartment house as\nprobationary residential rental dwelling and when the persons owning the\napartment house and the apartment complex are not the same person, the owner of\nan apartment house, shall deliver a written notification, using the form\napproved by the Department of Inspections, to the owner of the apartment project\nwhich controls the property commonly owned and associated with the apartment\nhouse, that the apartment house is a probationary rental residential dwelling.\nIn the notification, the permittee shall explain the possible enforcement\nactions which can be applied for violations of the probationary rental occupancy\npermit on the common property of the apartment complex. The permittee shall\nprovide proof of the delivery to the Inspections Department along with a copy of\nthe notification within ten (10) days of receipt of proof of delivery. \n(Ord. No. 2004-720, \u00a71, 10-19-04; Ord. No. 2006-54, \u00a7\u00a79, 14, 15, 7-11-06)\n"}