{"law_id":"715","section_number":"12-2161","catch_line":"REGISTRATION OF SUPPORTIVE HOUSING RESIDENCES AND MULTI-UNIT SUPPORTIVE HOUSING RESIDENCES.","history":"","order_by":"12-2161","metadata":false,"url":"\/12-2161\/","token":"12-2161","structure":{"1":{"id":"180","name":"ARTICLE F. - SHORT-TERM RESIDENTIAL OCCUPANCIES [7]","identifier":"F","label":"article","url":"\/II\/12\/2\/F\/"},"2":{"id":"174","name":"CHAPTER 2. - BUSINESSES AND TRADES","identifier":"2","label":"chapter","url":"\/II\/12\/2\/"},"3":{"id":"169","name":"PART 12 - LICENSING AND REGULATION","identifier":"12","label":"part","url":"\/II\/12\/"},"4":{"id":"5","name":"Division II - Planning and Development","identifier":"II","label":"division","url":"\/II\/"}},"referred_to_by":{"0":{"id":"711","section_number":"12-2158","catch_line":"COMPLIANCE WITH PROVISIONS.","url":"http:\/\/localhost:8888\/12-2158\/"},"1":{"id":"715","section_number":"12-2161","catch_line":"REGISTRATION OF SUPPORTIVE HOUSING RESIDENCES AND MULTI-UNIT SUPPORTIVE HOUSING RESIDENCES.","url":"http:\/\/localhost:8888\/12-2161\/"}},"edition_id":"1","section_id":"715","structure_id":"180","full_text":"(b) Supportive housing residences or multi-unit supportive housing residences must obtain and maintain any and all applicable federal, state, local or other licenses required for such facilities before registering.\r\r(c) Any changes in licensure status or in designated &#8220;operator representative&#8221; must be reported to the Zoning Enforcement Administrator immediately. \n(Ord. No. 1994-365-TC-71, \u00a721, TC-22-93, 4-5-94; Ord. No. 2011-953, \u00a7\u00a71, 2, 10-4-11; Ord. No. 2012-16, \u00a71, 2-21-12) \nCross reference: Radius requirements for multi-unit supportive housing residences and supportive housing residences, \u00a710-2072(b). \n\n________________________________________\nFOOTNOTE(S):\n________________________________________\n&#8212; (7) &#8212; \nEditor&#8217;s note: Ord. No. 1987-915, \u00a71, adopted Feb. 3, 1987, repealed \u00a7\u00a712-2155\u201412-2161 of Article F, pertaining to precious metal dealers, as derived from Ord. No. 1980-511, adopted Nov. 4, 1980, and Ord. No. 1981-603, \u00a71, adopted Mar. 17, 1981. \u00a71 of Ord. No. 1992-31, adopted Aug. 11, 1992, effective Oct. 31, 1992, added a new article, \u00a7\u00a712-2155\u201412-2160. (Back)\r\r","text":{"0":{"id":"2095","text":"","type":"section","prefixes":["(a)"],"prefix":"(a)","entire_prefix":"(a)","prefix_anchor":"(a)","level":1},"1":{"id":"2096","text":"\tThe address of the residence, \n","type":"section","prefixes":["(a)","(1)"],"prefix":"(1)","entire_prefix":"(a)(1)","prefix_anchor":"(a)(1)","level":2},"2":{"id":"2097","text":"\tThe name, address and telephone number of the &#8220;operator representative,&#8221;\n","type":"section","prefixes":["(a)","(2)"],"prefix":"(2)","entire_prefix":"(a)(2)","prefix_anchor":"(a)(2)","level":2},"3":{"id":"2098","text":"\tThe number of occupants permitted to dwell there, and\n","type":"section","prefixes":["(a)","(3)"],"prefix":"(3)","entire_prefix":"(a)(3)","prefix_anchor":"(a)(3)","level":2},"4":{"id":"2099","text":"\tFor an initial registration, an affirmation that the residence is not located in violation of applicable radius separation requirements for such facilities. \nFor purposes of this section, &#8220;operator representative&#8221; shall mean an individual who represents the operator or residents of a supportive housing residence or a multi-unit supportive housing residence who is responsible for addressing problems with the operation of such a facility, if any, whenever they arise. The &#8220;operator representative&#8221; may live on-site at the facility or off-site, but must be available to the public. \n","type":"section","prefixes":["(a)","(4)"],"prefix":"(4)","entire_prefix":"(a)(4)","prefix_anchor":"(a)(4)","level":2},"5":{"id":"2100","text":"Supportive housing residences or multi-unit supportive housing residences must obtain and maintain any and all applicable federal, state, local or other licenses required for such facilities before registering.","type":"section","prefixes":["(b)"],"prefix":"(b)","entire_prefix":"(b)","prefix_anchor":"(b)","level":1},"6":{"id":"2101","text":"Any changes in licensure status or in designated &#8220;operator representative&#8221; must be reported to the Zoning Enforcement Administrator immediately. \n(Ord. No. 1994-365-TC-71, \u00a721, TC-22-93, 4-5-94; Ord. No. 2011-953, \u00a7\u00a71, 2, 10-4-11; Ord. No. 2012-16, \u00a71, 2-21-12) \nCross reference: Radius requirements for multi-unit supportive housing residences and supportive housing residences, \u00a710-2072(b). \n\n________________________________________\nFOOTNOTE(S):\n________________________________________\n&#8212; (7) &#8212; \nEditor&#8217;s note: Ord. No. 1987-915, \u00a71, adopted Feb. 3, 1987, repealed \u00a7\u00a712-2155\u201412-2161 of Article F, pertaining to precious metal dealers, as derived from Ord. No. 1980-511, adopted Nov. 4, 1980, and Ord. No. 1981-603, \u00a71, adopted Mar. 17, 1981. \u00a71 of Ord. No. 1992-31, adopted Aug. 11, 1992, effective Oct. 31, 1992, added a new article, \u00a7\u00a712-2155\u201412-2160. (Back)","type":"section","prefixes":["(c)"],"prefix":"(c)","entire_prefix":"(c)","prefix_anchor":"(c)","level":1}},"ancestry":{"1":{"id":"180","name":"ARTICLE F. - SHORT-TERM RESIDENTIAL OCCUPANCIES [7]","identifier":"F","label":"article","url":"\/II\/12\/2\/F\/"},"2":{"id":"174","name":"CHAPTER 2. - BUSINESSES AND TRADES","identifier":"2","label":"chapter","url":"\/II\/12\/2\/"},"3":{"id":"169","name":"PART 12 - LICENSING AND REGULATION","identifier":"12","label":"part","url":"\/II\/12\/"},"4":{"id":"5","name":"Division II - Planning and Development","identifier":"II","label":"division","url":"\/II\/"}},"structure_contents":{"0":{"id":"708","structure_id":"180","section_number":"12-2155","catch_line":"DECLARATION OF NECESSITY.","url":"\/12-2155\/","token":"12-2155"},"1":{"id":"709","structure_id":"180","section_number":"12-2156","catch_line":"LICENSE REQUIRED.","url":"\/12-2156\/","token":"12-2156"},"2":{"id":"710","structure_id":"180","section_number":"12-2157","catch_line":"STANDARDS.","url":"\/12-2157\/","token":"12-2157"},"3":{"id":"711","structure_id":"180","section_number":"12-2158","catch_line":"COMPLIANCE WITH PROVISIONS.","url":"\/12-2158\/","token":"12-2158"},"4":{"id":"712","structure_id":"180","section_number":"12-2159","catch_line":"ENFORCEMENT.","url":"\/12-2159\/","token":"12-2159"},"5":{"id":"713","structure_id":"180","section_number":"12-2160","catch_line":"RELATION TO OTHER LAWS.","url":"\/12-2160\/","token":"12-2160"},"6":{"id":"715","structure_id":"180","section_number":"12-2161","catch_line":"REGISTRATION OF SUPPORTIVE HOUSING RESIDENCES AND MULTI-UNIT SUPPORTIVE HOUSING RESIDENCES.","url":"\/12-2161\/","token":"12-2161"}},"previous_section":{"id":"713","structure_id":"180","section_number":"12-2160","catch_line":"RELATION TO OTHER LAWS.","url":"\/12-2160\/","token":"12-2160"},"references":{"0":{"id":"715","section_number":"12-2161","catch_line":"REGISTRATION OF SUPPORTIVE HOUSING RESIDENCES AND MULTI-UNIT SUPPORTIVE HOUSING RESIDENCES.","url":"http:\/\/localhost:8888\/12-2161\/"}},"formats":{"txt":"\/12-2161.txt","json":"\/12-2161.xml"},"dublin_core":{"Title":"REGISTRATION OF SUPPORTIVE HOUSING RESIDENCES AND MULTI-UNIT SUPPORTIVE HOUSING RESIDENCES.","Type":"Text","Format":"text\/html","Identifier":"\u00a7 12-2161","Relation":"Code of State"},"plain_text":"                                  CODE OF STATE\n\nREGISTRATION OF SUPPORTIVE HOUSING RESIDENCES AND MULTI-UNIT SUPPORTIVE HOUSING\nRESIDENCES. (\u00a7 12-2161)\n\n(a) \n\n   (1) \tThe address of the residence, \n   \n\n   (2) \tThe name, address and telephone number of the &#8220;operator\n   representative,&#8221;\n   \n\n   (3) \tThe number of occupants permitted to dwell there, and\n   \n\n   (4) \tFor an initial registration, an affirmation that the residence is not\n   located in violation of applicable radius separation requirements for such\n   facilities. \n   For purposes of this section, &#8220;operator representative&#8221; shall mean\n   an individual who represents the operator or residents of a supportive housing\n   residence or a multi-unit supportive housing residence who is responsible for\n   addressing problems with the operation of such a facility, if any, whenever\n   they arise. The &#8220;operator representative&#8221; may live on-site at the\n   facility or off-site, but must be available to the public. \n   \n\n(b) Supportive housing residences or multi-unit supportive housing residences\nmust obtain and maintain any and all applicable federal, state, local or other\nlicenses required for such facilities before registering.\n\n(c) Any changes in licensure status or in designated &#8220;operator\nrepresentative&#8221; must be reported to the Zoning Enforcement Administrator\nimmediately. \n(Ord. No. 1994-365-TC-71, \u00a721, TC-22-93, 4-5-94; Ord. No. 2011-953, \u00a7\u00a71, 2,\n10-4-11; Ord. No. 2012-16, \u00a71, 2-21-12) \nCross reference: Radius requirements for multi-unit supportive housing\nresidences and supportive housing residences, \u00a710-2072(b). \n\n________________________________________\nFOOTNOTE(S):\n________________________________________\n&#8212; (7) &#8212; \nEditor&#8217;s note: Ord. No. 1987-915, \u00a71, adopted Feb. 3, 1987, repealed\n\u00a7\u00a712-2155\u201412-2161 of Article F, pertaining to precious metal dealers, as\nderived from Ord. No. 1980-511, adopted Nov. 4, 1980, and Ord. No. 1981-603,\n\u00a71, adopted Mar. 17, 1981. \u00a71 of Ord. No. 1992-31, adopted Aug. 11, 1992,\neffective Oct. 31, 1992, added a new article, \u00a7\u00a712-2155\u201412-2160. (Back)\n"}