{"law_id":"716","edition_id":"1","section_id":"716","structure_id":"181","section_number":"12-2162","catch_line":"FINDINGS AND DECLARATION OF NECESSITY.","history":"","full_text":"(a) Reduce the likelihood that these residential housing accommodations will become public nuisances in violation of G.S. 19-1(b).\r\r(b) Promote responsible management of these housing accommodations.\r\r(c) Assist in providing a safe habitat for residents and neighbors of these facilities.\r\r(d) Safeguard property values.\r\r(e) Reduce the likelihood that housing accommodations where such problems most frequently have arisen and which are unfit for human habitation, dangerous, or injurious to the public will exist or be occupied.\r\r(f) Expedite repair of residential housing accommodations where such problems arise. \n(Ord. No. 2004-720, \u00a71, 10-19-04; Ord. No. 2008-415, \u00a71, 7-1-08)\r\r","order_by":"12-2162","text":{"0":{"id":"2102","text":"Reduce the likelihood that these residential housing accommodations will become public nuisances in violation of G.S. 19-1(b).","type":"section","prefixes":["(a)"],"prefix":"(a)","entire_prefix":"(a)","prefix_anchor":"(a)","level":1},"1":{"id":"2103","text":"Promote responsible management of these housing accommodations.","type":"section","prefixes":["(b)"],"prefix":"(b)","entire_prefix":"(b)","prefix_anchor":"(b)","level":1},"2":{"id":"2104","text":"Assist in providing a safe habitat for residents and neighbors of these facilities.","type":"section","prefixes":["(c)"],"prefix":"(c)","entire_prefix":"(c)","prefix_anchor":"(c)","level":1},"3":{"id":"2105","text":"Safeguard property values.","type":"section","prefixes":["(d)"],"prefix":"(d)","entire_prefix":"(d)","prefix_anchor":"(d)","level":1},"4":{"id":"2106","text":"Reduce the likelihood that housing accommodations where such problems most frequently have arisen and which are unfit for human habitation, dangerous, or injurious to the public will exist or be occupied.","type":"section","prefixes":["(e)"],"prefix":"(e)","entire_prefix":"(e)","prefix_anchor":"(e)","level":1},"5":{"id":"2107","text":"Expedite repair of residential housing accommodations where such problems arise. \n(Ord. No. 2004-720, \u00a71, 10-19-04; Ord. No. 2008-415, \u00a71, 7-1-08)","type":"section","prefixes":["(f)"],"prefix":"(f)","entire_prefix":"(f)","prefix_anchor":"(f)","level":1}},"ancestry":{"1":{"id":"181","name":"ARTICLE G. - PROBATIONARY RENTAL OCCUPANCY PERMIT [8]","identifier":"G","label":"article","url":"\/II\/12\/2\/G\/"},"2":{"id":"174","name":"CHAPTER 2. - BUSINESSES AND TRADES","identifier":"2","label":"chapter","url":"\/II\/12\/2\/"},"3":{"id":"169","name":"PART 12 - LICENSING AND REGULATION","identifier":"12","label":"part","url":"\/II\/12\/"},"4":{"id":"5","name":"Division II - Planning and Development","identifier":"II","label":"division","url":"\/II\/"}},"structure_contents":{"0":{"id":"716","structure_id":"181","section_number":"12-2162","catch_line":"FINDINGS AND DECLARATION OF NECESSITY.","url":"\/12-2162\/","token":"12-2162"},"1":{"id":"717","structure_id":"181","section_number":"12-2163","catch_line":"DEFINITIONS.","url":"\/12-2163\/","token":"12-2163"},"2":{"id":"718","structure_id":"181","section_number":"12-2164","catch_line":"PERMITTING OF PROBATIONARY RENTAL RESIDENTIAL DWELLINGS.","url":"\/12-2164\/","token":"12-2164"},"3":{"id":"719","structure_id":"181","section_number":"12-2165","catch_line":"STANDARDS.","url":"\/12-2165\/","token":"12-2165"},"4":{"id":"720","structure_id":"181","section_number":"12-2166","catch_line":"COMPLIANCE WITH PROVISIONS.","url":"\/12-2166\/","token":"12-2166"},"5":{"id":"721","structure_id":"181","section_number":"12-2167","catch_line":"ENFORCEMENT.","url":"\/12-2167\/","token":"12-2167"},"6":{"id":"722","structure_id":"181","section_number":"12-2168","catch_line":"APPEAL.","url":"\/12-2168\/","token":"12-2168"},"7":{"id":"723","structure_id":"181","section_number":"12-2169","catch_line":"ADMINISTRATIVE FEE AND ARBITRATION FEE.","url":"\/12-2169\/","token":"12-2169"},"8":{"id":"724","structure_id":"181","section_number":"12-2170","catch_line":"METHODS OF SERVICE.","url":"\/12-2170\/","token":"12-2170"},"9":{"id":"726","structure_id":"181","section_number":"12-2171","catch_line":"RELATION TO OTHER LAWS.","url":"\/12-2171\/","token":"12-2171"},"10":{"id":"727","structure_id":"181","section_number":"12-2172","catch_line":"RESERVED.","url":"\/12-2172\/","token":"12-2172"}},"next_section":{"id":"717","structure_id":"181","section_number":"12-2163","catch_line":"DEFINITIONS.","url":"\/12-2163\/","token":"12-2163"},"metadata":false,"references":false,"url":"\/12-2162\/","token":"12-2162","formats":{"txt":"\/12-2162.txt","json":"\/12-2162.xml"},"dublin_core":{"Title":"FINDINGS AND DECLARATION OF NECESSITY.","Type":"Text","Format":"text\/html","Identifier":"\u00a7 12-2162","Relation":"Code of State"},"plain_text":"                                  CODE OF STATE\n\nFINDINGS AND DECLARATION OF NECESSITY. (\u00a7 12-2162)\n\n(a) Reduce the likelihood that these residential housing accommodations will\nbecome public nuisances in violation of G.S. 19-1(b).\n\n(b) Promote responsible management of these housing accommodations.\n\n(c) Assist in providing a safe habitat for residents and neighbors of these\nfacilities.\n\n(d) Safeguard property values.\n\n(e) Reduce the likelihood that housing accommodations where such problems most\nfrequently have arisen and which are unfit for human habitation, dangerous, or\ninjurious to the public will exist or be occupied.\n\n(f) Expedite repair of residential housing accommodations where such problems\narise. \n(Ord. No. 2004-720, \u00a71, 10-19-04; Ord. No. 2008-415, \u00a71, 7-1-08)\n"}