{"law_id":"702","section_number":"12-2141","catch_line":"HOURS OF OPERATION.","history":"","order_by":"12-2141","metadata":false,"url":"\/12-2141\/","token":"12-2141","structure":{"1":{"id":"179","name":"ARTICLE E. - MASSAGES [6]","identifier":"E","label":"article","url":"\/II\/12\/2\/E\/"},"2":{"id":"174","name":"CHAPTER 2. - BUSINESSES AND TRADES","identifier":"2","label":"chapter","url":"\/II\/12\/2\/"},"3":{"id":"169","name":"PART 12 - LICENSING AND REGULATION","identifier":"12","label":"part","url":"\/II\/12\/"},"4":{"id":"5","name":"Division II - Planning and Development","identifier":"II","label":"division","url":"\/II\/"}},"referred_to_by":false,"edition_id":"1","section_id":"702","structure_id":"179","full_text":"(a) It shall be unlawful for any person licensed as a massagist to massage or treat any person between the hours of 11:30 p.m. and 5:00 a.m.\r\r(b) It shall be unlawful for any person, corporation, partnership, or association licensed under this article to admit customers or prospective customers, or remain open for business, or allow, permit, or condone any massage or treatment of any person upon the premises between the hours of 11:30 p.m. and 5:00 a.m.\r\r(c) A violation of this section shall be deemed sufficient grounds for revocation of a license. \n(Ord. No. 2001-935, \u00a73, 2-6-01)\r\r","text":{"0":{"id":"2058","text":"It shall be unlawful for any person licensed as a massagist to massage or treat any person between the hours of 11:30 p.m. and 5:00 a.m.","type":"section","prefixes":["(a)"],"prefix":"(a)","entire_prefix":"(a)","prefix_anchor":"(a)","level":1},"1":{"id":"2059","text":"It shall be unlawful for any person, corporation, partnership, or association licensed under this article to admit customers or prospective customers, or remain open for business, or allow, permit, or condone any massage or treatment of any person upon the premises between the hours of 11:30 p.m. and 5:00 a.m.","type":"section","prefixes":["(b)"],"prefix":"(b)","entire_prefix":"(b)","prefix_anchor":"(b)","level":1},"2":{"id":"2060","text":"A violation of this section shall be deemed sufficient grounds for revocation of a license. \n(Ord. No. 2001-935, \u00a73, 2-6-01)","type":"section","prefixes":["(c)"],"prefix":"(c)","entire_prefix":"(c)","prefix_anchor":"(c)","level":1}},"ancestry":{"1":{"id":"179","name":"ARTICLE E. - MASSAGES [6]","identifier":"E","label":"article","url":"\/II\/12\/2\/E\/"},"2":{"id":"174","name":"CHAPTER 2. - BUSINESSES AND TRADES","identifier":"2","label":"chapter","url":"\/II\/12\/2\/"},"3":{"id":"169","name":"PART 12 - LICENSING AND REGULATION","identifier":"12","label":"part","url":"\/II\/12\/"},"4":{"id":"5","name":"Division II - Planning and Development","identifier":"II","label":"division","url":"\/II\/"}},"structure_contents":{"0":{"id":"690","structure_id":"179","section_number":"12-2131","catch_line":"MASSAGES; PURPOSE.","url":"\/12-2131\/","token":"12-2131"},"1":{"id":"693","structure_id":"179","section_number":"12-2132","catch_line":"EXEMPTIONS.","url":"\/12-2132\/","token":"12-2132"},"2":{"id":"694","structure_id":"179","section_number":"12-2133","catch_line":"DEFINITIONS.","url":"\/12-2133\/","token":"12-2133"},"3":{"id":"695","structure_id":"179","section_number":"12-2134","catch_line":"LICENSING OF MASSAGE BUSINESS OPERATORS.","url":"\/12-2134\/","token":"12-2134"},"4":{"id":"696","structure_id":"179","section_number":"12-2135","catch_line":"REVOCATION OF MASSAGE BUSINESS OPERATOR'S LICENSE.","url":"\/12-2135\/","token":"12-2135"},"5":{"id":"697","structure_id":"179","section_number":"12-2136","catch_line":"LICENSING OF MASSAGISTS.","url":"\/12-2136\/","token":"12-2136"},"6":{"id":"698","structure_id":"179","section_number":"12-2137","catch_line":"REVOCATION OF MASSAGIST'S LICENSE.","url":"\/12-2137\/","token":"12-2137"},"7":{"id":"699","structure_id":"179","section_number":"12-2138","catch_line":"EMPLOYER TO USE ONLY LICENSED EMPLOYEES.","url":"\/12-2138\/","token":"12-2138"},"8":{"id":"700","structure_id":"179","section_number":"12-2139","catch_line":"POSTING OF LICENSE.","url":"\/12-2139\/","token":"12-2139"},"9":{"id":"701","structure_id":"179","section_number":"12-2140","catch_line":"EMPLOYMENT OF MINORS.","url":"\/12-2140\/","token":"12-2140"},"10":{"id":"702","structure_id":"179","section_number":"12-2141","catch_line":"HOURS OF OPERATION.","url":"\/12-2141\/","token":"12-2141"},"11":{"id":"704","structure_id":"179","section_number":"12-2142","catch_line":"APPEALS.","url":"\/12-2142\/","token":"12-2142"},"12":{"id":"705","structure_id":"179","section_number":"12-2143","catch_line":"ANNUAL REGULATORY LICENSE.","url":"\/12-2143\/","token":"12-2143"},"13":{"id":"706","structure_id":"179","section_number":"12-2144","catch_line":"PENALTIES.","url":"\/12-2144\/","token":"12-2144"},"14":{"id":"707","structure_id":"179","section_number":"12-2145","catch_line":"RESERVED.","url":"\/12-2145\/","token":"12-2145"}},"previous_section":{"id":"701","structure_id":"179","section_number":"12-2140","catch_line":"EMPLOYMENT OF MINORS.","url":"\/12-2140\/","token":"12-2140"},"next_section":{"id":"704","structure_id":"179","section_number":"12-2142","catch_line":"APPEALS.","url":"\/12-2142\/","token":"12-2142"},"references":false,"formats":{"txt":"\/12-2141.txt","json":"\/12-2141.xml"},"dublin_core":{"Title":"HOURS OF OPERATION.","Type":"Text","Format":"text\/html","Identifier":"\u00a7 12-2141","Relation":"Code of State"},"plain_text":"                                  CODE OF STATE\n\nHOURS OF OPERATION. (\u00a7 12-2141)\n\n(a) It shall be unlawful for any person licensed as a massagist to massage or\ntreat any person between the hours of 11:30 p.m. and 5:00 a.m.\n\n(b) It shall be unlawful for any person, corporation, partnership, or\nassociation licensed under this article to admit customers or prospective\ncustomers, or remain open for business, or allow, permit, or condone any massage\nor treatment of any person upon the premises between the hours of 11:30 p.m. and\n5:00 a.m.\n\n(c) A violation of this section shall be deemed sufficient grounds for\nrevocation of a license. \n(Ord. No. 2001-935, \u00a73, 2-6-01)\n"}