{"law_id":"626","section_number":"12-2043","catch_line":"FARES; SCHEDULE.","history":"","order_by":"12-2043","metadata":false,"url":"\/12-2043\/","token":"12-2043","structure":{"1":{"id":"176","name":"ARTICLE B. - VEHICLES FOR HIRE","identifier":"B","label":"article","url":"\/II\/12\/2\/B\/"},"2":{"id":"174","name":"CHAPTER 2. - BUSINESSES AND TRADES","identifier":"2","label":"chapter","url":"\/II\/12\/2\/"},"3":{"id":"169","name":"PART 12 - LICENSING AND REGULATION","identifier":"12","label":"part","url":"\/II\/12\/"},"4":{"id":"5","name":"Division II - Planning and Development","identifier":"II","label":"division","url":"\/II\/"}},"referred_to_by":{"0":{"id":"605","section_number":"12-2024","catch_line":"COMPLIANCE WITH ARTICLE; ENFORCEMENT SANCTIONS.","url":"http:\/\/localhost:8888\/12-2024\/"}},"edition_id":"1","section_id":"626","structure_id":"176","full_text":"(b) Effective from and after April 15, 1995, handivan service: a surcharge of seven dollars and fifty cents ($7.50) per one-way trip added to the premium taxi rate.\r\r(d) Upon being issued a public certificate of conveyance [convenience] and necessity or a driver&#8217;s permit, each owner and driver shall file with the taxi inspector a written schedule of the rates they charge. No rate shall be charged which is different than on file with the taxi inspector. \n(Code 1959 , \u00a722-24; Ord. No. 1966-611, \u00a71, 9-6-77; Ord. No. 1978-799, \u00a72, 5-16-78; Ord. No. 1978-181, 8-21-79; Ord. No. 1983-111, \u00a7\u00a71\u20143, 5-3-83; Ord. No. 1990-541, \u00a7\u00a71\u20145, 5-1-90; Ord. No. 1990-674, \u00a74, 11-6-90; Ord. No. 1995-568, \u00a71, 3-7-95; Ord. No. 2000-737, \u00a71, 2-15-00; Ord. No. 2006-99, \u00a71, 9-19-06; Ord. No. 2006-121, \u00a71, 11-7-06)\r\r","text":{"0":{"id":"1774","text":"","type":"section","prefixes":["(a)"],"prefix":"(a)","entire_prefix":"(a)","prefix_anchor":"(a)","level":1},"1":{"id":"1775","text":"\tMileage rates. One dollar and ninety-five cents ($1.95) for the first one-tenth mile or fraction thereof, and twenty-five cents ($0.25) for each additional one-tenth of a mile or fraction thereof. \n","type":"section","prefixes":["(a)","(1)"],"prefix":"(1)","entire_prefix":"(a)(1)","prefix_anchor":"(a)(1)","level":2},"2":{"id":"1776","text":"\tWaiting time. Twenty-five cents ($0.25) for each one minute of waiting time or fraction thereof.\n","type":"section","prefixes":["(a)","(2)"],"prefix":"(2)","entire_prefix":"(a)(2)","prefix_anchor":"(a)(2)","level":2},"3":{"id":"1777","text":"Effective from and after April 15, 1995, handivan service: a surcharge of seven dollars and fifty cents ($7.50) per one-way trip added to the premium taxi rate.","type":"section","prefixes":["(b)"],"prefix":"(b)","entire_prefix":"(b)","prefix_anchor":"(b)","level":1},"4":{"id":"1778","text":"","type":"section","prefixes":["(c)"],"prefix":"(c)","entire_prefix":"(c)","prefix_anchor":"(c)","level":1},"5":{"id":"1779","text":"\tFoot lockers. Fifty cents ($0.50) each.\n","type":"section","prefixes":["(c)","(1)"],"prefix":"(1)","entire_prefix":"(c)(1)","prefix_anchor":"(c)(1)","level":2},"6":{"id":"1780","text":"\tTrunks. One dollar ($1.00) for each trunk, except where two (2) persons are required to handle, the charge shall be one dollar and fifty cents ($1.50) for each trunk. \n","type":"section","prefixes":["(c)","(2)"],"prefix":"(2)","entire_prefix":"(c)(2)","prefix_anchor":"(c)(2)","level":2},"7":{"id":"1781","text":"\tHand baggage. Ten cents ($0.10) for each handling in excess of one handbag per person. \n","type":"section","prefixes":["(c)","(3)"],"prefix":"(3)","entire_prefix":"(c)(3)","prefix_anchor":"(c)(3)","level":2},"8":{"id":"1782","text":"\tGroceries in bags. Ten cents ($0.10) for each bag in excess of one bag per person. \n","type":"section","prefixes":["(c)","(4)"],"prefix":"(4)","entire_prefix":"(c)(4)","prefix_anchor":"(c)(4)","level":2},"9":{"id":"1783","text":"\tGroceries in cartons, boxes or crates. Ten cents ($0.10) for each container.\n","type":"section","prefixes":["(c)","(5)"],"prefix":"(5)","entire_prefix":"(c)(5)","prefix_anchor":"(c)(5)","level":2},"10":{"id":"1784","text":"\tBulky items. Fifty cents ($0.50) for each article, container of commodity (such as, but not limited to, bags, cartons, boxes or crates of groceries, coal, feed, fertilizer, rolls of roofing paper, etc.) weighing more than fifty (50) pounds. \n","type":"section","prefixes":["(c)","(6)"],"prefix":"(6)","entire_prefix":"(c)(6)","prefix_anchor":"(c)(6)","level":2},"11":{"id":"1785","text":"Upon being issued a public certificate of conveyance [convenience] and necessity or a driver&#8217;s permit, each owner and driver shall file with the taxi inspector a written schedule of the rates they charge. No rate shall be charged which is different than on file with the taxi inspector. \n(Code 1959 , \u00a722-24; Ord. No. 1966-611, \u00a71, 9-6-77; Ord. No. 1978-799, \u00a72, 5-16-78; Ord. No. 1978-181, 8-21-79; Ord. No. 1983-111, \u00a7\u00a71\u20143, 5-3-83; Ord. No. 1990-541, \u00a7\u00a71\u20145, 5-1-90; Ord. No. 1990-674, \u00a74, 11-6-90; Ord. No. 1995-568, \u00a71, 3-7-95; Ord. No. 2000-737, \u00a71, 2-15-00; Ord. No. 2006-99, \u00a71, 9-19-06; Ord. No. 2006-121, \u00a71, 11-7-06)","type":"section","prefixes":["(d)"],"prefix":"(d)","entire_prefix":"(d)","prefix_anchor":"(d)","level":1}},"ancestry":{"1":{"id":"176","name":"ARTICLE B. - VEHICLES FOR HIRE","identifier":"B","label":"article","url":"\/II\/12\/2\/B\/"},"2":{"id":"174","name":"CHAPTER 2. - BUSINESSES AND TRADES","identifier":"2","label":"chapter","url":"\/II\/12\/2\/"},"3":{"id":"169","name":"PART 12 - LICENSING AND REGULATION","identifier":"12","label":"part","url":"\/II\/12\/"},"4":{"id":"5","name":"Division II - Planning and Development","identifier":"II","label":"division","url":"\/II\/"}},"structure_contents":{"0":{"id":"601","structure_id":"176","section_number":"12-2021","catch_line":"SHORT TITLE.","url":"\/12-2021\/","token":"12-2021"},"1":{"id":"602","structure_id":"176","section_number":"12-2022","catch_line":"DEFINITIONS.","url":"\/12-2022\/","token":"12-2022"},"2":{"id":"604","structure_id":"176","section_number":"12-2023","catch_line":"TAXICAB INSPECTOR; OFFICE CREATED; DUTIES GENERALLY.","url":"\/12-2023\/","token":"12-2023"},"3":{"id":"605","structure_id":"176","section_number":"12-2024","catch_line":"COMPLIANCE WITH ARTICLE; ENFORCEMENT SANCTIONS.","url":"\/12-2024\/","token":"12-2024"},"4":{"id":"606","structure_id":"176","section_number":"12-2025","catch_line":"INSURANCE.","url":"\/12-2025\/","token":"12-2025"},"5":{"id":"607","structure_id":"176","section_number":"12-2026","catch_line":"OWNER INFORMATION FILE.","url":"\/12-2026\/","token":"12-2026"},"6":{"id":"608","structure_id":"176","section_number":"12-2027","catch_line":"TYPE OF TAXICAB.","url":"\/12-2027\/","token":"12-2027"},"7":{"id":"609","structure_id":"176","section_number":"12-2028","catch_line":"EQUIPMENT; ITEMS REQUIRED.","url":"\/12-2028\/","token":"12-2028"},"8":{"id":"610","structure_id":"176","section_number":"12-2029","catch_line":"FILING DESCRIPTION.","url":"\/12-2029\/","token":"12-2029"},"9":{"id":"611","structure_id":"176","section_number":"12-2030","catch_line":"IDENTIFICATION OF VEHICLES.","url":"\/12-2030\/","token":"12-2030"},"10":{"id":"612","structure_id":"176","section_number":"12-2031","catch_line":"CONDITION OF VEHICLE; INSPECTION.","url":"\/12-2031\/","token":"12-2031"},"11":{"id":"613","structure_id":"176","section_number":"12-2032","catch_line":"MAINTENANCE.","url":"\/12-2032\/","token":"12-2032"},"12":{"id":"615","structure_id":"176","section_number":"12-2033","catch_line":"SANITATION.","url":"\/12-2033\/","token":"12-2033"},"13":{"id":"616","structure_id":"176","section_number":"12-2034","catch_line":"DRIVERS' MANIFESTS.","url":"\/12-2034\/","token":"12-2034"},"14":{"id":"617","structure_id":"176","section_number":"12-2035","catch_line":"ACCEPTING ADDITIONAL PASSENGERS.","url":"\/12-2035\/","token":"12-2035"},"15":{"id":"618","structure_id":"176","section_number":"12-2036","catch_line":"RESTRICTION ON NUMBER OF PASSENGERS.","url":"\/12-2036\/","token":"12-2036"},"16":{"id":"619","structure_id":"176","section_number":"12-2037","catch_line":"REFUSAL TO CARRY ORDERLY PASSENGERS.","url":"\/12-2037\/","token":"12-2037"},"17":{"id":"620","structure_id":"176","section_number":"12-2038","catch_line":"DECEPTION OF PASSENGERS.","url":"\/12-2038\/","token":"12-2038"},"18":{"id":"621","structure_id":"176","section_number":"12-2039","catch_line":"COMPLIANCE WITH PASSENGERS' REQUESTS.","url":"\/12-2039\/","token":"12-2039"},"19":{"id":"622","structure_id":"176","section_number":"12-2040","catch_line":"USE OF TOBACCO.","url":"\/12-2040\/","token":"12-2040"},"20":{"id":"623","structure_id":"176","section_number":"12-2041","catch_line":"LOST ARTICLES.","url":"\/12-2041\/","token":"12-2041"},"21":{"id":"624","structure_id":"176","section_number":"12-2042","catch_line":"ATTENDING VEHICLE BY DRIVER.","url":"\/12-2042\/","token":"12-2042"},"22":{"id":"626","structure_id":"176","section_number":"12-2043","catch_line":"FARES; SCHEDULE.","url":"\/12-2043\/","token":"12-2043"},"23":{"id":"627","structure_id":"176","section_number":"12-2044","catch_line":"HIRING WITH INTENT NOT TO PAY.","url":"\/12-2044\/","token":"12-2044"},"24":{"id":"628","structure_id":"176","section_number":"12-2045","catch_line":"FURNISHING RECEIPT.","url":"\/12-2045\/","token":"12-2045"},"25":{"id":"629","structure_id":"176","section_number":"12-2046","catch_line":"RATE CARD; ISSUANCE, POSTING, COMPLYING WITH.","url":"\/12-2046\/","token":"12-2046"},"26":{"id":"630","structure_id":"176","section_number":"12-2047","catch_line":"TAXI INSPECTOR'S HOURS.","url":"\/12-2047\/","token":"12-2047"},"27":{"id":"631","structure_id":"176","section_number":"12-2048","catch_line":"RESERVED.","url":"\/12-2048\/","token":"12-2048"},"28":{"id":"632","structure_id":"176","section_number":"12-2048","catch_line":"RESERVED. ","url":"\/12-2048\/","token":"12-2048"},"29":{"id":"633","structure_id":"176","section_number":"12-2051","catch_line":"REQUIRED.","url":"\/12-2051\/","token":"12-2051"},"30":{"id":"634","structure_id":"176","section_number":"12-2052","catch_line":"APPLICATION.","url":"\/12-2052\/","token":"12-2052"},"31":{"id":"635","structure_id":"176","section_number":"12-2053","catch_line":"ISSUANCE.","url":"\/12-2053\/","token":"12-2053"},"32":{"id":"637","structure_id":"176","section_number":"12-2054","catch_line":"FORM.","url":"\/12-2054\/","token":"12-2054"},"33":{"id":"638","structure_id":"176","section_number":"12-2055","catch_line":"EXPIRATION.","url":"\/12-2055\/","token":"12-2055"},"34":{"id":"639","structure_id":"176","section_number":"12-2056","catch_line":"PERMIT ISSUANCE, RENEWAL REQUIREMENT; EXCEPTIONS.","url":"\/12-2056\/","token":"12-2056"},"35":{"id":"640","structure_id":"176","section_number":"12-2057","catch_line":"ASSIGNMENT OR TRANSFER.","url":"\/12-2057\/","token":"12-2057"},"36":{"id":"641","structure_id":"176","section_number":"12-2058","catch_line":"ISSUANCE OF MEMORANDUM PERMIT.","url":"\/12-2058\/","token":"12-2058"},"37":{"id":"642","structure_id":"176","section_number":"12-2059","catch_line":"REVOCATION UPON CHANGE OF OWNERSHIP; ISSUANCE TO NEW OWNER.","url":"\/12-2059\/","token":"12-2059"},"38":{"id":"643","structure_id":"176","section_number":"12-2060","catch_line":"SUSPENSION AND REVOCATION; CAUSES, HEARING.","url":"\/12-2060\/","token":"12-2060"},"39":{"id":"644","structure_id":"176","section_number":"12-2061","catch_line":"SURRENDER OF PERMIT; RETIRING VEHICLES FROM SERVICE.","url":"\/12-2061\/","token":"12-2061"},"40":{"id":"645","structure_id":"176","section_number":"12-2062","catch_line":"RESERVED.","url":"\/12-2062\/","token":"12-2062"},"41":{"id":"646","structure_id":"176","section_number":"12-2062","catch_line":"RESERVED. ","url":"\/12-2062\/","token":"12-2062"},"42":{"id":"648","structure_id":"176","section_number":"12-2071","catch_line":"PARTICIPATION REQUIREMENTS.","url":"\/12-2071\/","token":"12-2071"},"43":{"id":"649","structure_id":"176","section_number":"12-2072","catch_line":"DETERMINATION OF ELIGIBILITY.","url":"\/12-2072\/","token":"12-2072"},"44":{"id":"650","structure_id":"176","section_number":"12-2073","catch_line":"REDEMPTION OF SCRIP.","url":"\/12-2073\/","token":"12-2073"},"45":{"id":"651","structure_id":"176","section_number":"12-2074","catch_line":"PENALTIES.","url":"\/12-2074\/","token":"12-2074"},"46":{"id":"652","structure_id":"176","section_number":"12-2075","catch_line":"RESERVED.","url":"\/12-2075\/","token":"12-2075"},"47":{"id":"653","structure_id":"176","section_number":"12-2081","catch_line":"REQUIRED.","url":"\/12-2081\/","token":"12-2081"},"48":{"id":"654","structure_id":"176","section_number":"12-2082","catch_line":"APPLICATION.","url":"\/12-2082\/","token":"12-2082"},"49":{"id":"655","structure_id":"176","section_number":"12-2083","catch_line":"PROBATIONARY DRIVER'S PERMIT.","url":"\/12-2083\/","token":"12-2083"},"50":{"id":"656","structure_id":"176","section_number":"12-2084","catch_line":"EXAMINATION AND INVESTIGATION.","url":"\/12-2084\/","token":"12-2084"},"51":{"id":"657","structure_id":"176","section_number":"12-2085","catch_line":"QUALIFICATIONS.","url":"\/12-2085\/","token":"12-2085"},"52":{"id":"659","structure_id":"176","section_number":"12-2086","catch_line":"REFUSAL TO ISSUE.","url":"\/12-2086\/","token":"12-2086"},"53":{"id":"660","structure_id":"176","section_number":"12-2087","catch_line":"APPEAL FROM REFUSAL.","url":"\/12-2087\/","token":"12-2087"},"54":{"id":"661","structure_id":"176","section_number":"12-2088","catch_line":"GRANTING.","url":"\/12-2088\/","token":"12-2088"},"55":{"id":"662","structure_id":"176","section_number":"12-2089","catch_line":"CONTENTS AND EFFECT.","url":"\/12-2089\/","token":"12-2089"},"56":{"id":"663","structure_id":"176","section_number":"12-2090","catch_line":"SAFETY PERMIT.","url":"\/12-2090\/","token":"12-2090"},"57":{"id":"664","structure_id":"176","section_number":"12-2091","catch_line":"REVOCATION.","url":"\/12-2091\/","token":"12-2091"},"58":{"id":"665","structure_id":"176","section_number":"12-2092","catch_line":"SURRENDER, DISPLAY, LOSS, ETC., OF DRIVER'S PERMIT.","url":"\/12-2092\/","token":"12-2092"},"59":{"id":"666","structure_id":"176","section_number":"12-2093","catch_line":"EXPIRATION, RENEWAL.","url":"\/12-2093\/","token":"12-2093"},"60":{"id":"667","structure_id":"176","section_number":"12-2094","catch_line":"RESERVED.","url":"\/12-2094\/","token":"12-2094"},"61":{"id":"668","structure_id":"176","section_number":"12-2094","catch_line":"RESERVED. ","url":"\/12-2094\/","token":"12-2094"}},"previous_section":{"id":"624","structure_id":"176","section_number":"12-2042","catch_line":"ATTENDING VEHICLE BY DRIVER.","url":"\/12-2042\/","token":"12-2042"},"next_section":{"id":"627","structure_id":"176","section_number":"12-2044","catch_line":"HIRING WITH INTENT NOT TO PAY.","url":"\/12-2044\/","token":"12-2044"},"references":{"0":{"id":"629","section_number":"12-2046","catch_line":"RATE CARD; ISSUANCE, POSTING, COMPLYING WITH.","url":"http:\/\/localhost:8888\/12-2046\/"}},"formats":{"txt":"\/12-2043.txt","json":"\/12-2043.xml"},"dublin_core":{"Title":"FARES; SCHEDULE.","Type":"Text","Format":"text\/html","Identifier":"\u00a7 12-2043","Relation":"Code of State"},"plain_text":"                                  CODE OF STATE\n\nFARES; SCHEDULE. (\u00a7 12-2043)\n\n(a) \n\n   (1) \tMileage rates. One dollar and ninety-five cents ($1.95) for the first\n   one-tenth mile or fraction thereof, and twenty-five cents ($0.25) for each\n   additional one-tenth of a mile or fraction thereof. \n   \n\n   (2) \tWaiting time. Twenty-five cents ($0.25) for each one minute of waiting\n   time or fraction thereof.\n   \n\n(b) Effective from and after April 15, 1995, handivan service: a surcharge of\nseven dollars and fifty cents ($7.50) per one-way trip added to the premium taxi\nrate.\n\n(c) \n\n   (1) \tFoot lockers. Fifty cents ($0.50) each.\n   \n\n   (2) \tTrunks. One dollar ($1.00) for each trunk, except where two (2) persons\n   are required to handle, the charge shall be one dollar and fifty cents ($1.50)\n   for each trunk. \n   \n\n   (3) \tHand baggage. Ten cents ($0.10) for each handling in excess of one\n   handbag per person. \n   \n\n   (4) \tGroceries in bags. Ten cents ($0.10) for each bag in excess of one bag\n   per person. \n   \n\n   (5) \tGroceries in cartons, boxes or crates. Ten cents ($0.10) for each\n   container.\n   \n\n   (6) \tBulky items. Fifty cents ($0.50) for each article, container of commodity\n   (such as, but not limited to, bags, cartons, boxes or crates of groceries,\n   coal, feed, fertilizer, rolls of roofing paper, etc.) weighing more than fifty\n   (50) pounds. \n   \n\n(d) Upon being issued a public certificate of conveyance [convenience] and\nnecessity or a driver&#8217;s permit, each owner and driver shall file with the\ntaxi inspector a written schedule of the rates they charge. No rate shall be\ncharged which is different than on file with the taxi inspector. \n(Code 1959 , \u00a722-24; Ord. No. 1966-611, \u00a71, 9-6-77; Ord. No. 1978-799, \u00a72,\n5-16-78; Ord. No. 1978-181, 8-21-79; Ord. No. 1983-111, \u00a7\u00a71\u20143, 5-3-83; Ord.\nNo. 1990-541, \u00a7\u00a71\u20145, 5-1-90; Ord. No. 1990-674, \u00a74, 11-6-90; Ord. No.\n1995-568, \u00a71, 3-7-95; Ord. No. 2000-737, \u00a71, 2-15-00; Ord. No. 2006-99, \u00a71,\n9-19-06; Ord. No. 2006-121, \u00a71, 11-7-06)\n"}