{"law_id":"696","section_number":"12-2135","catch_line":"REVOCATION OF MASSAGE BUSINESS OPERATOR&#8217;S LICENSE.","history":"","order_by":"12-2135","metadata":false,"url":"\/12-2135\/","token":"12-2135","structure":{"1":{"id":"179","name":"ARTICLE E. - MASSAGES [6]","identifier":"E","label":"article","url":"\/II\/12\/2\/E\/"},"2":{"id":"174","name":"CHAPTER 2. - BUSINESSES AND TRADES","identifier":"2","label":"chapter","url":"\/II\/12\/2\/"},"3":{"id":"169","name":"PART 12 - LICENSING AND REGULATION","identifier":"12","label":"part","url":"\/II\/12\/"},"4":{"id":"5","name":"Division II - Planning and Development","identifier":"II","label":"division","url":"\/II\/"}},"referred_to_by":false,"edition_id":"1","section_id":"696","structure_id":"179","full_text":"(b) A license issued pursuant to this article is void if the licensee moves or ceases operating a massage business at the location required to be stated in the application for license pursuant to this article. A licensee may transfer the massage business license to a new location once in any calendar year upon payment of a fifty-dollar ($50.00) nonrefundable transfer fee and upon confirmation from the inspections division that the new location complies with all zoning and building regulations and ordinances, and from the Fire Department that the new location complies with all laws relating to fire prevention. A licensee who, consistent with zoning regulations, lawfully operates the massage business out of the licensee&#8217;s home and who signs a statement under oath that the licensee will not perform massage within the home or allow the public to enter the home in connection with the massage business is not required to submit to a building or fire prevention inspection. \n(Ord. No. 2001-935, \u00a73, 2-6-01)\r\r","text":{"0":{"id":"2036","text":"","type":"section","prefixes":["(a)"],"prefix":"(a)","entire_prefix":"(a)","prefix_anchor":"(a)","level":1},"1":{"id":"2037","text":"\tThat the licensee has violated any provision of this chapter;\n","type":"section","prefixes":["(a)","(1)"],"prefix":"(1)","entire_prefix":"(a)(1)","prefix_anchor":"(a)(1)","level":2},"2":{"id":"2038","text":"\tThat the licensee, or any agent of the licensee, employs or permits to be on the premises of the applicant&#8217;s massage business any person practicing the business or profession of massage who has not been licensed by the State of North Carolina or who has not been issued the regulatory license required by this article, or whose license under this article or under North Carolina General Statutes has been revoked or is currently suspended; \n","type":"section","prefixes":["(a)","(2)"],"prefix":"(2)","entire_prefix":"(a)(2)","prefix_anchor":"(a)(2)","level":2},"3":{"id":"2039","text":"\tThat the licensee, or the legal or beneficial owner of any interest in the licensee, is convicted of any crime involving sexual misconduct, including but not limited to a violation of: G.S. 14-177\u201414-202.4 (offenses against public morality and decency); G.S. 14-203\u201414-208 (prostitution); \u00a7\u00a713-3002 and 13-2015 of this Code, a Federal prostitution statute; or any other governmental units&#8217; regulations of massages; \n","type":"section","prefixes":["(a)","(3)"],"prefix":"(3)","entire_prefix":"(a)(3)","prefix_anchor":"(a)(3)","level":2},"4":{"id":"2040","text":"\tThat any current employee of the licensee is convicted of any felony in connection with his or her employment, or is convicted of any crime involving sexual misconduct, including, but not limited to, a violation of G.S. 14-177\u201414-202.4 (offenses against public morality and decency); G.S. 14-203\u201414-208 (prostitution); \u00a7\u00a713-3002 and 13-2015 of this Code; any Federal prostitution statute; or any governmental units&#8217; regulations of massage; \n","type":"section","prefixes":["(a)","(4)"],"prefix":"(4)","entire_prefix":"(a)(4)","prefix_anchor":"(a)(4)","level":2},"5":{"id":"2041","text":"\tThat the licensee violates any zoning, building, or fire prevention ordinance, or if exempted from building or fire prevention inspections, performs massage to a client or for a fee within the home or allows the public to enter the home in connection with the massage business; \n","type":"section","prefixes":["(a)","(5)"],"prefix":"(5)","entire_prefix":"(a)(5)","prefix_anchor":"(a)(5)","level":2},"6":{"id":"2042","text":"\tThat the licensed business is conducted or allowed to be conducted in a manner constituting a public nuisance; or\n","type":"section","prefixes":["(a)","(6)"],"prefix":"(6)","entire_prefix":"(a)(6)","prefix_anchor":"(a)(6)","level":2},"7":{"id":"2043","text":"\tThat the licensee has failed to supervise an employee and the employee has, in connection with the massage business, been convicted of a violation of G.S. 14-177\u201414-202.4 (offenses against public morality and decency), G.S. 14-203\u201414-208 (prostitution); \u00a7\u00a713-3002 and 13-2015 of this Code, a Federal prostitution statute, or any other governmental units&#8217; regulations of massages. \n","type":"section","prefixes":["(a)","(7)"],"prefix":"(7)","entire_prefix":"(a)(7)","prefix_anchor":"(a)(7)","level":2},"8":{"id":"2044","text":"A license issued pursuant to this article is void if the licensee moves or ceases operating a massage business at the location required to be stated in the application for license pursuant to this article. A licensee may transfer the massage business license to a new location once in any calendar year upon payment of a fifty-dollar ($50.00) nonrefundable transfer fee and upon confirmation from the inspections division that the new location complies with all zoning and building regulations and ordinances, and from the Fire Department that the new location complies with all laws relating to fire prevention. A licensee who, consistent with zoning regulations, lawfully operates the massage business out of the licensee&#8217;s home and who signs a statement under oath that the licensee will not perform massage within the home or allow the public to enter the home in connection with the massage business is not required to submit to a building or fire prevention inspection. \n(Ord. No. 2001-935, \u00a73, 2-6-01)","type":"section","prefixes":["(b)"],"prefix":"(b)","entire_prefix":"(b)","prefix_anchor":"(b)","level":1}},"ancestry":{"1":{"id":"179","name":"ARTICLE E. - MASSAGES [6]","identifier":"E","label":"article","url":"\/II\/12\/2\/E\/"},"2":{"id":"174","name":"CHAPTER 2. - BUSINESSES AND TRADES","identifier":"2","label":"chapter","url":"\/II\/12\/2\/"},"3":{"id":"169","name":"PART 12 - LICENSING AND REGULATION","identifier":"12","label":"part","url":"\/II\/12\/"},"4":{"id":"5","name":"Division II - Planning and Development","identifier":"II","label":"division","url":"\/II\/"}},"structure_contents":{"0":{"id":"690","structure_id":"179","section_number":"12-2131","catch_line":"MASSAGES; PURPOSE.","url":"\/12-2131\/","token":"12-2131"},"1":{"id":"693","structure_id":"179","section_number":"12-2132","catch_line":"EXEMPTIONS.","url":"\/12-2132\/","token":"12-2132"},"2":{"id":"694","structure_id":"179","section_number":"12-2133","catch_line":"DEFINITIONS.","url":"\/12-2133\/","token":"12-2133"},"3":{"id":"695","structure_id":"179","section_number":"12-2134","catch_line":"LICENSING OF MASSAGE BUSINESS OPERATORS.","url":"\/12-2134\/","token":"12-2134"},"4":{"id":"696","structure_id":"179","section_number":"12-2135","catch_line":"REVOCATION OF MASSAGE BUSINESS OPERATOR'S LICENSE.","url":"\/12-2135\/","token":"12-2135"},"5":{"id":"697","structure_id":"179","section_number":"12-2136","catch_line":"LICENSING OF MASSAGISTS.","url":"\/12-2136\/","token":"12-2136"},"6":{"id":"698","structure_id":"179","section_number":"12-2137","catch_line":"REVOCATION OF MASSAGIST'S LICENSE.","url":"\/12-2137\/","token":"12-2137"},"7":{"id":"699","structure_id":"179","section_number":"12-2138","catch_line":"EMPLOYER TO USE ONLY LICENSED EMPLOYEES.","url":"\/12-2138\/","token":"12-2138"},"8":{"id":"700","structure_id":"179","section_number":"12-2139","catch_line":"POSTING OF LICENSE.","url":"\/12-2139\/","token":"12-2139"},"9":{"id":"701","structure_id":"179","section_number":"12-2140","catch_line":"EMPLOYMENT OF MINORS.","url":"\/12-2140\/","token":"12-2140"},"10":{"id":"702","structure_id":"179","section_number":"12-2141","catch_line":"HOURS OF OPERATION.","url":"\/12-2141\/","token":"12-2141"},"11":{"id":"704","structure_id":"179","section_number":"12-2142","catch_line":"APPEALS.","url":"\/12-2142\/","token":"12-2142"},"12":{"id":"705","structure_id":"179","section_number":"12-2143","catch_line":"ANNUAL REGULATORY LICENSE.","url":"\/12-2143\/","token":"12-2143"},"13":{"id":"706","structure_id":"179","section_number":"12-2144","catch_line":"PENALTIES.","url":"\/12-2144\/","token":"12-2144"},"14":{"id":"707","structure_id":"179","section_number":"12-2145","catch_line":"RESERVED.","url":"\/12-2145\/","token":"12-2145"}},"previous_section":{"id":"695","structure_id":"179","section_number":"12-2134","catch_line":"LICENSING OF MASSAGE BUSINESS OPERATORS.","url":"\/12-2134\/","token":"12-2134"},"next_section":{"id":"697","structure_id":"179","section_number":"12-2136","catch_line":"LICENSING OF MASSAGISTS.","url":"\/12-2136\/","token":"12-2136"},"references":false,"formats":{"txt":"\/12-2135.txt","json":"\/12-2135.xml"},"dublin_core":{"Title":"REVOCATION OF MASSAGE BUSINESS OPERATOR&#8217;S LICENSE.","Type":"Text","Format":"text\/html","Identifier":"\u00a7 12-2135","Relation":"Code of State"},"plain_text":"                                  CODE OF STATE\n\nREVOCATION OF MASSAGE BUSINESS OPERATOR&#8217;S LICENSE. (\u00a7 12-2135)\n\n(a) \n\n   (1) \tThat the licensee has violated any provision of this chapter;\n   \n\n   (2) \tThat the licensee, or any agent of the licensee, employs or permits to be\n   on the premises of the applicant&#8217;s massage business any person\n   practicing the business or profession of massage who has not been licensed by\n   the State of North Carolina or who has not been issued the regulatory license\n   required by this article, or whose license under this article or under North\n   Carolina General Statutes has been revoked or is currently suspended; \n   \n\n   (3) \tThat the licensee, or the legal or beneficial owner of any interest in\n   the licensee, is convicted of any crime involving sexual misconduct, including\n   but not limited to a violation of: G.S. 14-177\u201414-202.4 (offenses against\n   public morality and decency); G.S. 14-203\u201414-208 (prostitution); \u00a7\u00a713-3002\n   and 13-2015 of this Code, a Federal prostitution statute; or any other\n   governmental units&#8217; regulations of massages; \n   \n\n   (4) \tThat any current employee of the licensee is convicted of any felony in\n   connection with his or her employment, or is convicted of any crime involving\n   sexual misconduct, including, but not limited to, a violation of G.S.\n   14-177\u201414-202.4 (offenses against public morality and decency); G.S.\n   14-203\u201414-208 (prostitution); \u00a7\u00a713-3002 and 13-2015 of this Code; any\n   Federal prostitution statute; or any governmental units&#8217; regulations of\n   massage; \n   \n\n   (5) \tThat the licensee violates any zoning, building, or fire prevention\n   ordinance, or if exempted from building or fire prevention inspections,\n   performs massage to a client or for a fee within the home or allows the public\n   to enter the home in connection with the massage business; \n   \n\n   (6) \tThat the licensed business is conducted or allowed to be conducted in a\n   manner constituting a public nuisance; or\n   \n\n   (7) \tThat the licensee has failed to supervise an employee and the employee\n   has, in connection with the massage business, been convicted of a violation of\n   G.S. 14-177\u201414-202.4 (offenses against public morality and decency), G.S.\n   14-203\u201414-208 (prostitution); \u00a7\u00a713-3002 and 13-2015 of this Code, a\n   Federal prostitution statute, or any other governmental units&#8217;\n   regulations of massages. \n   \n\n(b) A license issued pursuant to this article is void if the licensee moves or\nceases operating a massage business at the location required to be stated in the\napplication for license pursuant to this article. A licensee may transfer the\nmassage business license to a new location once in any calendar year upon\npayment of a fifty-dollar ($50.00) nonrefundable transfer fee and upon\nconfirmation from the inspections division that the new location complies with\nall zoning and building regulations and ordinances, and from the Fire Department\nthat the new location complies with all laws relating to fire prevention. A\nlicensee who, consistent with zoning regulations, lawfully operates the massage\nbusiness out of the licensee&#8217;s home and who signs a statement under oath\nthat the licensee will not perform massage within the home or allow the public\nto enter the home in connection with the massage business is not required to\nsubmit to a building or fire prevention inspection. \n(Ord. No. 2001-935, \u00a73, 2-6-01)\n"}