{"law_id":"695","section_number":"12-2134","catch_line":"LICENSING OF MASSAGE BUSINESS OPERATORS.","history":"","order_by":"12-2134","metadata":false,"url":"\/12-2134\/","token":"12-2134","structure":{"1":{"id":"179","name":"ARTICLE E. - MASSAGES [6]","identifier":"E","label":"article","url":"\/II\/12\/2\/E\/"},"2":{"id":"174","name":"CHAPTER 2. - BUSINESSES AND TRADES","identifier":"2","label":"chapter","url":"\/II\/12\/2\/"},"3":{"id":"169","name":"PART 12 - LICENSING AND REGULATION","identifier":"12","label":"part","url":"\/II\/12\/"},"4":{"id":"5","name":"Division II - Planning and Development","identifier":"II","label":"division","url":"\/II\/"}},"referred_to_by":false,"edition_id":"1","section_id":"695","structure_id":"179","full_text":"(a) No person, partnership, corporation, or association shall operate a massage business as herein defined unless such person, partnership, corporation, or association shall have first applied for and received the regulatory license provided by this section.\r\r(c) The Revenue Collector shall transmit a copy of the application to the Police Department for an investigative report; to the inspections division to determine compliance with all zoning and building regulations and ordinances; and to the Fire Department to determine compliance with any law relating to fire protection. The Police and Fire Departments and the inspections division shall, within a reasonable time, not to exceed thirty (30) days, report the results of their examinations to the Revenue Collector. An applicant who, consistent with zoning regulations, lawfully operates the massage business out of the applicant&#8217;s home and who signs a statement under oath that the applicant will not perform massage within the home or allow the public to enter the home in connection with the massage business is not required to submit to a building or fire prevention inspection.\r\r(e) Upon approval of the application and upon receipt of a fifty-dollar license fee, the collector of revenue shall issue a regulatory license to applicant. \n(Ord. No. 2001-935, \u00a73, 2-6-01)\r\r","text":{"0":{"id":"2016","text":"No person, partnership, corporation, or association shall operate a massage business as herein defined unless such person, partnership, corporation, or association shall have first applied for and received the regulatory license provided by this section.","type":"section","prefixes":["(a)"],"prefix":"(a)","entire_prefix":"(a)","prefix_anchor":"(a)","level":1},"1":{"id":"2017","text":"","type":"section","prefixes":["(b)"],"prefix":"(b)","entire_prefix":"(b)","prefix_anchor":"(b)","level":1},"2":{"id":"2018","text":"\tIf the applicant is a person, the name and residence address of such person. If the applicant is a partnership, corporation or association, the name, residence address, and social security number of all persons having any legal or beneficial interest in such applicant; \n","type":"section","prefixes":["(b)","(1)"],"prefix":"(1)","entire_prefix":"(b)(1)","prefix_anchor":"(b)(1)","level":2},"3":{"id":"2019","text":"\tThe address of the premises where the massage business shall be located. Nothing in this subsection shall prevent a massagist employed by a licensed massage business from performing massages on behalf of that business at locations removed from the physical premises where the massage business is licensed; \n","type":"section","prefixes":["(b)","(2)"],"prefix":"(2)","entire_prefix":"(b)(2)","prefix_anchor":"(b)(2)","level":2},"4":{"id":"2020","text":"\tA complete statement of all convictions of any person(s) whose name(s) is (are) required to be given in paragraph (b)(1) above, for any felony, for any offense involving the sale of narcotics or controlled substances, or for prostitution or any violation of any law relative to prostitution; \n","type":"section","prefixes":["(b)","(3)"],"prefix":"(3)","entire_prefix":"(b)(3)","prefix_anchor":"(b)(3)","level":2},"5":{"id":"2021","text":"\tA complete statement of any revocation, by any governmental unit, of any license to operate a massage business or to engage in the business or profession of massage held by any person(s) whose name(s) is (are) required to be given in paragraph (b)(1) above; \n","type":"section","prefixes":["(b)","(4)"],"prefix":"(4)","entire_prefix":"(b)(4)","prefix_anchor":"(b)(4)","level":2},"6":{"id":"2022","text":"\tA complete statement of any conviction of any person(s) whose name(s) is (are) required to be given in paragraph (b)(1) above, for violation of any statute, law, ordinance, or regulation of any government concerning the operation of a massage business or the business or profession of massage; \n","type":"section","prefixes":["(b)","(5)"],"prefix":"(5)","entire_prefix":"(b)(5)","prefix_anchor":"(b)(5)","level":2},"7":{"id":"2023","text":"\tThe name and address of any massage business or other establishment owned or operated by any person(s) whose name(s) is (are) required to be given in paragraph (b)(1) or profession of massage is carried on; \n","type":"section","prefixes":["(b)","(6)"],"prefix":"(6)","entire_prefix":"(b)(6)","prefix_anchor":"(b)(6)","level":2},"8":{"id":"2024","text":"\tA description of any other business to be operated on the same premises or on adjoining premises owned or controlled by the applicant; \n","type":"section","prefixes":["(b)","(7)"],"prefix":"(7)","entire_prefix":"(b)(7)","prefix_anchor":"(b)(7)","level":2},"9":{"id":"2025","text":"\tA list of the names, addresses, North Carolina massage and bodywork therapy license numbers, and home telephone numbers, of all employees of the establishment. The list shall indicate which employees will perform massage. \n","type":"section","prefixes":["(b)","(8)"],"prefix":"(8)","entire_prefix":"(b)(8)","prefix_anchor":"(b)(8)","level":2},"10":{"id":"2026","text":"The Revenue Collector shall transmit a copy of the application to the Police Department for an investigative report; to the inspections division to determine compliance with all zoning and building regulations and ordinances; and to the Fire Department to determine compliance with any law relating to fire protection. The Police and Fire Departments and the inspections division shall, within a reasonable time, not to exceed thirty (30) days, report the results of their examinations to the Revenue Collector. An applicant who, consistent with zoning regulations, lawfully operates the massage business out of the applicant&#8217;s home and who signs a statement under oath that the applicant will not perform massage within the home or allow the public to enter the home in connection with the massage business is not required to submit to a building or fire prevention inspection.","type":"section","prefixes":["(c)"],"prefix":"(c)","entire_prefix":"(c)","prefix_anchor":"(c)","level":1},"11":{"id":"2027","text":"","type":"section","prefixes":["(d)"],"prefix":"(d)","entire_prefix":"(d)","prefix_anchor":"(d)","level":1},"12":{"id":"2028","text":"\tThe application contains no misstatement of fact;\n","type":"section","prefixes":["(d)","(1)"],"prefix":"(1)","entire_prefix":"(d)(1)","prefix_anchor":"(d)(1)","level":2},"13":{"id":"2029","text":"\tAll persons employed as massagists or who will perform massage hold a valid license to practice massage and bodywork therapy issued by the State of North Carolina. \n","type":"section","prefixes":["(d)","(2)"],"prefix":"(2)","entire_prefix":"(d)(2)","prefix_anchor":"(d)(2)","level":2},"14":{"id":"2030","text":"\tThe massage business operator agrees to supervise adequately the activities of the massagists who work in the massage business. \n","type":"section","prefixes":["(d)","(3)"],"prefix":"(3)","entire_prefix":"(d)(3)","prefix_anchor":"(d)(3)","level":2},"15":{"id":"2031","text":"\tThe applicant, or any person having any legal or beneficial ownership interest in the applicant, has not been convicted of any crime involving sexual misconduct, including but not limited to a violation of: G.S. 14-177\u201414-202.4 (offenses against public morality and decency); G.S. 14-203\u201414-208 (prostitution); \u00a7\u00a713-3002 and 13-2015 of this Code; any Federal statute relating to prostitution; any crime involving the sale of narcotics or controlled substances, or any law or ordinance of any governmental unit concerning or related to the business or profession of massage; \n","type":"section","prefixes":["(d)","(4)"],"prefix":"(4)","entire_prefix":"(d)(4)","prefix_anchor":"(d)(4)","level":2},"16":{"id":"2032","text":"\tThe applicant conforms to all requirements of applicable zoning, building, and fire prevention codes, unless the applicant is exempt from building and fire prevention inspections as set out above. \n","type":"section","prefixes":["(d)","(5)"],"prefix":"(5)","entire_prefix":"(d)(5)","prefix_anchor":"(d)(5)","level":2},"17":{"id":"2033","text":"\tThe applicant or any person having a legal or beneficial ownership interest in the applicant has not, for the three-year period preceding the application, had a previously issued license for engaging in the business or profession of massage revoked; and \n","type":"section","prefixes":["(d)","(6)"],"prefix":"(6)","entire_prefix":"(d)(6)","prefix_anchor":"(d)(6)","level":2},"18":{"id":"2034","text":"\tThe business, by reason of the manner or place in which it is to be conducted, will not constitute a nuisance or in any other manner amount to a menace to good order, the public health, safety or morals. \n","type":"section","prefixes":["(d)","(7)"],"prefix":"(7)","entire_prefix":"(d)(7)","prefix_anchor":"(d)(7)","level":2},"19":{"id":"2035","text":"Upon approval of the application and upon receipt of a fifty-dollar license fee, the collector of revenue shall issue a regulatory license to applicant. \n(Ord. No. 2001-935, \u00a73, 2-6-01)","type":"section","prefixes":["(e)"],"prefix":"(e)","entire_prefix":"(e)","prefix_anchor":"(e)","level":1}},"ancestry":{"1":{"id":"179","name":"ARTICLE E. - MASSAGES [6]","identifier":"E","label":"article","url":"\/II\/12\/2\/E\/"},"2":{"id":"174","name":"CHAPTER 2. - BUSINESSES AND TRADES","identifier":"2","label":"chapter","url":"\/II\/12\/2\/"},"3":{"id":"169","name":"PART 12 - LICENSING AND REGULATION","identifier":"12","label":"part","url":"\/II\/12\/"},"4":{"id":"5","name":"Division II - Planning and Development","identifier":"II","label":"division","url":"\/II\/"}},"structure_contents":{"0":{"id":"690","structure_id":"179","section_number":"12-2131","catch_line":"MASSAGES; PURPOSE.","url":"\/12-2131\/","token":"12-2131"},"1":{"id":"693","structure_id":"179","section_number":"12-2132","catch_line":"EXEMPTIONS.","url":"\/12-2132\/","token":"12-2132"},"2":{"id":"694","structure_id":"179","section_number":"12-2133","catch_line":"DEFINITIONS.","url":"\/12-2133\/","token":"12-2133"},"3":{"id":"695","structure_id":"179","section_number":"12-2134","catch_line":"LICENSING OF MASSAGE BUSINESS OPERATORS.","url":"\/12-2134\/","token":"12-2134"},"4":{"id":"696","structure_id":"179","section_number":"12-2135","catch_line":"REVOCATION OF MASSAGE BUSINESS OPERATOR'S LICENSE.","url":"\/12-2135\/","token":"12-2135"},"5":{"id":"697","structure_id":"179","section_number":"12-2136","catch_line":"LICENSING OF MASSAGISTS.","url":"\/12-2136\/","token":"12-2136"},"6":{"id":"698","structure_id":"179","section_number":"12-2137","catch_line":"REVOCATION OF MASSAGIST'S LICENSE.","url":"\/12-2137\/","token":"12-2137"},"7":{"id":"699","structure_id":"179","section_number":"12-2138","catch_line":"EMPLOYER TO USE ONLY LICENSED EMPLOYEES.","url":"\/12-2138\/","token":"12-2138"},"8":{"id":"700","structure_id":"179","section_number":"12-2139","catch_line":"POSTING OF LICENSE.","url":"\/12-2139\/","token":"12-2139"},"9":{"id":"701","structure_id":"179","section_number":"12-2140","catch_line":"EMPLOYMENT OF MINORS.","url":"\/12-2140\/","token":"12-2140"},"10":{"id":"702","structure_id":"179","section_number":"12-2141","catch_line":"HOURS OF OPERATION.","url":"\/12-2141\/","token":"12-2141"},"11":{"id":"704","structure_id":"179","section_number":"12-2142","catch_line":"APPEALS.","url":"\/12-2142\/","token":"12-2142"},"12":{"id":"705","structure_id":"179","section_number":"12-2143","catch_line":"ANNUAL REGULATORY LICENSE.","url":"\/12-2143\/","token":"12-2143"},"13":{"id":"706","structure_id":"179","section_number":"12-2144","catch_line":"PENALTIES.","url":"\/12-2144\/","token":"12-2144"},"14":{"id":"707","structure_id":"179","section_number":"12-2145","catch_line":"RESERVED.","url":"\/12-2145\/","token":"12-2145"}},"previous_section":{"id":"694","structure_id":"179","section_number":"12-2133","catch_line":"DEFINITIONS.","url":"\/12-2133\/","token":"12-2133"},"next_section":{"id":"696","structure_id":"179","section_number":"12-2135","catch_line":"REVOCATION OF MASSAGE BUSINESS OPERATOR'S LICENSE.","url":"\/12-2135\/","token":"12-2135"},"references":false,"formats":{"txt":"\/12-2134.txt","json":"\/12-2134.xml"},"dublin_core":{"Title":"LICENSING OF MASSAGE BUSINESS OPERATORS.","Type":"Text","Format":"text\/html","Identifier":"\u00a7 12-2134","Relation":"Code of State"},"plain_text":"                                  CODE OF STATE\n\nLICENSING OF MASSAGE BUSINESS OPERATORS. (\u00a7 12-2134)\n\n(a) No person, partnership, corporation, or association shall operate a massage\nbusiness as herein defined unless such person, partnership, corporation, or\nassociation shall have first applied for and received the regulatory license\nprovided by this section.\n\n(b) \n\n   (1) \tIf the applicant is a person, the name and residence address of such\n   person. If the applicant is a partnership, corporation or association, the\n   name, residence address, and social security number of all persons having any\n   legal or beneficial interest in such applicant; \n   \n\n   (2) \tThe address of the premises where the massage business shall be located.\n   Nothing in this subsection shall prevent a massagist employed by a licensed\n   massage business from performing massages on behalf of that business at\n   locations removed from the physical premises where the massage business is\n   licensed; \n   \n\n   (3) \tA complete statement of all convictions of any person(s) whose name(s) is\n   (are) required to be given in paragraph (b)(1) above, for any felony, for any\n   offense involving the sale of narcotics or controlled substances, or for\n   prostitution or any violation of any law relative to prostitution; \n   \n\n   (4) \tA complete statement of any revocation, by any governmental unit, of any\n   license to operate a massage business or to engage in the business or\n   profession of massage held by any person(s) whose name(s) is (are) required to\n   be given in paragraph (b)(1) above; \n   \n\n   (5) \tA complete statement of any conviction of any person(s) whose name(s) is\n   (are) required to be given in paragraph (b)(1) above, for violation of any\n   statute, law, ordinance, or regulation of any government concerning the\n   operation of a massage business or the business or profession of massage; \n   \n\n   (6) \tThe name and address of any massage business or other establishment owned\n   or operated by any person(s) whose name(s) is (are) required to be given in\n   paragraph (b)(1) or profession of massage is carried on; \n   \n\n   (7) \tA description of any other business to be operated on the same premises\n   or on adjoining premises owned or controlled by the applicant; \n   \n\n   (8) \tA list of the names, addresses, North Carolina massage and bodywork\n   therapy license numbers, and home telephone numbers, of all employees of the\n   establishment. The list shall indicate which employees will perform massage. \n   \n\n(c) The Revenue Collector shall transmit a copy of the application to the Police\nDepartment for an investigative report; to the inspections division to determine\ncompliance with all zoning and building regulations and ordinances; and to the\nFire Department to determine compliance with any law relating to fire\nprotection. The Police and Fire Departments and the inspections division shall,\nwithin a reasonable time, not to exceed thirty (30) days, report the results of\ntheir examinations to the Revenue Collector. An applicant who, consistent with\nzoning regulations, lawfully operates the massage business out of the\napplicant&#8217;s home and who signs a statement under oath that the applicant\nwill not perform massage within the home or allow the public to enter the home\nin connection with the massage business is not required to submit to a building\nor fire prevention inspection.\n\n(d) \n\n   (1) \tThe application contains no misstatement of fact;\n   \n\n   (2) \tAll persons employed as massagists or who will perform massage hold a\n   valid license to practice massage and bodywork therapy issued by the State of\n   North Carolina. \n   \n\n   (3) \tThe massage business operator agrees to supervise adequately the\n   activities of the massagists who work in the massage business. \n   \n\n   (4) \tThe applicant, or any person having any legal or beneficial ownership\n   interest in the applicant, has not been convicted of any crime involving\n   sexual misconduct, including but not limited to a violation of: G.S.\n   14-177\u201414-202.4 (offenses against public morality and decency); G.S.\n   14-203\u201414-208 (prostitution); \u00a7\u00a713-3002 and 13-2015 of this Code; any\n   Federal statute relating to prostitution; any crime involving the sale of\n   narcotics or controlled substances, or any law or ordinance of any\n   governmental unit concerning or related to the business or profession of\n   massage; \n   \n\n   (5) \tThe applicant conforms to all requirements of applicable zoning,\n   building, and fire prevention codes, unless the applicant is exempt from\n   building and fire prevention inspections as set out above. \n   \n\n   (6) \tThe applicant or any person having a legal or beneficial ownership\n   interest in the applicant has not, for the three-year period preceding the\n   application, had a previously issued license for engaging in the business or\n   profession of massage revoked; and \n   \n\n   (7) \tThe business, by reason of the manner or place in which it is to be\n   conducted, will not constitute a nuisance or in any other manner amount to a\n   menace to good order, the public health, safety or morals. \n   \n\n(e) Upon approval of the application and upon receipt of a fifty-dollar license\nfee, the collector of revenue shall issue a regulatory license to applicant. \n(Ord. No. 2001-935, \u00a73, 2-6-01)\n"}