{"law_id":"682","section_number":"12-2119","catch_line":"REQUIREMENTS FOR AMPLIFIED ENTERTAINMENT PERMIT.","history":"","order_by":"12-2119","metadata":false,"url":"\/12-2119\/","token":"12-2119","structure":{"1":{"id":"178","name":"ARTICLE D. - AMUSEMENTS [4]","identifier":"D","label":"article","url":"\/II\/12\/2\/D\/"},"2":{"id":"174","name":"CHAPTER 2. - BUSINESSES AND TRADES","identifier":"2","label":"chapter","url":"\/II\/12\/2\/"},"3":{"id":"169","name":"PART 12 - LICENSING AND REGULATION","identifier":"12","label":"part","url":"\/II\/12\/"},"4":{"id":"5","name":"Division II - Planning and Development","identifier":"II","label":"division","url":"\/II\/"}},"referred_to_by":{"0":{"id":"689","section_number":"12-2126","catch_line":"RESERVED.","url":"http:\/\/localhost:8888\/12-2126\/"}},"edition_id":"1","section_id":"682","structure_id":"178","full_text":"(a) Reserved.\r\r(b) Establishments holding an amplified entertainment permit shall not generate any sound from their structure or parking area that exceeds the decibel limits set out in \u00a712-5003 of this Code when measured at or beyond any property line of the premises covered by the permit. In addition to the decibel limits set out above no establishment shall be in violation of the noise restrictions found in \u00a712-5007 of this Code. A violation is defined for a civil citation as a finding by the arbitrator that a civil citation was valid. A violation of a criminal citation or arrest occurs upon the conviction of the party cited or arrested.\r\r(c) Bass noise provisions. In addition to the limits set out in \u00a712-5003 of this Code, the holder of an amplified entertainment permit shall be subject to regulation of certain low frequency emissions from the premises. The following table sets out the greatest allowable amount of low frequency steady-state sound which may be transmitted across an adjoining property line. \nMAXIMUM SOUND LIMITATIONS-LOW FREQUENCY STEADY-STATE SOUNDS, dB\n(Commercial, Industrial, Business, Office Zones To Residential)\nOne-Third Octave-Band Center\nFrequency, Hz\tDaytime\tOne-Third Octave-Band SPL, dB\nNighttime\n16\t84\t79\n20\t76\t71\n25\t68\t63\n31.5\t60\t55\n40\t59\t54\n50\t57\t52\n63\t56\t51\n80\t55\t50\n100\t54\t49\n125\t53\t48\n160\t52\t47\n200\t51\t46\n250\t50\t45\n315\t49\t44\n \nThe terms daytime and nighttime shall have the same meaning as those terms are defined in \u00a712-5003. The term steady-state sound is a sound source that is detectable at least fifty (50) per cent of the time in a three (3) minute period. Measurements shall be made according to the measurement standards and policies adopted by the Raleigh Police Department for the measurement of low frequency noise. Low frequency noise is those sound sources that exhibit acoustic energy in one-third (1\/3) octave bands at or below three hundred fifty-five (355) Hertz.\r\r(d) Every holder of an amplified entertainment permit shall provide the required number of off-street parking spaces required in Part 10 of this Code for the zoning district in which the establishment is located. All amplified entertainment permit off-street parking areas and all amplified entertainment permit establishment property abutting a public right-of-way shall be cleaned of all litter by 7:30 a.m. each morning. All off-street parking areas shall be lighted. Such illumination shall be a minimum average of two (2) maintained foot-candles. \nThe holder of an amplified entertainment permit shall provide at least one (1) uniformed sworn law enforcement officer or at least one (1) uniformed security guard furnished by a company licensed to provide security by the State of North Carolina continuously present in the parking area between 9:00 p.m. and until one (1) hour after closing to provide security and supervision of the parking area. Any establishment that has maintained a nine (9) month history of safe and effective operation shall be exempt from the security requirement. Safe and effective operation means that the establishment, either inside or in its parking area or lot, has had less than two (2) custodial arrests for felony drug offenses; less than seven (7) custodial arrests for misdemeanor drug offenses; less than two (2) custodial arrests for acts of violence; or no custodial arrests for acts of violence involving a deadly weapon. The persons arrested must be patrons of the establishment or on their way into or out of the establishment before the arrest limits will apply. For purposes of this ordinance a custodial arrest means a physical arrest that result in a finding of probable cause by a magistrate or judge. The City Manager will implement a system within the City administration to monitor such arrests and probable cause determinations. The safe and efficient requirement shall be retroactive to January 1, 2005. Any establishment that becomes subject to the security requirement can become exempt again if it operates in a safe and efficient manner for nine (9) months from the time it is placed into the program. No security will be required on days when the establishment is not providing amplified entertainment. Any establishment receiving an amplified entertainment permit after the effective date of this ordinance will be presumed to be a safe and efficient operator and will not be required to implement the security requirement until it fails to meet the safety requirements of this section. \nThe security requirement will be waived in the establishment presents satisfactory evidence to the City showing that the parking area is leased from a third party who maintains personnel at the lot or deck or garage at all times during the establishments hours of operation and that the personnel on duty have a wireless phone, radio, land line phone or other communications device capable of calling the 911 emergency number.\r\r(e) [Reserved.]\n(Ord. No. 1999-539, \u00a71, 4-6-99; Ord. No. 2002-267, \u00a71, 8-6-02; Ord. No. 2005-851, \u00a7\u00a72, 3, 6-7-05; Ord. No. 2008-417, \u00a71, 6-17-08; Ord. No. 2010-788, \u00a71, 9-21-10) \nEditor&#8217;s note\u2014 \nOrd. No. 2000-793, \u00a7 1, adopted May 2, 2000, provides that the provisions of \u00a712-2119(e) shall expire and be of no effect on and after January 1, 2001.\r\r","text":{"0":{"id":"1966","text":"Reserved.","type":"section","prefixes":["(a)"],"prefix":"(a)","entire_prefix":"(a)","prefix_anchor":"(a)","level":1},"1":{"id":"1967","text":"Establishments holding an amplified entertainment permit shall not generate any sound from their structure or parking area that exceeds the decibel limits set out in \u00a712-5003 of this Code when measured at or beyond any property line of the premises covered by the permit. In addition to the decibel limits set out above no establishment shall be in violation of the noise restrictions found in \u00a712-5007 of this Code. A violation is defined for a civil citation as a finding by the arbitrator that a civil citation was valid. A violation of a criminal citation or arrest occurs upon the conviction of the party cited or arrested.","type":"section","prefixes":["(b)"],"prefix":"(b)","entire_prefix":"(b)","prefix_anchor":"(b)","level":1},"2":{"id":"1968","text":"Bass noise provisions. In addition to the limits set out in \u00a712-5003 of this Code, the holder of an amplified entertainment permit shall be subject to regulation of certain low frequency emissions from the premises. The following table sets out the greatest allowable amount of low frequency steady-state sound which may be transmitted across an adjoining property line. \nMAXIMUM SOUND LIMITATIONS-LOW FREQUENCY STEADY-STATE SOUNDS, dB\n(Commercial, Industrial, Business, Office Zones To Residential)\nOne-Third Octave-Band Center\nFrequency, Hz\tDaytime\tOne-Third Octave-Band SPL, dB\nNighttime\n16\t84\t79\n20\t76\t71\n25\t68\t63\n31.5\t60\t55\n40\t59\t54\n50\t57\t52\n63\t56\t51\n80\t55\t50\n100\t54\t49\n125\t53\t48\n160\t52\t47\n200\t51\t46\n250\t50\t45\n315\t49\t44\n \nThe terms daytime and nighttime shall have the same meaning as those terms are defined in \u00a712-5003. The term steady-state sound is a sound source that is detectable at least fifty (50) per cent of the time in a three (3) minute period. Measurements shall be made according to the measurement standards and policies adopted by the Raleigh Police Department for the measurement of low frequency noise. Low frequency noise is those sound sources that exhibit acoustic energy in one-third (1\/3) octave bands at or below three hundred fifty-five (355) Hertz.","type":"section","prefixes":["(c)"],"prefix":"(c)","entire_prefix":"(c)","prefix_anchor":"(c)","level":1},"3":{"id":"1969","text":"Every holder of an amplified entertainment permit shall provide the required number of off-street parking spaces required in Part 10 of this Code for the zoning district in which the establishment is located. All amplified entertainment permit off-street parking areas and all amplified entertainment permit establishment property abutting a public right-of-way shall be cleaned of all litter by 7:30 a.m. each morning. All off-street parking areas shall be lighted. Such illumination shall be a minimum average of two (2) maintained foot-candles. \nThe holder of an amplified entertainment permit shall provide at least one (1) uniformed sworn law enforcement officer or at least one (1) uniformed security guard furnished by a company licensed to provide security by the State of North Carolina continuously present in the parking area between 9:00 p.m. and until one (1) hour after closing to provide security and supervision of the parking area. Any establishment that has maintained a nine (9) month history of safe and effective operation shall be exempt from the security requirement. Safe and effective operation means that the establishment, either inside or in its parking area or lot, has had less than two (2) custodial arrests for felony drug offenses; less than seven (7) custodial arrests for misdemeanor drug offenses; less than two (2) custodial arrests for acts of violence; or no custodial arrests for acts of violence involving a deadly weapon. The persons arrested must be patrons of the establishment or on their way into or out of the establishment before the arrest limits will apply. For purposes of this ordinance a custodial arrest means a physical arrest that result in a finding of probable cause by a magistrate or judge. The City Manager will implement a system within the City administration to monitor such arrests and probable cause determinations. The safe and efficient requirement shall be retroactive to January 1, 2005. Any establishment that becomes subject to the security requirement can become exempt again if it operates in a safe and efficient manner for nine (9) months from the time it is placed into the program. No security will be required on days when the establishment is not providing amplified entertainment. Any establishment receiving an amplified entertainment permit after the effective date of this ordinance will be presumed to be a safe and efficient operator and will not be required to implement the security requirement until it fails to meet the safety requirements of this section. \nThe security requirement will be waived in the establishment presents satisfactory evidence to the City showing that the parking area is leased from a third party who maintains personnel at the lot or deck or garage at all times during the establishments hours of operation and that the personnel on duty have a wireless phone, radio, land line phone or other communications device capable of calling the 911 emergency number.","type":"section","prefixes":["(d)"],"prefix":"(d)","entire_prefix":"(d)","prefix_anchor":"(d)","level":1},"4":{"id":"1970","text":"[Reserved.]\n(Ord. No. 1999-539, \u00a71, 4-6-99; Ord. No. 2002-267, \u00a71, 8-6-02; Ord. No. 2005-851, \u00a7\u00a72, 3, 6-7-05; Ord. No. 2008-417, \u00a71, 6-17-08; Ord. No. 2010-788, \u00a71, 9-21-10) \nEditor&#8217;s note\u2014 \nOrd. No. 2000-793, \u00a7 1, adopted May 2, 2000, provides that the provisions of \u00a712-2119(e) shall expire and be of no effect on and after January 1, 2001.","type":"section","prefixes":["(e)"],"prefix":"(e)","entire_prefix":"(e)","prefix_anchor":"(e)","level":1}},"ancestry":{"1":{"id":"178","name":"ARTICLE D. - AMUSEMENTS [4]","identifier":"D","label":"article","url":"\/II\/12\/2\/D\/"},"2":{"id":"174","name":"CHAPTER 2. - BUSINESSES AND TRADES","identifier":"2","label":"chapter","url":"\/II\/12\/2\/"},"3":{"id":"169","name":"PART 12 - LICENSING AND REGULATION","identifier":"12","label":"part","url":"\/II\/12\/"},"4":{"id":"5","name":"Division II - Planning and Development","identifier":"II","label":"division","url":"\/II\/"}},"structure_contents":{"0":{"id":"676","structure_id":"178","section_number":"12-2111","catch_line":"THEATERS AND SHOWS; ADVANCE APPLICATION FOR LICENSE, ISSUANCE DISCRETIONARY; TYPES OF SHOWS PROHIBITED.","url":"\/12-2111\/","token":"12-2111"},"1":{"id":"677","structure_id":"178","section_number":"12-2112","catch_line":"SALE OF TICKETS IN EXCESS OF SEATS.","url":"\/12-2112\/","token":"12-2112"},"2":{"id":"678","structure_id":"178","section_number":"12-2113","catch_line":"RESERVED.","url":"\/12-2113\/","token":"12-2113"},"3":{"id":"679","structure_id":"178","section_number":"12-2117","catch_line":"RESERVED.","url":"\/12-2117\/","token":"12-2117"},"4":{"id":"681","structure_id":"178","section_number":"12-2118","catch_line":"DEFINITION.","url":"\/12-2118\/","token":"12-2118"},"5":{"id":"682","structure_id":"178","section_number":"12-2119","catch_line":"REQUIREMENTS FOR AMPLIFIED ENTERTAINMENT PERMIT.","url":"\/12-2119\/","token":"12-2119"},"6":{"id":"683","structure_id":"178","section_number":"12-2120","catch_line":"OUTDOOR AMPLIFIED ENTERTAINMENT.","url":"\/12-2120\/","token":"12-2120"},"7":{"id":"684","structure_id":"178","section_number":"12-2121","catch_line":"OUTDOOR DINING.","url":"\/12-2121\/","token":"12-2121"},"8":{"id":"685","structure_id":"178","section_number":"12-2122","catch_line":"ISSUANCE OF PERMIT.","url":"\/12-2122\/","token":"12-2122"},"9":{"id":"686","structure_id":"178","section_number":"12-2123","catch_line":"ADDITIONAL PROHIBITIONS.","url":"\/12-2123\/","token":"12-2123"},"10":{"id":"687","structure_id":"178","section_number":"12-2124","catch_line":"PENALTIES.","url":"\/12-2124\/","token":"12-2124"},"11":{"id":"688","structure_id":"178","section_number":"12-2125","catch_line":"EFFECTIVE DATE.","url":"\/12-2125\/","token":"12-2125"},"12":{"id":"689","structure_id":"178","section_number":"12-2126","catch_line":"RESERVED.","url":"\/12-2126\/","token":"12-2126"}},"previous_section":{"id":"681","structure_id":"178","section_number":"12-2118","catch_line":"DEFINITION.","url":"\/12-2118\/","token":"12-2118"},"next_section":{"id":"683","structure_id":"178","section_number":"12-2120","catch_line":"OUTDOOR AMPLIFIED ENTERTAINMENT.","url":"\/12-2120\/","token":"12-2120"},"references":{"0":{"id":"682","section_number":"12-2119","catch_line":"REQUIREMENTS FOR AMPLIFIED ENTERTAINMENT PERMIT.","url":"http:\/\/localhost:8888\/12-2119\/"}},"formats":{"txt":"\/12-2119.txt","json":"\/12-2119.xml"},"dublin_core":{"Title":"REQUIREMENTS FOR AMPLIFIED ENTERTAINMENT PERMIT.","Type":"Text","Format":"text\/html","Identifier":"\u00a7 12-2119","Relation":"Code of State"},"plain_text":"                                  CODE OF STATE\n\nREQUIREMENTS FOR AMPLIFIED ENTERTAINMENT PERMIT. (\u00a7 12-2119)\n\n(a) Reserved.\n\n(b) Establishments holding an amplified entertainment permit shall not generate\nany sound from their structure or parking area that exceeds the decibel limits\nset out in \u00a712-5003 of this Code when measured at or beyond any property line\nof the premises covered by the permit. In addition to the decibel limits set out\nabove no establishment shall be in violation of the noise restrictions found in\n\u00a712-5007 of this Code. A violation is defined for a civil citation as a finding\nby the arbitrator that a civil citation was valid. A violation of a criminal\ncitation or arrest occurs upon the conviction of the party cited or arrested.\n\n(c) Bass noise provisions. In addition to the limits set out in \u00a712-5003 of\nthis Code, the holder of an amplified entertainment permit shall be subject to\nregulation of certain low frequency emissions from the premises. The following\ntable sets out the greatest allowable amount of low frequency steady-state sound\nwhich may be transmitted across an adjoining property line. \nMAXIMUM SOUND LIMITATIONS-LOW FREQUENCY STEADY-STATE SOUNDS, dB\n(Commercial, Industrial, Business, Office Zones To Residential)\nOne-Third Octave-Band Center\nFrequency, Hz\tDaytime\tOne-Third Octave-Band SPL, dB\nNighttime\n16\t84\t79\n20\t76\t71\n25\t68\t63\n31.5\t60\t55\n40\t59\t54\n50\t57\t52\n63\t56\t51\n80\t55\t50\n100\t54\t49\n125\t53\t48\n160\t52\t47\n200\t51\t46\n250\t50\t45\n315\t49\t44\n \nThe terms daytime and nighttime shall have the same meaning as those terms are\ndefined in \u00a712-5003. The term steady-state sound is a sound source that is\ndetectable at least fifty (50) per cent of the time in a three (3) minute\nperiod. Measurements shall be made according to the measurement standards and\npolicies adopted by the Raleigh Police Department for the measurement of low\nfrequency noise. Low frequency noise is those sound sources that exhibit\nacoustic energy in one-third (1\/3) octave bands at or below three hundred\nfifty-five (355) Hertz.\n\n(d) Every holder of an amplified entertainment permit shall provide the required\nnumber of off-street parking spaces required in Part 10 of this Code for the\nzoning district in which the establishment is located. All amplified\nentertainment permit off-street parking areas and all amplified entertainment\npermit establishment property abutting a public right-of-way shall be cleaned of\nall litter by 7:30 a.m. each morning. All off-street parking areas shall be\nlighted. Such illumination shall be a minimum average of two (2) maintained\nfoot-candles. \nThe holder of an amplified entertainment permit shall provide at least one (1)\nuniformed sworn law enforcement officer or at least one (1) uniformed security\nguard furnished by a company licensed to provide security by the State of North\nCarolina continuously present in the parking area between 9:00 p.m. and until\none (1) hour after closing to provide security and supervision of the parking\narea. Any establishment that has maintained a nine (9) month history of safe and\neffective operation shall be exempt from the security requirement. Safe and\neffective operation means that the establishment, either inside or in its\nparking area or lot, has had less than two (2) custodial arrests for felony drug\noffenses; less than seven (7) custodial arrests for misdemeanor drug offenses;\nless than two (2) custodial arrests for acts of violence; or no custodial\narrests for acts of violence involving a deadly weapon. The persons arrested\nmust be patrons of the establishment or on their way into or out of the\nestablishment before the arrest limits will apply. For purposes of this\nordinance a custodial arrest means a physical arrest that result in a finding of\nprobable cause by a magistrate or judge. The City Manager will implement a\nsystem within the City administration to monitor such arrests and probable cause\ndeterminations. The safe and efficient requirement shall be retroactive to\nJanuary 1, 2005. Any establishment that becomes subject to the security\nrequirement can become exempt again if it operates in a safe and efficient\nmanner for nine (9) months from the time it is placed into the program. No\nsecurity will be required on days when the establishment is not providing\namplified entertainment. Any establishment receiving an amplified entertainment\npermit after the effective date of this ordinance will be presumed to be a safe\nand efficient operator and will not be required to implement the security\nrequirement until it fails to meet the safety requirements of this section. \nThe security requirement will be waived in the establishment presents\nsatisfactory evidence to the City showing that the parking area is leased from a\nthird party who maintains personnel at the lot or deck or garage at all times\nduring the establishments hours of operation and that the personnel on duty have\na wireless phone, radio, land line phone or other communications device capable\nof calling the 911 emergency number.\n\n(e) [Reserved.]\n(Ord. No. 1999-539, \u00a71, 4-6-99; Ord. No. 2002-267, \u00a71, 8-6-02; Ord. No.\n2005-851, \u00a7\u00a72, 3, 6-7-05; Ord. No. 2008-417, \u00a71, 6-17-08; Ord. No. 2010-788,\n\u00a71, 9-21-10) \nEditor&#8217;s note\u2014 \nOrd. No. 2000-793, \u00a7 1, adopted May 2, 2000, provides that the provisions of\n\u00a712-2119(e) shall expire and be of no effect on and after January 1, 2001.\n"}