{"law_id":"673","section_number":"12-2104","catch_line":"REVOCATION OF PAWNBROKER&#8217;S LICENSE.","history":"","order_by":"12-2104","metadata":false,"url":"\/12-2104\/","token":"12-2104","structure":{"1":{"id":"177","name":"ARTICLE C. - PAWNBROKERS [3]","identifier":"C","label":"article","url":"\/II\/12\/2\/C\/"},"2":{"id":"174","name":"CHAPTER 2. - BUSINESSES AND TRADES","identifier":"2","label":"chapter","url":"\/II\/12\/2\/"},"3":{"id":"169","name":"PART 12 - LICENSING AND REGULATION","identifier":"12","label":"part","url":"\/II\/12\/"},"4":{"id":"5","name":"Division II - Planning and Development","identifier":"II","label":"division","url":"\/II\/"}},"referred_to_by":{"0":{"id":"673","section_number":"12-2104","catch_line":"REVOCATION OF PAWNBROKER'S LICENSE.","url":"http:\/\/localhost:8888\/12-2104\/"}},"edition_id":"1","section_id":"673","structure_id":"177","full_text":"A license issued pursuant to \u00a712-2103 may be revoked by action of the Council for substantial abuses of this article or G.S. 91A-1-22. Before the Council revokes a license pursuant to this chapter, and before the Council considers an application for a license pursuant to this chapter, a written notice shall be sent to the licensee or applicant affected, by certified mail, return receipt requested, to the address listed on the application. The notice shall advise the affected party of a right to appear before the Council, with or without legal counsel, at a stated time and place at least ten (10) days following the date of the notice for the purpose of presenting any evidence relevant to such revocation or application and for the purpose of cross-examining any person providing evidence against the respondent. A revocation hearing can be initiated by the Chief of Police or by the City Council. \n(Ord. No. 1992-982, \u00a74, 6-2-92)","text":{"0":{"id":"1939","text":"A license issued pursuant to \u00a712-2103 may be revoked by action of the Council for substantial abuses of this article or G.S. 91A-1-22. Before the Council revokes a license pursuant to this chapter, and before the Council considers an application for a license pursuant to this chapter, a written notice shall be sent to the licensee or applicant affected, by certified mail, return receipt requested, to the address listed on the application. The notice shall advise the affected party of a right to appear before the Council, with or without legal counsel, at a stated time and place at least ten (10) days following the date of the notice for the purpose of presenting any evidence relevant to such revocation or application and for the purpose of cross-examining any person providing evidence against the respondent. A revocation hearing can be initiated by the Chief of Police or by the City Council. \n(Ord. No. 1992-982, \u00a74, 6-2-92)","type":"section","prefixes":[""],"prefix":"","entire_prefix":"","prefix_anchor":"","level":1}},"ancestry":{"1":{"id":"177","name":"ARTICLE C. - PAWNBROKERS [3]","identifier":"C","label":"article","url":"\/II\/12\/2\/C\/"},"2":{"id":"174","name":"CHAPTER 2. - BUSINESSES AND TRADES","identifier":"2","label":"chapter","url":"\/II\/12\/2\/"},"3":{"id":"169","name":"PART 12 - LICENSING AND REGULATION","identifier":"12","label":"part","url":"\/II\/12\/"},"4":{"id":"5","name":"Division II - Planning and Development","identifier":"II","label":"division","url":"\/II\/"}},"structure_contents":{"0":{"id":"670","structure_id":"177","section_number":"12-2101","catch_line":"DEFINITIONS.","url":"\/12-2101\/","token":"12-2101"},"1":{"id":"671","structure_id":"177","section_number":"12-2102","catch_line":"LICENSING OF PAWNBROKERS.","url":"\/12-2102\/","token":"12-2102"},"2":{"id":"672","structure_id":"177","section_number":"12-2103","catch_line":"ISSUANCE OF LICENSE.","url":"\/12-2103\/","token":"12-2103"},"3":{"id":"673","structure_id":"177","section_number":"12-2104","catch_line":"REVOCATION OF PAWNBROKER'S LICENSE.","url":"\/12-2104\/","token":"12-2104"},"4":{"id":"674","structure_id":"177","section_number":"12-2105","catch_line":"RECORD KEEPING REQUIREMENTS.","url":"\/12-2105\/","token":"12-2105"},"5":{"id":"675","structure_id":"177","section_number":"12-2106","catch_line":"RESERVED.","url":"\/12-2106\/","token":"12-2106"}},"previous_section":{"id":"672","structure_id":"177","section_number":"12-2103","catch_line":"ISSUANCE OF LICENSE.","url":"\/12-2103\/","token":"12-2103"},"next_section":{"id":"674","structure_id":"177","section_number":"12-2105","catch_line":"RECORD KEEPING REQUIREMENTS.","url":"\/12-2105\/","token":"12-2105"},"references":false,"formats":{"txt":"\/12-2104.txt","json":"\/12-2104.xml"},"dublin_core":{"Title":"REVOCATION OF PAWNBROKER&#8217;S LICENSE.","Type":"Text","Format":"text\/html","Identifier":"\u00a7 12-2104","Relation":"Code of State"},"plain_text":"                                  CODE OF STATE\n\nREVOCATION OF PAWNBROKER&#8217;S LICENSE. (\u00a7 12-2104)\n\nA license issued pursuant to \u00a712-2103 may be revoked by action of the Council\nfor substantial abuses of this article or G.S. 91A-1-22. Before the Council\nrevokes a license pursuant to this chapter, and before the Council considers an\napplication for a license pursuant to this chapter, a written notice shall be\nsent to the licensee or applicant affected, by certified mail, return receipt\nrequested, to the address listed on the application. The notice shall advise the\naffected party of a right to appear before the Council, with or without legal\ncounsel, at a stated time and place at least ten (10) days following the date of\nthe notice for the purpose of presenting any evidence relevant to such\nrevocation or application and for the purpose of cross-examining any person\nproviding evidence against the respondent. A revocation hearing can be initiated\nby the Chief of Police or by the City Council. \n(Ord. No. 1992-982, \u00a74, 6-2-92)\n"}