{"law_id":"690","edition_id":"1","section_id":"690","structure_id":"179","section_number":"12-2131","catch_line":"MASSAGES; PURPOSE.","history":"","full_text":"To protect public health, safety, welfare, and morals, and to the extent allowed under North Carolina law, the following privilege license provisions and regulations are ordained for the privilege of carrying on the business, trade, or profession of massagist and for the operation or carrying on of the businesses, trades, or professions commonly known as massage parlors, health salons, physical culture studios, or similar establishments by whatever name designated, wherein massage or other physical manipulation of the human body is carried on or practiced. \n(Code 1959 , \u00a714-200; Ord. No. 2001-935, \u00a71, 2-6-01) \nCross reference: Massage of private parts of another, \u00a713-3006","order_by":"12-2131","text":{"0":{"id":"2004","text":"To protect public health, safety, welfare, and morals, and to the extent allowed under North Carolina law, the following privilege license provisions and regulations are ordained for the privilege of carrying on the business, trade, or profession of massagist and for the operation or carrying on of the businesses, trades, or professions commonly known as massage parlors, health salons, physical culture studios, or similar establishments by whatever name designated, wherein massage or other physical manipulation of the human body is carried on or practiced. \n(Code 1959 , \u00a714-200; Ord. No. 2001-935, \u00a71, 2-6-01) \nCross reference: Massage of private parts of another, \u00a713-3006","type":"section","prefixes":[""],"prefix":"","entire_prefix":"","prefix_anchor":"","level":1}},"ancestry":{"1":{"id":"179","name":"ARTICLE E. - MASSAGES [6]","identifier":"E","label":"article","url":"\/II\/12\/2\/E\/"},"2":{"id":"174","name":"CHAPTER 2. - BUSINESSES AND TRADES","identifier":"2","label":"chapter","url":"\/II\/12\/2\/"},"3":{"id":"169","name":"PART 12 - LICENSING AND REGULATION","identifier":"12","label":"part","url":"\/II\/12\/"},"4":{"id":"5","name":"Division II - Planning and Development","identifier":"II","label":"division","url":"\/II\/"}},"structure_contents":{"0":{"id":"690","structure_id":"179","section_number":"12-2131","catch_line":"MASSAGES; PURPOSE.","url":"\/12-2131\/","token":"12-2131"},"1":{"id":"693","structure_id":"179","section_number":"12-2132","catch_line":"EXEMPTIONS.","url":"\/12-2132\/","token":"12-2132"},"2":{"id":"694","structure_id":"179","section_number":"12-2133","catch_line":"DEFINITIONS.","url":"\/12-2133\/","token":"12-2133"},"3":{"id":"695","structure_id":"179","section_number":"12-2134","catch_line":"LICENSING OF MASSAGE BUSINESS OPERATORS.","url":"\/12-2134\/","token":"12-2134"},"4":{"id":"696","structure_id":"179","section_number":"12-2135","catch_line":"REVOCATION OF MASSAGE BUSINESS OPERATOR'S LICENSE.","url":"\/12-2135\/","token":"12-2135"},"5":{"id":"697","structure_id":"179","section_number":"12-2136","catch_line":"LICENSING OF MASSAGISTS.","url":"\/12-2136\/","token":"12-2136"},"6":{"id":"698","structure_id":"179","section_number":"12-2137","catch_line":"REVOCATION OF MASSAGIST'S LICENSE.","url":"\/12-2137\/","token":"12-2137"},"7":{"id":"699","structure_id":"179","section_number":"12-2138","catch_line":"EMPLOYER TO USE ONLY LICENSED EMPLOYEES.","url":"\/12-2138\/","token":"12-2138"},"8":{"id":"700","structure_id":"179","section_number":"12-2139","catch_line":"POSTING OF LICENSE.","url":"\/12-2139\/","token":"12-2139"},"9":{"id":"701","structure_id":"179","section_number":"12-2140","catch_line":"EMPLOYMENT OF MINORS.","url":"\/12-2140\/","token":"12-2140"},"10":{"id":"702","structure_id":"179","section_number":"12-2141","catch_line":"HOURS OF OPERATION.","url":"\/12-2141\/","token":"12-2141"},"11":{"id":"704","structure_id":"179","section_number":"12-2142","catch_line":"APPEALS.","url":"\/12-2142\/","token":"12-2142"},"12":{"id":"705","structure_id":"179","section_number":"12-2143","catch_line":"ANNUAL REGULATORY LICENSE.","url":"\/12-2143\/","token":"12-2143"},"13":{"id":"706","structure_id":"179","section_number":"12-2144","catch_line":"PENALTIES.","url":"\/12-2144\/","token":"12-2144"},"14":{"id":"707","structure_id":"179","section_number":"12-2145","catch_line":"RESERVED.","url":"\/12-2145\/","token":"12-2145"}},"next_section":{"id":"693","structure_id":"179","section_number":"12-2132","catch_line":"EXEMPTIONS.","url":"\/12-2132\/","token":"12-2132"},"metadata":false,"references":false,"url":"\/12-2131\/","token":"12-2131","formats":{"txt":"\/12-2131.txt","json":"\/12-2131.xml"},"dublin_core":{"Title":"MASSAGES; PURPOSE.","Type":"Text","Format":"text\/html","Identifier":"\u00a7 12-2131","Relation":"Code of State"},"plain_text":"                                  CODE OF STATE\n\nMASSAGES; PURPOSE. (\u00a7 12-2131)\n\nTo protect public health, safety, welfare, and morals, and to the extent allowed\nunder North Carolina law, the following privilege license provisions and\nregulations are ordained for the privilege of carrying on the business, trade,\nor profession of massagist and for the operation or carrying on of the\nbusinesses, trades, or professions commonly known as massage parlors, health\nsalons, physical culture studios, or similar establishments by whatever name\ndesignated, wherein massage or other physical manipulation of the human body is\ncarried on or practiced. \n(Code 1959 , \u00a714-200; Ord. No. 2001-935, \u00a71, 2-6-01) \nCross reference: Massage of private parts of another, \u00a713-3006\n"}