{"law_id":"672","section_number":"12-2103","catch_line":"ISSUANCE OF LICENSE.","history":"","order_by":"12-2103","metadata":false,"url":"\/12-2103\/","token":"12-2103","structure":{"1":{"id":"177","name":"ARTICLE C. - PAWNBROKERS [3]","identifier":"C","label":"article","url":"\/II\/12\/2\/C\/"},"2":{"id":"174","name":"CHAPTER 2. - BUSINESSES AND TRADES","identifier":"2","label":"chapter","url":"\/II\/12\/2\/"},"3":{"id":"169","name":"PART 12 - LICENSING AND REGULATION","identifier":"12","label":"part","url":"\/II\/12\/"},"4":{"id":"5","name":"Division II - Planning and Development","identifier":"II","label":"division","url":"\/II\/"}},"referred_to_by":false,"edition_id":"1","section_id":"672","structure_id":"177","full_text":"(b) Upon approval of the application by the Council and upon receipt of a license fee of two hundred seventy-five dollars ($275.00), the Revenue Collector shall issue a pawnbrokers license to the applicant. The license must be renewed annually.\r\r(c) At the time of receiving the license the applicant shall file with the City Clerk a bond payable to the City in the amount of five thousand dollars ($5,000.00) to be executed by the licensee and by two (2) sureties or a surety company licensed to do business in North Carolina, which shall be for the faithful performance of the requirements and obligations pertaining to the licensed business. The City may sue for forfeiture of the bond upon breach, and any other person who obtains a judgment against a pawnbroker and upon which judgment execution is returned unsatisfied may maintain an action in his own name upon the bond to satisfy the judgment. \n(Ord. No. 1992-982, \u00a73, 6-2-92; Ord. No. 1995-639, \u00a71, 5-2-95; Ord. No. 1995-679, \u00a71, 7-5-95)\r\r","text":{"0":{"id":"1929","text":"","type":"section","prefixes":["(a)"],"prefix":"(a)","entire_prefix":"(a)","prefix_anchor":"(a)","level":1},"1":{"id":"1930","text":"\tThe application contains no misstatement of fact.\n","type":"section","prefixes":["(a)","(1)"],"prefix":"(1)","entire_prefix":"(a)(1)","prefix_anchor":"(a)(1)","level":2},"2":{"id":"1931","text":"\tThe applicant conforms to all requirements of applicable zoning, building, and fire prevention codes.\n","type":"section","prefixes":["(a)","(2)"],"prefix":"(2)","entire_prefix":"(a)(2)","prefix_anchor":"(a)(2)","level":2},"3":{"id":"1932","text":"\tThe applicant shall not have been convicted of a felony within a ten-year period preceding the filing of the application. \n","type":"section","prefixes":["(a)","(3)"],"prefix":"(3)","entire_prefix":"(a)(3)","prefix_anchor":"(a)(3)","level":2},"4":{"id":"1933","text":"\tParking facilities and traffic facilities in the neighborhood.\n","type":"section","prefixes":["(a)","(4)"],"prefix":"(4)","entire_prefix":"(a)(4)","prefix_anchor":"(a)(4)","level":2},"5":{"id":"1934","text":"\tThe recommendations of the City of Raleigh Police Department. \n","type":"section","prefixes":["(a)","(5)"],"prefix":"(5)","entire_prefix":"(a)(5)","prefix_anchor":"(a)(5)","level":2},"6":{"id":"1935","text":"\tAny other evidence that would tend to show whether the applicant would comply with the provisions of G.S. Chapter 91A and the applicable provisions of this Code and whether the operation of the business at that location would be detrimental to the neighborhood. \n","type":"section","prefixes":["(a)","(6)"],"prefix":"(6)","entire_prefix":"(a)(6)","prefix_anchor":"(a)(6)","level":2},"7":{"id":"1936","text":"\tThis ordinance [section] shall apply to all pawnbroker licenses pending on May 8, 1995, and to all applications for such licenses filed after that date. \n","type":"section","prefixes":["(a)","(7)"],"prefix":"(7)","entire_prefix":"(a)(7)","prefix_anchor":"(a)(7)","level":2},"8":{"id":"1937","text":"Upon approval of the application by the Council and upon receipt of a license fee of two hundred seventy-five dollars ($275.00), the Revenue Collector shall issue a pawnbrokers license to the applicant. The license must be renewed annually.","type":"section","prefixes":["(b)"],"prefix":"(b)","entire_prefix":"(b)","prefix_anchor":"(b)","level":1},"9":{"id":"1938","text":"At the time of receiving the license the applicant shall file with the City Clerk a bond payable to the City in the amount of five thousand dollars ($5,000.00) to be executed by the licensee and by two (2) sureties or a surety company licensed to do business in North Carolina, which shall be for the faithful performance of the requirements and obligations pertaining to the licensed business. The City may sue for forfeiture of the bond upon breach, and any other person who obtains a judgment against a pawnbroker and upon which judgment execution is returned unsatisfied may maintain an action in his own name upon the bond to satisfy the judgment. \n(Ord. No. 1992-982, \u00a73, 6-2-92; Ord. No. 1995-639, \u00a71, 5-2-95; Ord. No. 1995-679, \u00a71, 7-5-95)","type":"section","prefixes":["(c)"],"prefix":"(c)","entire_prefix":"(c)","prefix_anchor":"(c)","level":1}},"ancestry":{"1":{"id":"177","name":"ARTICLE C. - PAWNBROKERS [3]","identifier":"C","label":"article","url":"\/II\/12\/2\/C\/"},"2":{"id":"174","name":"CHAPTER 2. - BUSINESSES AND TRADES","identifier":"2","label":"chapter","url":"\/II\/12\/2\/"},"3":{"id":"169","name":"PART 12 - LICENSING AND REGULATION","identifier":"12","label":"part","url":"\/II\/12\/"},"4":{"id":"5","name":"Division II - Planning and Development","identifier":"II","label":"division","url":"\/II\/"}},"structure_contents":{"0":{"id":"670","structure_id":"177","section_number":"12-2101","catch_line":"DEFINITIONS.","url":"\/12-2101\/","token":"12-2101"},"1":{"id":"671","structure_id":"177","section_number":"12-2102","catch_line":"LICENSING OF PAWNBROKERS.","url":"\/12-2102\/","token":"12-2102"},"2":{"id":"672","structure_id":"177","section_number":"12-2103","catch_line":"ISSUANCE OF LICENSE.","url":"\/12-2103\/","token":"12-2103"},"3":{"id":"673","structure_id":"177","section_number":"12-2104","catch_line":"REVOCATION OF PAWNBROKER'S LICENSE.","url":"\/12-2104\/","token":"12-2104"},"4":{"id":"674","structure_id":"177","section_number":"12-2105","catch_line":"RECORD KEEPING REQUIREMENTS.","url":"\/12-2105\/","token":"12-2105"},"5":{"id":"675","structure_id":"177","section_number":"12-2106","catch_line":"RESERVED.","url":"\/12-2106\/","token":"12-2106"}},"previous_section":{"id":"671","structure_id":"177","section_number":"12-2102","catch_line":"LICENSING OF PAWNBROKERS.","url":"\/12-2102\/","token":"12-2102"},"next_section":{"id":"673","structure_id":"177","section_number":"12-2104","catch_line":"REVOCATION OF PAWNBROKER'S LICENSE.","url":"\/12-2104\/","token":"12-2104"},"references":{"0":{"id":"673","section_number":"12-2104","catch_line":"REVOCATION OF PAWNBROKER'S LICENSE.","url":"http:\/\/localhost:8888\/12-2104\/"}},"formats":{"txt":"\/12-2103.txt","json":"\/12-2103.xml"},"dublin_core":{"Title":"ISSUANCE OF LICENSE.","Type":"Text","Format":"text\/html","Identifier":"\u00a7 12-2103","Relation":"Code of State"},"plain_text":"                                  CODE OF STATE\n\nISSUANCE OF LICENSE. (\u00a7 12-2103)\n\n(a) \n\n   (1) \tThe application contains no misstatement of fact.\n   \n\n   (2) \tThe applicant conforms to all requirements of applicable zoning,\n   building, and fire prevention codes.\n   \n\n   (3) \tThe applicant shall not have been convicted of a felony within a ten-year\n   period preceding the filing of the application. \n   \n\n   (4) \tParking facilities and traffic facilities in the neighborhood.\n   \n\n   (5) \tThe recommendations of the City of Raleigh Police Department. \n   \n\n   (6) \tAny other evidence that would tend to show whether the applicant would\n   comply with the provisions of G.S. Chapter 91A and the applicable provisions\n   of this Code and whether the operation of the business at that location would\n   be detrimental to the neighborhood. \n   \n\n   (7) \tThis ordinance [section] shall apply to all pawnbroker licenses pending\n   on May 8, 1995, and to all applications for such licenses filed after that\n   date. \n   \n\n(b) Upon approval of the application by the Council and upon receipt of a\nlicense fee of two hundred seventy-five dollars ($275.00), the Revenue Collector\nshall issue a pawnbrokers license to the applicant. The license must be renewed\nannually.\n\n(c) At the time of receiving the license the applicant shall file with the City\nClerk a bond payable to the City in the amount of five thousand dollars\n($5,000.00) to be executed by the licensee and by two (2) sureties or a surety\ncompany licensed to do business in North Carolina, which shall be for the\nfaithful performance of the requirements and obligations pertaining to the\nlicensed business. The City may sue for forfeiture of the bond upon breach, and\nany other person who obtains a judgment against a pawnbroker and upon which\njudgment execution is returned unsatisfied may maintain an action in his own\nname upon the bond to satisfy the judgment. \n(Ord. No. 1992-982, \u00a73, 6-2-92; Ord. No. 1995-639, \u00a71, 5-2-95; Ord. No.\n1995-679, \u00a71, 7-5-95)\n"}