{"law_id":"676","edition_id":"1","section_id":"676","structure_id":"178","section_number":"12-2111","catch_line":"THEATERS AND SHOWS; ADVANCE APPLICATION FOR LICENSE, ISSUANCE DISCRETIONARY; TYPES OF SHOWS PROHIBITED.","history":"","full_text":"(a) Before any license or permit shall be issued to any carnival company and shows of like character, moving picture and vaudeville shows, museums and menageries, merry-go-rounds and ferris wheels, and other like amusement enterprises, conducted for profit and filling week-stand engagements, or in giving week-stand exhibitions, application shall be made therefor for a period of thirty (30) days before any license or permit shall be issued to such company or enterprise, and it shall be in the discretion of the Council as to whether any license or permit shall be issued to such company or enterprise.\r\r(b) It shall be unlawful for any person within the City limits to exhibit or show, for profit, in a tent or tents or other temporary structures, any circus, carnival or other show of like kind or description, including side shows, vaudeville shows, museums, menageries, and like amusements or exhibitions; or to operate merry-go-rounds, ferris wheels or other riding devices of like character for private profit. \n(Code 1959 , \u00a73-1) \nState law reference: Authority to regulate and prohibit amusements, G.S. 160A-181.\r\r","order_by":"12-2111","text":{"0":{"id":"1959","text":"Before any license or permit shall be issued to any carnival company and shows of like character, moving picture and vaudeville shows, museums and menageries, merry-go-rounds and ferris wheels, and other like amusement enterprises, conducted for profit and filling week-stand engagements, or in giving week-stand exhibitions, application shall be made therefor for a period of thirty (30) days before any license or permit shall be issued to such company or enterprise, and it shall be in the discretion of the Council as to whether any license or permit shall be issued to such company or enterprise.","type":"section","prefixes":["(a)"],"prefix":"(a)","entire_prefix":"(a)","prefix_anchor":"(a)","level":1},"1":{"id":"1960","text":"It shall be unlawful for any person within the City limits to exhibit or show, for profit, in a tent or tents or other temporary structures, any circus, carnival or other show of like kind or description, including side shows, vaudeville shows, museums, menageries, and like amusements or exhibitions; or to operate merry-go-rounds, ferris wheels or other riding devices of like character for private profit. \n(Code 1959 , \u00a73-1) \nState law reference: Authority to regulate and prohibit amusements, G.S. 160A-181.","type":"section","prefixes":["(b)"],"prefix":"(b)","entire_prefix":"(b)","prefix_anchor":"(b)","level":1}},"ancestry":{"1":{"id":"178","name":"ARTICLE D. - AMUSEMENTS [4]","identifier":"D","label":"article","url":"\/II\/12\/2\/D\/"},"2":{"id":"174","name":"CHAPTER 2. - BUSINESSES AND TRADES","identifier":"2","label":"chapter","url":"\/II\/12\/2\/"},"3":{"id":"169","name":"PART 12 - LICENSING AND REGULATION","identifier":"12","label":"part","url":"\/II\/12\/"},"4":{"id":"5","name":"Division II - Planning and Development","identifier":"II","label":"division","url":"\/II\/"}},"structure_contents":{"0":{"id":"676","structure_id":"178","section_number":"12-2111","catch_line":"THEATERS AND SHOWS; ADVANCE APPLICATION FOR LICENSE, ISSUANCE DISCRETIONARY; TYPES OF SHOWS PROHIBITED.","url":"\/12-2111\/","token":"12-2111"},"1":{"id":"677","structure_id":"178","section_number":"12-2112","catch_line":"SALE OF TICKETS IN EXCESS OF SEATS.","url":"\/12-2112\/","token":"12-2112"},"2":{"id":"678","structure_id":"178","section_number":"12-2113","catch_line":"RESERVED.","url":"\/12-2113\/","token":"12-2113"},"3":{"id":"679","structure_id":"178","section_number":"12-2117","catch_line":"RESERVED.","url":"\/12-2117\/","token":"12-2117"},"4":{"id":"681","structure_id":"178","section_number":"12-2118","catch_line":"DEFINITION.","url":"\/12-2118\/","token":"12-2118"},"5":{"id":"682","structure_id":"178","section_number":"12-2119","catch_line":"REQUIREMENTS FOR AMPLIFIED ENTERTAINMENT PERMIT.","url":"\/12-2119\/","token":"12-2119"},"6":{"id":"683","structure_id":"178","section_number":"12-2120","catch_line":"OUTDOOR AMPLIFIED ENTERTAINMENT.","url":"\/12-2120\/","token":"12-2120"},"7":{"id":"684","structure_id":"178","section_number":"12-2121","catch_line":"OUTDOOR DINING.","url":"\/12-2121\/","token":"12-2121"},"8":{"id":"685","structure_id":"178","section_number":"12-2122","catch_line":"ISSUANCE OF PERMIT.","url":"\/12-2122\/","token":"12-2122"},"9":{"id":"686","structure_id":"178","section_number":"12-2123","catch_line":"ADDITIONAL PROHIBITIONS.","url":"\/12-2123\/","token":"12-2123"},"10":{"id":"687","structure_id":"178","section_number":"12-2124","catch_line":"PENALTIES.","url":"\/12-2124\/","token":"12-2124"},"11":{"id":"688","structure_id":"178","section_number":"12-2125","catch_line":"EFFECTIVE DATE.","url":"\/12-2125\/","token":"12-2125"},"12":{"id":"689","structure_id":"178","section_number":"12-2126","catch_line":"RESERVED.","url":"\/12-2126\/","token":"12-2126"}},"next_section":{"id":"677","structure_id":"178","section_number":"12-2112","catch_line":"SALE OF TICKETS IN EXCESS OF SEATS.","url":"\/12-2112\/","token":"12-2112"},"metadata":false,"references":false,"url":"\/12-2111\/","token":"12-2111","formats":{"txt":"\/12-2111.txt","json":"\/12-2111.xml"},"dublin_core":{"Title":"THEATERS AND SHOWS; ADVANCE APPLICATION FOR LICENSE, ISSUANCE DISCRETIONARY; TYPES OF SHOWS PROHIBITED.","Type":"Text","Format":"text\/html","Identifier":"\u00a7 12-2111","Relation":"Code of State"},"plain_text":"                                  CODE OF STATE\n\nTHEATERS AND SHOWS; ADVANCE APPLICATION FOR LICENSE, ISSUANCE DISCRETIONARY;\nTYPES OF SHOWS PROHIBITED. (\u00a7 12-2111)\n\n(a) Before any license or permit shall be issued to any carnival company and\nshows of like character, moving picture and vaudeville shows, museums and\nmenageries, merry-go-rounds and ferris wheels, and other like amusement\nenterprises, conducted for profit and filling week-stand engagements, or in\ngiving week-stand exhibitions, application shall be made therefor for a period\nof thirty (30) days before any license or permit shall be issued to such company\nor enterprise, and it shall be in the discretion of the Council as to whether\nany license or permit shall be issued to such company or enterprise.\n\n(b) It shall be unlawful for any person within the City limits to exhibit or\nshow, for profit, in a tent or tents or other temporary structures, any circus,\ncarnival or other show of like kind or description, including side shows,\nvaudeville shows, museums, menageries, and like amusements or exhibitions; or to\noperate merry-go-rounds, ferris wheels or other riding devices of like character\nfor private profit. \n(Code 1959 , \u00a73-1) \nState law reference: Authority to regulate and prohibit amusements, G.S.\n160A-181.\n"}