{"law_id":"738","section_number":"12-2184","catch_line":"METHODS OF SERVICE.","history":"","order_by":"12-2184","metadata":false,"url":"\/12-2184\/","token":"12-2184","structure":{"1":{"id":"182","name":"ARTICLE H. - RENTAL DWELLING REGISTRATION AND PROP NOTIFICATION","identifier":"H","label":"article","url":"\/II\/12\/2\/H\/"},"2":{"id":"174","name":"CHAPTER 2. - BUSINESSES AND TRADES","identifier":"2","label":"chapter","url":"\/II\/12\/2\/"},"3":{"id":"169","name":"PART 12 - LICENSING AND REGULATION","identifier":"12","label":"part","url":"\/II\/12\/"},"4":{"id":"5","name":"Division II - Planning and Development","identifier":"II","label":"division","url":"\/II\/"}},"referred_to_by":false,"edition_id":"1","section_id":"738","structure_id":"182","full_text":"(a) Notices, orders or other documents issued pursuant to this article shall be served upon persons either personally or by first class regular mail. Service shall be deemed sufficient if regular mail is not returned by the post office within ten (10) days after the mailing. If regular mail is used, a notice of the pending proceedings shall be posted in a conspicuous place on the premises affected.\r\r(b) If the identities of any owners or whereabouts of persons are unknown and the same cannot be ascertained by the Inspections Department in the exercise of reasonable diligence, or if the owners are known but have refused to accept service by registered or certified mail, and the Inspections Department shall make an affidavit to that effect, stating the steps taken to determine and locate the persons in interest, then the serving of such complaint or order upon such owners or persons may be made by publication in a newspaper having general circulation in the City at least once no later than time at which personal service would be required under this article. Where such service is by publication, a notice of the pending proceedings shall be posted in a conspicuous place on the premises thereby affected. \n(Ord. No. 2008-415B, \u00a71, 7-1-08)\r\r","text":{"0":{"id":"2234","text":"Notices, orders or other documents issued pursuant to this article shall be served upon persons either personally or by first class regular mail. Service shall be deemed sufficient if regular mail is not returned by the post office within ten (10) days after the mailing. If regular mail is used, a notice of the pending proceedings shall be posted in a conspicuous place on the premises affected.","type":"section","prefixes":["(a)"],"prefix":"(a)","entire_prefix":"(a)","prefix_anchor":"(a)","level":1},"1":{"id":"2235","text":"If the identities of any owners or whereabouts of persons are unknown and the same cannot be ascertained by the Inspections Department in the exercise of reasonable diligence, or if the owners are known but have refused to accept service by registered or certified mail, and the Inspections Department shall make an affidavit to that effect, stating the steps taken to determine and locate the persons in interest, then the serving of such complaint or order upon such owners or persons may be made by publication in a newspaper having general circulation in the City at least once no later than time at which personal service would be required under this article. Where such service is by publication, a notice of the pending proceedings shall be posted in a conspicuous place on the premises thereby affected. \n(Ord. No. 2008-415B, \u00a71, 7-1-08)","type":"section","prefixes":["(b)"],"prefix":"(b)","entire_prefix":"(b)","prefix_anchor":"(b)","level":1}},"ancestry":{"1":{"id":"182","name":"ARTICLE H. - RENTAL DWELLING REGISTRATION AND PROP NOTIFICATION","identifier":"H","label":"article","url":"\/II\/12\/2\/H\/"},"2":{"id":"174","name":"CHAPTER 2. - BUSINESSES AND TRADES","identifier":"2","label":"chapter","url":"\/II\/12\/2\/"},"3":{"id":"169","name":"PART 12 - LICENSING AND REGULATION","identifier":"12","label":"part","url":"\/II\/12\/"},"4":{"id":"5","name":"Division II - Planning and Development","identifier":"II","label":"division","url":"\/II\/"}},"structure_contents":{"0":{"id":"728","structure_id":"182","section_number":"12-2175","catch_line":"FINDINGS AND DECLARATION OF NECESSITY.","url":"\/12-2175\/","token":"12-2175"},"1":{"id":"729","structure_id":"182","section_number":"12-2176","catch_line":"DEFINITIONS.","url":"\/12-2176\/","token":"12-2176"},"2":{"id":"730","structure_id":"182","section_number":"12-2177","catch_line":"REGISTRATION REQUIREMENT.","url":"\/12-2177\/","token":"12-2177"},"3":{"id":"731","structure_id":"182","section_number":"12-2178","catch_line":"REGISTRATION UPDATES.","url":"\/12-2178\/","token":"12-2178"},"4":{"id":"732","structure_id":"182","section_number":"12-2179","catch_line":"STANDARDS.","url":"\/12-2179\/","token":"12-2179"},"5":{"id":"733","structure_id":"182","section_number":"12-2180","catch_line":"COMPLIANCE WITH PROVISIONS.","url":"\/12-2180\/","token":"12-2180"},"6":{"id":"734","structure_id":"182","section_number":"12-2181","catch_line":"ENFORCEMENT.","url":"\/12-2181\/","token":"12-2181"},"7":{"id":"735","structure_id":"182","section_number":"12-2182","catch_line":"APPEAL.","url":"\/12-2182\/","token":"12-2182"},"8":{"id":"737","structure_id":"182","section_number":"12-2183","catch_line":"ARBITRATION FEE.","url":"\/12-2183\/","token":"12-2183"},"9":{"id":"738","structure_id":"182","section_number":"12-2184","catch_line":"METHODS OF SERVICE.","url":"\/12-2184\/","token":"12-2184"},"10":{"id":"739","structure_id":"182","section_number":"12-2185","catch_line":"RELATION TO OTHER LAWS.","url":"\/12-2185\/","token":"12-2185"}},"previous_section":{"id":"737","structure_id":"182","section_number":"12-2183","catch_line":"ARBITRATION FEE.","url":"\/12-2183\/","token":"12-2183"},"next_section":{"id":"739","structure_id":"182","section_number":"12-2185","catch_line":"RELATION TO OTHER LAWS.","url":"\/12-2185\/","token":"12-2185"},"references":false,"formats":{"txt":"\/12-2184.txt","json":"\/12-2184.xml"},"dublin_core":{"Title":"METHODS OF SERVICE.","Type":"Text","Format":"text\/html","Identifier":"\u00a7 12-2184","Relation":"Code of State"},"plain_text":"                                  CODE OF STATE\n\nMETHODS OF SERVICE. (\u00a7 12-2184)\n\n(a) Notices, orders or other documents issued pursuant to this article shall be\nserved upon persons either personally or by first class regular mail. Service\nshall be deemed sufficient if regular mail is not returned by the post office\nwithin ten (10) days after the mailing. If regular mail is used, a notice of the\npending proceedings shall be posted in a conspicuous place on the premises\naffected.\n\n(b) If the identities of any owners or whereabouts of persons are unknown and\nthe same cannot be ascertained by the Inspections Department in the exercise of\nreasonable diligence, or if the owners are known but have refused to accept\nservice by registered or certified mail, and the Inspections Department shall\nmake an affidavit to that effect, stating the steps taken to determine and\nlocate the persons in interest, then the serving of such complaint or order upon\nsuch owners or persons may be made by publication in a newspaper having general\ncirculation in the City at least once no later than time at which personal\nservice would be required under this article. Where such service is by\npublication, a notice of the pending proceedings shall be posted in a\nconspicuous place on the premises thereby affected. \n(Ord. No. 2008-415B, \u00a71, 7-1-08)\n"}