{"law_id":"726","section_number":"12-2171","catch_line":"RELATION TO OTHER LAWS.","history":"","order_by":"12-2171","metadata":false,"url":"\/12-2171\/","token":"12-2171","structure":{"1":{"id":"181","name":"ARTICLE G. - PROBATIONARY RENTAL OCCUPANCY PERMIT [8]","identifier":"G","label":"article","url":"\/II\/12\/2\/G\/"},"2":{"id":"174","name":"CHAPTER 2. - BUSINESSES AND TRADES","identifier":"2","label":"chapter","url":"\/II\/12\/2\/"},"3":{"id":"169","name":"PART 12 - LICENSING AND REGULATION","identifier":"12","label":"part","url":"\/II\/12\/"},"4":{"id":"5","name":"Division II - Planning and Development","identifier":"II","label":"division","url":"\/II\/"}},"referred_to_by":false,"edition_id":"1","section_id":"726","structure_id":"181","full_text":"Nothing in this article shall authorize or condone any violation of Federal, state, and City fair housing laws and state landlord and tenant laws. This article shall not diminish any private right of action of any person. \n(Ord. No. 2004-720, \u00a71, 10-19-04) \nState law references: State Fair Housing Act, G.S. Ch. 41A; landlord and tenant, G.S. Ch. 42.","text":{"0":{"id":"2190","text":"Nothing in this article shall authorize or condone any violation of Federal, state, and City fair housing laws and state landlord and tenant laws. This article shall not diminish any private right of action of any person. \n(Ord. No. 2004-720, \u00a71, 10-19-04) \nState law references: State Fair Housing Act, G.S. Ch. 41A; landlord and tenant, G.S. Ch. 42.","type":"section","prefixes":[""],"prefix":"","entire_prefix":"","prefix_anchor":"","level":1}},"ancestry":{"1":{"id":"181","name":"ARTICLE G. - PROBATIONARY RENTAL OCCUPANCY PERMIT [8]","identifier":"G","label":"article","url":"\/II\/12\/2\/G\/"},"2":{"id":"174","name":"CHAPTER 2. - BUSINESSES AND TRADES","identifier":"2","label":"chapter","url":"\/II\/12\/2\/"},"3":{"id":"169","name":"PART 12 - LICENSING AND REGULATION","identifier":"12","label":"part","url":"\/II\/12\/"},"4":{"id":"5","name":"Division II - Planning and Development","identifier":"II","label":"division","url":"\/II\/"}},"structure_contents":{"0":{"id":"716","structure_id":"181","section_number":"12-2162","catch_line":"FINDINGS AND DECLARATION OF NECESSITY.","url":"\/12-2162\/","token":"12-2162"},"1":{"id":"717","structure_id":"181","section_number":"12-2163","catch_line":"DEFINITIONS.","url":"\/12-2163\/","token":"12-2163"},"2":{"id":"718","structure_id":"181","section_number":"12-2164","catch_line":"PERMITTING OF PROBATIONARY RENTAL RESIDENTIAL DWELLINGS.","url":"\/12-2164\/","token":"12-2164"},"3":{"id":"719","structure_id":"181","section_number":"12-2165","catch_line":"STANDARDS.","url":"\/12-2165\/","token":"12-2165"},"4":{"id":"720","structure_id":"181","section_number":"12-2166","catch_line":"COMPLIANCE WITH PROVISIONS.","url":"\/12-2166\/","token":"12-2166"},"5":{"id":"721","structure_id":"181","section_number":"12-2167","catch_line":"ENFORCEMENT.","url":"\/12-2167\/","token":"12-2167"},"6":{"id":"722","structure_id":"181","section_number":"12-2168","catch_line":"APPEAL.","url":"\/12-2168\/","token":"12-2168"},"7":{"id":"723","structure_id":"181","section_number":"12-2169","catch_line":"ADMINISTRATIVE FEE AND ARBITRATION FEE.","url":"\/12-2169\/","token":"12-2169"},"8":{"id":"724","structure_id":"181","section_number":"12-2170","catch_line":"METHODS OF SERVICE.","url":"\/12-2170\/","token":"12-2170"},"9":{"id":"726","structure_id":"181","section_number":"12-2171","catch_line":"RELATION TO OTHER LAWS.","url":"\/12-2171\/","token":"12-2171"},"10":{"id":"727","structure_id":"181","section_number":"12-2172","catch_line":"RESERVED.","url":"\/12-2172\/","token":"12-2172"}},"previous_section":{"id":"724","structure_id":"181","section_number":"12-2170","catch_line":"METHODS OF SERVICE.","url":"\/12-2170\/","token":"12-2170"},"next_section":{"id":"727","structure_id":"181","section_number":"12-2172","catch_line":"RESERVED.","url":"\/12-2172\/","token":"12-2172"},"references":false,"formats":{"txt":"\/12-2171.txt","json":"\/12-2171.xml"},"dublin_core":{"Title":"RELATION TO OTHER LAWS.","Type":"Text","Format":"text\/html","Identifier":"\u00a7 12-2171","Relation":"Code of State"},"plain_text":"                                  CODE OF STATE\n\nRELATION TO OTHER LAWS. (\u00a7 12-2171)\n\nNothing in this article shall authorize or condone any violation of Federal,\nstate, and City fair housing laws and state landlord and tenant laws. This\narticle shall not diminish any private right of action of any person. \n(Ord. No. 2004-720, \u00a71, 10-19-04) \nState law references: State Fair Housing Act, G.S. Ch. 41A; landlord and tenant,\nG.S. Ch. 42.\n"}