{"law_id":"675","section_number":"12-2106","catch_line":"RESERVED.","history":"","order_by":"12-2106","metadata":false,"url":"\/12-2106\/","token":"12-2106","structure":{"1":{"id":"177","name":"ARTICLE C. - PAWNBROKERS [3]","identifier":"C","label":"article","url":"\/II\/12\/2\/C\/"},"2":{"id":"174","name":"CHAPTER 2. - BUSINESSES AND TRADES","identifier":"2","label":"chapter","url":"\/II\/12\/2\/"},"3":{"id":"169","name":"PART 12 - LICENSING AND REGULATION","identifier":"12","label":"part","url":"\/II\/12\/"},"4":{"id":"5","name":"Division II - Planning and Development","identifier":"II","label":"division","url":"\/II\/"}},"referred_to_by":{"0":{"id":"675","section_number":"12-2106","catch_line":"RESERVED.","url":"http:\/\/localhost:8888\/12-2106\/"}},"edition_id":"1","section_id":"675","structure_id":"177","full_text":"________________________________________\nFOOTNOTE(S):\n________________________________________\n&#8212; (3) &#8212; \nEditor&#8217;s note: Former Article C, &#8220;Auctions,&#8221; was repealed by N.C. Session Laws of 1973, Ch. 552, \u00a79 and Ord. (1974)-679. Art. C consisted of substantive \u00a7\u00a712-2101\u201412-2105, and derived from Code 1959, \u00a7\u00a75-1\u20145-5. Ord. No. 1992-982, \u00a7\u00a71\u20145, adopted June 2, 1992, effective Oct. 10, 1992, added \u00a7\u00a712-2101\u201412-2105, which the editor has designated a new Art. C. (Back)","text":{"0":{"id":"1958","text":"________________________________________\nFOOTNOTE(S):\n________________________________________\n&#8212; (3) &#8212; \nEditor&#8217;s note: Former Article C, &#8220;Auctions,&#8221; was repealed by N.C. Session Laws of 1973, Ch. 552, \u00a79 and Ord. (1974)-679. Art. C consisted of substantive \u00a7\u00a712-2101\u201412-2105, and derived from Code 1959, \u00a7\u00a75-1\u20145-5. Ord. No. 1992-982, \u00a7\u00a71\u20145, adopted June 2, 1992, effective Oct. 10, 1992, added \u00a7\u00a712-2101\u201412-2105, which the editor has designated a new Art. C. (Back)","type":"section","prefixes":[""],"prefix":"","entire_prefix":"","prefix_anchor":"","level":1}},"ancestry":{"1":{"id":"177","name":"ARTICLE C. - PAWNBROKERS [3]","identifier":"C","label":"article","url":"\/II\/12\/2\/C\/"},"2":{"id":"174","name":"CHAPTER 2. - BUSINESSES AND TRADES","identifier":"2","label":"chapter","url":"\/II\/12\/2\/"},"3":{"id":"169","name":"PART 12 - LICENSING AND REGULATION","identifier":"12","label":"part","url":"\/II\/12\/"},"4":{"id":"5","name":"Division II - Planning and Development","identifier":"II","label":"division","url":"\/II\/"}},"structure_contents":{"0":{"id":"670","structure_id":"177","section_number":"12-2101","catch_line":"DEFINITIONS.","url":"\/12-2101\/","token":"12-2101"},"1":{"id":"671","structure_id":"177","section_number":"12-2102","catch_line":"LICENSING OF PAWNBROKERS.","url":"\/12-2102\/","token":"12-2102"},"2":{"id":"672","structure_id":"177","section_number":"12-2103","catch_line":"ISSUANCE OF LICENSE.","url":"\/12-2103\/","token":"12-2103"},"3":{"id":"673","structure_id":"177","section_number":"12-2104","catch_line":"REVOCATION OF PAWNBROKER'S LICENSE.","url":"\/12-2104\/","token":"12-2104"},"4":{"id":"674","structure_id":"177","section_number":"12-2105","catch_line":"RECORD KEEPING REQUIREMENTS.","url":"\/12-2105\/","token":"12-2105"},"5":{"id":"675","structure_id":"177","section_number":"12-2106","catch_line":"RESERVED.","url":"\/12-2106\/","token":"12-2106"}},"previous_section":{"id":"674","structure_id":"177","section_number":"12-2105","catch_line":"RECORD KEEPING REQUIREMENTS.","url":"\/12-2105\/","token":"12-2105"},"references":false,"formats":{"txt":"\/12-2106.txt","json":"\/12-2106.xml"},"dublin_core":{"Title":"RESERVED.","Type":"Text","Format":"text\/html","Identifier":"\u00a7 12-2106","Relation":"Code of State"},"plain_text":"                                  CODE OF STATE\n\nRESERVED. (\u00a7 12-2106)\n\n________________________________________\nFOOTNOTE(S):\n________________________________________\n&#8212; (3) &#8212; \nEditor&#8217;s note: Former Article C, &#8220;Auctions,&#8221; was repealed by\nN.C. Session Laws of 1973, Ch. 552, \u00a79 and Ord. (1974)-679. Art. C consisted of\nsubstantive \u00a7\u00a712-2101\u201412-2105, and derived from Code 1959, \u00a7\u00a75-1\u20145-5.\nOrd. No. 1992-982, \u00a7\u00a71\u20145, adopted June 2, 1992, effective Oct. 10, 1992,\nadded \u00a7\u00a712-2101\u201412-2105, which the editor has designated a new Art. C.\n(Back)\n"}