{"law_id":"721","section_number":"12-2167","catch_line":"ENFORCEMENT.","history":"","order_by":"12-2167","metadata":false,"url":"\/12-2167\/","token":"12-2167","structure":{"1":{"id":"181","name":"ARTICLE G. - PROBATIONARY RENTAL OCCUPANCY PERMIT [8]","identifier":"G","label":"article","url":"\/II\/12\/2\/G\/"},"2":{"id":"174","name":"CHAPTER 2. - BUSINESSES AND TRADES","identifier":"2","label":"chapter","url":"\/II\/12\/2\/"},"3":{"id":"169","name":"PART 12 - LICENSING AND REGULATION","identifier":"12","label":"part","url":"\/II\/12\/"},"4":{"id":"5","name":"Division II - Planning and Development","identifier":"II","label":"division","url":"\/II\/"}},"referred_to_by":{"0":{"id":"718","section_number":"12-2164","catch_line":"PERMITTING OF PROBATIONARY RENTAL RESIDENTIAL DWELLINGS.","url":"http:\/\/localhost:8888\/12-2164\/"}},"edition_id":"1","section_id":"721","structure_id":"181","full_text":"(a) Fifty dollars ($50.00) for a first violation, and each continuing day of noncompliance following written notice thereof shall result in the assessment of an additional civil penalty of fifty dollars ($50.00) per day;\r\r(b) Equitable remedies, including injunctions. \nAs authorized by the City Council, the City may apply to the courts for any appropriate equitable remedy to enforce the provisions of this article, including mandatory or prohibitory injunctions commanding the party to correct the unlawful condition or cease the unlawful use of the business.\r\r(d) Probationary status. \nFollowing a determination that a permittee under this article has violated the provisions of this article, the permittee shall be sent a notice that the permit is on a probationary status and will be revoked for a period of twenty-four (24) months if the permittee commits a second violation during the twenty-four (24) month period following the first violation. Following a determination that a permittee under this article has violated the provisions of this article a second time within any twenty-four (24) month period, the permittee shall be sent a notice that the permit is on a probationary status and if the permittee commits a third violation during the twenty-four (24) month period following the first violation, every probationary rental occupancy permit issued to, or held in the name of the owner where the violation occurred, will be revoked for a period of twenty-four (24) months.\r\r(e) Cancellation of revocation orders. \nThe Director of the Inspections Department shall cancel an order revoking a probationary rental occupancy permit when the owner requesting cancellation of the revocation order has paid all outstanding fees and civil penalties for the dwelling and the owner has no pending appeals of any notices or orders and: \n1.\tWithin five (5) working days of the service of the order, the owner obtains approval from the Inspections Department of a management plan for the dwelling to achieve full compliance with the standards in \u00a712-2165 within the time otherwise provided by the Code, or such time as the Inspections Department finds reasonable and; \n2.\tThe owner by power of attorney appoints a licensed rental agency to manage the property for the two (2) year period following the approval; or \n3.\tWithin fifteen (15) days of the service of the order, the new owner of the dwelling unit, who is not a prior owner, not related by marriage or within the fifth degree of kinship to the seller, is not a business affiliate of the prior owner, submits an affidavit so attesting along with proof of title transfer, pays all outstanding fees and civil penalties, and shows the Inspections Department that the dwelling complies with the standards in \u00a712-2165\r\r(f) Not a criminal violation. \nAny person violating any of the provisions of this article shall be subject to the civil penalties and permit revocations set forth. Any violation of this article shall be deemed a non-criminal violation and shall not be a misdemeanor or infraction pursuant to G.S. 14-4 or \u00a714-1005(a) of this Code of Ordinances. \n(Ord. No. 2004-720, \u00a71, 10-19-04; Ord. No. 2006-54, \u00a7\u00a714, 15, 7-11-06)\r\r","text":{"0":{"id":"2166","text":"Fifty dollars ($50.00) for a first violation, and each continuing day of noncompliance following written notice thereof shall result in the assessment of an additional civil penalty of fifty dollars ($50.00) per day;","type":"section","prefixes":["(a)"],"prefix":"(a)","entire_prefix":"(a)","prefix_anchor":"(a)","level":1},"1":{"id":"2167","text":"Equitable remedies, including injunctions. \nAs authorized by the City Council, the City may apply to the courts for any appropriate equitable remedy to enforce the provisions of this article, including mandatory or prohibitory injunctions commanding the party to correct the unlawful condition or cease the unlawful use of the business.","type":"section","prefixes":["(b)"],"prefix":"(b)","entire_prefix":"(b)","prefix_anchor":"(b)","level":1},"2":{"id":"2168","text":"","type":"section","prefixes":["(c)"],"prefix":"(c)","entire_prefix":"(c)","prefix_anchor":"(c)","level":1},"3":{"id":"2169","text":"\tFor each dwelling where a second violation of this article occurs within twenty-four (24) months of the most recent violation of this article, the Department of Inspections shall issue an order revoking the residential rental occupancy permit for a period of two (2) years, or when no permit had been issued the dwelling, making the probationary residential rental dwelling ineligible for a permit for a period of two (2) years. \n","type":"section","prefixes":["(c)","(1)"],"prefix":"(1)","entire_prefix":"(c)(1)","prefix_anchor":"(c)(1)","level":2},"4":{"id":"2170","text":"\tFor each dwelling where a third violation of this article occurs within twenty-four (24) months of the most recent violation of this article, the Department of Inspections shall issue an order revoking every probationary rental occupancy permit issued to, or held in the name of the owner of the dwelling where the violation occurred, for a period of two (2) years, and making the owner ineligible to hold a probationary rental occupancy permit for a period of two (2) years. \n","type":"section","prefixes":["(c)","(2)"],"prefix":"(2)","entire_prefix":"(c)(2)","prefix_anchor":"(c)(2)","level":2},"5":{"id":"2171","text":"\tTen (10) days following the service on the permittee of a written recommendation by the Director of the Inspections Department which describes the nature of any violation, the Director of the Inspections Department may revoke a permit issued pursuant to \u00a712-2164 if it is determined that the permittee has violated any provision of this article and other means of enforcement have failed to deter the permittee from operating in violation of this article. \n","type":"section","prefixes":["(c)","(3)"],"prefix":"(3)","entire_prefix":"(c)(3)","prefix_anchor":"(c)(3)","level":2},"6":{"id":"2172","text":"Probationary status. \nFollowing a determination that a permittee under this article has violated the provisions of this article, the permittee shall be sent a notice that the permit is on a probationary status and will be revoked for a period of twenty-four (24) months if the permittee commits a second violation during the twenty-four (24) month period following the first violation. Following a determination that a permittee under this article has violated the provisions of this article a second time within any twenty-four (24) month period, the permittee shall be sent a notice that the permit is on a probationary status and if the permittee commits a third violation during the twenty-four (24) month period following the first violation, every probationary rental occupancy permit issued to, or held in the name of the owner where the violation occurred, will be revoked for a period of twenty-four (24) months.","type":"section","prefixes":["(d)"],"prefix":"(d)","entire_prefix":"(d)","prefix_anchor":"(d)","level":1},"7":{"id":"2173","text":"Cancellation of revocation orders. \nThe Director of the Inspections Department shall cancel an order revoking a probationary rental occupancy permit when the owner requesting cancellation of the revocation order has paid all outstanding fees and civil penalties for the dwelling and the owner has no pending appeals of any notices or orders and: \n1.\tWithin five (5) working days of the service of the order, the owner obtains approval from the Inspections Department of a management plan for the dwelling to achieve full compliance with the standards in \u00a712-2165 within the time otherwise provided by the Code, or such time as the Inspections Department finds reasonable and; \n2.\tThe owner by power of attorney appoints a licensed rental agency to manage the property for the two (2) year period following the approval; or \n3.\tWithin fifteen (15) days of the service of the order, the new owner of the dwelling unit, who is not a prior owner, not related by marriage or within the fifth degree of kinship to the seller, is not a business affiliate of the prior owner, submits an affidavit so attesting along with proof of title transfer, pays all outstanding fees and civil penalties, and shows the Inspections Department that the dwelling complies with the standards in \u00a712-2165","type":"section","prefixes":["(e)"],"prefix":"(e)","entire_prefix":"(e)","prefix_anchor":"(e)","level":1},"8":{"id":"2174","text":"Not a criminal violation. \nAny person violating any of the provisions of this article shall be subject to the civil penalties and permit revocations set forth. Any violation of this article shall be deemed a non-criminal violation and shall not be a misdemeanor or infraction pursuant to G.S. 14-4 or \u00a714-1005(a) of this Code of Ordinances. \n(Ord. No. 2004-720, \u00a71, 10-19-04; Ord. No. 2006-54, \u00a7\u00a714, 15, 7-11-06)","type":"section","prefixes":["(f)"],"prefix":"(f)","entire_prefix":"(f)","prefix_anchor":"(f)","level":1}},"ancestry":{"1":{"id":"181","name":"ARTICLE G. - PROBATIONARY RENTAL OCCUPANCY PERMIT [8]","identifier":"G","label":"article","url":"\/II\/12\/2\/G\/"},"2":{"id":"174","name":"CHAPTER 2. - BUSINESSES AND TRADES","identifier":"2","label":"chapter","url":"\/II\/12\/2\/"},"3":{"id":"169","name":"PART 12 - LICENSING AND REGULATION","identifier":"12","label":"part","url":"\/II\/12\/"},"4":{"id":"5","name":"Division II - Planning and Development","identifier":"II","label":"division","url":"\/II\/"}},"structure_contents":{"0":{"id":"716","structure_id":"181","section_number":"12-2162","catch_line":"FINDINGS AND DECLARATION OF NECESSITY.","url":"\/12-2162\/","token":"12-2162"},"1":{"id":"717","structure_id":"181","section_number":"12-2163","catch_line":"DEFINITIONS.","url":"\/12-2163\/","token":"12-2163"},"2":{"id":"718","structure_id":"181","section_number":"12-2164","catch_line":"PERMITTING OF PROBATIONARY RENTAL RESIDENTIAL DWELLINGS.","url":"\/12-2164\/","token":"12-2164"},"3":{"id":"719","structure_id":"181","section_number":"12-2165","catch_line":"STANDARDS.","url":"\/12-2165\/","token":"12-2165"},"4":{"id":"720","structure_id":"181","section_number":"12-2166","catch_line":"COMPLIANCE WITH PROVISIONS.","url":"\/12-2166\/","token":"12-2166"},"5":{"id":"721","structure_id":"181","section_number":"12-2167","catch_line":"ENFORCEMENT.","url":"\/12-2167\/","token":"12-2167"},"6":{"id":"722","structure_id":"181","section_number":"12-2168","catch_line":"APPEAL.","url":"\/12-2168\/","token":"12-2168"},"7":{"id":"723","structure_id":"181","section_number":"12-2169","catch_line":"ADMINISTRATIVE FEE AND ARBITRATION FEE.","url":"\/12-2169\/","token":"12-2169"},"8":{"id":"724","structure_id":"181","section_number":"12-2170","catch_line":"METHODS OF SERVICE.","url":"\/12-2170\/","token":"12-2170"},"9":{"id":"726","structure_id":"181","section_number":"12-2171","catch_line":"RELATION TO OTHER LAWS.","url":"\/12-2171\/","token":"12-2171"},"10":{"id":"727","structure_id":"181","section_number":"12-2172","catch_line":"RESERVED.","url":"\/12-2172\/","token":"12-2172"}},"previous_section":{"id":"720","structure_id":"181","section_number":"12-2166","catch_line":"COMPLIANCE WITH PROVISIONS.","url":"\/12-2166\/","token":"12-2166"},"next_section":{"id":"722","structure_id":"181","section_number":"12-2168","catch_line":"APPEAL.","url":"\/12-2168\/","token":"12-2168"},"references":{"0":{"id":"730","section_number":"12-2177","catch_line":"REGISTRATION REQUIREMENT.","url":"http:\/\/localhost:8888\/12-2177\/"}},"formats":{"txt":"\/12-2167.txt","json":"\/12-2167.xml"},"dublin_core":{"Title":"ENFORCEMENT.","Type":"Text","Format":"text\/html","Identifier":"\u00a7 12-2167","Relation":"Code of State"},"plain_text":"                                  CODE OF STATE\n\nENFORCEMENT. (\u00a7 12-2167)\n\n(a) Fifty dollars ($50.00) for a first violation, and each continuing day of\nnoncompliance following written notice thereof shall result in the assessment of\nan additional civil penalty of fifty dollars ($50.00) per day;\n\n(b) Equitable remedies, including injunctions. \nAs authorized by the City Council, the City may apply to the courts for any\nappropriate equitable remedy to enforce the provisions of this article,\nincluding mandatory or prohibitory injunctions commanding the party to correct\nthe unlawful condition or cease the unlawful use of the business.\n\n(c) \n\n   (1) \tFor each dwelling where a second violation of this article occurs within\n   twenty-four (24) months of the most recent violation of this article, the\n   Department of Inspections shall issue an order revoking the residential rental\n   occupancy permit for a period of two (2) years, or when no permit had been\n   issued the dwelling, making the probationary residential rental dwelling\n   ineligible for a permit for a period of two (2) years. \n   \n\n   (2) \tFor each dwelling where a third violation of this article occurs within\n   twenty-four (24) months of the most recent violation of this article, the\n   Department of Inspections shall issue an order revoking every probationary\n   rental occupancy permit issued to, or held in the name of the owner of the\n   dwelling where the violation occurred, for a period of two (2) years, and\n   making the owner ineligible to hold a probationary rental occupancy permit for\n   a period of two (2) years. \n   \n\n   (3) \tTen (10) days following the service on the permittee of a written\n   recommendation by the Director of the Inspections Department which describes\n   the nature of any violation, the Director of the Inspections Department may\n   revoke a permit issued pursuant to \u00a712-2164 if it is determined that the\n   permittee has violated any provision of this article and other means of\n   enforcement have failed to deter the permittee from operating in violation of\n   this article. \n   \n\n(d) Probationary status. \nFollowing a determination that a permittee under this article has violated the\nprovisions of this article, the permittee shall be sent a notice that the permit\nis on a probationary status and will be revoked for a period of twenty-four (24)\nmonths if the permittee commits a second violation during the twenty-four (24)\nmonth period following the first violation. Following a determination that a\npermittee under this article has violated the provisions of this article a\nsecond time within any twenty-four (24) month period, the permittee shall be\nsent a notice that the permit is on a probationary status and if the permittee\ncommits a third violation during the twenty-four (24) month period following the\nfirst violation, every probationary rental occupancy permit issued to, or held\nin the name of the owner where the violation occurred, will be revoked for a\nperiod of twenty-four (24) months.\n\n(e) Cancellation of revocation orders. \nThe Director of the Inspections Department shall cancel an order revoking a\nprobationary rental occupancy permit when the owner requesting cancellation of\nthe revocation order has paid all outstanding fees and civil penalties for the\ndwelling and the owner has no pending appeals of any notices or orders and: \n1.\tWithin five (5) working days of the service of the order, the owner obtains\napproval from the Inspections Department of a management plan for the dwelling\nto achieve full compliance with the standards in \u00a712-2165 within the time\notherwise provided by the Code, or such time as the Inspections Department finds\nreasonable and; \n2.\tThe owner by power of attorney appoints a licensed rental agency to manage\nthe property for the two (2) year period following the approval; or \n3.\tWithin fifteen (15) days of the service of the order, the new owner of the\ndwelling unit, who is not a prior owner, not related by marriage or within the\nfifth degree of kinship to the seller, is not a business affiliate of the prior\nowner, submits an affidavit so attesting along with proof of title transfer,\npays all outstanding fees and civil penalties, and shows the Inspections\nDepartment that the dwelling complies with the standards in \u00a712-2165\n\n(f) Not a criminal violation. \nAny person violating any of the provisions of this article shall be subject to\nthe civil penalties and permit revocations set forth. Any violation of this\narticle shall be deemed a non-criminal violation and shall not be a misdemeanor\nor infraction pursuant to G.S. 14-4 or \u00a714-1005(a) of this Code of Ordinances. \n(Ord. No. 2004-720, \u00a71, 10-19-04; Ord. No. 2006-54, \u00a7\u00a714, 15, 7-11-06)\n"}