{"law_id":"686","section_number":"12-2123","catch_line":"ADDITIONAL PROHIBITIONS.","history":"","order_by":"12-2123","metadata":false,"url":"\/12-2123\/","token":"12-2123","structure":{"1":{"id":"178","name":"ARTICLE D. - AMUSEMENTS [4]","identifier":"D","label":"article","url":"\/II\/12\/2\/D\/"},"2":{"id":"174","name":"CHAPTER 2. - BUSINESSES AND TRADES","identifier":"2","label":"chapter","url":"\/II\/12\/2\/"},"3":{"id":"169","name":"PART 12 - LICENSING AND REGULATION","identifier":"12","label":"part","url":"\/II\/12\/"},"4":{"id":"5","name":"Division II - Planning and Development","identifier":"II","label":"division","url":"\/II\/"}},"referred_to_by":false,"edition_id":"1","section_id":"686","structure_id":"178","full_text":"The use or possession of controlled substances, alcohol or ABC law violations and acts of violence on the premises or in parking areas provided by the permittee for its patrons of an establishment holding an amplified entertainment permit are prohibited. Violation of any of these conditions is punishable according to the schedule of fines, penalties and suspensions set out in \u00a712-2124. \n(Ord. No. 1999-539, \u00a71, 4-6-99; Ord. No. 2006-24, \u00a71, 5-16-06)","text":{"0":{"id":"1994","text":"The use or possession of controlled substances, alcohol or ABC law violations and acts of violence on the premises or in parking areas provided by the permittee for its patrons of an establishment holding an amplified entertainment permit are prohibited. Violation of any of these conditions is punishable according to the schedule of fines, penalties and suspensions set out in \u00a712-2124. \n(Ord. No. 1999-539, \u00a71, 4-6-99; Ord. No. 2006-24, \u00a71, 5-16-06)","type":"section","prefixes":[""],"prefix":"","entire_prefix":"","prefix_anchor":"","level":1}},"ancestry":{"1":{"id":"178","name":"ARTICLE D. - AMUSEMENTS [4]","identifier":"D","label":"article","url":"\/II\/12\/2\/D\/"},"2":{"id":"174","name":"CHAPTER 2. - BUSINESSES AND TRADES","identifier":"2","label":"chapter","url":"\/II\/12\/2\/"},"3":{"id":"169","name":"PART 12 - LICENSING AND REGULATION","identifier":"12","label":"part","url":"\/II\/12\/"},"4":{"id":"5","name":"Division II - Planning and Development","identifier":"II","label":"division","url":"\/II\/"}},"structure_contents":{"0":{"id":"676","structure_id":"178","section_number":"12-2111","catch_line":"THEATERS AND SHOWS; ADVANCE APPLICATION FOR LICENSE, ISSUANCE DISCRETIONARY; TYPES OF SHOWS PROHIBITED.","url":"\/12-2111\/","token":"12-2111"},"1":{"id":"677","structure_id":"178","section_number":"12-2112","catch_line":"SALE OF TICKETS IN EXCESS OF SEATS.","url":"\/12-2112\/","token":"12-2112"},"2":{"id":"678","structure_id":"178","section_number":"12-2113","catch_line":"RESERVED.","url":"\/12-2113\/","token":"12-2113"},"3":{"id":"679","structure_id":"178","section_number":"12-2117","catch_line":"RESERVED.","url":"\/12-2117\/","token":"12-2117"},"4":{"id":"681","structure_id":"178","section_number":"12-2118","catch_line":"DEFINITION.","url":"\/12-2118\/","token":"12-2118"},"5":{"id":"682","structure_id":"178","section_number":"12-2119","catch_line":"REQUIREMENTS FOR AMPLIFIED ENTERTAINMENT PERMIT.","url":"\/12-2119\/","token":"12-2119"},"6":{"id":"683","structure_id":"178","section_number":"12-2120","catch_line":"OUTDOOR AMPLIFIED ENTERTAINMENT.","url":"\/12-2120\/","token":"12-2120"},"7":{"id":"684","structure_id":"178","section_number":"12-2121","catch_line":"OUTDOOR DINING.","url":"\/12-2121\/","token":"12-2121"},"8":{"id":"685","structure_id":"178","section_number":"12-2122","catch_line":"ISSUANCE OF PERMIT.","url":"\/12-2122\/","token":"12-2122"},"9":{"id":"686","structure_id":"178","section_number":"12-2123","catch_line":"ADDITIONAL PROHIBITIONS.","url":"\/12-2123\/","token":"12-2123"},"10":{"id":"687","structure_id":"178","section_number":"12-2124","catch_line":"PENALTIES.","url":"\/12-2124\/","token":"12-2124"},"11":{"id":"688","structure_id":"178","section_number":"12-2125","catch_line":"EFFECTIVE DATE.","url":"\/12-2125\/","token":"12-2125"},"12":{"id":"689","structure_id":"178","section_number":"12-2126","catch_line":"RESERVED.","url":"\/12-2126\/","token":"12-2126"}},"previous_section":{"id":"685","structure_id":"178","section_number":"12-2122","catch_line":"ISSUANCE OF PERMIT.","url":"\/12-2122\/","token":"12-2122"},"next_section":{"id":"687","structure_id":"178","section_number":"12-2124","catch_line":"PENALTIES.","url":"\/12-2124\/","token":"12-2124"},"references":{"0":{"id":"689","section_number":"12-2126","catch_line":"RESERVED.","url":"http:\/\/localhost:8888\/12-2126\/"}},"formats":{"txt":"\/12-2123.txt","json":"\/12-2123.xml"},"dublin_core":{"Title":"ADDITIONAL PROHIBITIONS.","Type":"Text","Format":"text\/html","Identifier":"\u00a7 12-2123","Relation":"Code of State"},"plain_text":"                                  CODE OF STATE\n\nADDITIONAL PROHIBITIONS. (\u00a7 12-2123)\n\nThe use or possession of controlled substances, alcohol or ABC law violations\nand acts of violence on the premises or in parking areas provided by the\npermittee for its patrons of an establishment holding an amplified entertainment\npermit are prohibited. Violation of any of these conditions is punishable\naccording to the schedule of fines, penalties and suspensions set out in\n\u00a712-2124. \n(Ord. No. 1999-539, \u00a71, 4-6-99; Ord. No. 2006-24, \u00a71, 5-16-06)\n"}