{"law_id":"654","section_number":"12-2082","catch_line":"APPLICATION.","history":"","order_by":"12-2082","metadata":false,"url":"\/12-2082\/","token":"12-2082","structure":{"1":{"id":"176","name":"ARTICLE B. - VEHICLES FOR HIRE","identifier":"B","label":"article","url":"\/II\/12\/2\/B\/"},"2":{"id":"174","name":"CHAPTER 2. - BUSINESSES AND TRADES","identifier":"2","label":"chapter","url":"\/II\/12\/2\/"},"3":{"id":"169","name":"PART 12 - LICENSING AND REGULATION","identifier":"12","label":"part","url":"\/II\/12\/"},"4":{"id":"5","name":"Division II - Planning and Development","identifier":"II","label":"division","url":"\/II\/"}},"referred_to_by":{"0":{"id":"605","section_number":"12-2024","catch_line":"COMPLIANCE WITH ARTICLE; ENFORCEMENT SANCTIONS.","url":"http:\/\/localhost:8888\/12-2024\/"}},"edition_id":"1","section_id":"654","structure_id":"176","full_text":"(c) It shall be unlawful for any applicant knowingly to make a false statement or knowingly to give false information on his application for a driver&#8217;s permit. Any material false statement or false information made or given by an applicant in applying for a driver&#8217;s permit shall invalidate the permit issue to such applicant. \n(Code 1959 , \u00a722-44; Ord. No. 1988-220, \u00a77, 7-19-88; Ord. No. 1999-691, \u00a7\u00a78\u201411, 11-16-99; Ord. No. 2002-332, \u00a7 1, 11-19-02; Ord. No. 2003-390, \u00a73, 2-18-03; Ord. No. 2009-671, \u00a7\u00a728\u201431, 11-3-09)\r\r","text":{"0":{"id":"1842","text":"","type":"section","prefixes":["(a)"],"prefix":"(a)","entire_prefix":"(a)","prefix_anchor":"(a)","level":1},"1":{"id":"1843","text":"\tThe full name, age, date of birth, place of birth and address of the applicant.\n","type":"section","prefixes":["(a)","(1)"],"prefix":"(1)","entire_prefix":"(a)(1)","prefix_anchor":"(a)(1)","level":2},"2":{"id":"1844","text":"\tThe length of time of the applicant&#8217;s residence in the City and in the State and whether or not he is a citizen of the United States. Citizens of the United States shall provide a social security card and non-citizens shall provide a current alien registration card. \n","type":"section","prefixes":["(a)","(2)"],"prefix":"(2)","entire_prefix":"(a)(2)","prefix_anchor":"(a)(2)","level":2},"3":{"id":"1845","text":"\tThe applicant&#8217;s full personal description; including his height, weight, sex, race, color of eyes, color of hair, complexion, body and facial marks and defects, if any. \n","type":"section","prefixes":["(a)","(3)"],"prefix":"(3)","entire_prefix":"(a)(3)","prefix_anchor":"(a)(3)","level":2},"4":{"id":"1846","text":"\tThe applicant&#8217;s physical condition including hearing and eyesight and the extent of his present and past due to intoxicating liquors, alcoholic beverages and narcotic and barbiturate drugs. \nThe applicant will produce valid evidence that he has successfully passed a drug test prior to employment or affiliation with a taxicab\/vehicle for hire company. If the applicant has failed the drug test, he is not eligible to apply for a taxicab\/vehicle for hire driver&#8217;s permit, for a one-year period following the drug test. \n","type":"section","prefixes":["(a)","(4)"],"prefix":"(4)","entire_prefix":"(a)(4)","prefix_anchor":"(a)(4)","level":2},"5":{"id":"1847","text":"\tThe applicant&#8217;s previous places of employment for the five (5) years immediately preceding the date of his application for a driver&#8217;s permit and his previous experience in driving taxicabs and other vehicles for hire carrying passengers. \n","type":"section","prefixes":["(a)","(5)"],"prefix":"(5)","entire_prefix":"(a)(5)","prefix_anchor":"(a)(5)","level":2},"6":{"id":"1848","text":"\tThe applicant&#8217;s complete record of criminal citations (including those for traffic violations), arrests and convictions.\na.\tHave no more than seven (7) accrued points for motor vehicle violations pursuant to \u00a712-2091; six (6) during the previous three (3) years or any comparable provision of the law of another state. The taxicab inspector will review the driving records of all applicants who have eight (8) or more points on their current driving records. The issuance of a taxicab driving permit will be at the taxicab inspector&#8217;s discretion based on the totality of the driving record. \nb.\tNo application for a driver&#8217;s permit shall be accepted from an applicant who has criminal charges pending against him at the time of application. For purposes of this subsection, pending criminal charges shall not include traffic infractions. \n","type":"section","prefixes":["(a)","(6)"],"prefix":"(6)","entire_prefix":"(a)(6)","prefix_anchor":"(a)(6)","level":2},"7":{"id":"1849","text":"\tThe number and date of issuance of the applicant&#8217;s state driver&#8217;s license.\n","type":"section","prefixes":["(a)","(7)"],"prefix":"(7)","entire_prefix":"(a)(7)","prefix_anchor":"(a)(7)","level":2},"8":{"id":"1850","text":"\tThe number and date of issuance of the applicant&#8217;s required state license.\n","type":"section","prefixes":["(a)","(8)"],"prefix":"(8)","entire_prefix":"(a)(8)","prefix_anchor":"(a)(8)","level":2},"9":{"id":"1851","text":"\tSuch other information as the taxicab inspector or City Council may require. \n","type":"section","prefixes":["(a)","(9)"],"prefix":"(9)","entire_prefix":"(a)(9)","prefix_anchor":"(a)(9)","level":2},"10":{"id":"1852","text":"","type":"section","prefixes":["(b)"],"prefix":"(b)","entire_prefix":"(b)","prefix_anchor":"(b)","level":1},"11":{"id":"1853","text":"\tFull fingerprints of the applicant.\n","type":"section","prefixes":["(b)","(1)"],"prefix":"(1)","entire_prefix":"(b)(1)","prefix_anchor":"(b)(1)","level":2},"12":{"id":"1854","text":"\tFour (4) front view photographs of the applicant of such sizes as specified by the Chief of Police or his designee.\n","type":"section","prefixes":["(b)","(2)"],"prefix":"(2)","entire_prefix":"(b)(2)","prefix_anchor":"(b)(2)","level":2},"13":{"id":"1855","text":"\tA certificate of a physician in the City stating that the applicant is not afflicted with any disease, physical disability, hearing deficit, vision deficit, or any other physical affliction which would materially impair his ability to drive a taxicab in a safe manner and in a manner that will not endanger the health of the public. \n","type":"section","prefixes":["(b)","(3)"],"prefix":"(3)","entire_prefix":"(b)(3)","prefix_anchor":"(b)(3)","level":2},"14":{"id":"1856","text":"\tA current health certificate issued by the Board of Health.\n","type":"section","prefixes":["(b)","(4)"],"prefix":"(4)","entire_prefix":"(b)(4)","prefix_anchor":"(b)(4)","level":2},"15":{"id":"1857","text":"\tThe sum of fifty dollars ($50.00) and an additional amount to be determined by the Chief of Police or his designee to cover the cost of the fingerprint check. Both fees are non-refundable. \n","type":"section","prefixes":["(b)","(5)"],"prefix":"(5)","entire_prefix":"(b)(5)","prefix_anchor":"(b)(5)","level":2},"16":{"id":"1858","text":"\tOn forms provided by the taxicab inspector: \na.\tA testimonial from his last employer;\nb.\tA letter of introduction from his prospective employer; and\nc.\tAffidavits of his good character from two (2) reputable citizens of the City who have known him personally and have observed his conduct for one year next preceding the date of his application. \n","type":"section","prefixes":["(b)","(6)"],"prefix":"(6)","entire_prefix":"(b)(6)","prefix_anchor":"(b)(6)","level":2},"17":{"id":"1859","text":"\tEach operating permit holder must require its taxicab drivers to enroll in and successfully complete within ten (10) days from the date of the issuance of the driver&#8217;s permit a training course conducted by the taxicab inspector or his\/her designee. All current drivers of taxicabs must be in compliance with this section within two (2) years of the effective date of this article. \n","type":"section","prefixes":["(b)","(7)"],"prefix":"(7)","entire_prefix":"(b)(7)","prefix_anchor":"(b)(7)","level":2},"18":{"id":"1860","text":"It shall be unlawful for any applicant knowingly to make a false statement or knowingly to give false information on his application for a driver&#8217;s permit. Any material false statement or false information made or given by an applicant in applying for a driver&#8217;s permit shall invalidate the permit issue to such applicant. \n(Code 1959 , \u00a722-44; Ord. No. 1988-220, \u00a77, 7-19-88; Ord. No. 1999-691, \u00a7\u00a78\u201411, 11-16-99; Ord. No. 2002-332, \u00a7 1, 11-19-02; Ord. No. 2003-390, \u00a73, 2-18-03; Ord. No. 2009-671, \u00a7\u00a728\u201431, 11-3-09)","type":"section","prefixes":["(c)"],"prefix":"(c)","entire_prefix":"(c)","prefix_anchor":"(c)","level":1}},"ancestry":{"1":{"id":"176","name":"ARTICLE B. - VEHICLES FOR HIRE","identifier":"B","label":"article","url":"\/II\/12\/2\/B\/"},"2":{"id":"174","name":"CHAPTER 2. - BUSINESSES AND TRADES","identifier":"2","label":"chapter","url":"\/II\/12\/2\/"},"3":{"id":"169","name":"PART 12 - LICENSING AND REGULATION","identifier":"12","label":"part","url":"\/II\/12\/"},"4":{"id":"5","name":"Division II - Planning and Development","identifier":"II","label":"division","url":"\/II\/"}},"structure_contents":{"0":{"id":"601","structure_id":"176","section_number":"12-2021","catch_line":"SHORT TITLE.","url":"\/12-2021\/","token":"12-2021"},"1":{"id":"602","structure_id":"176","section_number":"12-2022","catch_line":"DEFINITIONS.","url":"\/12-2022\/","token":"12-2022"},"2":{"id":"604","structure_id":"176","section_number":"12-2023","catch_line":"TAXICAB INSPECTOR; OFFICE CREATED; DUTIES GENERALLY.","url":"\/12-2023\/","token":"12-2023"},"3":{"id":"605","structure_id":"176","section_number":"12-2024","catch_line":"COMPLIANCE WITH ARTICLE; ENFORCEMENT SANCTIONS.","url":"\/12-2024\/","token":"12-2024"},"4":{"id":"606","structure_id":"176","section_number":"12-2025","catch_line":"INSURANCE.","url":"\/12-2025\/","token":"12-2025"},"5":{"id":"607","structure_id":"176","section_number":"12-2026","catch_line":"OWNER INFORMATION FILE.","url":"\/12-2026\/","token":"12-2026"},"6":{"id":"608","structure_id":"176","section_number":"12-2027","catch_line":"TYPE OF TAXICAB.","url":"\/12-2027\/","token":"12-2027"},"7":{"id":"609","structure_id":"176","section_number":"12-2028","catch_line":"EQUIPMENT; ITEMS REQUIRED.","url":"\/12-2028\/","token":"12-2028"},"8":{"id":"610","structure_id":"176","section_number":"12-2029","catch_line":"FILING DESCRIPTION.","url":"\/12-2029\/","token":"12-2029"},"9":{"id":"611","structure_id":"176","section_number":"12-2030","catch_line":"IDENTIFICATION OF VEHICLES.","url":"\/12-2030\/","token":"12-2030"},"10":{"id":"612","structure_id":"176","section_number":"12-2031","catch_line":"CONDITION OF VEHICLE; INSPECTION.","url":"\/12-2031\/","token":"12-2031"},"11":{"id":"613","structure_id":"176","section_number":"12-2032","catch_line":"MAINTENANCE.","url":"\/12-2032\/","token":"12-2032"},"12":{"id":"615","structure_id":"176","section_number":"12-2033","catch_line":"SANITATION.","url":"\/12-2033\/","token":"12-2033"},"13":{"id":"616","structure_id":"176","section_number":"12-2034","catch_line":"DRIVERS' MANIFESTS.","url":"\/12-2034\/","token":"12-2034"},"14":{"id":"617","structure_id":"176","section_number":"12-2035","catch_line":"ACCEPTING ADDITIONAL PASSENGERS.","url":"\/12-2035\/","token":"12-2035"},"15":{"id":"618","structure_id":"176","section_number":"12-2036","catch_line":"RESTRICTION ON NUMBER OF PASSENGERS.","url":"\/12-2036\/","token":"12-2036"},"16":{"id":"619","structure_id":"176","section_number":"12-2037","catch_line":"REFUSAL TO CARRY ORDERLY PASSENGERS.","url":"\/12-2037\/","token":"12-2037"},"17":{"id":"620","structure_id":"176","section_number":"12-2038","catch_line":"DECEPTION OF PASSENGERS.","url":"\/12-2038\/","token":"12-2038"},"18":{"id":"621","structure_id":"176","section_number":"12-2039","catch_line":"COMPLIANCE WITH PASSENGERS' REQUESTS.","url":"\/12-2039\/","token":"12-2039"},"19":{"id":"622","structure_id":"176","section_number":"12-2040","catch_line":"USE OF TOBACCO.","url":"\/12-2040\/","token":"12-2040"},"20":{"id":"623","structure_id":"176","section_number":"12-2041","catch_line":"LOST ARTICLES.","url":"\/12-2041\/","token":"12-2041"},"21":{"id":"624","structure_id":"176","section_number":"12-2042","catch_line":"ATTENDING VEHICLE BY DRIVER.","url":"\/12-2042\/","token":"12-2042"},"22":{"id":"626","structure_id":"176","section_number":"12-2043","catch_line":"FARES; SCHEDULE.","url":"\/12-2043\/","token":"12-2043"},"23":{"id":"627","structure_id":"176","section_number":"12-2044","catch_line":"HIRING WITH INTENT NOT TO PAY.","url":"\/12-2044\/","token":"12-2044"},"24":{"id":"628","structure_id":"176","section_number":"12-2045","catch_line":"FURNISHING RECEIPT.","url":"\/12-2045\/","token":"12-2045"},"25":{"id":"629","structure_id":"176","section_number":"12-2046","catch_line":"RATE CARD; ISSUANCE, POSTING, COMPLYING WITH.","url":"\/12-2046\/","token":"12-2046"},"26":{"id":"630","structure_id":"176","section_number":"12-2047","catch_line":"TAXI INSPECTOR'S HOURS.","url":"\/12-2047\/","token":"12-2047"},"27":{"id":"631","structure_id":"176","section_number":"12-2048","catch_line":"RESERVED.","url":"\/12-2048\/","token":"12-2048"},"28":{"id":"632","structure_id":"176","section_number":"12-2048","catch_line":"RESERVED. ","url":"\/12-2048\/","token":"12-2048"},"29":{"id":"633","structure_id":"176","section_number":"12-2051","catch_line":"REQUIRED.","url":"\/12-2051\/","token":"12-2051"},"30":{"id":"634","structure_id":"176","section_number":"12-2052","catch_line":"APPLICATION.","url":"\/12-2052\/","token":"12-2052"},"31":{"id":"635","structure_id":"176","section_number":"12-2053","catch_line":"ISSUANCE.","url":"\/12-2053\/","token":"12-2053"},"32":{"id":"637","structure_id":"176","section_number":"12-2054","catch_line":"FORM.","url":"\/12-2054\/","token":"12-2054"},"33":{"id":"638","structure_id":"176","section_number":"12-2055","catch_line":"EXPIRATION.","url":"\/12-2055\/","token":"12-2055"},"34":{"id":"639","structure_id":"176","section_number":"12-2056","catch_line":"PERMIT ISSUANCE, RENEWAL REQUIREMENT; EXCEPTIONS.","url":"\/12-2056\/","token":"12-2056"},"35":{"id":"640","structure_id":"176","section_number":"12-2057","catch_line":"ASSIGNMENT OR TRANSFER.","url":"\/12-2057\/","token":"12-2057"},"36":{"id":"641","structure_id":"176","section_number":"12-2058","catch_line":"ISSUANCE OF MEMORANDUM PERMIT.","url":"\/12-2058\/","token":"12-2058"},"37":{"id":"642","structure_id":"176","section_number":"12-2059","catch_line":"REVOCATION UPON CHANGE OF OWNERSHIP; ISSUANCE TO NEW OWNER.","url":"\/12-2059\/","token":"12-2059"},"38":{"id":"643","structure_id":"176","section_number":"12-2060","catch_line":"SUSPENSION AND REVOCATION; CAUSES, HEARING.","url":"\/12-2060\/","token":"12-2060"},"39":{"id":"644","structure_id":"176","section_number":"12-2061","catch_line":"SURRENDER OF PERMIT; RETIRING VEHICLES FROM SERVICE.","url":"\/12-2061\/","token":"12-2061"},"40":{"id":"645","structure_id":"176","section_number":"12-2062","catch_line":"RESERVED.","url":"\/12-2062\/","token":"12-2062"},"41":{"id":"646","structure_id":"176","section_number":"12-2062","catch_line":"RESERVED. ","url":"\/12-2062\/","token":"12-2062"},"42":{"id":"648","structure_id":"176","section_number":"12-2071","catch_line":"PARTICIPATION REQUIREMENTS.","url":"\/12-2071\/","token":"12-2071"},"43":{"id":"649","structure_id":"176","section_number":"12-2072","catch_line":"DETERMINATION OF ELIGIBILITY.","url":"\/12-2072\/","token":"12-2072"},"44":{"id":"650","structure_id":"176","section_number":"12-2073","catch_line":"REDEMPTION OF SCRIP.","url":"\/12-2073\/","token":"12-2073"},"45":{"id":"651","structure_id":"176","section_number":"12-2074","catch_line":"PENALTIES.","url":"\/12-2074\/","token":"12-2074"},"46":{"id":"652","structure_id":"176","section_number":"12-2075","catch_line":"RESERVED.","url":"\/12-2075\/","token":"12-2075"},"47":{"id":"653","structure_id":"176","section_number":"12-2081","catch_line":"REQUIRED.","url":"\/12-2081\/","token":"12-2081"},"48":{"id":"654","structure_id":"176","section_number":"12-2082","catch_line":"APPLICATION.","url":"\/12-2082\/","token":"12-2082"},"49":{"id":"655","structure_id":"176","section_number":"12-2083","catch_line":"PROBATIONARY DRIVER'S PERMIT.","url":"\/12-2083\/","token":"12-2083"},"50":{"id":"656","structure_id":"176","section_number":"12-2084","catch_line":"EXAMINATION AND INVESTIGATION.","url":"\/12-2084\/","token":"12-2084"},"51":{"id":"657","structure_id":"176","section_number":"12-2085","catch_line":"QUALIFICATIONS.","url":"\/12-2085\/","token":"12-2085"},"52":{"id":"659","structure_id":"176","section_number":"12-2086","catch_line":"REFUSAL TO ISSUE.","url":"\/12-2086\/","token":"12-2086"},"53":{"id":"660","structure_id":"176","section_number":"12-2087","catch_line":"APPEAL FROM REFUSAL.","url":"\/12-2087\/","token":"12-2087"},"54":{"id":"661","structure_id":"176","section_number":"12-2088","catch_line":"GRANTING.","url":"\/12-2088\/","token":"12-2088"},"55":{"id":"662","structure_id":"176","section_number":"12-2089","catch_line":"CONTENTS AND EFFECT.","url":"\/12-2089\/","token":"12-2089"},"56":{"id":"663","structure_id":"176","section_number":"12-2090","catch_line":"SAFETY PERMIT.","url":"\/12-2090\/","token":"12-2090"},"57":{"id":"664","structure_id":"176","section_number":"12-2091","catch_line":"REVOCATION.","url":"\/12-2091\/","token":"12-2091"},"58":{"id":"665","structure_id":"176","section_number":"12-2092","catch_line":"SURRENDER, DISPLAY, LOSS, ETC., OF DRIVER'S PERMIT.","url":"\/12-2092\/","token":"12-2092"},"59":{"id":"666","structure_id":"176","section_number":"12-2093","catch_line":"EXPIRATION, RENEWAL.","url":"\/12-2093\/","token":"12-2093"},"60":{"id":"667","structure_id":"176","section_number":"12-2094","catch_line":"RESERVED.","url":"\/12-2094\/","token":"12-2094"},"61":{"id":"668","structure_id":"176","section_number":"12-2094","catch_line":"RESERVED. ","url":"\/12-2094\/","token":"12-2094"}},"previous_section":{"id":"653","structure_id":"176","section_number":"12-2081","catch_line":"REQUIRED.","url":"\/12-2081\/","token":"12-2081"},"next_section":{"id":"655","structure_id":"176","section_number":"12-2083","catch_line":"PROBATIONARY DRIVER'S PERMIT.","url":"\/12-2083\/","token":"12-2083"},"references":false,"formats":{"txt":"\/12-2082.txt","json":"\/12-2082.xml"},"dublin_core":{"Title":"APPLICATION.","Type":"Text","Format":"text\/html","Identifier":"\u00a7 12-2082","Relation":"Code of State"},"plain_text":"                                  CODE OF STATE\n\nAPPLICATION. (\u00a7 12-2082)\n\n(a) \n\n   (1) \tThe full name, age, date of birth, place of birth and address of the\n   applicant.\n   \n\n   (2) \tThe length of time of the applicant&#8217;s residence in the City and in\n   the State and whether or not he is a citizen of the United States. Citizens of\n   the United States shall provide a social security card and non-citizens shall\n   provide a current alien registration card. \n   \n\n   (3) \tThe applicant&#8217;s full personal description; including his height,\n   weight, sex, race, color of eyes, color of hair, complexion, body and facial\n   marks and defects, if any. \n   \n\n   (4) \tThe applicant&#8217;s physical condition including hearing and eyesight\n   and the extent of his present and past due to intoxicating liquors, alcoholic\n   beverages and narcotic and barbiturate drugs. \n   The applicant will produce valid evidence that he has successfully passed a\n   drug test prior to employment or affiliation with a taxicab\/vehicle for hire\n   company. If the applicant has failed the drug test, he is not eligible to\n   apply for a taxicab\/vehicle for hire driver&#8217;s permit, for a one-year\n   period following the drug test. \n   \n\n   (5) \tThe applicant&#8217;s previous places of employment for the five (5)\n   years immediately preceding the date of his application for a driver&#8217;s\n   permit and his previous experience in driving taxicabs and other vehicles for\n   hire carrying passengers. \n   \n\n   (6) \tThe applicant&#8217;s complete record of criminal citations (including\n   those for traffic violations), arrests and convictions.\n   a.\tHave no more than seven (7) accrued points for motor vehicle violations\n   pursuant to \u00a712-2091; six (6) during the previous three (3) years or any\n   comparable provision of the law of another state. The taxicab inspector will\n   review the driving records of all applicants who have eight (8) or more points\n   on their current driving records. The issuance of a taxicab driving permit\n   will be at the taxicab inspector&#8217;s discretion based on the totality of\n   the driving record. \n   b.\tNo application for a driver&#8217;s permit shall be accepted from an\n   applicant who has criminal charges pending against him at the time of\n   application. For purposes of this subsection, pending criminal charges shall\n   not include traffic infractions. \n   \n\n   (7) \tThe number and date of issuance of the applicant&#8217;s state\n   driver&#8217;s license.\n   \n\n   (8) \tThe number and date of issuance of the applicant&#8217;s required state\n   license.\n   \n\n   (9) \tSuch other information as the taxicab inspector or City Council may\n   require. \n   \n\n(b) \n\n   (1) \tFull fingerprints of the applicant.\n   \n\n   (2) \tFour (4) front view photographs of the applicant of such sizes as\n   specified by the Chief of Police or his designee.\n   \n\n   (3) \tA certificate of a physician in the City stating that the applicant is\n   not afflicted with any disease, physical disability, hearing deficit, vision\n   deficit, or any other physical affliction which would materially impair his\n   ability to drive a taxicab in a safe manner and in a manner that will not\n   endanger the health of the public. \n   \n\n   (4) \tA current health certificate issued by the Board of Health.\n   \n\n   (5) \tThe sum of fifty dollars ($50.00) and an additional amount to be\n   determined by the Chief of Police or his designee to cover the cost of the\n   fingerprint check. Both fees are non-refundable. \n   \n\n   (6) \tOn forms provided by the taxicab inspector: \n   a.\tA testimonial from his last employer;\n   b.\tA letter of introduction from his prospective employer; and\n   c.\tAffidavits of his good character from two (2) reputable citizens of the\n   City who have known him personally and have observed his conduct for one year\n   next preceding the date of his application. \n   \n\n   (7) \tEach operating permit holder must require its taxicab drivers to enroll\n   in and successfully complete within ten (10) days from the date of the\n   issuance of the driver&#8217;s permit a training course conducted by the\n   taxicab inspector or his\/her designee. All current drivers of taxicabs must be\n   in compliance with this section within two (2) years of the effective date of\n   this article. \n   \n\n(c) It shall be unlawful for any applicant knowingly to make a false statement\nor knowingly to give false information on his application for a driver&#8217;s\npermit. Any material false statement or false information made or given by an\napplicant in applying for a driver&#8217;s permit shall invalidate the permit\nissue to such applicant. \n(Code 1959 , \u00a722-44; Ord. No. 1988-220, \u00a77, 7-19-88; Ord. No. 1999-691,\n\u00a7\u00a78\u201411, 11-16-99; Ord. No. 2002-332, \u00a7 1, 11-19-02; Ord. No. 2003-390, \u00a73,\n2-18-03; Ord. No. 2009-671, \u00a7\u00a728\u201431, 11-3-09)\n"}