{"law_id":"600","edition_id":"1","section_id":"600","structure_id":"175","section_number":"12-2001","catch_line":"RESERVED.","history":"","full_text":"________________________________________\nFOOTNOTE(S):\n________________________________________\n&#8212; (1) &#8212; \nState law reference: Authority to regulate business, trades and professions, G.S. 160A-181. (Back)","order_by":"12-2001","text":{"0":{"id":"1698","text":"________________________________________\nFOOTNOTE(S):\n________________________________________\n&#8212; (1) &#8212; \nState law reference: Authority to regulate business, trades and professions, G.S. 160A-181. (Back)","type":"section","prefixes":[""],"prefix":"","entire_prefix":"","prefix_anchor":"","level":1}},"ancestry":{"1":{"id":"175","name":"ARTICLE A. - GENERAL REGULATIONS [1]","identifier":"A","label":"article","url":"\/II\/12\/2\/A\/"},"2":{"id":"174","name":"CHAPTER 2. - BUSINESSES AND TRADES","identifier":"2","label":"chapter","url":"\/II\/12\/2\/"},"3":{"id":"169","name":"PART 12 - LICENSING AND REGULATION","identifier":"12","label":"part","url":"\/II\/12\/"},"4":{"id":"5","name":"Division II - Planning and Development","identifier":"II","label":"division","url":"\/II\/"}},"structure_contents":{"0":{"id":"600","structure_id":"175","section_number":"12-2001","catch_line":"RESERVED.","url":"\/12-2001\/","token":"12-2001"}},"metadata":false,"references":false,"url":"\/12-2001\/","token":"12-2001","formats":{"txt":"\/12-2001.txt","json":"\/12-2001.xml"},"dublin_core":{"Title":"RESERVED.","Type":"Text","Format":"text\/html","Identifier":"\u00a7 12-2001","Relation":"Code of State"},"plain_text":"                                  CODE OF STATE\n\nRESERVED. (\u00a7 12-2001)\n\n________________________________________\nFOOTNOTE(S):\n________________________________________\n&#8212; (1) &#8212; \nState law reference: Authority to regulate business, trades and professions,\nG.S. 160A-181. (Back)\n"}