{"law_id":"611","section_number":"12-2030","catch_line":"IDENTIFICATION OF VEHICLES.","history":"","order_by":"12-2030","metadata":false,"url":"\/12-2030\/","token":"12-2030","structure":{"1":{"id":"176","name":"ARTICLE B. - VEHICLES FOR HIRE","identifier":"B","label":"article","url":"\/II\/12\/2\/B\/"},"2":{"id":"174","name":"CHAPTER 2. - BUSINESSES AND TRADES","identifier":"2","label":"chapter","url":"\/II\/12\/2\/"},"3":{"id":"169","name":"PART 12 - LICENSING AND REGULATION","identifier":"12","label":"part","url":"\/II\/12\/"},"4":{"id":"5","name":"Division II - Planning and Development","identifier":"II","label":"division","url":"\/II\/"}},"referred_to_by":{"0":{"id":"605","section_number":"12-2024","catch_line":"COMPLIANCE WITH ARTICLE; ENFORCEMENT SANCTIONS.","url":"http:\/\/localhost:8888\/12-2024\/"}},"edition_id":"1","section_id":"611","structure_id":"176","full_text":"(a) Subject to the approval of the taxicab inspector, each owner of a taxicab business shall adopt a color scheme for painting his cabs distinct from that of any other owner, and may adopt an identifying design, monogram or other insignia. All taxicabs of each owner shall be the same color scheme. The owner of a cab may adopt the color scheme of another cab owner, if (1) both owners&#8217; cabs are operating under the same business name and (2) both owners agree to the adoption of the color scheme, and that the owners must present a written agreement to the Police Chief or his designee specifying who owns the company name and colors, that permission is being given to use the name and colors, and that the permission to use the name and colors may be revoked upon written notice to the borrowing owner and the Police Chief or his designee. A name identifying the owner (i.e., taxicab company), taxicab number, and telephone number(s) shall be painted with permanent paint on both sides and rear of each cab with letters and numbers at least four (4) inches high or greater on sides, and with a cab number at rear of at least four (4) inches high at a location to be designated by the taxicab inspector. If a taxicab is used for providing both premium taxi service and shared taxi service, separate telephone numbers for the two (2) services shall be painted on it, and the telephone number associated with the shared taxi service shall be identified by the label &#8220;shared taxi.&#8221;\r\r(b) Colors of paint to be used for lettering and number shall be of sharp contrast with color of surface paint to which this is applied, so as to be evenly visible at a reasonable distance, especially at nighttime with streetlights. No lettering or numbers shall be acceptable which have been painted upon a sheet of metal or other material which in turn can be removed or detached to conceal the identification of such cab company and cab number, provided that an owner who operates under the name of another owner may use the same color scheme as such other owner.\r\r(c) No vehicle covered by the terms of this chapter shall be licensed nor shall a permit be issued for any vehicle whose color scheme, identifying design, monogram or insignia to be used thereon shall conflict with or imitate any color scheme, identifying design, monogram or insignia used on a vehicle or vehicles already operating under a permit issued pursuant to this article, in such a manner as to be misleading or tending to deceive the public; provided, after a license or permit has been issued for a taxicab hereunder, if the color scheme, identifying design, monogram or insignia thereof is changed so as to be in conflict with or imitate any existing approved color scheme, identifying design, monogram or insignia used by any other owner in such a manner as to be misleading or tending to deceive the public, the license of or permit covering such taxicab or taxicabs shall be suspended or revoked.\r\r(d) It is a violation of this article for any owner to engage in false or misleading marketing or advertising included but not limited to the use of the name or color scheme of a competing taxi company licensed under the provisions of this article.\r\r(e) In lieu of paint, any material required by this section to be painted on a taxicab may be placed on the cab through the use of an adhesive decal containing the required information and name. This authorization does not include or permit the use of magnetic signs or devices to convey the required information. \n(Code 1959 , \u00a722-10; Ord. No. 1980-487, \u00a712, 10-7-80; Ord. No. 1988-220, \u00a71, 7-19-88; Ord. No. 1999-691, \u00a7\u00a74, 5, 11-16-99; Ord. No. 2003-390, \u00a72, 2-18-03)\r\r","text":{"0":{"id":"1754","text":"Subject to the approval of the taxicab inspector, each owner of a taxicab business shall adopt a color scheme for painting his cabs distinct from that of any other owner, and may adopt an identifying design, monogram or other insignia. All taxicabs of each owner shall be the same color scheme. The owner of a cab may adopt the color scheme of another cab owner, if (1) both owners&#8217; cabs are operating under the same business name and (2) both owners agree to the adoption of the color scheme, and that the owners must present a written agreement to the Police Chief or his designee specifying who owns the company name and colors, that permission is being given to use the name and colors, and that the permission to use the name and colors may be revoked upon written notice to the borrowing owner and the Police Chief or his designee. A name identifying the owner (i.e., taxicab company), taxicab number, and telephone number(s) shall be painted with permanent paint on both sides and rear of each cab with letters and numbers at least four (4) inches high or greater on sides, and with a cab number at rear of at least four (4) inches high at a location to be designated by the taxicab inspector. If a taxicab is used for providing both premium taxi service and shared taxi service, separate telephone numbers for the two (2) services shall be painted on it, and the telephone number associated with the shared taxi service shall be identified by the label &#8220;shared taxi.&#8221;","type":"section","prefixes":["(a)"],"prefix":"(a)","entire_prefix":"(a)","prefix_anchor":"(a)","level":1},"1":{"id":"1755","text":"Colors of paint to be used for lettering and number shall be of sharp contrast with color of surface paint to which this is applied, so as to be evenly visible at a reasonable distance, especially at nighttime with streetlights. No lettering or numbers shall be acceptable which have been painted upon a sheet of metal or other material which in turn can be removed or detached to conceal the identification of such cab company and cab number, provided that an owner who operates under the name of another owner may use the same color scheme as such other owner.","type":"section","prefixes":["(b)"],"prefix":"(b)","entire_prefix":"(b)","prefix_anchor":"(b)","level":1},"2":{"id":"1756","text":"No vehicle covered by the terms of this chapter shall be licensed nor shall a permit be issued for any vehicle whose color scheme, identifying design, monogram or insignia to be used thereon shall conflict with or imitate any color scheme, identifying design, monogram or insignia used on a vehicle or vehicles already operating under a permit issued pursuant to this article, in such a manner as to be misleading or tending to deceive the public; provided, after a license or permit has been issued for a taxicab hereunder, if the color scheme, identifying design, monogram or insignia thereof is changed so as to be in conflict with or imitate any existing approved color scheme, identifying design, monogram or insignia used by any other owner in such a manner as to be misleading or tending to deceive the public, the license of or permit covering such taxicab or taxicabs shall be suspended or revoked.","type":"section","prefixes":["(c)"],"prefix":"(c)","entire_prefix":"(c)","prefix_anchor":"(c)","level":1},"3":{"id":"1757","text":"It is a violation of this article for any owner to engage in false or misleading marketing or advertising included but not limited to the use of the name or color scheme of a competing taxi company licensed under the provisions of this article.","type":"section","prefixes":["(d)"],"prefix":"(d)","entire_prefix":"(d)","prefix_anchor":"(d)","level":1},"4":{"id":"1758","text":"In lieu of paint, any material required by this section to be painted on a taxicab may be placed on the cab through the use of an adhesive decal containing the required information and name. This authorization does not include or permit the use of magnetic signs or devices to convey the required information. \n(Code 1959 , \u00a722-10; Ord. No. 1980-487, \u00a712, 10-7-80; Ord. No. 1988-220, \u00a71, 7-19-88; Ord. No. 1999-691, \u00a7\u00a74, 5, 11-16-99; Ord. No. 2003-390, \u00a72, 2-18-03)","type":"section","prefixes":["(e)"],"prefix":"(e)","entire_prefix":"(e)","prefix_anchor":"(e)","level":1}},"ancestry":{"1":{"id":"176","name":"ARTICLE B. - VEHICLES FOR HIRE","identifier":"B","label":"article","url":"\/II\/12\/2\/B\/"},"2":{"id":"174","name":"CHAPTER 2. - BUSINESSES AND TRADES","identifier":"2","label":"chapter","url":"\/II\/12\/2\/"},"3":{"id":"169","name":"PART 12 - LICENSING AND REGULATION","identifier":"12","label":"part","url":"\/II\/12\/"},"4":{"id":"5","name":"Division II - Planning and Development","identifier":"II","label":"division","url":"\/II\/"}},"structure_contents":{"0":{"id":"601","structure_id":"176","section_number":"12-2021","catch_line":"SHORT TITLE.","url":"\/12-2021\/","token":"12-2021"},"1":{"id":"602","structure_id":"176","section_number":"12-2022","catch_line":"DEFINITIONS.","url":"\/12-2022\/","token":"12-2022"},"2":{"id":"604","structure_id":"176","section_number":"12-2023","catch_line":"TAXICAB INSPECTOR; OFFICE CREATED; DUTIES GENERALLY.","url":"\/12-2023\/","token":"12-2023"},"3":{"id":"605","structure_id":"176","section_number":"12-2024","catch_line":"COMPLIANCE WITH ARTICLE; ENFORCEMENT SANCTIONS.","url":"\/12-2024\/","token":"12-2024"},"4":{"id":"606","structure_id":"176","section_number":"12-2025","catch_line":"INSURANCE.","url":"\/12-2025\/","token":"12-2025"},"5":{"id":"607","structure_id":"176","section_number":"12-2026","catch_line":"OWNER INFORMATION FILE.","url":"\/12-2026\/","token":"12-2026"},"6":{"id":"608","structure_id":"176","section_number":"12-2027","catch_line":"TYPE OF TAXICAB.","url":"\/12-2027\/","token":"12-2027"},"7":{"id":"609","structure_id":"176","section_number":"12-2028","catch_line":"EQUIPMENT; ITEMS REQUIRED.","url":"\/12-2028\/","token":"12-2028"},"8":{"id":"610","structure_id":"176","section_number":"12-2029","catch_line":"FILING DESCRIPTION.","url":"\/12-2029\/","token":"12-2029"},"9":{"id":"611","structure_id":"176","section_number":"12-2030","catch_line":"IDENTIFICATION OF VEHICLES.","url":"\/12-2030\/","token":"12-2030"},"10":{"id":"612","structure_id":"176","section_number":"12-2031","catch_line":"CONDITION OF VEHICLE; INSPECTION.","url":"\/12-2031\/","token":"12-2031"},"11":{"id":"613","structure_id":"176","section_number":"12-2032","catch_line":"MAINTENANCE.","url":"\/12-2032\/","token":"12-2032"},"12":{"id":"615","structure_id":"176","section_number":"12-2033","catch_line":"SANITATION.","url":"\/12-2033\/","token":"12-2033"},"13":{"id":"616","structure_id":"176","section_number":"12-2034","catch_line":"DRIVERS' MANIFESTS.","url":"\/12-2034\/","token":"12-2034"},"14":{"id":"617","structure_id":"176","section_number":"12-2035","catch_line":"ACCEPTING ADDITIONAL PASSENGERS.","url":"\/12-2035\/","token":"12-2035"},"15":{"id":"618","structure_id":"176","section_number":"12-2036","catch_line":"RESTRICTION ON NUMBER OF PASSENGERS.","url":"\/12-2036\/","token":"12-2036"},"16":{"id":"619","structure_id":"176","section_number":"12-2037","catch_line":"REFUSAL TO CARRY ORDERLY PASSENGERS.","url":"\/12-2037\/","token":"12-2037"},"17":{"id":"620","structure_id":"176","section_number":"12-2038","catch_line":"DECEPTION OF PASSENGERS.","url":"\/12-2038\/","token":"12-2038"},"18":{"id":"621","structure_id":"176","section_number":"12-2039","catch_line":"COMPLIANCE WITH PASSENGERS' REQUESTS.","url":"\/12-2039\/","token":"12-2039"},"19":{"id":"622","structure_id":"176","section_number":"12-2040","catch_line":"USE OF TOBACCO.","url":"\/12-2040\/","token":"12-2040"},"20":{"id":"623","structure_id":"176","section_number":"12-2041","catch_line":"LOST ARTICLES.","url":"\/12-2041\/","token":"12-2041"},"21":{"id":"624","structure_id":"176","section_number":"12-2042","catch_line":"ATTENDING VEHICLE BY DRIVER.","url":"\/12-2042\/","token":"12-2042"},"22":{"id":"626","structure_id":"176","section_number":"12-2043","catch_line":"FARES; SCHEDULE.","url":"\/12-2043\/","token":"12-2043"},"23":{"id":"627","structure_id":"176","section_number":"12-2044","catch_line":"HIRING WITH INTENT NOT TO PAY.","url":"\/12-2044\/","token":"12-2044"},"24":{"id":"628","structure_id":"176","section_number":"12-2045","catch_line":"FURNISHING RECEIPT.","url":"\/12-2045\/","token":"12-2045"},"25":{"id":"629","structure_id":"176","section_number":"12-2046","catch_line":"RATE CARD; ISSUANCE, POSTING, COMPLYING WITH.","url":"\/12-2046\/","token":"12-2046"},"26":{"id":"630","structure_id":"176","section_number":"12-2047","catch_line":"TAXI INSPECTOR'S HOURS.","url":"\/12-2047\/","token":"12-2047"},"27":{"id":"631","structure_id":"176","section_number":"12-2048","catch_line":"RESERVED.","url":"\/12-2048\/","token":"12-2048"},"28":{"id":"632","structure_id":"176","section_number":"12-2048","catch_line":"RESERVED. ","url":"\/12-2048\/","token":"12-2048"},"29":{"id":"633","structure_id":"176","section_number":"12-2051","catch_line":"REQUIRED.","url":"\/12-2051\/","token":"12-2051"},"30":{"id":"634","structure_id":"176","section_number":"12-2052","catch_line":"APPLICATION.","url":"\/12-2052\/","token":"12-2052"},"31":{"id":"635","structure_id":"176","section_number":"12-2053","catch_line":"ISSUANCE.","url":"\/12-2053\/","token":"12-2053"},"32":{"id":"637","structure_id":"176","section_number":"12-2054","catch_line":"FORM.","url":"\/12-2054\/","token":"12-2054"},"33":{"id":"638","structure_id":"176","section_number":"12-2055","catch_line":"EXPIRATION.","url":"\/12-2055\/","token":"12-2055"},"34":{"id":"639","structure_id":"176","section_number":"12-2056","catch_line":"PERMIT ISSUANCE, RENEWAL REQUIREMENT; EXCEPTIONS.","url":"\/12-2056\/","token":"12-2056"},"35":{"id":"640","structure_id":"176","section_number":"12-2057","catch_line":"ASSIGNMENT OR TRANSFER.","url":"\/12-2057\/","token":"12-2057"},"36":{"id":"641","structure_id":"176","section_number":"12-2058","catch_line":"ISSUANCE OF MEMORANDUM PERMIT.","url":"\/12-2058\/","token":"12-2058"},"37":{"id":"642","structure_id":"176","section_number":"12-2059","catch_line":"REVOCATION UPON CHANGE OF OWNERSHIP; ISSUANCE TO NEW OWNER.","url":"\/12-2059\/","token":"12-2059"},"38":{"id":"643","structure_id":"176","section_number":"12-2060","catch_line":"SUSPENSION AND REVOCATION; CAUSES, HEARING.","url":"\/12-2060\/","token":"12-2060"},"39":{"id":"644","structure_id":"176","section_number":"12-2061","catch_line":"SURRENDER OF PERMIT; RETIRING VEHICLES FROM SERVICE.","url":"\/12-2061\/","token":"12-2061"},"40":{"id":"645","structure_id":"176","section_number":"12-2062","catch_line":"RESERVED.","url":"\/12-2062\/","token":"12-2062"},"41":{"id":"646","structure_id":"176","section_number":"12-2062","catch_line":"RESERVED. ","url":"\/12-2062\/","token":"12-2062"},"42":{"id":"648","structure_id":"176","section_number":"12-2071","catch_line":"PARTICIPATION REQUIREMENTS.","url":"\/12-2071\/","token":"12-2071"},"43":{"id":"649","structure_id":"176","section_number":"12-2072","catch_line":"DETERMINATION OF ELIGIBILITY.","url":"\/12-2072\/","token":"12-2072"},"44":{"id":"650","structure_id":"176","section_number":"12-2073","catch_line":"REDEMPTION OF SCRIP.","url":"\/12-2073\/","token":"12-2073"},"45":{"id":"651","structure_id":"176","section_number":"12-2074","catch_line":"PENALTIES.","url":"\/12-2074\/","token":"12-2074"},"46":{"id":"652","structure_id":"176","section_number":"12-2075","catch_line":"RESERVED.","url":"\/12-2075\/","token":"12-2075"},"47":{"id":"653","structure_id":"176","section_number":"12-2081","catch_line":"REQUIRED.","url":"\/12-2081\/","token":"12-2081"},"48":{"id":"654","structure_id":"176","section_number":"12-2082","catch_line":"APPLICATION.","url":"\/12-2082\/","token":"12-2082"},"49":{"id":"655","structure_id":"176","section_number":"12-2083","catch_line":"PROBATIONARY DRIVER'S PERMIT.","url":"\/12-2083\/","token":"12-2083"},"50":{"id":"656","structure_id":"176","section_number":"12-2084","catch_line":"EXAMINATION AND INVESTIGATION.","url":"\/12-2084\/","token":"12-2084"},"51":{"id":"657","structure_id":"176","section_number":"12-2085","catch_line":"QUALIFICATIONS.","url":"\/12-2085\/","token":"12-2085"},"52":{"id":"659","structure_id":"176","section_number":"12-2086","catch_line":"REFUSAL TO ISSUE.","url":"\/12-2086\/","token":"12-2086"},"53":{"id":"660","structure_id":"176","section_number":"12-2087","catch_line":"APPEAL FROM REFUSAL.","url":"\/12-2087\/","token":"12-2087"},"54":{"id":"661","structure_id":"176","section_number":"12-2088","catch_line":"GRANTING.","url":"\/12-2088\/","token":"12-2088"},"55":{"id":"662","structure_id":"176","section_number":"12-2089","catch_line":"CONTENTS AND EFFECT.","url":"\/12-2089\/","token":"12-2089"},"56":{"id":"663","structure_id":"176","section_number":"12-2090","catch_line":"SAFETY PERMIT.","url":"\/12-2090\/","token":"12-2090"},"57":{"id":"664","structure_id":"176","section_number":"12-2091","catch_line":"REVOCATION.","url":"\/12-2091\/","token":"12-2091"},"58":{"id":"665","structure_id":"176","section_number":"12-2092","catch_line":"SURRENDER, DISPLAY, LOSS, ETC., OF DRIVER'S PERMIT.","url":"\/12-2092\/","token":"12-2092"},"59":{"id":"666","structure_id":"176","section_number":"12-2093","catch_line":"EXPIRATION, RENEWAL.","url":"\/12-2093\/","token":"12-2093"},"60":{"id":"667","structure_id":"176","section_number":"12-2094","catch_line":"RESERVED.","url":"\/12-2094\/","token":"12-2094"},"61":{"id":"668","structure_id":"176","section_number":"12-2094","catch_line":"RESERVED. ","url":"\/12-2094\/","token":"12-2094"}},"previous_section":{"id":"610","structure_id":"176","section_number":"12-2029","catch_line":"FILING DESCRIPTION.","url":"\/12-2029\/","token":"12-2029"},"next_section":{"id":"612","structure_id":"176","section_number":"12-2031","catch_line":"CONDITION OF VEHICLE; INSPECTION.","url":"\/12-2031\/","token":"12-2031"},"references":false,"formats":{"txt":"\/12-2030.txt","json":"\/12-2030.xml"},"dublin_core":{"Title":"IDENTIFICATION OF VEHICLES.","Type":"Text","Format":"text\/html","Identifier":"\u00a7 12-2030","Relation":"Code of State"},"plain_text":"                                  CODE OF STATE\n\nIDENTIFICATION OF VEHICLES. (\u00a7 12-2030)\n\n(a) Subject to the approval of the taxicab inspector, each owner of a taxicab\nbusiness shall adopt a color scheme for painting his cabs distinct from that of\nany other owner, and may adopt an identifying design, monogram or other\ninsignia. All taxicabs of each owner shall be the same color scheme. The owner\nof a cab may adopt the color scheme of another cab owner, if (1) both\nowners&#8217; cabs are operating under the same business name and (2) both\nowners agree to the adoption of the color scheme, and that the owners must\npresent a written agreement to the Police Chief or his designee specifying who\nowns the company name and colors, that permission is being given to use the name\nand colors, and that the permission to use the name and colors may be revoked\nupon written notice to the borrowing owner and the Police Chief or his designee.\nA name identifying the owner (i.e., taxicab company), taxicab number, and\ntelephone number(s) shall be painted with permanent paint on both sides and rear\nof each cab with letters and numbers at least four (4) inches high or greater on\nsides, and with a cab number at rear of at least four (4) inches high at a\nlocation to be designated by the taxicab inspector. If a taxicab is used for\nproviding both premium taxi service and shared taxi service, separate telephone\nnumbers for the two (2) services shall be painted on it, and the telephone\nnumber associated with the shared taxi service shall be identified by the label\n&#8220;shared taxi.&#8221;\n\n(b) Colors of paint to be used for lettering and number shall be of sharp\ncontrast with color of surface paint to which this is applied, so as to be\nevenly visible at a reasonable distance, especially at nighttime with\nstreetlights. No lettering or numbers shall be acceptable which have been\npainted upon a sheet of metal or other material which in turn can be removed or\ndetached to conceal the identification of such cab company and cab number,\nprovided that an owner who operates under the name of another owner may use the\nsame color scheme as such other owner.\n\n(c) No vehicle covered by the terms of this chapter shall be licensed nor shall\na permit be issued for any vehicle whose color scheme, identifying design,\nmonogram or insignia to be used thereon shall conflict with or imitate any color\nscheme, identifying design, monogram or insignia used on a vehicle or vehicles\nalready operating under a permit issued pursuant to this article, in such a\nmanner as to be misleading or tending to deceive the public; provided, after a\nlicense or permit has been issued for a taxicab hereunder, if the color scheme,\nidentifying design, monogram or insignia thereof is changed so as to be in\nconflict with or imitate any existing approved color scheme, identifying design,\nmonogram or insignia used by any other owner in such a manner as to be\nmisleading or tending to deceive the public, the license of or permit covering\nsuch taxicab or taxicabs shall be suspended or revoked.\n\n(d) It is a violation of this article for any owner to engage in false or\nmisleading marketing or advertising included but not limited to the use of the\nname or color scheme of a competing taxi company licensed under the provisions\nof this article.\n\n(e) In lieu of paint, any material required by this section to be painted on a\ntaxicab may be placed on the cab through the use of an adhesive decal containing\nthe required information and name. This authorization does not include or permit\nthe use of magnetic signs or devices to convey the required information. \n(Code 1959 , \u00a722-10; Ord. No. 1980-487, \u00a712, 10-7-80; Ord. No. 1988-220, \u00a71,\n7-19-88; Ord. No. 1999-691, \u00a7\u00a74, 5, 11-16-99; Ord. No. 2003-390, \u00a72, 2-18-03)\n"}