{"law_id":"724","section_number":"12-2170","catch_line":"METHODS OF SERVICE.","history":"","order_by":"12-2170","metadata":false,"url":"\/12-2170\/","token":"12-2170","structure":{"1":{"id":"181","name":"ARTICLE G. - PROBATIONARY RENTAL OCCUPANCY PERMIT [8]","identifier":"G","label":"article","url":"\/II\/12\/2\/G\/"},"2":{"id":"174","name":"CHAPTER 2. - BUSINESSES AND TRADES","identifier":"2","label":"chapter","url":"\/II\/12\/2\/"},"3":{"id":"169","name":"PART 12 - LICENSING AND REGULATION","identifier":"12","label":"part","url":"\/II\/12\/"},"4":{"id":"5","name":"Division II - Planning and Development","identifier":"II","label":"division","url":"\/II\/"}},"referred_to_by":false,"edition_id":"1","section_id":"724","structure_id":"181","full_text":"(a) Unless otherwise provided, notices, orders or other documents issued pursuant to this article shall be served upon persons either personally or by registered or certified mail. When service is made by registered or certified mail, a copy of the notices, orders or other documents may also be sent by regular mail. Service shall be deemed sufficient if the registered or certified mail is unclaimed or refused, but the regular mail is not returned by the post office within ten (10) days after the mailing. If regular mail is used, a notice of the pending proceedings shall be posted in a conspicuous place on the premises affected.\r\r(b) If the identities of any owners or whereabouts of persons are unknown and the same cannot be ascertained by the Inspection Department or the PROP Team of the Police Department in the exercise of reasonable diligence, or if the owners are known but have refused to accept service by registered or certified mail, and the Inspections Department shall make an affidavit to that effect, stating the steps taken to determine and locate the persons in interest, then the serving of such complaint or order upon such owners or persons may be made by publication in a newspaper having general circulation in the City at least once no later than time at which person al service would be required under this article. Where such service is by publication, a notice of the pending proceedings shall be posted in a conspicuous place on the premises thereby affected.\r\r(c) In order to assist the Inspections Department and the PROP Team of the Police Department with the service of notices, orders and other documents pursuant to this Article, an owner who submits an affidavit showing a failure to receive a notice of violation and who affirms in the affidavit submitted to the Inspections Department or the PROP Team of the Police Department that the address listed in the Wake County tax records has been changed to the correct address at which the owner can receive further notices, shall have the prior violation removed from consideration for the Probationary Rental Residential Dwelling determination so long as the owner continues to maintain a correct address with the Wake County tax records and does not refuse to accept service of any notice at the address listed with the Wake County tax records.\r\r(d) In order to assist owners who desire to better monitor activities at their properties, the PROP Team of the Police Department shall notify an owner as provided in (a) of this Section within ten (10) business days of an activity at the property by a tenant or a guest of a tenant that can or will cause the property to be qualified as a probationary rental residential dwelling. In addition and to the extent practicable, a notice to the owner shall be provided in the most expeditious manner available, including notice sent by electronic mail or facsimile to the locations provided in the Rental Registration. Failure to send or deliver the more expeditious notice shall not impede the enforcement of the PROP program against the owner. \n(Ord. No. 2004-720, \u00a71, 10-19-04; Ord. No. 2006-54, \u00a713, 7-11-06; Ord. No. 2008-415, \u00a71, 7-1-08)\r\r","text":{"0":{"id":"2183","text":"Unless otherwise provided, notices, orders or other documents issued pursuant to this article shall be served upon persons either personally or by registered or certified mail. When service is made by registered or certified mail, a copy of the notices, orders or other documents may also be sent by regular mail. Service shall be deemed sufficient if the registered or certified mail is unclaimed or refused, but the regular mail is not returned by the post office within ten (10) days after the mailing. If regular mail is used, a notice of the pending proceedings shall be posted in a conspicuous place on the premises affected.","type":"section","prefixes":["(a)"],"prefix":"(a)","entire_prefix":"(a)","prefix_anchor":"(a)","level":1},"1":{"id":"2184","text":"If the identities of any owners or whereabouts of persons are unknown and the same cannot be ascertained by the Inspection Department or the PROP Team of the Police Department in the exercise of reasonable diligence, or if the owners are known but have refused to accept service by registered or certified mail, and the Inspections Department shall make an affidavit to that effect, stating the steps taken to determine and locate the persons in interest, then the serving of such complaint or order upon such owners or persons may be made by publication in a newspaper having general circulation in the City at least once no later than time at which person al service would be required under this article. Where such service is by publication, a notice of the pending proceedings shall be posted in a conspicuous place on the premises thereby affected.","type":"section","prefixes":["(b)"],"prefix":"(b)","entire_prefix":"(b)","prefix_anchor":"(b)","level":1},"2":{"id":"2185","text":"In order to assist the Inspections Department and the PROP Team of the Police Department with the service of notices, orders and other documents pursuant to this Article, an owner who submits an affidavit showing a failure to receive a notice of violation and who affirms in the affidavit submitted to the Inspections Department or the PROP Team of the Police Department that the address listed in the Wake County tax records has been changed to the correct address at which the owner can receive further notices, shall have the prior violation removed from consideration for the Probationary Rental Residential Dwelling determination so long as the owner continues to maintain a correct address with the Wake County tax records and does not refuse to accept service of any notice at the address listed with the Wake County tax records.","type":"section","prefixes":["(c)"],"prefix":"(c)","entire_prefix":"(c)","prefix_anchor":"(c)","level":1},"3":{"id":"2186","text":"In order to assist owners who desire to better monitor activities at their properties, the PROP Team of the Police Department shall notify an owner as provided in (a) of this Section within ten (10) business days of an activity at the property by a tenant or a guest of a tenant that can or will cause the property to be qualified as a probationary rental residential dwelling. In addition and to the extent practicable, a notice to the owner shall be provided in the most expeditious manner available, including notice sent by electronic mail or facsimile to the locations provided in the Rental Registration. Failure to send or deliver the more expeditious notice shall not impede the enforcement of the PROP program against the owner. \n(Ord. No. 2004-720, \u00a71, 10-19-04; Ord. No. 2006-54, \u00a713, 7-11-06; Ord. No. 2008-415, \u00a71, 7-1-08)","type":"section","prefixes":["(d)"],"prefix":"(d)","entire_prefix":"(d)","prefix_anchor":"(d)","level":1}},"ancestry":{"1":{"id":"181","name":"ARTICLE G. - PROBATIONARY RENTAL OCCUPANCY PERMIT [8]","identifier":"G","label":"article","url":"\/II\/12\/2\/G\/"},"2":{"id":"174","name":"CHAPTER 2. - BUSINESSES AND TRADES","identifier":"2","label":"chapter","url":"\/II\/12\/2\/"},"3":{"id":"169","name":"PART 12 - LICENSING AND REGULATION","identifier":"12","label":"part","url":"\/II\/12\/"},"4":{"id":"5","name":"Division II - Planning and Development","identifier":"II","label":"division","url":"\/II\/"}},"structure_contents":{"0":{"id":"716","structure_id":"181","section_number":"12-2162","catch_line":"FINDINGS AND DECLARATION OF NECESSITY.","url":"\/12-2162\/","token":"12-2162"},"1":{"id":"717","structure_id":"181","section_number":"12-2163","catch_line":"DEFINITIONS.","url":"\/12-2163\/","token":"12-2163"},"2":{"id":"718","structure_id":"181","section_number":"12-2164","catch_line":"PERMITTING OF PROBATIONARY RENTAL RESIDENTIAL DWELLINGS.","url":"\/12-2164\/","token":"12-2164"},"3":{"id":"719","structure_id":"181","section_number":"12-2165","catch_line":"STANDARDS.","url":"\/12-2165\/","token":"12-2165"},"4":{"id":"720","structure_id":"181","section_number":"12-2166","catch_line":"COMPLIANCE WITH PROVISIONS.","url":"\/12-2166\/","token":"12-2166"},"5":{"id":"721","structure_id":"181","section_number":"12-2167","catch_line":"ENFORCEMENT.","url":"\/12-2167\/","token":"12-2167"},"6":{"id":"722","structure_id":"181","section_number":"12-2168","catch_line":"APPEAL.","url":"\/12-2168\/","token":"12-2168"},"7":{"id":"723","structure_id":"181","section_number":"12-2169","catch_line":"ADMINISTRATIVE FEE AND ARBITRATION FEE.","url":"\/12-2169\/","token":"12-2169"},"8":{"id":"724","structure_id":"181","section_number":"12-2170","catch_line":"METHODS OF SERVICE.","url":"\/12-2170\/","token":"12-2170"},"9":{"id":"726","structure_id":"181","section_number":"12-2171","catch_line":"RELATION TO OTHER LAWS.","url":"\/12-2171\/","token":"12-2171"},"10":{"id":"727","structure_id":"181","section_number":"12-2172","catch_line":"RESERVED.","url":"\/12-2172\/","token":"12-2172"}},"previous_section":{"id":"723","structure_id":"181","section_number":"12-2169","catch_line":"ADMINISTRATIVE FEE AND ARBITRATION FEE.","url":"\/12-2169\/","token":"12-2169"},"next_section":{"id":"726","structure_id":"181","section_number":"12-2171","catch_line":"RELATION TO OTHER LAWS.","url":"\/12-2171\/","token":"12-2171"},"references":false,"formats":{"txt":"\/12-2170.txt","json":"\/12-2170.xml"},"dublin_core":{"Title":"METHODS OF SERVICE.","Type":"Text","Format":"text\/html","Identifier":"\u00a7 12-2170","Relation":"Code of State"},"plain_text":"                                  CODE OF STATE\n\nMETHODS OF SERVICE. (\u00a7 12-2170)\n\n(a) Unless otherwise provided, notices, orders or other documents issued\npursuant to this article shall be served upon persons either personally or by\nregistered or certified mail. When service is made by registered or certified\nmail, a copy of the notices, orders or other documents may also be sent by\nregular mail. Service shall be deemed sufficient if the registered or certified\nmail is unclaimed or refused, but the regular mail is not returned by the post\noffice within ten (10) days after the mailing. If regular mail is used, a notice\nof the pending proceedings shall be posted in a conspicuous place on the\npremises affected.\n\n(b) If the identities of any owners or whereabouts of persons are unknown and\nthe same cannot be ascertained by the Inspection Department or the PROP Team of\nthe Police Department in the exercise of reasonable diligence, or if the owners\nare known but have refused to accept service by registered or certified mail,\nand the Inspections Department shall make an affidavit to that effect, stating\nthe steps taken to determine and locate the persons in interest, then the\nserving of such complaint or order upon such owners or persons may be made by\npublication in a newspaper having general circulation in the City at least once\nno later than time at which person al service would be required under this\narticle. Where such service is by publication, a notice of the pending\nproceedings shall be posted in a conspicuous place on the premises thereby\naffected.\n\n(c) In order to assist the Inspections Department and the PROP Team of the\nPolice Department with the service of notices, orders and other documents\npursuant to this Article, an owner who submits an affidavit showing a failure to\nreceive a notice of violation and who affirms in the affidavit submitted to the\nInspections Department or the PROP Team of the Police Department that the\naddress listed in the Wake County tax records has been changed to the correct\naddress at which the owner can receive further notices, shall have the prior\nviolation removed from consideration for the Probationary Rental Residential\nDwelling determination so long as the owner continues to maintain a correct\naddress with the Wake County tax records and does not refuse to accept service\nof any notice at the address listed with the Wake County tax records.\n\n(d) In order to assist owners who desire to better monitor activities at their\nproperties, the PROP Team of the Police Department shall notify an owner as\nprovided in (a) of this Section within ten (10) business days of an activity at\nthe property by a tenant or a guest of a tenant that can or will cause the\nproperty to be qualified as a probationary rental residential dwelling. In\naddition and to the extent practicable, a notice to the owner shall be provided\nin the most expeditious manner available, including notice sent by electronic\nmail or facsimile to the locations provided in the Rental Registration. Failure\nto send or deliver the more expeditious notice shall not impede the enforcement\nof the PROP program against the owner. \n(Ord. No. 2004-720, \u00a71, 10-19-04; Ord. No. 2006-54, \u00a713, 7-11-06; Ord. No.\n2008-415, \u00a71, 7-1-08)\n"}