{"law_id":"684","section_number":"12-2121","catch_line":"OUTDOOR DINING.","history":"","order_by":"12-2121","metadata":false,"url":"\/12-2121\/","token":"12-2121","structure":{"1":{"id":"178","name":"ARTICLE D. - AMUSEMENTS [4]","identifier":"D","label":"article","url":"\/II\/12\/2\/D\/"},"2":{"id":"174","name":"CHAPTER 2. - BUSINESSES AND TRADES","identifier":"2","label":"chapter","url":"\/II\/12\/2\/"},"3":{"id":"169","name":"PART 12 - LICENSING AND REGULATION","identifier":"12","label":"part","url":"\/II\/12\/"},"4":{"id":"5","name":"Division II - Planning and Development","identifier":"II","label":"division","url":"\/II\/"}},"referred_to_by":false,"edition_id":"1","section_id":"684","structure_id":"178","full_text":"","text":{"0":{"id":"1980","text":"","type":"section","prefixes":["(a)"],"prefix":"(a)","entire_prefix":"(a)","prefix_anchor":"(a)","level":1},"1":{"id":"1981","text":"\tThe restaurant property has a common boundary line with a public sidewalk. \n","type":"section","prefixes":["(a)","(1)"],"prefix":"(1)","entire_prefix":"(a)(1)","prefix_anchor":"(a)(1)","level":2},"2":{"id":"1982","text":"\tThe sidewalk is of adequate width to allow the proposed pedestrian use and normal pedestrian traffic.\n","type":"section","prefixes":["(a)","(2)"],"prefix":"(2)","entire_prefix":"(a)(2)","prefix_anchor":"(a)(2)","level":2},"3":{"id":"1983","text":"\tThe applicant submits a valid insurance policy that will indemnify the City for any damage to the sidewalk and for any damages for which the City might incur liability because of property damage or personal injury arising out of the use of the sidewalk for dining purposes. The minimum liability limit of the policy shall be one million dollars ($1,000,000.00). \n","type":"section","prefixes":["(a)","(3)"],"prefix":"(3)","entire_prefix":"(a)(3)","prefix_anchor":"(a)(3)","level":2},"4":{"id":"1984","text":"\tThe applicant shall pay an annual fee of one hundred dollars ($100.00) for the use of the sidewalk. \n","type":"section","prefixes":["(a)","(4)"],"prefix":"(4)","entire_prefix":"(a)(4)","prefix_anchor":"(a)(4)","level":2},"5":{"id":"1985","text":"\tThe area to be used for dining shall be fenced off and separated from the sidewalk by a barrier at least three (3) feet high. The barrier shall be portable and shall not be chemically or mechanically attached to the sidewalk. \n","type":"section","prefixes":["(a)","(5)"],"prefix":"(5)","entire_prefix":"(a)(5)","prefix_anchor":"(a)(5)","level":2},"6":{"id":"1986","text":"\tAny such permit shall be revoked if the City Manager determines that the sidewalk is needed for pedestrian flow or if the holder of the permit violates any laws governing the use of the sidewalk. \n(Ord. No. 1999-539, \u00a71, 4-6-99) \n","type":"section","prefixes":["(a)","(6)"],"prefix":"(6)","entire_prefix":"(a)(6)","prefix_anchor":"(a)(6)","level":2}},"ancestry":{"1":{"id":"178","name":"ARTICLE D. - AMUSEMENTS [4]","identifier":"D","label":"article","url":"\/II\/12\/2\/D\/"},"2":{"id":"174","name":"CHAPTER 2. - BUSINESSES AND TRADES","identifier":"2","label":"chapter","url":"\/II\/12\/2\/"},"3":{"id":"169","name":"PART 12 - LICENSING AND REGULATION","identifier":"12","label":"part","url":"\/II\/12\/"},"4":{"id":"5","name":"Division II - Planning and Development","identifier":"II","label":"division","url":"\/II\/"}},"structure_contents":{"0":{"id":"676","structure_id":"178","section_number":"12-2111","catch_line":"THEATERS AND SHOWS; ADVANCE APPLICATION FOR LICENSE, ISSUANCE DISCRETIONARY; TYPES OF SHOWS PROHIBITED.","url":"\/12-2111\/","token":"12-2111"},"1":{"id":"677","structure_id":"178","section_number":"12-2112","catch_line":"SALE OF TICKETS IN EXCESS OF SEATS.","url":"\/12-2112\/","token":"12-2112"},"2":{"id":"678","structure_id":"178","section_number":"12-2113","catch_line":"RESERVED.","url":"\/12-2113\/","token":"12-2113"},"3":{"id":"679","structure_id":"178","section_number":"12-2117","catch_line":"RESERVED.","url":"\/12-2117\/","token":"12-2117"},"4":{"id":"681","structure_id":"178","section_number":"12-2118","catch_line":"DEFINITION.","url":"\/12-2118\/","token":"12-2118"},"5":{"id":"682","structure_id":"178","section_number":"12-2119","catch_line":"REQUIREMENTS FOR AMPLIFIED ENTERTAINMENT PERMIT.","url":"\/12-2119\/","token":"12-2119"},"6":{"id":"683","structure_id":"178","section_number":"12-2120","catch_line":"OUTDOOR AMPLIFIED ENTERTAINMENT.","url":"\/12-2120\/","token":"12-2120"},"7":{"id":"684","structure_id":"178","section_number":"12-2121","catch_line":"OUTDOOR DINING.","url":"\/12-2121\/","token":"12-2121"},"8":{"id":"685","structure_id":"178","section_number":"12-2122","catch_line":"ISSUANCE OF PERMIT.","url":"\/12-2122\/","token":"12-2122"},"9":{"id":"686","structure_id":"178","section_number":"12-2123","catch_line":"ADDITIONAL PROHIBITIONS.","url":"\/12-2123\/","token":"12-2123"},"10":{"id":"687","structure_id":"178","section_number":"12-2124","catch_line":"PENALTIES.","url":"\/12-2124\/","token":"12-2124"},"11":{"id":"688","structure_id":"178","section_number":"12-2125","catch_line":"EFFECTIVE DATE.","url":"\/12-2125\/","token":"12-2125"},"12":{"id":"689","structure_id":"178","section_number":"12-2126","catch_line":"RESERVED.","url":"\/12-2126\/","token":"12-2126"}},"previous_section":{"id":"683","structure_id":"178","section_number":"12-2120","catch_line":"OUTDOOR AMPLIFIED ENTERTAINMENT.","url":"\/12-2120\/","token":"12-2120"},"next_section":{"id":"685","structure_id":"178","section_number":"12-2122","catch_line":"ISSUANCE OF PERMIT.","url":"\/12-2122\/","token":"12-2122"},"references":false,"formats":{"txt":"\/12-2121.txt","json":"\/12-2121.xml"},"dublin_core":{"Title":"OUTDOOR DINING.","Type":"Text","Format":"text\/html","Identifier":"\u00a7 12-2121","Relation":"Code of State"},"plain_text":"                                  CODE OF STATE\n\nOUTDOOR DINING. (\u00a7 12-2121)\n\n(a) \n\n   (1) \tThe restaurant property has a common boundary line with a public\n   sidewalk. \n   \n\n   (2) \tThe sidewalk is of adequate width to allow the proposed pedestrian use\n   and normal pedestrian traffic.\n   \n\n   (3) \tThe applicant submits a valid insurance policy that will indemnify the\n   City for any damage to the sidewalk and for any damages for which the City\n   might incur liability because of property damage or personal injury arising\n   out of the use of the sidewalk for dining purposes. The minimum liability\n   limit of the policy shall be one million dollars ($1,000,000.00). \n   \n\n   (4) \tThe applicant shall pay an annual fee of one hundred dollars ($100.00)\n   for the use of the sidewalk. \n   \n\n   (5) \tThe area to be used for dining shall be fenced off and separated from the\n   sidewalk by a barrier at least three (3) feet high. The barrier shall be\n   portable and shall not be chemically or mechanically attached to the sidewalk.\n   \n   \n\n   (6) \tAny such permit shall be revoked if the City Manager determines that the\n   sidewalk is needed for pedestrian flow or if the holder of the permit violates\n   any laws governing the use of the sidewalk. \n   (Ord. No. 1999-539, \u00a71, 4-6-99)\n"}