{"law_id":"689","section_number":"12-2126","catch_line":"RESERVED.","history":"","order_by":"12-2126","metadata":false,"url":"\/12-2126\/","token":"12-2126","structure":{"1":{"id":"178","name":"ARTICLE D. - AMUSEMENTS [4]","identifier":"D","label":"article","url":"\/II\/12\/2\/D\/"},"2":{"id":"174","name":"CHAPTER 2. - BUSINESSES AND TRADES","identifier":"2","label":"chapter","url":"\/II\/12\/2\/"},"3":{"id":"169","name":"PART 12 - LICENSING AND REGULATION","identifier":"12","label":"part","url":"\/II\/12\/"},"4":{"id":"5","name":"Division II - Planning and Development","identifier":"II","label":"division","url":"\/II\/"}},"referred_to_by":false,"edition_id":"1","section_id":"689","structure_id":"178","full_text":"________________________________________\nFOOTNOTE(S):\n________________________________________\n&#8212; (5) &#8212; \nEditor&#8217;s note\u2014 Ord. No. 1999-539, \u00a7 1, adopted April 6, 1999, repealed the former Div. 2 and enacted a new Div. 2 as set out herein. The former Div. 2, \u00a7\u00a7 12-2118\u201412-2123, pertained to entertainment centers and derived from Ord. No. 1981-570, \u00a7 1, adopted Jan. 20, 1981; Ord. No. 1981-605, \u00a7 1, adopted March 17, 1981; Ord. No. 1982-949, \u00a7 1, adopted July 20, 1982; Ord. No. 1986-799-TC-267, \u00a7 50, adopted June 3, 1986; Ord. No. 1987-22, \u00a7 1, adopted July 21, 1987; Ord. No. 1987-79, \u00a7\u00a7 2, 3, adopted Nov. 19, 1987; Ord. No. 1988-121, \u00a7 1, adopted Feb. 2, 1988; Ord. No. 1991-767-TC-369, \u00a7 26, adopted April 16, 1991; Ord. No. 1993-225, \u00a7\u00a7 1, 2, adopted July 6, 1993; Ord. No. 1993-296-TC-68, \u00a7 10, TC-23-93, adopted Dec. 7, 1993; Ord. No. 1995-600, \u00a7\u00a7 1, 2, adopted April 4, 1995; Ord. No. 1996-843, \u00a7 1, adopted March 19, 1996; Ord. No. 1996-879, \u00a7\u00a7 1\u20145, adopted May 7, 1996; Ord. No. 1996-924, \u00a7 1, adopted June 18, 1996; Ord. No. 1997-148, \u00a7\u00a7 1\u20143, adopted June 17, 1997; Ord. No. 1997-149, \u00a7 1, adopted June 17, 1997; Ord. No. 1997-241, \u00a7 1, adopted Nov. 18, 1997; Ord. No. 1998-327, \u00a7\u00a7 1\u20143, adopted May 5, 1998; and Ord. No. 1998-471, \u00a7 1, adopted Dec. 1, 1998. (Back)","text":{"0":{"id":"2003","text":"________________________________________\nFOOTNOTE(S):\n________________________________________\n&#8212; (5) &#8212; \nEditor&#8217;s note\u2014 Ord. No. 1999-539, \u00a7 1, adopted April 6, 1999, repealed the former Div. 2 and enacted a new Div. 2 as set out herein. The former Div. 2, \u00a7\u00a7 12-2118\u201412-2123, pertained to entertainment centers and derived from Ord. No. 1981-570, \u00a7 1, adopted Jan. 20, 1981; Ord. No. 1981-605, \u00a7 1, adopted March 17, 1981; Ord. No. 1982-949, \u00a7 1, adopted July 20, 1982; Ord. No. 1986-799-TC-267, \u00a7 50, adopted June 3, 1986; Ord. No. 1987-22, \u00a7 1, adopted July 21, 1987; Ord. No. 1987-79, \u00a7\u00a7 2, 3, adopted Nov. 19, 1987; Ord. No. 1988-121, \u00a7 1, adopted Feb. 2, 1988; Ord. No. 1991-767-TC-369, \u00a7 26, adopted April 16, 1991; Ord. No. 1993-225, \u00a7\u00a7 1, 2, adopted July 6, 1993; Ord. No. 1993-296-TC-68, \u00a7 10, TC-23-93, adopted Dec. 7, 1993; Ord. No. 1995-600, \u00a7\u00a7 1, 2, adopted April 4, 1995; Ord. No. 1996-843, \u00a7 1, adopted March 19, 1996; Ord. No. 1996-879, \u00a7\u00a7 1\u20145, adopted May 7, 1996; Ord. No. 1996-924, \u00a7 1, adopted June 18, 1996; Ord. No. 1997-148, \u00a7\u00a7 1\u20143, adopted June 17, 1997; Ord. No. 1997-149, \u00a7 1, adopted June 17, 1997; Ord. No. 1997-241, \u00a7 1, adopted Nov. 18, 1997; Ord. No. 1998-327, \u00a7\u00a7 1\u20143, adopted May 5, 1998; and Ord. No. 1998-471, \u00a7 1, adopted Dec. 1, 1998. (Back)","type":"section","prefixes":[""],"prefix":"","entire_prefix":"","prefix_anchor":"","level":1}},"ancestry":{"1":{"id":"178","name":"ARTICLE D. - AMUSEMENTS [4]","identifier":"D","label":"article","url":"\/II\/12\/2\/D\/"},"2":{"id":"174","name":"CHAPTER 2. - BUSINESSES AND TRADES","identifier":"2","label":"chapter","url":"\/II\/12\/2\/"},"3":{"id":"169","name":"PART 12 - LICENSING AND REGULATION","identifier":"12","label":"part","url":"\/II\/12\/"},"4":{"id":"5","name":"Division II - Planning and Development","identifier":"II","label":"division","url":"\/II\/"}},"structure_contents":{"0":{"id":"676","structure_id":"178","section_number":"12-2111","catch_line":"THEATERS AND SHOWS; ADVANCE APPLICATION FOR LICENSE, ISSUANCE DISCRETIONARY; TYPES OF SHOWS PROHIBITED.","url":"\/12-2111\/","token":"12-2111"},"1":{"id":"677","structure_id":"178","section_number":"12-2112","catch_line":"SALE OF TICKETS IN EXCESS OF SEATS.","url":"\/12-2112\/","token":"12-2112"},"2":{"id":"678","structure_id":"178","section_number":"12-2113","catch_line":"RESERVED.","url":"\/12-2113\/","token":"12-2113"},"3":{"id":"679","structure_id":"178","section_number":"12-2117","catch_line":"RESERVED.","url":"\/12-2117\/","token":"12-2117"},"4":{"id":"681","structure_id":"178","section_number":"12-2118","catch_line":"DEFINITION.","url":"\/12-2118\/","token":"12-2118"},"5":{"id":"682","structure_id":"178","section_number":"12-2119","catch_line":"REQUIREMENTS FOR AMPLIFIED ENTERTAINMENT PERMIT.","url":"\/12-2119\/","token":"12-2119"},"6":{"id":"683","structure_id":"178","section_number":"12-2120","catch_line":"OUTDOOR AMPLIFIED ENTERTAINMENT.","url":"\/12-2120\/","token":"12-2120"},"7":{"id":"684","structure_id":"178","section_number":"12-2121","catch_line":"OUTDOOR DINING.","url":"\/12-2121\/","token":"12-2121"},"8":{"id":"685","structure_id":"178","section_number":"12-2122","catch_line":"ISSUANCE OF PERMIT.","url":"\/12-2122\/","token":"12-2122"},"9":{"id":"686","structure_id":"178","section_number":"12-2123","catch_line":"ADDITIONAL PROHIBITIONS.","url":"\/12-2123\/","token":"12-2123"},"10":{"id":"687","structure_id":"178","section_number":"12-2124","catch_line":"PENALTIES.","url":"\/12-2124\/","token":"12-2124"},"11":{"id":"688","structure_id":"178","section_number":"12-2125","catch_line":"EFFECTIVE DATE.","url":"\/12-2125\/","token":"12-2125"},"12":{"id":"689","structure_id":"178","section_number":"12-2126","catch_line":"RESERVED.","url":"\/12-2126\/","token":"12-2126"}},"previous_section":{"id":"688","structure_id":"178","section_number":"12-2125","catch_line":"EFFECTIVE DATE.","url":"\/12-2125\/","token":"12-2125"},"references":false,"formats":{"txt":"\/12-2126.txt","json":"\/12-2126.xml"},"dublin_core":{"Title":"RESERVED.","Type":"Text","Format":"text\/html","Identifier":"\u00a7 12-2126","Relation":"Code of State"},"plain_text":"                                  CODE OF STATE\n\nRESERVED. (\u00a7 12-2126)\n\n________________________________________\nFOOTNOTE(S):\n________________________________________\n&#8212; (5) &#8212; \nEditor&#8217;s note\u2014 Ord. No. 1999-539, \u00a7 1, adopted April 6, 1999, repealed\nthe former Div. 2 and enacted a new Div. 2 as set out herein. The former Div. 2,\n\u00a7\u00a7 12-2118\u201412-2123, pertained to entertainment centers and derived from Ord.\nNo. 1981-570, \u00a7 1, adopted Jan. 20, 1981; Ord. No. 1981-605, \u00a7 1, adopted\nMarch 17, 1981; Ord. No. 1982-949, \u00a7 1, adopted July 20, 1982; Ord. No.\n1986-799-TC-267, \u00a7 50, adopted June 3, 1986; Ord. No. 1987-22, \u00a7 1, adopted\nJuly 21, 1987; Ord. No. 1987-79, \u00a7\u00a7 2, 3, adopted Nov. 19, 1987; Ord. No.\n1988-121, \u00a7 1, adopted Feb. 2, 1988; Ord. No. 1991-767-TC-369, \u00a7 26, adopted\nApril 16, 1991; Ord. No. 1993-225, \u00a7\u00a7 1, 2, adopted July 6, 1993; Ord. No.\n1993-296-TC-68, \u00a7 10, TC-23-93, adopted Dec. 7, 1993; Ord. No. 1995-600, \u00a7\u00a7\n1, 2, adopted April 4, 1995; Ord. No. 1996-843, \u00a7 1, adopted March 19, 1996;\nOrd. No. 1996-879, \u00a7\u00a7 1\u20145, adopted May 7, 1996; Ord. No. 1996-924, \u00a7 1,\nadopted June 18, 1996; Ord. No. 1997-148, \u00a7\u00a7 1\u20143, adopted June 17, 1997;\nOrd. No. 1997-149, \u00a7 1, adopted June 17, 1997; Ord. No. 1997-241, \u00a7 1, adopted\nNov. 18, 1997; Ord. No. 1998-327, \u00a7\u00a7 1\u20143, adopted May 5, 1998; and Ord. No.\n1998-471, \u00a7 1, adopted Dec. 1, 1998. (Back)\n"}