{"law_id":"602","section_number":"12-2022","catch_line":"DEFINITIONS.","history":"","order_by":"12-2022","metadata":false,"url":"\/12-2022\/","token":"12-2022","structure":{"1":{"id":"176","name":"ARTICLE B. - VEHICLES FOR HIRE","identifier":"B","label":"article","url":"\/II\/12\/2\/B\/"},"2":{"id":"174","name":"CHAPTER 2. - BUSINESSES AND TRADES","identifier":"2","label":"chapter","url":"\/II\/12\/2\/"},"3":{"id":"169","name":"PART 12 - LICENSING AND REGULATION","identifier":"12","label":"part","url":"\/II\/12\/"},"4":{"id":"5","name":"Division II - Planning and Development","identifier":"II","label":"division","url":"\/II\/"}},"referred_to_by":{"0":{"id":"958","section_number":"2-2074","catch_line":"TAXICABS.","url":"http:\/\/localhost:8888\/2-2074\/"}},"edition_id":"1","section_id":"602","structure_id":"176","full_text":"(b) Premium taxi service. \nThe words premium taxi service shall mean the type of taxi service which is used by one person or party at a time, unless the original person or party does not object to another person or persons riding in the taxicab, which is provided along the shortest route between the occupant&#8217;s origin and destination, and for which a taximeter is used to compute the fare.\r\r(c) Shared taxi service. \nThe words shared taxi service shall mean the type of taxi service which can be used by more than one (1) person or party at a time, which is not necessarily provided along the shortest route between an occupant&#8217;s origin and destination but rather is provided in such a way so that the taxicab deviates from the shortest route in order to pick up or deliver other passengers, and for which a zone fare is charged.\r\r(d) Limousine\/Vehicle for Hire. \nShall mean a for hire motor carrier, as defined by NCGS 20-4.01(11a), carrying passengers within each vehicle&#8217;s legal capacity, not equipped with a taximeter, with a driver who carries passengers for hire at rates of fare agreed upon between the operating licensee, its agent or operator and the passengers. This fare is not to exceed the rate agreed upon at the time of the franchise. No limousine may engage in cruising or be operated by on call or demand.\r\r(e) Owner. \nThe word owner shall mean and include any person having control of the operation or maintenance and collection of the revenue of taxicabs; person who holds the legal title of a vehicle, or in the event a vehicle is subject to an agreement for conditional sale or lease thereof, with the right of purchase upon performance of the conditions stated in the agreement and with the immediate right of possession vested in the original vendee or lessee, or, in the event a mortgagor of a vehicle is entitled to possession, then such conditional vendee or lessee or mortgagor shall be deemed the owner for the purpose of this article.\r\r(f) Driver. \nThe word driver shall mean and include every person in charge of or operating a taxicab.\r\r(g) Permit. \nThe word permit shall mean an owner&#8217;s permit and also a driver&#8217;s permit as the context indicates.\r\r(h) Owner&#8217;s permit. \nThe words owner&#8217;s permit shall mean a permit granted to the operator of a taxicab business.\r\r(i) Shuttle. \nShall mean any passenger vehicle for hire that provides shuttle transportation to passengers to or from prescribed locations such as the airport, hotels, motels, shopping centers, stadiums, coliseums or theaters, pursuant to a contract or agreement, and that does not accept or discharge passengers indiscriminately between prescribed locations. No shuttle vehicle shall engage in cruising or be operated by on call or demand.\r\r(j) Memorandum owner&#8217;s permit. \nThe words memorandum owner&#8217;s permit shall mean the card issued by the taxicab inspector to a taxicab owner and operator for display within a taxicab indicating that an owner&#8217;s permit has been issued covering such taxicab and the operation thereof.\r\r(k) Rate card. \nThe words rate card shall mean the card issued by the taxicab inspector to a taxicab owner and operator for display within each taxicab for which an owner&#8217;s permit has been issued containing the schedule of fares to be charged by such taxicab.\r\r(l) Premium taxi service trip. \nThe words premium taxi service trip shall mean each stop and the taximeter shall be cleared at the termination of each trip except in instances when the lessee of a taxicab requests discharge of a passenger enroute to a final destination, and in such event the final destination shall be the termination of the trip. In every instance when the taxicab fare is paid to the taxicab driver, it shall be the duty of the taxicab driver to clear the meter.\r\r(m) Shared taxi service trip. \nThe words shared taxi service trip shall mean the journey of a passenger from his origin to his destination.\r\r(n) Response time. \nThe words response time shall mean the time elapsed between the time which a prospective passenger specifies as the time he wishes to have a vehicle at his trip origin, and the time when the vehicle arrives at that location.\r\r(o) Accessible Raleigh Transportation (ART) Program. \nThe words Accessible Raleigh Transportation (ART) Program or ART service shall mean taxi service provided to persons certified by the City as disabled. Charges for service under the ART program will be paid with a special currency or scrip approved by the City which can be redeemed by the City at full face value.\r\r(p) Handivan. \nThe word handivan shall mean and include every public passenger vehicle with less than sixteen (16) passenger capacity equipped to transport persons who are confined to wheelchairs.\r\r(q) Cruising. \nShall mean driving on, over and along the streets or public places of the City in search of, or soliciting, prospective passengers for hire. Listed below are the specific vehicle types prohibited from &#8220;cruising&#8221;: \nLimousine\/vehicle for hire\nShuttle \n(Code 1959 , \u00a722-2; Ord. No. 1978-799, \u00a71, 5-16-78; Ord. No. 1980-487, \u00a7\u00a71\u20143, 10-7-80; Ord. No. 1989-383, \u00a78, 6-6-89; Ord. No. 1990-674, \u00a71, 11-6-90; Ord. No. 2009-671, \u00a7\u00a71\u20144, 11-3-09)\r\r","text":{"0":{"id":"1700","text":"","type":"section","prefixes":["(a)"],"prefix":"(a)","entire_prefix":"(a)","prefix_anchor":"(a)","level":1},"1":{"id":"1701","text":"\tother than motor buses operating along regular routes and schedules, or between fixed termini\n","type":"section","prefixes":["(a)","(1)"],"prefix":"(1)","entire_prefix":"(a)(1)","prefix_anchor":"(a)(1)","level":2},"2":{"id":"1702","text":"\tother than vehicles contracted by the Dept. of Education for student transportation.\n","type":"section","prefixes":["(a)","(2)"],"prefix":"(2)","entire_prefix":"(a)(2)","prefix_anchor":"(a)(2)","level":2},"3":{"id":"1703","text":"Premium taxi service. \nThe words premium taxi service shall mean the type of taxi service which is used by one person or party at a time, unless the original person or party does not object to another person or persons riding in the taxicab, which is provided along the shortest route between the occupant&#8217;s origin and destination, and for which a taximeter is used to compute the fare.","type":"section","prefixes":["(b)"],"prefix":"(b)","entire_prefix":"(b)","prefix_anchor":"(b)","level":1},"4":{"id":"1704","text":"Shared taxi service. \nThe words shared taxi service shall mean the type of taxi service which can be used by more than one (1) person or party at a time, which is not necessarily provided along the shortest route between an occupant&#8217;s origin and destination but rather is provided in such a way so that the taxicab deviates from the shortest route in order to pick up or deliver other passengers, and for which a zone fare is charged.","type":"section","prefixes":["(c)"],"prefix":"(c)","entire_prefix":"(c)","prefix_anchor":"(c)","level":1},"5":{"id":"1705","text":"Limousine\/Vehicle for Hire. \nShall mean a for hire motor carrier, as defined by NCGS 20-4.01(11a), carrying passengers within each vehicle&#8217;s legal capacity, not equipped with a taximeter, with a driver who carries passengers for hire at rates of fare agreed upon between the operating licensee, its agent or operator and the passengers. This fare is not to exceed the rate agreed upon at the time of the franchise. No limousine may engage in cruising or be operated by on call or demand.","type":"section","prefixes":["(d)"],"prefix":"(d)","entire_prefix":"(d)","prefix_anchor":"(d)","level":1},"6":{"id":"1706","text":"Owner. \nThe word owner shall mean and include any person having control of the operation or maintenance and collection of the revenue of taxicabs; person who holds the legal title of a vehicle, or in the event a vehicle is subject to an agreement for conditional sale or lease thereof, with the right of purchase upon performance of the conditions stated in the agreement and with the immediate right of possession vested in the original vendee or lessee, or, in the event a mortgagor of a vehicle is entitled to possession, then such conditional vendee or lessee or mortgagor shall be deemed the owner for the purpose of this article.","type":"section","prefixes":["(e)"],"prefix":"(e)","entire_prefix":"(e)","prefix_anchor":"(e)","level":1},"7":{"id":"1707","text":"Driver. \nThe word driver shall mean and include every person in charge of or operating a taxicab.","type":"section","prefixes":["(f)"],"prefix":"(f)","entire_prefix":"(f)","prefix_anchor":"(f)","level":1},"8":{"id":"1708","text":"Permit. \nThe word permit shall mean an owner&#8217;s permit and also a driver&#8217;s permit as the context indicates.","type":"section","prefixes":["(g)"],"prefix":"(g)","entire_prefix":"(g)","prefix_anchor":"(g)","level":1},"9":{"id":"1709","text":"Owner&#8217;s permit. \nThe words owner&#8217;s permit shall mean a permit granted to the operator of a taxicab business.","type":"section","prefixes":["(h)"],"prefix":"(h)","entire_prefix":"(h)","prefix_anchor":"(h)","level":1},"10":{"id":"1710","text":"Shuttle. \nShall mean any passenger vehicle for hire that provides shuttle transportation to passengers to or from prescribed locations such as the airport, hotels, motels, shopping centers, stadiums, coliseums or theaters, pursuant to a contract or agreement, and that does not accept or discharge passengers indiscriminately between prescribed locations. No shuttle vehicle shall engage in cruising or be operated by on call or demand.","type":"section","prefixes":["(i)"],"prefix":"(i)","entire_prefix":"(i)","prefix_anchor":"(i)","level":1},"11":{"id":"1711","text":"Memorandum owner&#8217;s permit. \nThe words memorandum owner&#8217;s permit shall mean the card issued by the taxicab inspector to a taxicab owner and operator for display within a taxicab indicating that an owner&#8217;s permit has been issued covering such taxicab and the operation thereof.","type":"section","prefixes":["(j)"],"prefix":"(j)","entire_prefix":"(j)","prefix_anchor":"(j)","level":1},"12":{"id":"1712","text":"Rate card. \nThe words rate card shall mean the card issued by the taxicab inspector to a taxicab owner and operator for display within each taxicab for which an owner&#8217;s permit has been issued containing the schedule of fares to be charged by such taxicab.","type":"section","prefixes":["(k)"],"prefix":"(k)","entire_prefix":"(k)","prefix_anchor":"(k)","level":1},"13":{"id":"1713","text":"Premium taxi service trip. \nThe words premium taxi service trip shall mean each stop and the taximeter shall be cleared at the termination of each trip except in instances when the lessee of a taxicab requests discharge of a passenger enroute to a final destination, and in such event the final destination shall be the termination of the trip. In every instance when the taxicab fare is paid to the taxicab driver, it shall be the duty of the taxicab driver to clear the meter.","type":"section","prefixes":["(l)"],"prefix":"(l)","entire_prefix":"(l)","prefix_anchor":"(l)","level":1},"14":{"id":"1714","text":"Shared taxi service trip. \nThe words shared taxi service trip shall mean the journey of a passenger from his origin to his destination.","type":"section","prefixes":["(m)"],"prefix":"(m)","entire_prefix":"(m)","prefix_anchor":"(m)","level":1},"15":{"id":"1715","text":"Response time. \nThe words response time shall mean the time elapsed between the time which a prospective passenger specifies as the time he wishes to have a vehicle at his trip origin, and the time when the vehicle arrives at that location.","type":"section","prefixes":["(n)"],"prefix":"(n)","entire_prefix":"(n)","prefix_anchor":"(n)","level":1},"16":{"id":"1716","text":"Accessible Raleigh Transportation (ART) Program. \nThe words Accessible Raleigh Transportation (ART) Program or ART service shall mean taxi service provided to persons certified by the City as disabled. Charges for service under the ART program will be paid with a special currency or scrip approved by the City which can be redeemed by the City at full face value.","type":"section","prefixes":["(o)"],"prefix":"(o)","entire_prefix":"(o)","prefix_anchor":"(o)","level":1},"17":{"id":"1717","text":"Handivan. \nThe word handivan shall mean and include every public passenger vehicle with less than sixteen (16) passenger capacity equipped to transport persons who are confined to wheelchairs.","type":"section","prefixes":["(p)"],"prefix":"(p)","entire_prefix":"(p)","prefix_anchor":"(p)","level":1},"18":{"id":"1718","text":"Cruising. \nShall mean driving on, over and along the streets or public places of the City in search of, or soliciting, prospective passengers for hire. Listed below are the specific vehicle types prohibited from &#8220;cruising&#8221;: \nLimousine\/vehicle for hire\nShuttle \n(Code 1959 , \u00a722-2; Ord. No. 1978-799, \u00a71, 5-16-78; Ord. No. 1980-487, \u00a7\u00a71\u20143, 10-7-80; Ord. No. 1989-383, \u00a78, 6-6-89; Ord. No. 1990-674, \u00a71, 11-6-90; Ord. No. 2009-671, \u00a7\u00a71\u20144, 11-3-09)","type":"section","prefixes":["(q)"],"prefix":"(q)","entire_prefix":"(q)","prefix_anchor":"(q)","level":1}},"ancestry":{"1":{"id":"176","name":"ARTICLE B. - VEHICLES FOR HIRE","identifier":"B","label":"article","url":"\/II\/12\/2\/B\/"},"2":{"id":"174","name":"CHAPTER 2. - BUSINESSES AND TRADES","identifier":"2","label":"chapter","url":"\/II\/12\/2\/"},"3":{"id":"169","name":"PART 12 - LICENSING AND REGULATION","identifier":"12","label":"part","url":"\/II\/12\/"},"4":{"id":"5","name":"Division II - Planning and Development","identifier":"II","label":"division","url":"\/II\/"}},"structure_contents":{"0":{"id":"601","structure_id":"176","section_number":"12-2021","catch_line":"SHORT TITLE.","url":"\/12-2021\/","token":"12-2021"},"1":{"id":"602","structure_id":"176","section_number":"12-2022","catch_line":"DEFINITIONS.","url":"\/12-2022\/","token":"12-2022"},"2":{"id":"604","structure_id":"176","section_number":"12-2023","catch_line":"TAXICAB INSPECTOR; OFFICE CREATED; DUTIES GENERALLY.","url":"\/12-2023\/","token":"12-2023"},"3":{"id":"605","structure_id":"176","section_number":"12-2024","catch_line":"COMPLIANCE WITH ARTICLE; ENFORCEMENT SANCTIONS.","url":"\/12-2024\/","token":"12-2024"},"4":{"id":"606","structure_id":"176","section_number":"12-2025","catch_line":"INSURANCE.","url":"\/12-2025\/","token":"12-2025"},"5":{"id":"607","structure_id":"176","section_number":"12-2026","catch_line":"OWNER INFORMATION FILE.","url":"\/12-2026\/","token":"12-2026"},"6":{"id":"608","structure_id":"176","section_number":"12-2027","catch_line":"TYPE OF TAXICAB.","url":"\/12-2027\/","token":"12-2027"},"7":{"id":"609","structure_id":"176","section_number":"12-2028","catch_line":"EQUIPMENT; ITEMS REQUIRED.","url":"\/12-2028\/","token":"12-2028"},"8":{"id":"610","structure_id":"176","section_number":"12-2029","catch_line":"FILING DESCRIPTION.","url":"\/12-2029\/","token":"12-2029"},"9":{"id":"611","structure_id":"176","section_number":"12-2030","catch_line":"IDENTIFICATION OF VEHICLES.","url":"\/12-2030\/","token":"12-2030"},"10":{"id":"612","structure_id":"176","section_number":"12-2031","catch_line":"CONDITION OF VEHICLE; INSPECTION.","url":"\/12-2031\/","token":"12-2031"},"11":{"id":"613","structure_id":"176","section_number":"12-2032","catch_line":"MAINTENANCE.","url":"\/12-2032\/","token":"12-2032"},"12":{"id":"615","structure_id":"176","section_number":"12-2033","catch_line":"SANITATION.","url":"\/12-2033\/","token":"12-2033"},"13":{"id":"616","structure_id":"176","section_number":"12-2034","catch_line":"DRIVERS' MANIFESTS.","url":"\/12-2034\/","token":"12-2034"},"14":{"id":"617","structure_id":"176","section_number":"12-2035","catch_line":"ACCEPTING ADDITIONAL PASSENGERS.","url":"\/12-2035\/","token":"12-2035"},"15":{"id":"618","structure_id":"176","section_number":"12-2036","catch_line":"RESTRICTION ON NUMBER OF PASSENGERS.","url":"\/12-2036\/","token":"12-2036"},"16":{"id":"619","structure_id":"176","section_number":"12-2037","catch_line":"REFUSAL TO CARRY ORDERLY PASSENGERS.","url":"\/12-2037\/","token":"12-2037"},"17":{"id":"620","structure_id":"176","section_number":"12-2038","catch_line":"DECEPTION OF PASSENGERS.","url":"\/12-2038\/","token":"12-2038"},"18":{"id":"621","structure_id":"176","section_number":"12-2039","catch_line":"COMPLIANCE WITH PASSENGERS' REQUESTS.","url":"\/12-2039\/","token":"12-2039"},"19":{"id":"622","structure_id":"176","section_number":"12-2040","catch_line":"USE OF TOBACCO.","url":"\/12-2040\/","token":"12-2040"},"20":{"id":"623","structure_id":"176","section_number":"12-2041","catch_line":"LOST ARTICLES.","url":"\/12-2041\/","token":"12-2041"},"21":{"id":"624","structure_id":"176","section_number":"12-2042","catch_line":"ATTENDING VEHICLE BY DRIVER.","url":"\/12-2042\/","token":"12-2042"},"22":{"id":"626","structure_id":"176","section_number":"12-2043","catch_line":"FARES; SCHEDULE.","url":"\/12-2043\/","token":"12-2043"},"23":{"id":"627","structure_id":"176","section_number":"12-2044","catch_line":"HIRING WITH INTENT NOT TO PAY.","url":"\/12-2044\/","token":"12-2044"},"24":{"id":"628","structure_id":"176","section_number":"12-2045","catch_line":"FURNISHING RECEIPT.","url":"\/12-2045\/","token":"12-2045"},"25":{"id":"629","structure_id":"176","section_number":"12-2046","catch_line":"RATE CARD; ISSUANCE, POSTING, COMPLYING WITH.","url":"\/12-2046\/","token":"12-2046"},"26":{"id":"630","structure_id":"176","section_number":"12-2047","catch_line":"TAXI INSPECTOR'S HOURS.","url":"\/12-2047\/","token":"12-2047"},"27":{"id":"631","structure_id":"176","section_number":"12-2048","catch_line":"RESERVED.","url":"\/12-2048\/","token":"12-2048"},"28":{"id":"632","structure_id":"176","section_number":"12-2048","catch_line":"RESERVED. ","url":"\/12-2048\/","token":"12-2048"},"29":{"id":"633","structure_id":"176","section_number":"12-2051","catch_line":"REQUIRED.","url":"\/12-2051\/","token":"12-2051"},"30":{"id":"634","structure_id":"176","section_number":"12-2052","catch_line":"APPLICATION.","url":"\/12-2052\/","token":"12-2052"},"31":{"id":"635","structure_id":"176","section_number":"12-2053","catch_line":"ISSUANCE.","url":"\/12-2053\/","token":"12-2053"},"32":{"id":"637","structure_id":"176","section_number":"12-2054","catch_line":"FORM.","url":"\/12-2054\/","token":"12-2054"},"33":{"id":"638","structure_id":"176","section_number":"12-2055","catch_line":"EXPIRATION.","url":"\/12-2055\/","token":"12-2055"},"34":{"id":"639","structure_id":"176","section_number":"12-2056","catch_line":"PERMIT ISSUANCE, RENEWAL REQUIREMENT; EXCEPTIONS.","url":"\/12-2056\/","token":"12-2056"},"35":{"id":"640","structure_id":"176","section_number":"12-2057","catch_line":"ASSIGNMENT OR TRANSFER.","url":"\/12-2057\/","token":"12-2057"},"36":{"id":"641","structure_id":"176","section_number":"12-2058","catch_line":"ISSUANCE OF MEMORANDUM PERMIT.","url":"\/12-2058\/","token":"12-2058"},"37":{"id":"642","structure_id":"176","section_number":"12-2059","catch_line":"REVOCATION UPON CHANGE OF OWNERSHIP; ISSUANCE TO NEW OWNER.","url":"\/12-2059\/","token":"12-2059"},"38":{"id":"643","structure_id":"176","section_number":"12-2060","catch_line":"SUSPENSION AND REVOCATION; CAUSES, HEARING.","url":"\/12-2060\/","token":"12-2060"},"39":{"id":"644","structure_id":"176","section_number":"12-2061","catch_line":"SURRENDER OF PERMIT; RETIRING VEHICLES FROM SERVICE.","url":"\/12-2061\/","token":"12-2061"},"40":{"id":"645","structure_id":"176","section_number":"12-2062","catch_line":"RESERVED.","url":"\/12-2062\/","token":"12-2062"},"41":{"id":"646","structure_id":"176","section_number":"12-2062","catch_line":"RESERVED. ","url":"\/12-2062\/","token":"12-2062"},"42":{"id":"648","structure_id":"176","section_number":"12-2071","catch_line":"PARTICIPATION REQUIREMENTS.","url":"\/12-2071\/","token":"12-2071"},"43":{"id":"649","structure_id":"176","section_number":"12-2072","catch_line":"DETERMINATION OF ELIGIBILITY.","url":"\/12-2072\/","token":"12-2072"},"44":{"id":"650","structure_id":"176","section_number":"12-2073","catch_line":"REDEMPTION OF SCRIP.","url":"\/12-2073\/","token":"12-2073"},"45":{"id":"651","structure_id":"176","section_number":"12-2074","catch_line":"PENALTIES.","url":"\/12-2074\/","token":"12-2074"},"46":{"id":"652","structure_id":"176","section_number":"12-2075","catch_line":"RESERVED.","url":"\/12-2075\/","token":"12-2075"},"47":{"id":"653","structure_id":"176","section_number":"12-2081","catch_line":"REQUIRED.","url":"\/12-2081\/","token":"12-2081"},"48":{"id":"654","structure_id":"176","section_number":"12-2082","catch_line":"APPLICATION.","url":"\/12-2082\/","token":"12-2082"},"49":{"id":"655","structure_id":"176","section_number":"12-2083","catch_line":"PROBATIONARY DRIVER'S PERMIT.","url":"\/12-2083\/","token":"12-2083"},"50":{"id":"656","structure_id":"176","section_number":"12-2084","catch_line":"EXAMINATION AND INVESTIGATION.","url":"\/12-2084\/","token":"12-2084"},"51":{"id":"657","structure_id":"176","section_number":"12-2085","catch_line":"QUALIFICATIONS.","url":"\/12-2085\/","token":"12-2085"},"52":{"id":"659","structure_id":"176","section_number":"12-2086","catch_line":"REFUSAL TO ISSUE.","url":"\/12-2086\/","token":"12-2086"},"53":{"id":"660","structure_id":"176","section_number":"12-2087","catch_line":"APPEAL FROM REFUSAL.","url":"\/12-2087\/","token":"12-2087"},"54":{"id":"661","structure_id":"176","section_number":"12-2088","catch_line":"GRANTING.","url":"\/12-2088\/","token":"12-2088"},"55":{"id":"662","structure_id":"176","section_number":"12-2089","catch_line":"CONTENTS AND EFFECT.","url":"\/12-2089\/","token":"12-2089"},"56":{"id":"663","structure_id":"176","section_number":"12-2090","catch_line":"SAFETY PERMIT.","url":"\/12-2090\/","token":"12-2090"},"57":{"id":"664","structure_id":"176","section_number":"12-2091","catch_line":"REVOCATION.","url":"\/12-2091\/","token":"12-2091"},"58":{"id":"665","structure_id":"176","section_number":"12-2092","catch_line":"SURRENDER, DISPLAY, LOSS, ETC., OF DRIVER'S PERMIT.","url":"\/12-2092\/","token":"12-2092"},"59":{"id":"666","structure_id":"176","section_number":"12-2093","catch_line":"EXPIRATION, RENEWAL.","url":"\/12-2093\/","token":"12-2093"},"60":{"id":"667","structure_id":"176","section_number":"12-2094","catch_line":"RESERVED.","url":"\/12-2094\/","token":"12-2094"},"61":{"id":"668","structure_id":"176","section_number":"12-2094","catch_line":"RESERVED. ","url":"\/12-2094\/","token":"12-2094"}},"previous_section":{"id":"601","structure_id":"176","section_number":"12-2021","catch_line":"SHORT TITLE.","url":"\/12-2021\/","token":"12-2021"},"next_section":{"id":"604","structure_id":"176","section_number":"12-2023","catch_line":"TAXICAB INSPECTOR; OFFICE CREATED; DUTIES GENERALLY.","url":"\/12-2023\/","token":"12-2023"},"references":{"0":{"id":"604","section_number":"12-2023","catch_line":"TAXICAB INSPECTOR; OFFICE CREATED; DUTIES GENERALLY.","url":"http:\/\/localhost:8888\/12-2023\/"},"1":{"id":"605","section_number":"12-2024","catch_line":"COMPLIANCE WITH ARTICLE; ENFORCEMENT SANCTIONS.","url":"http:\/\/localhost:8888\/12-2024\/"}},"formats":{"txt":"\/12-2022.txt","json":"\/12-2022.xml"},"dublin_core":{"Title":"DEFINITIONS.","Type":"Text","Format":"text\/html","Identifier":"\u00a7 12-2022","Relation":"Code of State"},"plain_text":"                                  CODE OF STATE\n\nDEFINITIONS. (\u00a7 12-2022)\n\n(a) \n\n   (1) \tother than motor buses operating along regular routes and schedules, or\n   between fixed termini\n   \n\n   (2) \tother than vehicles contracted by the Dept. of Education for student\n   transportation.\n   \n\n(b) Premium taxi service. \nThe words premium taxi service shall mean the type of taxi service which is used\nby one person or party at a time, unless the original person or party does not\nobject to another person or persons riding in the taxicab, which is provided\nalong the shortest route between the occupant&#8217;s origin and destination,\nand for which a taximeter is used to compute the fare.\n\n(c) Shared taxi service. \nThe words shared taxi service shall mean the type of taxi service which can be\nused by more than one (1) person or party at a time, which is not necessarily\nprovided along the shortest route between an occupant&#8217;s origin and\ndestination but rather is provided in such a way so that the taxicab deviates\nfrom the shortest route in order to pick up or deliver other passengers, and for\nwhich a zone fare is charged.\n\n(d) Limousine\/Vehicle for Hire. \nShall mean a for hire motor carrier, as defined by NCGS 20-4.01(11a), carrying\npassengers within each vehicle&#8217;s legal capacity, not equipped with a\ntaximeter, with a driver who carries passengers for hire at rates of fare agreed\nupon between the operating licensee, its agent or operator and the passengers.\nThis fare is not to exceed the rate agreed upon at the time of the franchise. No\nlimousine may engage in cruising or be operated by on call or demand.\n\n(e) Owner. \nThe word owner shall mean and include any person having control of the operation\nor maintenance and collection of the revenue of taxicabs; person who holds the\nlegal title of a vehicle, or in the event a vehicle is subject to an agreement\nfor conditional sale or lease thereof, with the right of purchase upon\nperformance of the conditions stated in the agreement and with the immediate\nright of possession vested in the original vendee or lessee, or, in the event a\nmortgagor of a vehicle is entitled to possession, then such conditional vendee\nor lessee or mortgagor shall be deemed the owner for the purpose of this\narticle.\n\n(f) Driver. \nThe word driver shall mean and include every person in charge of or operating a\ntaxicab.\n\n(g) Permit. \nThe word permit shall mean an owner&#8217;s permit and also a driver&#8217;s\npermit as the context indicates.\n\n(h) Owner&#8217;s permit. \nThe words owner&#8217;s permit shall mean a permit granted to the operator of a\ntaxicab business.\n\n(i) Shuttle. \nShall mean any passenger vehicle for hire that provides shuttle transportation\nto passengers to or from prescribed locations such as the airport, hotels,\nmotels, shopping centers, stadiums, coliseums or theaters, pursuant to a\ncontract or agreement, and that does not accept or discharge passengers\nindiscriminately between prescribed locations. No shuttle vehicle shall engage\nin cruising or be operated by on call or demand.\n\n(j) Memorandum owner&#8217;s permit. \nThe words memorandum owner&#8217;s permit shall mean the card issued by the\ntaxicab inspector to a taxicab owner and operator for display within a taxicab\nindicating that an owner&#8217;s permit has been issued covering such taxicab\nand the operation thereof.\n\n(k) Rate card. \nThe words rate card shall mean the card issued by the taxicab inspector to a\ntaxicab owner and operator for display within each taxicab for which an\nowner&#8217;s permit has been issued containing the schedule of fares to be\ncharged by such taxicab.\n\n(l) Premium taxi service trip. \nThe words premium taxi service trip shall mean each stop and the taximeter shall\nbe cleared at the termination of each trip except in instances when the lessee\nof a taxicab requests discharge of a passenger enroute to a final destination,\nand in such event the final destination shall be the termination of the trip. In\nevery instance when the taxicab fare is paid to the taxicab driver, it shall be\nthe duty of the taxicab driver to clear the meter.\n\n(m) Shared taxi service trip. \nThe words shared taxi service trip shall mean the journey of a passenger from\nhis origin to his destination.\n\n(n) Response time. \nThe words response time shall mean the time elapsed between the time which a\nprospective passenger specifies as the time he wishes to have a vehicle at his\ntrip origin, and the time when the vehicle arrives at that location.\n\n(o) Accessible Raleigh Transportation (ART) Program. \nThe words Accessible Raleigh Transportation (ART) Program or ART service shall\nmean taxi service provided to persons certified by the City as disabled. Charges\nfor service under the ART program will be paid with a special currency or scrip\napproved by the City which can be redeemed by the City at full face value.\n\n(p) Handivan. \nThe word handivan shall mean and include every public passenger vehicle with\nless than sixteen (16) passenger capacity equipped to transport persons who are\nconfined to wheelchairs.\n\n(q) Cruising. \nShall mean driving on, over and along the streets or public places of the City\nin search of, or soliciting, prospective passengers for hire. Listed below are\nthe specific vehicle types prohibited from &#8220;cruising&#8221;: \nLimousine\/vehicle for hire\nShuttle \n(Code 1959 , \u00a722-2; Ord. No. 1978-799, \u00a71, 5-16-78; Ord. No. 1980-487,\n\u00a7\u00a71\u20143, 10-7-80; Ord. No. 1989-383, \u00a78, 6-6-89; Ord. No. 1990-674, \u00a71,\n11-6-90; Ord. No. 2009-671, \u00a7\u00a71\u20144, 11-3-09)\n"}