{"law_id":"710","section_number":"12-2157","catch_line":"STANDARDS.","history":"","order_by":"12-2157","metadata":false,"url":"\/12-2157\/","token":"12-2157","structure":{"1":{"id":"180","name":"ARTICLE F. - SHORT-TERM RESIDENTIAL OCCUPANCIES [7]","identifier":"F","label":"article","url":"\/II\/12\/2\/F\/"},"2":{"id":"174","name":"CHAPTER 2. - BUSINESSES AND TRADES","identifier":"2","label":"chapter","url":"\/II\/12\/2\/"},"3":{"id":"169","name":"PART 12 - LICENSING AND REGULATION","identifier":"12","label":"part","url":"\/II\/12\/"},"4":{"id":"5","name":"Division II - Planning and Development","identifier":"II","label":"division","url":"\/II\/"}},"referred_to_by":{"0":{"id":"712","section_number":"12-2159","catch_line":"ENFORCEMENT.","url":"http:\/\/localhost:8888\/12-2159\/"}},"edition_id":"1","section_id":"710","structure_id":"180","full_text":"(a) A resident manager shall reside on the licensed premises. The residential manager shall be able to be at the rooming house within thirty (30) minutes after being summoned by the Raleigh Police Department. A telephone shall be located in the resident manager&#8217;s living quarters. The resident manager or the licensee shall at least once during the license period attend one of the quarterly classes conducted by the City for residential management.\r\r(b) The licensee shall post a copy of this license in the resident manager&#8217;s living quarter at a location visible from the entrance way of the living quarter.\r\r(c) All sleeping quarters shall be served by working heating facilities and a bed with a mattress.\r\r(d) The licensee shall meet each prospective tenant to determine that such tenant does not intend to use the living quarters for illegal activities.\r\r(e) The licensee shall commence eviction proceedings against any tenant who engages in unlawful activity in or on the leased premises.\r\r(f) The business location is not in violation of any applicable zoning, minimum housing code, and fire prevention code regulation.\r\r(g) An up-to-date floor plan and current list of occupants shall be maintained by the resident manager. This floor plan shall be posted in a conspicuous location. \n(Ord. No. 1992-31, \u00a71, 8-4-92; Ord. No. 1997-49, \u00a72, 2-4-97)\r\r","text":{"0":{"id":"2077","text":"A resident manager shall reside on the licensed premises. The residential manager shall be able to be at the rooming house within thirty (30) minutes after being summoned by the Raleigh Police Department. A telephone shall be located in the resident manager&#8217;s living quarters. The resident manager or the licensee shall at least once during the license period attend one of the quarterly classes conducted by the City for residential management.","type":"section","prefixes":["(a)"],"prefix":"(a)","entire_prefix":"(a)","prefix_anchor":"(a)","level":1},"1":{"id":"2078","text":"The licensee shall post a copy of this license in the resident manager&#8217;s living quarter at a location visible from the entrance way of the living quarter.","type":"section","prefixes":["(b)"],"prefix":"(b)","entire_prefix":"(b)","prefix_anchor":"(b)","level":1},"2":{"id":"2079","text":"All sleeping quarters shall be served by working heating facilities and a bed with a mattress.","type":"section","prefixes":["(c)"],"prefix":"(c)","entire_prefix":"(c)","prefix_anchor":"(c)","level":1},"3":{"id":"2080","text":"The licensee shall meet each prospective tenant to determine that such tenant does not intend to use the living quarters for illegal activities.","type":"section","prefixes":["(d)"],"prefix":"(d)","entire_prefix":"(d)","prefix_anchor":"(d)","level":1},"4":{"id":"2081","text":"The licensee shall commence eviction proceedings against any tenant who engages in unlawful activity in or on the leased premises.","type":"section","prefixes":["(e)"],"prefix":"(e)","entire_prefix":"(e)","prefix_anchor":"(e)","level":1},"5":{"id":"2082","text":"The business location is not in violation of any applicable zoning, minimum housing code, and fire prevention code regulation.","type":"section","prefixes":["(f)"],"prefix":"(f)","entire_prefix":"(f)","prefix_anchor":"(f)","level":1},"6":{"id":"2083","text":"An up-to-date floor plan and current list of occupants shall be maintained by the resident manager. This floor plan shall be posted in a conspicuous location. \n(Ord. No. 1992-31, \u00a71, 8-4-92; Ord. No. 1997-49, \u00a72, 2-4-97)","type":"section","prefixes":["(g)"],"prefix":"(g)","entire_prefix":"(g)","prefix_anchor":"(g)","level":1}},"ancestry":{"1":{"id":"180","name":"ARTICLE F. - SHORT-TERM RESIDENTIAL OCCUPANCIES [7]","identifier":"F","label":"article","url":"\/II\/12\/2\/F\/"},"2":{"id":"174","name":"CHAPTER 2. - BUSINESSES AND TRADES","identifier":"2","label":"chapter","url":"\/II\/12\/2\/"},"3":{"id":"169","name":"PART 12 - LICENSING AND REGULATION","identifier":"12","label":"part","url":"\/II\/12\/"},"4":{"id":"5","name":"Division II - Planning and Development","identifier":"II","label":"division","url":"\/II\/"}},"structure_contents":{"0":{"id":"708","structure_id":"180","section_number":"12-2155","catch_line":"DECLARATION OF NECESSITY.","url":"\/12-2155\/","token":"12-2155"},"1":{"id":"709","structure_id":"180","section_number":"12-2156","catch_line":"LICENSE REQUIRED.","url":"\/12-2156\/","token":"12-2156"},"2":{"id":"710","structure_id":"180","section_number":"12-2157","catch_line":"STANDARDS.","url":"\/12-2157\/","token":"12-2157"},"3":{"id":"711","structure_id":"180","section_number":"12-2158","catch_line":"COMPLIANCE WITH PROVISIONS.","url":"\/12-2158\/","token":"12-2158"},"4":{"id":"712","structure_id":"180","section_number":"12-2159","catch_line":"ENFORCEMENT.","url":"\/12-2159\/","token":"12-2159"},"5":{"id":"713","structure_id":"180","section_number":"12-2160","catch_line":"RELATION TO OTHER LAWS.","url":"\/12-2160\/","token":"12-2160"},"6":{"id":"715","structure_id":"180","section_number":"12-2161","catch_line":"REGISTRATION OF SUPPORTIVE HOUSING RESIDENCES AND MULTI-UNIT SUPPORTIVE HOUSING RESIDENCES.","url":"\/12-2161\/","token":"12-2161"}},"previous_section":{"id":"709","structure_id":"180","section_number":"12-2156","catch_line":"LICENSE REQUIRED.","url":"\/12-2156\/","token":"12-2156"},"next_section":{"id":"711","structure_id":"180","section_number":"12-2158","catch_line":"COMPLIANCE WITH PROVISIONS.","url":"\/12-2158\/","token":"12-2158"},"references":{"0":{"id":"709","section_number":"12-2156","catch_line":"LICENSE REQUIRED.","url":"http:\/\/localhost:8888\/12-2156\/"}},"formats":{"txt":"\/12-2157.txt","json":"\/12-2157.xml"},"dublin_core":{"Title":"STANDARDS.","Type":"Text","Format":"text\/html","Identifier":"\u00a7 12-2157","Relation":"Code of State"},"plain_text":"                                  CODE OF STATE\n\nSTANDARDS. (\u00a7 12-2157)\n\n(a) A resident manager shall reside on the licensed premises. The residential\nmanager shall be able to be at the rooming house within thirty (30) minutes\nafter being summoned by the Raleigh Police Department. A telephone shall be\nlocated in the resident manager&#8217;s living quarters. The resident manager or\nthe licensee shall at least once during the license period attend one of the\nquarterly classes conducted by the City for residential management.\n\n(b) The licensee shall post a copy of this license in the resident\nmanager&#8217;s living quarter at a location visible from the entrance way of\nthe living quarter.\n\n(c) All sleeping quarters shall be served by working heating facilities and a\nbed with a mattress.\n\n(d) The licensee shall meet each prospective tenant to determine that such\ntenant does not intend to use the living quarters for illegal activities.\n\n(e) The licensee shall commence eviction proceedings against any tenant who\nengages in unlawful activity in or on the leased premises.\n\n(f) The business location is not in violation of any applicable zoning, minimum\nhousing code, and fire prevention code regulation.\n\n(g) An up-to-date floor plan and current list of occupants shall be maintained\nby the resident manager. This floor plan shall be posted in a conspicuous\nlocation. \n(Ord. No. 1992-31, \u00a71, 8-4-92; Ord. No. 1997-49, \u00a72, 2-4-97)\n"}