{"law_id":"737","section_number":"12-2183","catch_line":"ARBITRATION FEE.","history":"","order_by":"12-2183","metadata":false,"url":"\/12-2183\/","token":"12-2183","structure":{"1":{"id":"182","name":"ARTICLE H. - RENTAL DWELLING REGISTRATION AND PROP NOTIFICATION","identifier":"H","label":"article","url":"\/II\/12\/2\/H\/"},"2":{"id":"174","name":"CHAPTER 2. - BUSINESSES AND TRADES","identifier":"2","label":"chapter","url":"\/II\/12\/2\/"},"3":{"id":"169","name":"PART 12 - LICENSING AND REGULATION","identifier":"12","label":"part","url":"\/II\/12\/"},"4":{"id":"5","name":"Division II - Planning and Development","identifier":"II","label":"division","url":"\/II\/"}},"referred_to_by":false,"edition_id":"1","section_id":"737","structure_id":"182","full_text":"Any person who files an appeal shall pay an administrative fee of two hundred ($200.00) to the City at the time the appeal request is made. Failure to pay the administrative fee shall cause the appeal to be denied. The person who filed the appeal shall be responsible for paying one-half of the costs of the arbitration fee. If the person who appeals is the prevailing party, the administrative fee and the portion of the arbitration fee shall be reimbursed. \n(Ord. No. 2008-415B, \u00a71, 7-1-08)","text":{"0":{"id":"2233","text":"Any person who files an appeal shall pay an administrative fee of two hundred ($200.00) to the City at the time the appeal request is made. Failure to pay the administrative fee shall cause the appeal to be denied. The person who filed the appeal shall be responsible for paying one-half of the costs of the arbitration fee. If the person who appeals is the prevailing party, the administrative fee and the portion of the arbitration fee shall be reimbursed. \n(Ord. No. 2008-415B, \u00a71, 7-1-08)","type":"section","prefixes":[""],"prefix":"","entire_prefix":"","prefix_anchor":"","level":1}},"ancestry":{"1":{"id":"182","name":"ARTICLE H. - RENTAL DWELLING REGISTRATION AND PROP NOTIFICATION","identifier":"H","label":"article","url":"\/II\/12\/2\/H\/"},"2":{"id":"174","name":"CHAPTER 2. - BUSINESSES AND TRADES","identifier":"2","label":"chapter","url":"\/II\/12\/2\/"},"3":{"id":"169","name":"PART 12 - LICENSING AND REGULATION","identifier":"12","label":"part","url":"\/II\/12\/"},"4":{"id":"5","name":"Division II - Planning and Development","identifier":"II","label":"division","url":"\/II\/"}},"structure_contents":{"0":{"id":"728","structure_id":"182","section_number":"12-2175","catch_line":"FINDINGS AND DECLARATION OF NECESSITY.","url":"\/12-2175\/","token":"12-2175"},"1":{"id":"729","structure_id":"182","section_number":"12-2176","catch_line":"DEFINITIONS.","url":"\/12-2176\/","token":"12-2176"},"2":{"id":"730","structure_id":"182","section_number":"12-2177","catch_line":"REGISTRATION REQUIREMENT.","url":"\/12-2177\/","token":"12-2177"},"3":{"id":"731","structure_id":"182","section_number":"12-2178","catch_line":"REGISTRATION UPDATES.","url":"\/12-2178\/","token":"12-2178"},"4":{"id":"732","structure_id":"182","section_number":"12-2179","catch_line":"STANDARDS.","url":"\/12-2179\/","token":"12-2179"},"5":{"id":"733","structure_id":"182","section_number":"12-2180","catch_line":"COMPLIANCE WITH PROVISIONS.","url":"\/12-2180\/","token":"12-2180"},"6":{"id":"734","structure_id":"182","section_number":"12-2181","catch_line":"ENFORCEMENT.","url":"\/12-2181\/","token":"12-2181"},"7":{"id":"735","structure_id":"182","section_number":"12-2182","catch_line":"APPEAL.","url":"\/12-2182\/","token":"12-2182"},"8":{"id":"737","structure_id":"182","section_number":"12-2183","catch_line":"ARBITRATION FEE.","url":"\/12-2183\/","token":"12-2183"},"9":{"id":"738","structure_id":"182","section_number":"12-2184","catch_line":"METHODS OF SERVICE.","url":"\/12-2184\/","token":"12-2184"},"10":{"id":"739","structure_id":"182","section_number":"12-2185","catch_line":"RELATION TO OTHER LAWS.","url":"\/12-2185\/","token":"12-2185"}},"previous_section":{"id":"735","structure_id":"182","section_number":"12-2182","catch_line":"APPEAL.","url":"\/12-2182\/","token":"12-2182"},"next_section":{"id":"738","structure_id":"182","section_number":"12-2184","catch_line":"METHODS OF SERVICE.","url":"\/12-2184\/","token":"12-2184"},"references":false,"formats":{"txt":"\/12-2183.txt","json":"\/12-2183.xml"},"dublin_core":{"Title":"ARBITRATION FEE.","Type":"Text","Format":"text\/html","Identifier":"\u00a7 12-2183","Relation":"Code of State"},"plain_text":"                                  CODE OF STATE\n\nARBITRATION FEE. (\u00a7 12-2183)\n\nAny person who files an appeal shall pay an administrative fee of two hundred\n($200.00) to the City at the time the appeal request is made. Failure to pay the\nadministrative fee shall cause the appeal to be denied. The person who filed the\nappeal shall be responsible for paying one-half of the costs of the arbitration\nfee. If the person who appeals is the prevailing party, the administrative fee\nand the portion of the arbitration fee shall be reimbursed. \n(Ord. No. 2008-415B, \u00a71, 7-1-08)\n"}