{"law_id":"687","section_number":"12-2124","catch_line":"PENALTIES.","history":"","order_by":"12-2124","metadata":false,"url":"\/12-2124\/","token":"12-2124","structure":{"1":{"id":"178","name":"ARTICLE D. - AMUSEMENTS [4]","identifier":"D","label":"article","url":"\/II\/12\/2\/D\/"},"2":{"id":"174","name":"CHAPTER 2. - BUSINESSES AND TRADES","identifier":"2","label":"chapter","url":"\/II\/12\/2\/"},"3":{"id":"169","name":"PART 12 - LICENSING AND REGULATION","identifier":"12","label":"part","url":"\/II\/12\/"},"4":{"id":"5","name":"Division II - Planning and Development","identifier":"II","label":"division","url":"\/II\/"}},"referred_to_by":{"0":{"id":"689","section_number":"12-2126","catch_line":"RESERVED.","url":"http:\/\/localhost:8888\/12-2126\/"}},"edition_id":"1","section_id":"687","structure_id":"178","full_text":"(b) In addition to the above fines and suspension, a violation of this article is also a misdemeanor and may also be enforced through injunctive or other equitable relief.\r\r(c) All violations set out in subsection (a) above shall be assessed by the City Zoning Inspector. An appeal of the Zoning Inspector&#8217;s decision may be made to the City Council. The scope of the City Council&#8217;s review shall be limited to verifying the findings of fact made by the Zoning Inspector. If the City Council finds that the facts as found by the Zoning Inspector are correct, the fine or suspension shall not be disturbed. \n(Ord. No. 1999-539, \u00a71, 4-6-99)\r\r","text":{"0":{"id":"1995","text":"","type":"section","prefixes":["(a)"],"prefix":"(a)","entire_prefix":"(a)","prefix_anchor":"(a)","level":1},"1":{"id":"1996","text":"\tFirst offense in any\ntwelve-month period &#8230;..$500.00 \n","type":"section","prefixes":["(a)","(1)"],"prefix":"(1)","entire_prefix":"(a)(1)","prefix_anchor":"(a)(1)","level":2},"2":{"id":"1997","text":"\tSecond offense in any\ntwelve-month period &#8230;..1,000.00 \n","type":"section","prefixes":["(a)","(2)"],"prefix":"(2)","entire_prefix":"(a)(2)","prefix_anchor":"(a)(2)","level":2},"3":{"id":"1998","text":"\tThird offense in any\ntwelve-month period &#8230;..5,000.00 \n","type":"section","prefixes":["(a)","(3)"],"prefix":"(3)","entire_prefix":"(a)(3)","prefix_anchor":"(a)(3)","level":2},"4":{"id":"1999","text":"\tFourth offense in any twelve-month period &#8230;..One\nyear \nsuspension \n","type":"section","prefixes":["(a)","(4)"],"prefix":"(4)","entire_prefix":"(a)(4)","prefix_anchor":"(a)(4)","level":2},"5":{"id":"2000","text":"In addition to the above fines and suspension, a violation of this article is also a misdemeanor and may also be enforced through injunctive or other equitable relief.","type":"section","prefixes":["(b)"],"prefix":"(b)","entire_prefix":"(b)","prefix_anchor":"(b)","level":1},"6":{"id":"2001","text":"All violations set out in subsection (a) above shall be assessed by the City Zoning Inspector. An appeal of the Zoning Inspector&#8217;s decision may be made to the City Council. The scope of the City Council&#8217;s review shall be limited to verifying the findings of fact made by the Zoning Inspector. If the City Council finds that the facts as found by the Zoning Inspector are correct, the fine or suspension shall not be disturbed. \n(Ord. No. 1999-539, \u00a71, 4-6-99)","type":"section","prefixes":["(c)"],"prefix":"(c)","entire_prefix":"(c)","prefix_anchor":"(c)","level":1}},"ancestry":{"1":{"id":"178","name":"ARTICLE D. - AMUSEMENTS [4]","identifier":"D","label":"article","url":"\/II\/12\/2\/D\/"},"2":{"id":"174","name":"CHAPTER 2. - BUSINESSES AND TRADES","identifier":"2","label":"chapter","url":"\/II\/12\/2\/"},"3":{"id":"169","name":"PART 12 - LICENSING AND REGULATION","identifier":"12","label":"part","url":"\/II\/12\/"},"4":{"id":"5","name":"Division II - Planning and Development","identifier":"II","label":"division","url":"\/II\/"}},"structure_contents":{"0":{"id":"676","structure_id":"178","section_number":"12-2111","catch_line":"THEATERS AND SHOWS; ADVANCE APPLICATION FOR LICENSE, ISSUANCE DISCRETIONARY; TYPES OF SHOWS PROHIBITED.","url":"\/12-2111\/","token":"12-2111"},"1":{"id":"677","structure_id":"178","section_number":"12-2112","catch_line":"SALE OF TICKETS IN EXCESS OF SEATS.","url":"\/12-2112\/","token":"12-2112"},"2":{"id":"678","structure_id":"178","section_number":"12-2113","catch_line":"RESERVED.","url":"\/12-2113\/","token":"12-2113"},"3":{"id":"679","structure_id":"178","section_number":"12-2117","catch_line":"RESERVED.","url":"\/12-2117\/","token":"12-2117"},"4":{"id":"681","structure_id":"178","section_number":"12-2118","catch_line":"DEFINITION.","url":"\/12-2118\/","token":"12-2118"},"5":{"id":"682","structure_id":"178","section_number":"12-2119","catch_line":"REQUIREMENTS FOR AMPLIFIED ENTERTAINMENT PERMIT.","url":"\/12-2119\/","token":"12-2119"},"6":{"id":"683","structure_id":"178","section_number":"12-2120","catch_line":"OUTDOOR AMPLIFIED ENTERTAINMENT.","url":"\/12-2120\/","token":"12-2120"},"7":{"id":"684","structure_id":"178","section_number":"12-2121","catch_line":"OUTDOOR DINING.","url":"\/12-2121\/","token":"12-2121"},"8":{"id":"685","structure_id":"178","section_number":"12-2122","catch_line":"ISSUANCE OF PERMIT.","url":"\/12-2122\/","token":"12-2122"},"9":{"id":"686","structure_id":"178","section_number":"12-2123","catch_line":"ADDITIONAL PROHIBITIONS.","url":"\/12-2123\/","token":"12-2123"},"10":{"id":"687","structure_id":"178","section_number":"12-2124","catch_line":"PENALTIES.","url":"\/12-2124\/","token":"12-2124"},"11":{"id":"688","structure_id":"178","section_number":"12-2125","catch_line":"EFFECTIVE DATE.","url":"\/12-2125\/","token":"12-2125"},"12":{"id":"689","structure_id":"178","section_number":"12-2126","catch_line":"RESERVED.","url":"\/12-2126\/","token":"12-2126"}},"previous_section":{"id":"686","structure_id":"178","section_number":"12-2123","catch_line":"ADDITIONAL PROHIBITIONS.","url":"\/12-2123\/","token":"12-2123"},"next_section":{"id":"688","structure_id":"178","section_number":"12-2125","catch_line":"EFFECTIVE DATE.","url":"\/12-2125\/","token":"12-2125"},"references":{"0":{"id":"686","section_number":"12-2123","catch_line":"ADDITIONAL PROHIBITIONS.","url":"http:\/\/localhost:8888\/12-2123\/"}},"formats":{"txt":"\/12-2124.txt","json":"\/12-2124.xml"},"dublin_core":{"Title":"PENALTIES.","Type":"Text","Format":"text\/html","Identifier":"\u00a7 12-2124","Relation":"Code of State"},"plain_text":"                                  CODE OF STATE\n\nPENALTIES. (\u00a7 12-2124)\n\n(a) \n\n   (1) \tFirst offense in any\n   twelve-month period &#8230;..$500.00 \n   \n\n   (2) \tSecond offense in any\n   twelve-month period &#8230;..1,000.00 \n   \n\n   (3) \tThird offense in any\n   twelve-month period &#8230;..5,000.00 \n   \n\n   (4) \tFourth offense in any twelve-month period &#8230;..One\n   year \n   suspension \n   \n\n(b) In addition to the above fines and suspension, a violation of this article\nis also a misdemeanor and may also be enforced through injunctive or other\nequitable relief.\n\n(c) All violations set out in subsection (a) above shall be assessed by the City\nZoning Inspector. An appeal of the Zoning Inspector&#8217;s decision may be made\nto the City Council. The scope of the City Council&#8217;s review shall be\nlimited to verifying the findings of fact made by the Zoning Inspector. If the\nCity Council finds that the facts as found by the Zoning Inspector are correct,\nthe fine or suspension shall not be disturbed. \n(Ord. No. 1999-539, \u00a71, 4-6-99)\n"}