{"law_id":"732","section_number":"12-2179","catch_line":"STANDARDS.","history":"","order_by":"12-2179","metadata":false,"url":"\/12-2179\/","token":"12-2179","structure":{"1":{"id":"182","name":"ARTICLE H. - RENTAL DWELLING REGISTRATION AND PROP NOTIFICATION","identifier":"H","label":"article","url":"\/II\/12\/2\/H\/"},"2":{"id":"174","name":"CHAPTER 2. - BUSINESSES AND TRADES","identifier":"2","label":"chapter","url":"\/II\/12\/2\/"},"3":{"id":"169","name":"PART 12 - LICENSING AND REGULATION","identifier":"12","label":"part","url":"\/II\/12\/"},"4":{"id":"5","name":"Division II - Planning and Development","identifier":"II","label":"division","url":"\/II\/"}},"referred_to_by":false,"edition_id":"1","section_id":"732","structure_id":"182","full_text":"(a) The owner shall respond to each department making contact, either in person or by telephone, within two (2) business days after being contacted at the telephone number provided in the application or renewal application by the Raleigh Police Department, the Fire Department, or the Inspections Department. The owner shall designate an alternate person as responsible for responding to calls for assistance from the Raleigh Police Department, the Fire Department, or the Inspections Department when the department is unable to be in contact with the owner within two (2) business days of the initial contact. The designated alternate must be located in the City or within twenty-five (25) miles of the City&#8217;s planning jurisdiction and be authorized by it to respond to calls. The designation shall be effective only when the responsible person is identified and agrees to accept the duty by signature on the application or renewal application.\r\r(b) The owner shall maintain a current list of occupants. Upon request, by City inspectors, police, and fire and emergency response personnel investigating violations or potential violations of the City Code or State law, the owner shall present the list of occupants to the investigating personnel.\r\r(c) The Public Utilities Department shall not provide water service to a vacant rental residential dwelling which is not registered in compliance with this Article. \n(Ord. No. 2008-415B, \u00a71, 7-1-08)\r\r","text":{"0":{"id":"2218","text":"The owner shall respond to each department making contact, either in person or by telephone, within two (2) business days after being contacted at the telephone number provided in the application or renewal application by the Raleigh Police Department, the Fire Department, or the Inspections Department. The owner shall designate an alternate person as responsible for responding to calls for assistance from the Raleigh Police Department, the Fire Department, or the Inspections Department when the department is unable to be in contact with the owner within two (2) business days of the initial contact. The designated alternate must be located in the City or within twenty-five (25) miles of the City&#8217;s planning jurisdiction and be authorized by it to respond to calls. The designation shall be effective only when the responsible person is identified and agrees to accept the duty by signature on the application or renewal application.","type":"section","prefixes":["(a)"],"prefix":"(a)","entire_prefix":"(a)","prefix_anchor":"(a)","level":1},"1":{"id":"2219","text":"The owner shall maintain a current list of occupants. Upon request, by City inspectors, police, and fire and emergency response personnel investigating violations or potential violations of the City Code or State law, the owner shall present the list of occupants to the investigating personnel.","type":"section","prefixes":["(b)"],"prefix":"(b)","entire_prefix":"(b)","prefix_anchor":"(b)","level":1},"2":{"id":"2220","text":"The Public Utilities Department shall not provide water service to a vacant rental residential dwelling which is not registered in compliance with this Article. \n(Ord. No. 2008-415B, \u00a71, 7-1-08)","type":"section","prefixes":["(c)"],"prefix":"(c)","entire_prefix":"(c)","prefix_anchor":"(c)","level":1}},"ancestry":{"1":{"id":"182","name":"ARTICLE H. - RENTAL DWELLING REGISTRATION AND PROP NOTIFICATION","identifier":"H","label":"article","url":"\/II\/12\/2\/H\/"},"2":{"id":"174","name":"CHAPTER 2. - BUSINESSES AND TRADES","identifier":"2","label":"chapter","url":"\/II\/12\/2\/"},"3":{"id":"169","name":"PART 12 - LICENSING AND REGULATION","identifier":"12","label":"part","url":"\/II\/12\/"},"4":{"id":"5","name":"Division II - Planning and Development","identifier":"II","label":"division","url":"\/II\/"}},"structure_contents":{"0":{"id":"728","structure_id":"182","section_number":"12-2175","catch_line":"FINDINGS AND DECLARATION OF NECESSITY.","url":"\/12-2175\/","token":"12-2175"},"1":{"id":"729","structure_id":"182","section_number":"12-2176","catch_line":"DEFINITIONS.","url":"\/12-2176\/","token":"12-2176"},"2":{"id":"730","structure_id":"182","section_number":"12-2177","catch_line":"REGISTRATION REQUIREMENT.","url":"\/12-2177\/","token":"12-2177"},"3":{"id":"731","structure_id":"182","section_number":"12-2178","catch_line":"REGISTRATION UPDATES.","url":"\/12-2178\/","token":"12-2178"},"4":{"id":"732","structure_id":"182","section_number":"12-2179","catch_line":"STANDARDS.","url":"\/12-2179\/","token":"12-2179"},"5":{"id":"733","structure_id":"182","section_number":"12-2180","catch_line":"COMPLIANCE WITH PROVISIONS.","url":"\/12-2180\/","token":"12-2180"},"6":{"id":"734","structure_id":"182","section_number":"12-2181","catch_line":"ENFORCEMENT.","url":"\/12-2181\/","token":"12-2181"},"7":{"id":"735","structure_id":"182","section_number":"12-2182","catch_line":"APPEAL.","url":"\/12-2182\/","token":"12-2182"},"8":{"id":"737","structure_id":"182","section_number":"12-2183","catch_line":"ARBITRATION FEE.","url":"\/12-2183\/","token":"12-2183"},"9":{"id":"738","structure_id":"182","section_number":"12-2184","catch_line":"METHODS OF SERVICE.","url":"\/12-2184\/","token":"12-2184"},"10":{"id":"739","structure_id":"182","section_number":"12-2185","catch_line":"RELATION TO OTHER LAWS.","url":"\/12-2185\/","token":"12-2185"}},"previous_section":{"id":"731","structure_id":"182","section_number":"12-2178","catch_line":"REGISTRATION UPDATES.","url":"\/12-2178\/","token":"12-2178"},"next_section":{"id":"733","structure_id":"182","section_number":"12-2180","catch_line":"COMPLIANCE WITH PROVISIONS.","url":"\/12-2180\/","token":"12-2180"},"references":{"0":{"id":"730","section_number":"12-2177","catch_line":"REGISTRATION REQUIREMENT.","url":"http:\/\/localhost:8888\/12-2177\/"}},"formats":{"txt":"\/12-2179.txt","json":"\/12-2179.xml"},"dublin_core":{"Title":"STANDARDS.","Type":"Text","Format":"text\/html","Identifier":"\u00a7 12-2179","Relation":"Code of State"},"plain_text":"                                  CODE OF STATE\n\nSTANDARDS. (\u00a7 12-2179)\n\n(a) The owner shall respond to each department making contact, either in person\nor by telephone, within two (2) business days after being contacted at the\ntelephone number provided in the application or renewal application by the\nRaleigh Police Department, the Fire Department, or the Inspections Department.\nThe owner shall designate an alternate person as responsible for responding to\ncalls for assistance from the Raleigh Police Department, the Fire Department, or\nthe Inspections Department when the department is unable to be in contact with\nthe owner within two (2) business days of the initial contact. The designated\nalternate must be located in the City or within twenty-five (25) miles of the\nCity&#8217;s planning jurisdiction and be authorized by it to respond to calls.\nThe designation shall be effective only when the responsible person is\nidentified and agrees to accept the duty by signature on the application or\nrenewal application.\n\n(b) The owner shall maintain a current list of occupants. Upon request, by City\ninspectors, police, and fire and emergency response personnel investigating\nviolations or potential violations of the City Code or State law, the owner\nshall present the list of occupants to the investigating personnel.\n\n(c) The Public Utilities Department shall not provide water service to a vacant\nrental residential dwelling which is not registered in compliance with this\nArticle. \n(Ord. No. 2008-415B, \u00a71, 7-1-08)\n"}