{"law_id":"634","section_number":"12-2052","catch_line":"APPLICATION.","history":"","order_by":"12-2052","metadata":false,"url":"\/12-2052\/","token":"12-2052","structure":{"1":{"id":"176","name":"ARTICLE B. - VEHICLES FOR HIRE","identifier":"B","label":"article","url":"\/II\/12\/2\/B\/"},"2":{"id":"174","name":"CHAPTER 2. - BUSINESSES AND TRADES","identifier":"2","label":"chapter","url":"\/II\/12\/2\/"},"3":{"id":"169","name":"PART 12 - LICENSING AND REGULATION","identifier":"12","label":"part","url":"\/II\/12\/"},"4":{"id":"5","name":"Division II - Planning and Development","identifier":"II","label":"division","url":"\/II\/"}},"referred_to_by":false,"edition_id":"1","section_id":"634","structure_id":"176","full_text":"(i) Conviction of a felony against this State, or a conviction of any offense against another State or the United States which would have been a felony if committed in this State; \n(ii)\tViolation of any federal or State law relating to the use, possession, or sale of alcoholic beverages, or narcotics or barbiturate drugs; \n(iii)\tAddiction to or habitual use of alcoholic beverages or narcotics or barbiturate drugs;\n(iv)\tViolation of any federal or State law relating to prostitution;\r\r(v) Habitual violation of traffic laws or ordinances. &#8220;Habitual violation&#8221; shall mean a determination of guilt within the three-year period immediately prior to application for a permit or initiation of action to revoke a permit on more than three (3) infractions of traffic law or more than two (2) general misdemeanors in violation of traffic laws.\r\r(b) The applicant shall from time to time furnish to the Council such other information as the Council, in its discretion, may require. \n(Code 1959 , \u00a722-28; Ord. No. 1988-220, \u00a72, 7-19-88; Ord. No. 2009-671, \u00a7\u00a724\u201426, 11-3-09; Ord. No. 2009-672, \u00a71, 11-3-09)\r\r","text":{"0":{"id":"1793","text":"","type":"section","prefixes":["(a)"],"prefix":"(a)","entire_prefix":"(a)","prefix_anchor":"(a)","level":1},"1":{"id":"1794","text":"\tThe name and address of the applicant (owner or driver), and if the applicant (owner or driver) be a corporation, a certified copy of the articles of incorporation. \n","type":"section","prefixes":["(a)","(1)"],"prefix":"(1)","entire_prefix":"(a)(1)","prefix_anchor":"(a)(1)","level":2},"2":{"id":"1795","text":"\tThe number of vehicles actually owned and the number of vehicles actually operated by such owner on the date of such application, if any; \n","type":"section","prefixes":["(a)","(2)"],"prefix":"(2)","entire_prefix":"(a)(2)","prefix_anchor":"(a)(2)","level":2},"3":{"id":"1796","text":"\tThe number of vehicles to be operated under the owner&#8217;s permit applied for; \n","type":"section","prefixes":["(a)","(3)"],"prefix":"(3)","entire_prefix":"(a)(3)","prefix_anchor":"(a)(3)","level":2},"4":{"id":"1797","text":"\tThe net worth of the applicant (owner) over and above all debts, judgments, claims and demands whatsoever; \n","type":"section","prefixes":["(a)","(4)"],"prefix":"(4)","entire_prefix":"(a)(4)","prefix_anchor":"(a)(4)","level":2},"5":{"id":"1798","text":"\tWhether there are any unpaid or unbonded judgments of record against such owner, and if so, the title of all actions and the amount of all judgments unpaid or unbonded, and reference to the judgment docket and page where the judgment is recorded; \n","type":"section","prefixes":["(a)","(5)"],"prefix":"(5)","entire_prefix":"(a)(5)","prefix_anchor":"(a)(5)","level":2},"6":{"id":"1799","text":"\tThe make, type, year of manufacture, serial number, engine number and passenger capacity of each taxicab to be operated under the owner&#8217;s permit applied for; \n","type":"section","prefixes":["(a)","(6)"],"prefix":"(6)","entire_prefix":"(a)(6)","prefix_anchor":"(a)(6)","level":2},"7":{"id":"1800","text":"\tWhether there are any liens, mortgages, or other encumbrances on such taxicabs, and, if so, the amount and character thereof;\n","type":"section","prefixes":["(a)","(7)"],"prefix":"(7)","entire_prefix":"(a)(7)","prefix_anchor":"(a)(7)","level":2},"8":{"id":"1801","text":"\tThe experience of the applicant in the transportation of passengers for hire;\n","type":"section","prefixes":["(a)","(8)"],"prefix":"(8)","entire_prefix":"(a)(8)","prefix_anchor":"(a)(8)","level":2},"9":{"id":"1802","text":"\tA consent to use the applicant&#8217;s name, race, sex, date of birth, social security number, and fingerprints for the purposes of conducting a State criminal history records check through the North Carolina Department of Justice and a national criminal history records check through the Federal Bureau of Investigation. \n(10)\tThe Chief of Police, or his designee, shall submit the applicant&#8217;s fingerprints and indentifying information to the North Carolina Department of Justice for a State criminal records check and to the Federal Bureau of Investigation for a thorough national criminal records check. \n","type":"section","prefixes":["(a)","(9)"],"prefix":"(9)","entire_prefix":"(a)(9)","prefix_anchor":"(a)(9)","level":2},"10":{"id":"1803","text":"\tCriminal History Records Information obtained by the North Carolina Department of Justice or the Federal Bureau of Investigation shall be privileged information and shall be kept confidential and not disseminated outside the Raleigh Police Department. This information shall not be public record information as defined by Chapter 132 of the North Carolina General Statues; \n","type":"section","prefixes":["(a)","(11"],"prefix":"(11","entire_prefix":"(a)(11","prefix_anchor":"(a)(11","level":2},"11":{"id":"1804","text":"\tAuthority to conduct Criminal History Records Check is referenced with North Carolina General Statute 160A-304.\n","type":"section","prefixes":["(a)","(12"],"prefix":"(12","entire_prefix":"(a)(12","prefix_anchor":"(a)(12","level":2},"12":{"id":"1805","text":"\tPrior to the denial or termination of an owner&#8217;s permit based upon Criminal History Records Information the Raleigh Police Department shall verify the existence of a record by either obtaining a certified public record or by submitting a fingerprint card of the individual to the North Carolina Department of Justice for verification that the Criminal History Records Information belongs to the individual. \n","type":"section","prefixes":["(a)","(13"],"prefix":"(13","entire_prefix":"(a)(13","prefix_anchor":"(a)(13","level":2},"13":{"id":"1806","text":"\tAny of the following information obtained from Criminal History Records shall be deemed sufficient for refusing to issue a permit or for revoking a permit already issued: \n","type":"section","prefixes":["(a)","(14"],"prefix":"(14","entire_prefix":"(a)(14","prefix_anchor":"(a)(14","level":2},"14":{"id":"1807","text":"Conviction of a felony against this State, or a conviction of any offense against another State or the United States which would have been a felony if committed in this State; \n(ii)\tViolation of any federal or State law relating to the use, possession, or sale of alcoholic beverages, or narcotics or barbiturate drugs; \n(iii)\tAddiction to or habitual use of alcoholic beverages or narcotics or barbiturate drugs;\n(iv)\tViolation of any federal or State law relating to prostitution;","type":"section","prefixes":["(i)"],"prefix":"(i)","entire_prefix":"(i)","prefix_anchor":"(i)","level":1},"15":{"id":"1808","text":"Habitual violation of traffic laws or ordinances. &#8220;Habitual violation&#8221; shall mean a determination of guilt within the three-year period immediately prior to application for a permit or initiation of action to revoke a permit on more than three (3) infractions of traffic law or more than two (2) general misdemeanors in violation of traffic laws.","type":"section","prefixes":["(v)"],"prefix":"(v)","entire_prefix":"(v)","prefix_anchor":"(v)","level":1},"16":{"id":"1809","text":"The applicant shall from time to time furnish to the Council such other information as the Council, in its discretion, may require. \n(Code 1959 , \u00a722-28; Ord. No. 1988-220, \u00a72, 7-19-88; Ord. No. 2009-671, \u00a7\u00a724\u201426, 11-3-09; Ord. No. 2009-672, \u00a71, 11-3-09)","type":"section","prefixes":["(b)"],"prefix":"(b)","entire_prefix":"(b)","prefix_anchor":"(b)","level":1}},"ancestry":{"1":{"id":"176","name":"ARTICLE B. - VEHICLES FOR HIRE","identifier":"B","label":"article","url":"\/II\/12\/2\/B\/"},"2":{"id":"174","name":"CHAPTER 2. - BUSINESSES AND TRADES","identifier":"2","label":"chapter","url":"\/II\/12\/2\/"},"3":{"id":"169","name":"PART 12 - LICENSING AND REGULATION","identifier":"12","label":"part","url":"\/II\/12\/"},"4":{"id":"5","name":"Division II - Planning and Development","identifier":"II","label":"division","url":"\/II\/"}},"structure_contents":{"0":{"id":"601","structure_id":"176","section_number":"12-2021","catch_line":"SHORT TITLE.","url":"\/12-2021\/","token":"12-2021"},"1":{"id":"602","structure_id":"176","section_number":"12-2022","catch_line":"DEFINITIONS.","url":"\/12-2022\/","token":"12-2022"},"2":{"id":"604","structure_id":"176","section_number":"12-2023","catch_line":"TAXICAB INSPECTOR; OFFICE CREATED; DUTIES GENERALLY.","url":"\/12-2023\/","token":"12-2023"},"3":{"id":"605","structure_id":"176","section_number":"12-2024","catch_line":"COMPLIANCE WITH ARTICLE; ENFORCEMENT SANCTIONS.","url":"\/12-2024\/","token":"12-2024"},"4":{"id":"606","structure_id":"176","section_number":"12-2025","catch_line":"INSURANCE.","url":"\/12-2025\/","token":"12-2025"},"5":{"id":"607","structure_id":"176","section_number":"12-2026","catch_line":"OWNER INFORMATION FILE.","url":"\/12-2026\/","token":"12-2026"},"6":{"id":"608","structure_id":"176","section_number":"12-2027","catch_line":"TYPE OF TAXICAB.","url":"\/12-2027\/","token":"12-2027"},"7":{"id":"609","structure_id":"176","section_number":"12-2028","catch_line":"EQUIPMENT; ITEMS REQUIRED.","url":"\/12-2028\/","token":"12-2028"},"8":{"id":"610","structure_id":"176","section_number":"12-2029","catch_line":"FILING DESCRIPTION.","url":"\/12-2029\/","token":"12-2029"},"9":{"id":"611","structure_id":"176","section_number":"12-2030","catch_line":"IDENTIFICATION OF VEHICLES.","url":"\/12-2030\/","token":"12-2030"},"10":{"id":"612","structure_id":"176","section_number":"12-2031","catch_line":"CONDITION OF VEHICLE; INSPECTION.","url":"\/12-2031\/","token":"12-2031"},"11":{"id":"613","structure_id":"176","section_number":"12-2032","catch_line":"MAINTENANCE.","url":"\/12-2032\/","token":"12-2032"},"12":{"id":"615","structure_id":"176","section_number":"12-2033","catch_line":"SANITATION.","url":"\/12-2033\/","token":"12-2033"},"13":{"id":"616","structure_id":"176","section_number":"12-2034","catch_line":"DRIVERS' MANIFESTS.","url":"\/12-2034\/","token":"12-2034"},"14":{"id":"617","structure_id":"176","section_number":"12-2035","catch_line":"ACCEPTING ADDITIONAL PASSENGERS.","url":"\/12-2035\/","token":"12-2035"},"15":{"id":"618","structure_id":"176","section_number":"12-2036","catch_line":"RESTRICTION ON NUMBER OF PASSENGERS.","url":"\/12-2036\/","token":"12-2036"},"16":{"id":"619","structure_id":"176","section_number":"12-2037","catch_line":"REFUSAL TO CARRY ORDERLY PASSENGERS.","url":"\/12-2037\/","token":"12-2037"},"17":{"id":"620","structure_id":"176","section_number":"12-2038","catch_line":"DECEPTION OF PASSENGERS.","url":"\/12-2038\/","token":"12-2038"},"18":{"id":"621","structure_id":"176","section_number":"12-2039","catch_line":"COMPLIANCE WITH PASSENGERS' REQUESTS.","url":"\/12-2039\/","token":"12-2039"},"19":{"id":"622","structure_id":"176","section_number":"12-2040","catch_line":"USE OF TOBACCO.","url":"\/12-2040\/","token":"12-2040"},"20":{"id":"623","structure_id":"176","section_number":"12-2041","catch_line":"LOST ARTICLES.","url":"\/12-2041\/","token":"12-2041"},"21":{"id":"624","structure_id":"176","section_number":"12-2042","catch_line":"ATTENDING VEHICLE BY DRIVER.","url":"\/12-2042\/","token":"12-2042"},"22":{"id":"626","structure_id":"176","section_number":"12-2043","catch_line":"FARES; SCHEDULE.","url":"\/12-2043\/","token":"12-2043"},"23":{"id":"627","structure_id":"176","section_number":"12-2044","catch_line":"HIRING WITH INTENT NOT TO PAY.","url":"\/12-2044\/","token":"12-2044"},"24":{"id":"628","structure_id":"176","section_number":"12-2045","catch_line":"FURNISHING RECEIPT.","url":"\/12-2045\/","token":"12-2045"},"25":{"id":"629","structure_id":"176","section_number":"12-2046","catch_line":"RATE CARD; ISSUANCE, POSTING, COMPLYING WITH.","url":"\/12-2046\/","token":"12-2046"},"26":{"id":"630","structure_id":"176","section_number":"12-2047","catch_line":"TAXI INSPECTOR'S HOURS.","url":"\/12-2047\/","token":"12-2047"},"27":{"id":"631","structure_id":"176","section_number":"12-2048","catch_line":"RESERVED.","url":"\/12-2048\/","token":"12-2048"},"28":{"id":"632","structure_id":"176","section_number":"12-2048","catch_line":"RESERVED. ","url":"\/12-2048\/","token":"12-2048"},"29":{"id":"633","structure_id":"176","section_number":"12-2051","catch_line":"REQUIRED.","url":"\/12-2051\/","token":"12-2051"},"30":{"id":"634","structure_id":"176","section_number":"12-2052","catch_line":"APPLICATION.","url":"\/12-2052\/","token":"12-2052"},"31":{"id":"635","structure_id":"176","section_number":"12-2053","catch_line":"ISSUANCE.","url":"\/12-2053\/","token":"12-2053"},"32":{"id":"637","structure_id":"176","section_number":"12-2054","catch_line":"FORM.","url":"\/12-2054\/","token":"12-2054"},"33":{"id":"638","structure_id":"176","section_number":"12-2055","catch_line":"EXPIRATION.","url":"\/12-2055\/","token":"12-2055"},"34":{"id":"639","structure_id":"176","section_number":"12-2056","catch_line":"PERMIT ISSUANCE, RENEWAL REQUIREMENT; EXCEPTIONS.","url":"\/12-2056\/","token":"12-2056"},"35":{"id":"640","structure_id":"176","section_number":"12-2057","catch_line":"ASSIGNMENT OR TRANSFER.","url":"\/12-2057\/","token":"12-2057"},"36":{"id":"641","structure_id":"176","section_number":"12-2058","catch_line":"ISSUANCE OF MEMORANDUM PERMIT.","url":"\/12-2058\/","token":"12-2058"},"37":{"id":"642","structure_id":"176","section_number":"12-2059","catch_line":"REVOCATION UPON CHANGE OF OWNERSHIP; ISSUANCE TO NEW OWNER.","url":"\/12-2059\/","token":"12-2059"},"38":{"id":"643","structure_id":"176","section_number":"12-2060","catch_line":"SUSPENSION AND REVOCATION; CAUSES, HEARING.","url":"\/12-2060\/","token":"12-2060"},"39":{"id":"644","structure_id":"176","section_number":"12-2061","catch_line":"SURRENDER OF PERMIT; RETIRING VEHICLES FROM SERVICE.","url":"\/12-2061\/","token":"12-2061"},"40":{"id":"645","structure_id":"176","section_number":"12-2062","catch_line":"RESERVED.","url":"\/12-2062\/","token":"12-2062"},"41":{"id":"646","structure_id":"176","section_number":"12-2062","catch_line":"RESERVED. ","url":"\/12-2062\/","token":"12-2062"},"42":{"id":"648","structure_id":"176","section_number":"12-2071","catch_line":"PARTICIPATION REQUIREMENTS.","url":"\/12-2071\/","token":"12-2071"},"43":{"id":"649","structure_id":"176","section_number":"12-2072","catch_line":"DETERMINATION OF ELIGIBILITY.","url":"\/12-2072\/","token":"12-2072"},"44":{"id":"650","structure_id":"176","section_number":"12-2073","catch_line":"REDEMPTION OF SCRIP.","url":"\/12-2073\/","token":"12-2073"},"45":{"id":"651","structure_id":"176","section_number":"12-2074","catch_line":"PENALTIES.","url":"\/12-2074\/","token":"12-2074"},"46":{"id":"652","structure_id":"176","section_number":"12-2075","catch_line":"RESERVED.","url":"\/12-2075\/","token":"12-2075"},"47":{"id":"653","structure_id":"176","section_number":"12-2081","catch_line":"REQUIRED.","url":"\/12-2081\/","token":"12-2081"},"48":{"id":"654","structure_id":"176","section_number":"12-2082","catch_line":"APPLICATION.","url":"\/12-2082\/","token":"12-2082"},"49":{"id":"655","structure_id":"176","section_number":"12-2083","catch_line":"PROBATIONARY DRIVER'S PERMIT.","url":"\/12-2083\/","token":"12-2083"},"50":{"id":"656","structure_id":"176","section_number":"12-2084","catch_line":"EXAMINATION AND INVESTIGATION.","url":"\/12-2084\/","token":"12-2084"},"51":{"id":"657","structure_id":"176","section_number":"12-2085","catch_line":"QUALIFICATIONS.","url":"\/12-2085\/","token":"12-2085"},"52":{"id":"659","structure_id":"176","section_number":"12-2086","catch_line":"REFUSAL TO ISSUE.","url":"\/12-2086\/","token":"12-2086"},"53":{"id":"660","structure_id":"176","section_number":"12-2087","catch_line":"APPEAL FROM REFUSAL.","url":"\/12-2087\/","token":"12-2087"},"54":{"id":"661","structure_id":"176","section_number":"12-2088","catch_line":"GRANTING.","url":"\/12-2088\/","token":"12-2088"},"55":{"id":"662","structure_id":"176","section_number":"12-2089","catch_line":"CONTENTS AND EFFECT.","url":"\/12-2089\/","token":"12-2089"},"56":{"id":"663","structure_id":"176","section_number":"12-2090","catch_line":"SAFETY PERMIT.","url":"\/12-2090\/","token":"12-2090"},"57":{"id":"664","structure_id":"176","section_number":"12-2091","catch_line":"REVOCATION.","url":"\/12-2091\/","token":"12-2091"},"58":{"id":"665","structure_id":"176","section_number":"12-2092","catch_line":"SURRENDER, DISPLAY, LOSS, ETC., OF DRIVER'S PERMIT.","url":"\/12-2092\/","token":"12-2092"},"59":{"id":"666","structure_id":"176","section_number":"12-2093","catch_line":"EXPIRATION, RENEWAL.","url":"\/12-2093\/","token":"12-2093"},"60":{"id":"667","structure_id":"176","section_number":"12-2094","catch_line":"RESERVED.","url":"\/12-2094\/","token":"12-2094"},"61":{"id":"668","structure_id":"176","section_number":"12-2094","catch_line":"RESERVED. ","url":"\/12-2094\/","token":"12-2094"}},"previous_section":{"id":"633","structure_id":"176","section_number":"12-2051","catch_line":"REQUIRED.","url":"\/12-2051\/","token":"12-2051"},"next_section":{"id":"635","structure_id":"176","section_number":"12-2053","catch_line":"ISSUANCE.","url":"\/12-2053\/","token":"12-2053"},"references":false,"formats":{"txt":"\/12-2052.txt","json":"\/12-2052.xml"},"dublin_core":{"Title":"APPLICATION.","Type":"Text","Format":"text\/html","Identifier":"\u00a7 12-2052","Relation":"Code of State"},"plain_text":"                                  CODE OF STATE\n\nAPPLICATION. (\u00a7 12-2052)\n\n(a) \n\n   (1) \tThe name and address of the applicant (owner or driver), and if the\n   applicant (owner or driver) be a corporation, a certified copy of the articles\n   of incorporation. \n   \n\n   (2) \tThe number of vehicles actually owned and the number of vehicles actually\n   operated by such owner on the date of such application, if any; \n   \n\n   (3) \tThe number of vehicles to be operated under the owner&#8217;s permit\n   applied for; \n   \n\n   (4) \tThe net worth of the applicant (owner) over and above all debts,\n   judgments, claims and demands whatsoever; \n   \n\n   (5) \tWhether there are any unpaid or unbonded judgments of record against such\n   owner, and if so, the title of all actions and the amount of all judgments\n   unpaid or unbonded, and reference to the judgment docket and page where the\n   judgment is recorded; \n   \n\n   (6) \tThe make, type, year of manufacture, serial number, engine number and\n   passenger capacity of each taxicab to be operated under the owner&#8217;s\n   permit applied for; \n   \n\n   (7) \tWhether there are any liens, mortgages, or other encumbrances on such\n   taxicabs, and, if so, the amount and character thereof;\n   \n\n   (8) \tThe experience of the applicant in the transportation of passengers for\n   hire;\n   \n\n   (9) \tA consent to use the applicant&#8217;s name, race, sex, date of birth,\n   social security number, and fingerprints for the purposes of conducting a\n   State criminal history records check through the North Carolina Department of\n   Justice and a national criminal history records check through the Federal\n   Bureau of Investigation. \n   (10)\tThe Chief of Police, or his designee, shall submit the applicant&#8217;s\n   fingerprints and indentifying information to the North Carolina Department of\n   Justice for a State criminal records check and to the Federal Bureau of\n   Investigation for a thorough national criminal records check. \n   \n\n   (11. \tCriminal History Records Information obtained by the North Carolina\n   Department of Justice or the Federal Bureau of Investigation shall be\n   privileged information and shall be kept confidential and not disseminated\n   outside the Raleigh Police Department. This information shall not be public\n   record information as defined by Chapter 132 of the North Carolina General\n   Statues; \n   \n\n   (12. \tAuthority to conduct Criminal History Records Check is referenced with\n   North Carolina General Statute 160A-304.\n   \n\n   (13. \tPrior to the denial or termination of an owner&#8217;s permit based upon\n   Criminal History Records Information the Raleigh Police Department shall\n   verify the existence of a record by either obtaining a certified public record\n   or by submitting a fingerprint card of the individual to the North Carolina\n   Department of Justice for verification that the Criminal History Records\n   Information belongs to the individual. \n   \n\n   (14. \tAny of the following information obtained from Criminal History Records\n   shall be deemed sufficient for refusing to issue a permit or for revoking a\n   permit already issued: \n   \n\n(i) Conviction of a felony against this State, or a conviction of any offense\nagainst another State or the United States which would have been a felony if\ncommitted in this State; \n(ii)\tViolation of any federal or State law relating to the use, possession, or\nsale of alcoholic beverages, or narcotics or barbiturate drugs; \n(iii)\tAddiction to or habitual use of alcoholic beverages or narcotics or\nbarbiturate drugs;\n(iv)\tViolation of any federal or State law relating to prostitution;\n\n(v) Habitual violation of traffic laws or ordinances. &#8220;Habitual\nviolation&#8221; shall mean a determination of guilt within the three-year\nperiod immediately prior to application for a permit or initiation of action to\nrevoke a permit on more than three (3) infractions of traffic law or more than\ntwo (2) general misdemeanors in violation of traffic laws.\n\n(b) The applicant shall from time to time furnish to the Council such other\ninformation as the Council, in its discretion, may require. \n(Code 1959 , \u00a722-28; Ord. No. 1988-220, \u00a72, 7-19-88; Ord. No. 2009-671,\n\u00a7\u00a724\u201426, 11-3-09; Ord. No. 2009-672, \u00a71, 11-3-09)\n"}