{"law_id":"731","section_number":"12-2178","catch_line":"REGISTRATION UPDATES.","history":"","order_by":"12-2178","metadata":false,"url":"\/12-2178\/","token":"12-2178","structure":{"1":{"id":"182","name":"ARTICLE H. - RENTAL DWELLING REGISTRATION AND PROP NOTIFICATION","identifier":"H","label":"article","url":"\/II\/12\/2\/H\/"},"2":{"id":"174","name":"CHAPTER 2. - BUSINESSES AND TRADES","identifier":"2","label":"chapter","url":"\/II\/12\/2\/"},"3":{"id":"169","name":"PART 12 - LICENSING AND REGULATION","identifier":"12","label":"part","url":"\/II\/12\/"},"4":{"id":"5","name":"Division II - Planning and Development","identifier":"II","label":"division","url":"\/II\/"}},"referred_to_by":{"0":{"id":"733","section_number":"12-2180","catch_line":"COMPLIANCE WITH PROVISIONS.","url":"http:\/\/localhost:8888\/12-2180\/"},"1":{"id":"735","section_number":"12-2182","catch_line":"APPEAL.","url":"http:\/\/localhost:8888\/12-2182\/"}},"edition_id":"1","section_id":"731","structure_id":"182","full_text":"(a) Any person taking title to a rental residential dwelling shall be the holder of the registration held by the prior owner for thirty (30) days after the transfer of title is recorded in the Wake County Registry or otherwise becomes legally binding. Upon the expiration of the thirty (30) day period a new registration shall be required.\r\r(b) The owner of a registered dwelling shall update annually the information previously provided, or sooner as required by the Director of the Inspections Department. \n(Ord. No. 2008-415B, \u00a71, 7-1-08; Ord. No. 2011-980, \u00a74, 11-15-11)\r\r","text":{"0":{"id":"2216","text":"Any person taking title to a rental residential dwelling shall be the holder of the registration held by the prior owner for thirty (30) days after the transfer of title is recorded in the Wake County Registry or otherwise becomes legally binding. Upon the expiration of the thirty (30) day period a new registration shall be required.","type":"section","prefixes":["(a)"],"prefix":"(a)","entire_prefix":"(a)","prefix_anchor":"(a)","level":1},"1":{"id":"2217","text":"The owner of a registered dwelling shall update annually the information previously provided, or sooner as required by the Director of the Inspections Department. \n(Ord. No. 2008-415B, \u00a71, 7-1-08; Ord. No. 2011-980, \u00a74, 11-15-11)","type":"section","prefixes":["(b)"],"prefix":"(b)","entire_prefix":"(b)","prefix_anchor":"(b)","level":1}},"ancestry":{"1":{"id":"182","name":"ARTICLE H. - RENTAL DWELLING REGISTRATION AND PROP NOTIFICATION","identifier":"H","label":"article","url":"\/II\/12\/2\/H\/"},"2":{"id":"174","name":"CHAPTER 2. - BUSINESSES AND TRADES","identifier":"2","label":"chapter","url":"\/II\/12\/2\/"},"3":{"id":"169","name":"PART 12 - LICENSING AND REGULATION","identifier":"12","label":"part","url":"\/II\/12\/"},"4":{"id":"5","name":"Division II - Planning and Development","identifier":"II","label":"division","url":"\/II\/"}},"structure_contents":{"0":{"id":"728","structure_id":"182","section_number":"12-2175","catch_line":"FINDINGS AND DECLARATION OF NECESSITY.","url":"\/12-2175\/","token":"12-2175"},"1":{"id":"729","structure_id":"182","section_number":"12-2176","catch_line":"DEFINITIONS.","url":"\/12-2176\/","token":"12-2176"},"2":{"id":"730","structure_id":"182","section_number":"12-2177","catch_line":"REGISTRATION REQUIREMENT.","url":"\/12-2177\/","token":"12-2177"},"3":{"id":"731","structure_id":"182","section_number":"12-2178","catch_line":"REGISTRATION UPDATES.","url":"\/12-2178\/","token":"12-2178"},"4":{"id":"732","structure_id":"182","section_number":"12-2179","catch_line":"STANDARDS.","url":"\/12-2179\/","token":"12-2179"},"5":{"id":"733","structure_id":"182","section_number":"12-2180","catch_line":"COMPLIANCE WITH PROVISIONS.","url":"\/12-2180\/","token":"12-2180"},"6":{"id":"734","structure_id":"182","section_number":"12-2181","catch_line":"ENFORCEMENT.","url":"\/12-2181\/","token":"12-2181"},"7":{"id":"735","structure_id":"182","section_number":"12-2182","catch_line":"APPEAL.","url":"\/12-2182\/","token":"12-2182"},"8":{"id":"737","structure_id":"182","section_number":"12-2183","catch_line":"ARBITRATION FEE.","url":"\/12-2183\/","token":"12-2183"},"9":{"id":"738","structure_id":"182","section_number":"12-2184","catch_line":"METHODS OF SERVICE.","url":"\/12-2184\/","token":"12-2184"},"10":{"id":"739","structure_id":"182","section_number":"12-2185","catch_line":"RELATION TO OTHER LAWS.","url":"\/12-2185\/","token":"12-2185"}},"previous_section":{"id":"730","structure_id":"182","section_number":"12-2177","catch_line":"REGISTRATION REQUIREMENT.","url":"\/12-2177\/","token":"12-2177"},"next_section":{"id":"732","structure_id":"182","section_number":"12-2179","catch_line":"STANDARDS.","url":"\/12-2179\/","token":"12-2179"},"references":false,"formats":{"txt":"\/12-2178.txt","json":"\/12-2178.xml"},"dublin_core":{"Title":"REGISTRATION UPDATES.","Type":"Text","Format":"text\/html","Identifier":"\u00a7 12-2178","Relation":"Code of State"},"plain_text":"                                  CODE OF STATE\n\nREGISTRATION UPDATES. (\u00a7 12-2178)\n\n(a) Any person taking title to a rental residential dwelling shall be the holder\nof the registration held by the prior owner for thirty (30) days after the\ntransfer of title is recorded in the Wake County Registry or otherwise becomes\nlegally binding. Upon the expiration of the thirty (30) day period a new\nregistration shall be required.\n\n(b) The owner of a registered dwelling shall update annually the information\npreviously provided, or sooner as required by the Director of the Inspections\nDepartment. \n(Ord. No. 2008-415B, \u00a71, 7-1-08; Ord. No. 2011-980, \u00a74, 11-15-11)\n"}