{"law_id":"664","section_number":"12-2091","catch_line":"REVOCATION.","history":"","order_by":"12-2091","metadata":false,"url":"\/12-2091\/","token":"12-2091","structure":{"1":{"id":"176","name":"ARTICLE B. - VEHICLES FOR HIRE","identifier":"B","label":"article","url":"\/II\/12\/2\/B\/"},"2":{"id":"174","name":"CHAPTER 2. - BUSINESSES AND TRADES","identifier":"2","label":"chapter","url":"\/II\/12\/2\/"},"3":{"id":"169","name":"PART 12 - LICENSING AND REGULATION","identifier":"12","label":"part","url":"\/II\/12\/"},"4":{"id":"5","name":"Division II - Planning and Development","identifier":"II","label":"division","url":"\/II\/"}},"referred_to_by":false,"edition_id":"1","section_id":"664","structure_id":"176","full_text":"(b) No revocation shall become permanently effective until the person whose permit is being revoked is given reasonable notice and an opportunity to appeal, successively, to the Chief of Police, the City Manager, and to the Council, as provided in \u00a712-2087 herein. The City Manager may affirm the action of the Chief of Police in revoking a permit; or, may make the revocation effective for a fixed period of time not to be less than thirty (30) days; or, may suspend a revocation upon condition that the revocation shall become effective if another violation of this part occurs within one (1) year from the date of the first violation. Upon revocation, a notice thereof shall be served upon the person holding the permit, who shall immediately surrender the permit. The permit shall be retained by the Police Chief or his designee pending a failure to appeal or a final decision as to revocation.\r\r(c) The Council may revoke a driver&#8217;s permit for any of the reasons permitting a revocation by the Police Chief or his designee. \n(Code 1959 , \u00a722-53; Ord. No. 1993-146, \u00a71, 3-16-93; Ord. No. 1999-691, \u00a714, 11-16-99; Ord. No. 2009-671, \u00a7\u00a736, 41\u201443, 11-3-09)\r\r","text":{"0":{"id":"1898","text":"","type":"section","prefixes":["(a)"],"prefix":"(a)","entire_prefix":"(a)","prefix_anchor":"(a)","level":1},"1":{"id":"1899","text":"\tIf he finds that the person holding the permit has made a material false statement in the application for the permit or attachments to it; \n","type":"section","prefixes":["(a)","(1)"],"prefix":"(1)","entire_prefix":"(a)(1)","prefix_anchor":"(a)(1)","level":2},"2":{"id":"1900","text":"\tIf he finds that the person holding the permit is not qualified for or has not been issued a state driver&#8217;s license; \n","type":"section","prefixes":["(a)","(2)"],"prefix":"(2)","entire_prefix":"(a)(2)","prefix_anchor":"(a)(2)","level":2},"3":{"id":"1901","text":"\tIf he finds that the person holding the permit is physically or mentally incapable of operating a taxicab in a safe manner; \n","type":"section","prefixes":["(a)","(3)"],"prefix":"(3)","entire_prefix":"(a)(3)","prefix_anchor":"(a)(3)","level":2},"4":{"id":"1902","text":"\tIf he finds that the permit holder, while driving a taxicab is not clean in dress and person; \n","type":"section","prefixes":["(a)","(4)"],"prefix":"(4)","entire_prefix":"(a)(4)","prefix_anchor":"(a)(4)","level":2},"5":{"id":"1903","text":"\tIf he finds the driver has become addicted to alcohol or drugs; \n","type":"section","prefixes":["(a)","(5)"],"prefix":"(5)","entire_prefix":"(a)(5)","prefix_anchor":"(a)(5)","level":2},"6":{"id":"1904","text":"\tIf he finds that the State driver&#8217;s license of the permit holder has been revoked; \n","type":"section","prefixes":["(a)","(6)"],"prefix":"(6)","entire_prefix":"(a)(6)","prefix_anchor":"(a)(6)","level":2},"7":{"id":"1905","text":"\tIf he finds that the permit holder has accumulated enough points for the taxicab inspector to review the totality of the driver&#8217;s driving record (eight (8) or more points). \na.\tThe occurrence of three (3) successive violations of any section of this ordinance within a twelve (12) month period pertaining to the operation of a taxicab will result in suspension or revocation of the driver&#8217;s permit for the duration of one (1) year. \n","type":"section","prefixes":["(a)","(7)"],"prefix":"(7)","entire_prefix":"(a)(7)","prefix_anchor":"(a)(7)","level":2},"8":{"id":"1906","text":"\tIf he finds that the person holding the permit has been convicted of or has entered a plea of guilty of nolo contendere to: \na.\tA felony;\nb.\tA crime involving the driving of an automobile resulting in death;\nc.\tDriving a motor vehicle while intoxicated;\nd.\tA violation of any Federal or state statute relating to the use, possession, sale of intoxicating liquors, alcoholic beverages, beer or wine, narcotic, barbituric or other habit-forming drugs; \ne.\tA violation of any state or Federal statute relating to prostitution or lotteries;\nf.\tAny crime which is so offensive to the public safety or morals and\/or so recent as to justify a finding that the applicant does not possess a good moral character. \n","type":"section","prefixes":["(a)","(8)"],"prefix":"(8)","entire_prefix":"(a)(8)","prefix_anchor":"(a)(8)","level":2},"9":{"id":"1907","text":"\tIf found after investigation and review that the permit holder has given reason to believe he\/she has engaged in conduct that is detrimental to the health and safety of another person that renders the holder unfit to operate a taxicab in the City of Raleigh. \n(10)\tIf found after investigation and review that the permit holder knowingly transported a passenger for the purpose of committing a crime. \n","type":"section","prefixes":["(a)","(9)"],"prefix":"(9)","entire_prefix":"(a)(9)","prefix_anchor":"(a)(9)","level":2},"10":{"id":"1908","text":"No revocation shall become permanently effective until the person whose permit is being revoked is given reasonable notice and an opportunity to appeal, successively, to the Chief of Police, the City Manager, and to the Council, as provided in \u00a712-2087 herein. The City Manager may affirm the action of the Chief of Police in revoking a permit; or, may make the revocation effective for a fixed period of time not to be less than thirty (30) days; or, may suspend a revocation upon condition that the revocation shall become effective if another violation of this part occurs within one (1) year from the date of the first violation. Upon revocation, a notice thereof shall be served upon the person holding the permit, who shall immediately surrender the permit. The permit shall be retained by the Police Chief or his designee pending a failure to appeal or a final decision as to revocation.","type":"section","prefixes":["(b)"],"prefix":"(b)","entire_prefix":"(b)","prefix_anchor":"(b)","level":1},"11":{"id":"1909","text":"The Council may revoke a driver&#8217;s permit for any of the reasons permitting a revocation by the Police Chief or his designee. \n(Code 1959 , \u00a722-53; Ord. No. 1993-146, \u00a71, 3-16-93; Ord. No. 1999-691, \u00a714, 11-16-99; Ord. No. 2009-671, \u00a7\u00a736, 41\u201443, 11-3-09)","type":"section","prefixes":["(c)"],"prefix":"(c)","entire_prefix":"(c)","prefix_anchor":"(c)","level":1}},"ancestry":{"1":{"id":"176","name":"ARTICLE B. - VEHICLES FOR HIRE","identifier":"B","label":"article","url":"\/II\/12\/2\/B\/"},"2":{"id":"174","name":"CHAPTER 2. - BUSINESSES AND TRADES","identifier":"2","label":"chapter","url":"\/II\/12\/2\/"},"3":{"id":"169","name":"PART 12 - LICENSING AND REGULATION","identifier":"12","label":"part","url":"\/II\/12\/"},"4":{"id":"5","name":"Division II - Planning and Development","identifier":"II","label":"division","url":"\/II\/"}},"structure_contents":{"0":{"id":"601","structure_id":"176","section_number":"12-2021","catch_line":"SHORT TITLE.","url":"\/12-2021\/","token":"12-2021"},"1":{"id":"602","structure_id":"176","section_number":"12-2022","catch_line":"DEFINITIONS.","url":"\/12-2022\/","token":"12-2022"},"2":{"id":"604","structure_id":"176","section_number":"12-2023","catch_line":"TAXICAB INSPECTOR; OFFICE CREATED; DUTIES GENERALLY.","url":"\/12-2023\/","token":"12-2023"},"3":{"id":"605","structure_id":"176","section_number":"12-2024","catch_line":"COMPLIANCE WITH ARTICLE; ENFORCEMENT SANCTIONS.","url":"\/12-2024\/","token":"12-2024"},"4":{"id":"606","structure_id":"176","section_number":"12-2025","catch_line":"INSURANCE.","url":"\/12-2025\/","token":"12-2025"},"5":{"id":"607","structure_id":"176","section_number":"12-2026","catch_line":"OWNER INFORMATION FILE.","url":"\/12-2026\/","token":"12-2026"},"6":{"id":"608","structure_id":"176","section_number":"12-2027","catch_line":"TYPE OF TAXICAB.","url":"\/12-2027\/","token":"12-2027"},"7":{"id":"609","structure_id":"176","section_number":"12-2028","catch_line":"EQUIPMENT; ITEMS REQUIRED.","url":"\/12-2028\/","token":"12-2028"},"8":{"id":"610","structure_id":"176","section_number":"12-2029","catch_line":"FILING DESCRIPTION.","url":"\/12-2029\/","token":"12-2029"},"9":{"id":"611","structure_id":"176","section_number":"12-2030","catch_line":"IDENTIFICATION OF VEHICLES.","url":"\/12-2030\/","token":"12-2030"},"10":{"id":"612","structure_id":"176","section_number":"12-2031","catch_line":"CONDITION OF VEHICLE; INSPECTION.","url":"\/12-2031\/","token":"12-2031"},"11":{"id":"613","structure_id":"176","section_number":"12-2032","catch_line":"MAINTENANCE.","url":"\/12-2032\/","token":"12-2032"},"12":{"id":"615","structure_id":"176","section_number":"12-2033","catch_line":"SANITATION.","url":"\/12-2033\/","token":"12-2033"},"13":{"id":"616","structure_id":"176","section_number":"12-2034","catch_line":"DRIVERS' MANIFESTS.","url":"\/12-2034\/","token":"12-2034"},"14":{"id":"617","structure_id":"176","section_number":"12-2035","catch_line":"ACCEPTING ADDITIONAL PASSENGERS.","url":"\/12-2035\/","token":"12-2035"},"15":{"id":"618","structure_id":"176","section_number":"12-2036","catch_line":"RESTRICTION ON NUMBER OF PASSENGERS.","url":"\/12-2036\/","token":"12-2036"},"16":{"id":"619","structure_id":"176","section_number":"12-2037","catch_line":"REFUSAL TO CARRY ORDERLY PASSENGERS.","url":"\/12-2037\/","token":"12-2037"},"17":{"id":"620","structure_id":"176","section_number":"12-2038","catch_line":"DECEPTION OF PASSENGERS.","url":"\/12-2038\/","token":"12-2038"},"18":{"id":"621","structure_id":"176","section_number":"12-2039","catch_line":"COMPLIANCE WITH PASSENGERS' REQUESTS.","url":"\/12-2039\/","token":"12-2039"},"19":{"id":"622","structure_id":"176","section_number":"12-2040","catch_line":"USE OF TOBACCO.","url":"\/12-2040\/","token":"12-2040"},"20":{"id":"623","structure_id":"176","section_number":"12-2041","catch_line":"LOST ARTICLES.","url":"\/12-2041\/","token":"12-2041"},"21":{"id":"624","structure_id":"176","section_number":"12-2042","catch_line":"ATTENDING VEHICLE BY DRIVER.","url":"\/12-2042\/","token":"12-2042"},"22":{"id":"626","structure_id":"176","section_number":"12-2043","catch_line":"FARES; SCHEDULE.","url":"\/12-2043\/","token":"12-2043"},"23":{"id":"627","structure_id":"176","section_number":"12-2044","catch_line":"HIRING WITH INTENT NOT TO PAY.","url":"\/12-2044\/","token":"12-2044"},"24":{"id":"628","structure_id":"176","section_number":"12-2045","catch_line":"FURNISHING RECEIPT.","url":"\/12-2045\/","token":"12-2045"},"25":{"id":"629","structure_id":"176","section_number":"12-2046","catch_line":"RATE CARD; ISSUANCE, POSTING, COMPLYING WITH.","url":"\/12-2046\/","token":"12-2046"},"26":{"id":"630","structure_id":"176","section_number":"12-2047","catch_line":"TAXI INSPECTOR'S HOURS.","url":"\/12-2047\/","token":"12-2047"},"27":{"id":"631","structure_id":"176","section_number":"12-2048","catch_line":"RESERVED.","url":"\/12-2048\/","token":"12-2048"},"28":{"id":"632","structure_id":"176","section_number":"12-2048","catch_line":"RESERVED. ","url":"\/12-2048\/","token":"12-2048"},"29":{"id":"633","structure_id":"176","section_number":"12-2051","catch_line":"REQUIRED.","url":"\/12-2051\/","token":"12-2051"},"30":{"id":"634","structure_id":"176","section_number":"12-2052","catch_line":"APPLICATION.","url":"\/12-2052\/","token":"12-2052"},"31":{"id":"635","structure_id":"176","section_number":"12-2053","catch_line":"ISSUANCE.","url":"\/12-2053\/","token":"12-2053"},"32":{"id":"637","structure_id":"176","section_number":"12-2054","catch_line":"FORM.","url":"\/12-2054\/","token":"12-2054"},"33":{"id":"638","structure_id":"176","section_number":"12-2055","catch_line":"EXPIRATION.","url":"\/12-2055\/","token":"12-2055"},"34":{"id":"639","structure_id":"176","section_number":"12-2056","catch_line":"PERMIT ISSUANCE, RENEWAL REQUIREMENT; EXCEPTIONS.","url":"\/12-2056\/","token":"12-2056"},"35":{"id":"640","structure_id":"176","section_number":"12-2057","catch_line":"ASSIGNMENT OR TRANSFER.","url":"\/12-2057\/","token":"12-2057"},"36":{"id":"641","structure_id":"176","section_number":"12-2058","catch_line":"ISSUANCE OF MEMORANDUM PERMIT.","url":"\/12-2058\/","token":"12-2058"},"37":{"id":"642","structure_id":"176","section_number":"12-2059","catch_line":"REVOCATION UPON CHANGE OF OWNERSHIP; ISSUANCE TO NEW OWNER.","url":"\/12-2059\/","token":"12-2059"},"38":{"id":"643","structure_id":"176","section_number":"12-2060","catch_line":"SUSPENSION AND REVOCATION; CAUSES, HEARING.","url":"\/12-2060\/","token":"12-2060"},"39":{"id":"644","structure_id":"176","section_number":"12-2061","catch_line":"SURRENDER OF PERMIT; RETIRING VEHICLES FROM SERVICE.","url":"\/12-2061\/","token":"12-2061"},"40":{"id":"645","structure_id":"176","section_number":"12-2062","catch_line":"RESERVED.","url":"\/12-2062\/","token":"12-2062"},"41":{"id":"646","structure_id":"176","section_number":"12-2062","catch_line":"RESERVED. ","url":"\/12-2062\/","token":"12-2062"},"42":{"id":"648","structure_id":"176","section_number":"12-2071","catch_line":"PARTICIPATION REQUIREMENTS.","url":"\/12-2071\/","token":"12-2071"},"43":{"id":"649","structure_id":"176","section_number":"12-2072","catch_line":"DETERMINATION OF ELIGIBILITY.","url":"\/12-2072\/","token":"12-2072"},"44":{"id":"650","structure_id":"176","section_number":"12-2073","catch_line":"REDEMPTION OF SCRIP.","url":"\/12-2073\/","token":"12-2073"},"45":{"id":"651","structure_id":"176","section_number":"12-2074","catch_line":"PENALTIES.","url":"\/12-2074\/","token":"12-2074"},"46":{"id":"652","structure_id":"176","section_number":"12-2075","catch_line":"RESERVED.","url":"\/12-2075\/","token":"12-2075"},"47":{"id":"653","structure_id":"176","section_number":"12-2081","catch_line":"REQUIRED.","url":"\/12-2081\/","token":"12-2081"},"48":{"id":"654","structure_id":"176","section_number":"12-2082","catch_line":"APPLICATION.","url":"\/12-2082\/","token":"12-2082"},"49":{"id":"655","structure_id":"176","section_number":"12-2083","catch_line":"PROBATIONARY DRIVER'S PERMIT.","url":"\/12-2083\/","token":"12-2083"},"50":{"id":"656","structure_id":"176","section_number":"12-2084","catch_line":"EXAMINATION AND INVESTIGATION.","url":"\/12-2084\/","token":"12-2084"},"51":{"id":"657","structure_id":"176","section_number":"12-2085","catch_line":"QUALIFICATIONS.","url":"\/12-2085\/","token":"12-2085"},"52":{"id":"659","structure_id":"176","section_number":"12-2086","catch_line":"REFUSAL TO ISSUE.","url":"\/12-2086\/","token":"12-2086"},"53":{"id":"660","structure_id":"176","section_number":"12-2087","catch_line":"APPEAL FROM REFUSAL.","url":"\/12-2087\/","token":"12-2087"},"54":{"id":"661","structure_id":"176","section_number":"12-2088","catch_line":"GRANTING.","url":"\/12-2088\/","token":"12-2088"},"55":{"id":"662","structure_id":"176","section_number":"12-2089","catch_line":"CONTENTS AND EFFECT.","url":"\/12-2089\/","token":"12-2089"},"56":{"id":"663","structure_id":"176","section_number":"12-2090","catch_line":"SAFETY PERMIT.","url":"\/12-2090\/","token":"12-2090"},"57":{"id":"664","structure_id":"176","section_number":"12-2091","catch_line":"REVOCATION.","url":"\/12-2091\/","token":"12-2091"},"58":{"id":"665","structure_id":"176","section_number":"12-2092","catch_line":"SURRENDER, DISPLAY, LOSS, ETC., OF DRIVER'S PERMIT.","url":"\/12-2092\/","token":"12-2092"},"59":{"id":"666","structure_id":"176","section_number":"12-2093","catch_line":"EXPIRATION, RENEWAL.","url":"\/12-2093\/","token":"12-2093"},"60":{"id":"667","structure_id":"176","section_number":"12-2094","catch_line":"RESERVED.","url":"\/12-2094\/","token":"12-2094"},"61":{"id":"668","structure_id":"176","section_number":"12-2094","catch_line":"RESERVED. ","url":"\/12-2094\/","token":"12-2094"}},"previous_section":{"id":"663","structure_id":"176","section_number":"12-2090","catch_line":"SAFETY PERMIT.","url":"\/12-2090\/","token":"12-2090"},"next_section":{"id":"665","structure_id":"176","section_number":"12-2092","catch_line":"SURRENDER, DISPLAY, LOSS, ETC., OF DRIVER'S PERMIT.","url":"\/12-2092\/","token":"12-2092"},"references":false,"formats":{"txt":"\/12-2091.txt","json":"\/12-2091.xml"},"dublin_core":{"Title":"REVOCATION.","Type":"Text","Format":"text\/html","Identifier":"\u00a7 12-2091","Relation":"Code of State"},"plain_text":"                                  CODE OF STATE\n\nREVOCATION. (\u00a7 12-2091)\n\n(a) \n\n   (1) \tIf he finds that the person holding the permit has made a material false\n   statement in the application for the permit or attachments to it; \n   \n\n   (2) \tIf he finds that the person holding the permit is not qualified for or\n   has not been issued a state driver&#8217;s license; \n   \n\n   (3) \tIf he finds that the person holding the permit is physically or mentally\n   incapable of operating a taxicab in a safe manner; \n   \n\n   (4) \tIf he finds that the permit holder, while driving a taxicab is not clean\n   in dress and person; \n   \n\n   (5) \tIf he finds the driver has become addicted to alcohol or drugs; \n   \n\n   (6) \tIf he finds that the State driver&#8217;s license of the permit holder\n   has been revoked; \n   \n\n   (7) \tIf he finds that the permit holder has accumulated enough points for the\n   taxicab inspector to review the totality of the driver&#8217;s driving record\n   (eight (8) or more points). \n   a.\tThe occurrence of three (3) successive violations of any section of this\n   ordinance within a twelve (12) month period pertaining to the operation of a\n   taxicab will result in suspension or revocation of the driver&#8217;s permit\n   for the duration of one (1) year. \n   \n\n   (8) \tIf he finds that the person holding the permit has been convicted of or\n   has entered a plea of guilty of nolo contendere to: \n   a.\tA felony;\n   b.\tA crime involving the driving of an automobile resulting in death;\n   c.\tDriving a motor vehicle while intoxicated;\n   d.\tA violation of any Federal or state statute relating to the use,\n   possession, sale of intoxicating liquors, alcoholic beverages, beer or wine,\n   narcotic, barbituric or other habit-forming drugs; \n   e.\tA violation of any state or Federal statute relating to prostitution or\n   lotteries;\n   f.\tAny crime which is so offensive to the public safety or morals and\/or so\n   recent as to justify a finding that the applicant does not possess a good\n   moral character. \n   \n\n   (9) \tIf found after investigation and review that the permit holder has given\n   reason to believe he\/she has engaged in conduct that is detrimental to the\n   health and safety of another person that renders the holder unfit to operate a\n   taxicab in the City of Raleigh. \n   (10)\tIf found after investigation and review that the permit holder knowingly\n   transported a passenger for the purpose of committing a crime. \n   \n\n(b) No revocation shall become permanently effective until the person whose\npermit is being revoked is given reasonable notice and an opportunity to appeal,\nsuccessively, to the Chief of Police, the City Manager, and to the Council, as\nprovided in \u00a712-2087 herein. The City Manager may affirm the action of the\nChief of Police in revoking a permit; or, may make the revocation effective for\na fixed period of time not to be less than thirty (30) days; or, may suspend a\nrevocation upon condition that the revocation shall become effective if another\nviolation of this part occurs within one (1) year from the date of the first\nviolation. Upon revocation, a notice thereof shall be served upon the person\nholding the permit, who shall immediately surrender the permit. The permit shall\nbe retained by the Police Chief or his designee pending a failure to appeal or a\nfinal decision as to revocation.\n\n(c) The Council may revoke a driver&#8217;s permit for any of the reasons\npermitting a revocation by the Police Chief or his designee. \n(Code 1959 , \u00a722-53; Ord. No. 1993-146, \u00a71, 3-16-93; Ord. No. 1999-691, \u00a714,\n11-16-99; Ord. No. 2009-671, \u00a7\u00a736, 41\u201443, 11-3-09)\n"}