{"law_id":"670","edition_id":"1","section_id":"670","structure_id":"177","section_number":"12-2101","catch_line":"DEFINITIONS.","history":"","full_text":"As used in this article the following terms shall be defined as follows: \nPawn or Pawn Transaction: A written bailment of personal property as security for debt, redeemable on certain terms within one hundred eighty (180) days, unless renewed, and with an implied power of sale on default. \nPawnbroker: A person engaged in the business of lending money on the security of pledged goods and who may also purchase merchandise for resale from dealers and traders. \nPawnshop: The location at which or in which a pawnbroker regularly conducts business. \nPerson: Any individual, corporation, joint venture, association, or any other legal entity, however organized. \nPledged Goods: Tangible personal property which is deposited with or otherwise delivered into the possession of a pawnbroker in the course of his business in connection with a pawn transaction. \nPurchase: Any item purchased from an individual for the purpose of resale whereby the seller no longer has a vested interest in the item. \n(Ord. No. 1992-982, \u00a71, 6-2-92)","order_by":"12-2101","text":{"0":{"id":"1919","text":"As used in this article the following terms shall be defined as follows: \nPawn or Pawn Transaction: A written bailment of personal property as security for debt, redeemable on certain terms within one hundred eighty (180) days, unless renewed, and with an implied power of sale on default. \nPawnbroker: A person engaged in the business of lending money on the security of pledged goods and who may also purchase merchandise for resale from dealers and traders. \nPawnshop: The location at which or in which a pawnbroker regularly conducts business. \nPerson: Any individual, corporation, joint venture, association, or any other legal entity, however organized. \nPledged Goods: Tangible personal property which is deposited with or otherwise delivered into the possession of a pawnbroker in the course of his business in connection with a pawn transaction. \nPurchase: Any item purchased from an individual for the purpose of resale whereby the seller no longer has a vested interest in the item. \n(Ord. No. 1992-982, \u00a71, 6-2-92)","type":"section","prefixes":[""],"prefix":"","entire_prefix":"","prefix_anchor":"","level":1}},"ancestry":{"1":{"id":"177","name":"ARTICLE C. - PAWNBROKERS [3]","identifier":"C","label":"article","url":"\/II\/12\/2\/C\/"},"2":{"id":"174","name":"CHAPTER 2. - BUSINESSES AND TRADES","identifier":"2","label":"chapter","url":"\/II\/12\/2\/"},"3":{"id":"169","name":"PART 12 - LICENSING AND REGULATION","identifier":"12","label":"part","url":"\/II\/12\/"},"4":{"id":"5","name":"Division II - Planning and Development","identifier":"II","label":"division","url":"\/II\/"}},"structure_contents":{"0":{"id":"670","structure_id":"177","section_number":"12-2101","catch_line":"DEFINITIONS.","url":"\/12-2101\/","token":"12-2101"},"1":{"id":"671","structure_id":"177","section_number":"12-2102","catch_line":"LICENSING OF PAWNBROKERS.","url":"\/12-2102\/","token":"12-2102"},"2":{"id":"672","structure_id":"177","section_number":"12-2103","catch_line":"ISSUANCE OF LICENSE.","url":"\/12-2103\/","token":"12-2103"},"3":{"id":"673","structure_id":"177","section_number":"12-2104","catch_line":"REVOCATION OF PAWNBROKER'S LICENSE.","url":"\/12-2104\/","token":"12-2104"},"4":{"id":"674","structure_id":"177","section_number":"12-2105","catch_line":"RECORD KEEPING REQUIREMENTS.","url":"\/12-2105\/","token":"12-2105"},"5":{"id":"675","structure_id":"177","section_number":"12-2106","catch_line":"RESERVED.","url":"\/12-2106\/","token":"12-2106"}},"next_section":{"id":"671","structure_id":"177","section_number":"12-2102","catch_line":"LICENSING OF PAWNBROKERS.","url":"\/12-2102\/","token":"12-2102"},"metadata":false,"references":{"0":{"id":"675","section_number":"12-2106","catch_line":"RESERVED.","url":"http:\/\/localhost:8888\/12-2106\/"}},"url":"\/12-2101\/","token":"12-2101","formats":{"txt":"\/12-2101.txt","json":"\/12-2101.xml"},"dublin_core":{"Title":"DEFINITIONS.","Type":"Text","Format":"text\/html","Identifier":"\u00a7 12-2101","Relation":"Code of State"},"plain_text":"                                  CODE OF STATE\n\nDEFINITIONS. (\u00a7 12-2101)\n\nAs used in this article the following terms shall be defined as follows: \nPawn or Pawn Transaction: A written bailment of personal property as security\nfor debt, redeemable on certain terms within one hundred eighty (180) days,\nunless renewed, and with an implied power of sale on default. \nPawnbroker: A person engaged in the business of lending money on the security of\npledged goods and who may also purchase merchandise for resale from dealers and\ntraders. \nPawnshop: The location at which or in which a pawnbroker regularly conducts\nbusiness. \nPerson: Any individual, corporation, joint venture, association, or any other\nlegal entity, however organized. \nPledged Goods: Tangible personal property which is deposited with or otherwise\ndelivered into the possession of a pawnbroker in the course of his business in\nconnection with a pawn transaction. \nPurchase: Any item purchased from an individual for the purpose of resale\nwhereby the seller no longer has a vested interest in the item. \n(Ord. No. 1992-982, \u00a71, 6-2-92)\n"}