{"law_id":"735","section_number":"12-2182","catch_line":"APPEAL.","history":"","order_by":"12-2182","metadata":false,"url":"\/12-2182\/","token":"12-2182","structure":{"1":{"id":"182","name":"ARTICLE H. - RENTAL DWELLING REGISTRATION AND PROP NOTIFICATION","identifier":"H","label":"article","url":"\/II\/12\/2\/H\/"},"2":{"id":"174","name":"CHAPTER 2. - BUSINESSES AND TRADES","identifier":"2","label":"chapter","url":"\/II\/12\/2\/"},"3":{"id":"169","name":"PART 12 - LICENSING AND REGULATION","identifier":"12","label":"part","url":"\/II\/12\/"},"4":{"id":"5","name":"Division II - Planning and Development","identifier":"II","label":"division","url":"\/II\/"}},"referred_to_by":false,"edition_id":"1","section_id":"735","structure_id":"182","full_text":"(1) An appeal must be filed in writing with the Director of the Inspections Department within thirty (30) days after service of the written notice or order of the Director of the Inspections Department on the petitioner. The written appeal shall identify the application of the article at issue and provide the reasons the petitioner contends that it was wrongly applied and any supporting documentation.\r\r(2) Unless the Director of Inspections decides to allow the requested relief based on the appeal request, the Director of the Inspections Department shall send each appeal request to arbitration. The Director of Inspections and the appealing party shall select an arbitrator from the Wake County District Court list of arbitrators. The arbitration shall be conducted, to the extent practicable, in accordance with the Supreme Court Rules for Court-Ordered Arbitration in North Carolina. The arbitrator shall be paid a fee equal to the maximum fee specified in such Rules. The arbitrator shall consider both the applicable code provisions and equitable factors in resolving the appeal. If the person who files an appeal of a notice that a dwelling is qualified as a &#8220;rental residential dwelling&#8221; pursuant to \u00a712-2177 shows that the owner did rent the dwelling while it was not registered, the arbitrator may reverse the order.\r\r(3) An appeal may be taken from any decision of arbitrator by giving notice of appeal to the City Council within thirty (30) days after service of the written decision of the arbitrator. Notice of appeal shall be given by delivery of a written statement to the City Manager stating the grounds for the appeal and providing the City Manager with a copy of the written decision of the arbitrator. The written appeal shall identify the application the article at issue and provide the reasons the petitioner contends that it was wrongly applied. The Director of the Inspection Department shall transmit to the City Manager all documents constituting the record upon which the decision by the arbitrator was made.\r\r(4) The City Council shall fix a reasonable time for the presentation of oral arguments by the parties and shall give due notice to the petitioner and the City Manager. After consideration of the arbitrator&#8217;s decision, including any equitable factors applied by the arbitrator, and the record of the proceeding, the City Council shall issue a written determination, within a reasonable time, stating whether the disputed application of the article will be approved without change or modified or reversed.\r\r(5) All decisions of the Director of the Inspections Department and City Council shall be served on the petitioner. \n(Ord. No. 2008-415B, \u00a71, 7-1-08)\r\r","text":{"0":{"id":"2227","text":"An appeal must be filed in writing with the Director of the Inspections Department within thirty (30) days after service of the written notice or order of the Director of the Inspections Department on the petitioner. The written appeal shall identify the application of the article at issue and provide the reasons the petitioner contends that it was wrongly applied and any supporting documentation.","type":"section","prefixes":["(1)"],"prefix":"(1)","entire_prefix":"(1)","prefix_anchor":"(1)","level":1},"1":{"id":"2228","text":"Unless the Director of Inspections decides to allow the requested relief based on the appeal request, the Director of the Inspections Department shall send each appeal request to arbitration. The Director of Inspections and the appealing party shall select an arbitrator from the Wake County District Court list of arbitrators. The arbitration shall be conducted, to the extent practicable, in accordance with the Supreme Court Rules for Court-Ordered Arbitration in North Carolina. The arbitrator shall be paid a fee equal to the maximum fee specified in such Rules. The arbitrator shall consider both the applicable code provisions and equitable factors in resolving the appeal. If the person who files an appeal of a notice that a dwelling is qualified as a &#8220;rental residential dwelling&#8221; pursuant to \u00a712-2177 shows that the owner did rent the dwelling while it was not registered, the arbitrator may reverse the order.","type":"section","prefixes":["(2)"],"prefix":"(2)","entire_prefix":"(2)","prefix_anchor":"(2)","level":1},"2":{"id":"2229","text":"An appeal may be taken from any decision of arbitrator by giving notice of appeal to the City Council within thirty (30) days after service of the written decision of the arbitrator. Notice of appeal shall be given by delivery of a written statement to the City Manager stating the grounds for the appeal and providing the City Manager with a copy of the written decision of the arbitrator. The written appeal shall identify the application the article at issue and provide the reasons the petitioner contends that it was wrongly applied. The Director of the Inspection Department shall transmit to the City Manager all documents constituting the record upon which the decision by the arbitrator was made.","type":"section","prefixes":["(3)"],"prefix":"(3)","entire_prefix":"(3)","prefix_anchor":"(3)","level":1},"3":{"id":"2230","text":"The City Council shall fix a reasonable time for the presentation of oral arguments by the parties and shall give due notice to the petitioner and the City Manager. After consideration of the arbitrator&#8217;s decision, including any equitable factors applied by the arbitrator, and the record of the proceeding, the City Council shall issue a written determination, within a reasonable time, stating whether the disputed application of the article will be approved without change or modified or reversed.","type":"section","prefixes":["(4)"],"prefix":"(4)","entire_prefix":"(4)","prefix_anchor":"(4)","level":1},"4":{"id":"2231","text":"All decisions of the Director of the Inspections Department and City Council shall be served on the petitioner. \n(Ord. No. 2008-415B, \u00a71, 7-1-08)","type":"section","prefixes":["(5)"],"prefix":"(5)","entire_prefix":"(5)","prefix_anchor":"(5)","level":1}},"ancestry":{"1":{"id":"182","name":"ARTICLE H. - RENTAL DWELLING REGISTRATION AND PROP NOTIFICATION","identifier":"H","label":"article","url":"\/II\/12\/2\/H\/"},"2":{"id":"174","name":"CHAPTER 2. - BUSINESSES AND TRADES","identifier":"2","label":"chapter","url":"\/II\/12\/2\/"},"3":{"id":"169","name":"PART 12 - LICENSING AND REGULATION","identifier":"12","label":"part","url":"\/II\/12\/"},"4":{"id":"5","name":"Division II - Planning and Development","identifier":"II","label":"division","url":"\/II\/"}},"structure_contents":{"0":{"id":"728","structure_id":"182","section_number":"12-2175","catch_line":"FINDINGS AND DECLARATION OF NECESSITY.","url":"\/12-2175\/","token":"12-2175"},"1":{"id":"729","structure_id":"182","section_number":"12-2176","catch_line":"DEFINITIONS.","url":"\/12-2176\/","token":"12-2176"},"2":{"id":"730","structure_id":"182","section_number":"12-2177","catch_line":"REGISTRATION REQUIREMENT.","url":"\/12-2177\/","token":"12-2177"},"3":{"id":"731","structure_id":"182","section_number":"12-2178","catch_line":"REGISTRATION UPDATES.","url":"\/12-2178\/","token":"12-2178"},"4":{"id":"732","structure_id":"182","section_number":"12-2179","catch_line":"STANDARDS.","url":"\/12-2179\/","token":"12-2179"},"5":{"id":"733","structure_id":"182","section_number":"12-2180","catch_line":"COMPLIANCE WITH PROVISIONS.","url":"\/12-2180\/","token":"12-2180"},"6":{"id":"734","structure_id":"182","section_number":"12-2181","catch_line":"ENFORCEMENT.","url":"\/12-2181\/","token":"12-2181"},"7":{"id":"735","structure_id":"182","section_number":"12-2182","catch_line":"APPEAL.","url":"\/12-2182\/","token":"12-2182"},"8":{"id":"737","structure_id":"182","section_number":"12-2183","catch_line":"ARBITRATION FEE.","url":"\/12-2183\/","token":"12-2183"},"9":{"id":"738","structure_id":"182","section_number":"12-2184","catch_line":"METHODS OF SERVICE.","url":"\/12-2184\/","token":"12-2184"},"10":{"id":"739","structure_id":"182","section_number":"12-2185","catch_line":"RELATION TO OTHER LAWS.","url":"\/12-2185\/","token":"12-2185"}},"previous_section":{"id":"734","structure_id":"182","section_number":"12-2181","catch_line":"ENFORCEMENT.","url":"\/12-2181\/","token":"12-2181"},"next_section":{"id":"737","structure_id":"182","section_number":"12-2183","catch_line":"ARBITRATION FEE.","url":"\/12-2183\/","token":"12-2183"},"references":false,"formats":{"txt":"\/12-2182.txt","json":"\/12-2182.xml"},"dublin_core":{"Title":"APPEAL.","Type":"Text","Format":"text\/html","Identifier":"\u00a7 12-2182","Relation":"Code of State"},"plain_text":"                                  CODE OF STATE\n\nAPPEAL. (\u00a7 12-2182)\n\n(1) An appeal must be filed in writing with the Director of the Inspections\nDepartment within thirty (30) days after service of the written notice or order\nof the Director of the Inspections Department on the petitioner. The written\nappeal shall identify the application of the article at issue and provide the\nreasons the petitioner contends that it was wrongly applied and any supporting\ndocumentation.\n\n(2) Unless the Director of Inspections decides to allow the requested relief\nbased on the appeal request, the Director of the Inspections Department shall\nsend each appeal request to arbitration. The Director of Inspections and the\nappealing party shall select an arbitrator from the Wake County District Court\nlist of arbitrators. The arbitration shall be conducted, to the extent\npracticable, in accordance with the Supreme Court Rules for Court-Ordered\nArbitration in North Carolina. The arbitrator shall be paid a fee equal to the\nmaximum fee specified in such Rules. The arbitrator shall consider both the\napplicable code provisions and equitable factors in resolving the appeal. If the\nperson who files an appeal of a notice that a dwelling is qualified as a\n&#8220;rental residential dwelling&#8221; pursuant to \u00a712-2177 shows that the\nowner did rent the dwelling while it was not registered, the arbitrator may\nreverse the order.\n\n(3) An appeal may be taken from any decision of arbitrator by giving notice of\nappeal to the City Council within thirty (30) days after service of the written\ndecision of the arbitrator. Notice of appeal shall be given by delivery of a\nwritten statement to the City Manager stating the grounds for the appeal and\nproviding the City Manager with a copy of the written decision of the\narbitrator. The written appeal shall identify the application the article at\nissue and provide the reasons the petitioner contends that it was wrongly\napplied. The Director of the Inspection Department shall transmit to the City\nManager all documents constituting the record upon which the decision by the\narbitrator was made.\n\n(4) The City Council shall fix a reasonable time for the presentation of oral\narguments by the parties and shall give due notice to the petitioner and the\nCity Manager. After consideration of the arbitrator&#8217;s decision, including\nany equitable factors applied by the arbitrator, and the record of the\nproceeding, the City Council shall issue a written determination, within a\nreasonable time, stating whether the disputed application of the article will be\napproved without change or modified or reversed.\n\n(5) All decisions of the Director of the Inspections Department and City Council\nshall be served on the petitioner. \n(Ord. No. 2008-415B, \u00a71, 7-1-08)\n"}