{"law_id":"605","section_number":"12-2024","catch_line":"COMPLIANCE WITH ARTICLE; ENFORCEMENT SANCTIONS.","history":"","order_by":"12-2024","metadata":false,"url":"\/12-2024\/","token":"12-2024","structure":{"1":{"id":"176","name":"ARTICLE B. - VEHICLES FOR HIRE","identifier":"B","label":"article","url":"\/II\/12\/2\/B\/"},"2":{"id":"174","name":"CHAPTER 2. - BUSINESSES AND TRADES","identifier":"2","label":"chapter","url":"\/II\/12\/2\/"},"3":{"id":"169","name":"PART 12 - LICENSING AND REGULATION","identifier":"12","label":"part","url":"\/II\/12\/"},"4":{"id":"5","name":"Division II - Planning and Development","identifier":"II","label":"division","url":"\/II\/"}},"referred_to_by":false,"edition_id":"1","section_id":"605","structure_id":"176","full_text":"(a) It shall be unlawful for any person to engage in the business of operating one or more taxicabs, or to drive any taxicab, within the corporate limits of the City or within a radius of one mile beyond the corporate limits in all directions unless such person shall have complied with and shall continue to comply with the provisions of this chapter. The provisions of this chapter shall not apply to any taxicab operated between fixed termini only one of which is within the corporate limits of the City and within a radius of one mile beyond the corporate limits; that is, where only the point of origin or only the point of destination, respectively, of any trip is within the corporate limits of the City and within a radius of one mile beyond in all directions, except that any such surrounding territory shall be subject to the following sections of this chapter, to wit: \u00a7\u00a712-2025, 12-2026, 12-2027, 12-2029, 12-2031, 12-2032, 12-2033, 12-2039, 12-2041, 12-2042, 12-2081 through 12-2093 to the extent applicable; nor shall the provisions of this article apply to any taxicab operated through the corporate limits of the City without picking up and discharging any passenger within the City and surrounding one-mile territory.\r\r(c) All companies with valid owner&#8217;s permits shall be responsible for the compliance of their affiliated drivers. Failure of a driver to comply with this section may result in the issuance of citations to the company owners of taxicabs.\r\r(d) It shall be unlawful for any limousine or vehicle for hire to operate within the City of Raleigh without a for hire tag issued by the North Carolina Department of Motor Vehicles in accordance with NCGS 20-86 and 20-87.\r\r(e) It shall be unlawful for any limousine, vehicle for hire or shuttle to cruise, as defined by Raleigh City Code 12-2022(c). This restriction shall not apply to properly registered taxicabs.\r\r(f) Violations of subsection (d) or (e) of this section, in addition to all other remedies and sanctions under this Code or State law, shall be a misdemeanor. \n(Code 1959 , \u00a722-4; Ord. No. 1980-487, \u00a75, 10-7-80; Ord. No. 1999-691, \u00a71, 11-16-99; Ord. No. 2003-409, \u00a71, 3-18-03; Ord. No. 2009-671, \u00a7\u00a76\u20149, 11-3-09)\r\r","text":{"0":{"id":"1721","text":"It shall be unlawful for any person to engage in the business of operating one or more taxicabs, or to drive any taxicab, within the corporate limits of the City or within a radius of one mile beyond the corporate limits in all directions unless such person shall have complied with and shall continue to comply with the provisions of this chapter. The provisions of this chapter shall not apply to any taxicab operated between fixed termini only one of which is within the corporate limits of the City and within a radius of one mile beyond the corporate limits; that is, where only the point of origin or only the point of destination, respectively, of any trip is within the corporate limits of the City and within a radius of one mile beyond in all directions, except that any such surrounding territory shall be subject to the following sections of this chapter, to wit: \u00a7\u00a712-2025, 12-2026, 12-2027, 12-2029, 12-2031, 12-2032, 12-2033, 12-2039, 12-2041, 12-2042, 12-2081 through 12-2093 to the extent applicable; nor shall the provisions of this article apply to any taxicab operated through the corporate limits of the City without picking up and discharging any passenger within the City and surrounding one-mile territory.","type":"section","prefixes":["(a)"],"prefix":"(a)","entire_prefix":"(a)","prefix_anchor":"(a)","level":1},"1":{"id":"1722","text":"","type":"section","prefixes":["(b)"],"prefix":"(b)","entire_prefix":"(b)","prefix_anchor":"(b)","level":1},"2":{"id":"1723","text":"\tThe levying of civil penalties shall be initiated by any police officer or the taxicab inspector giving written notice of the infraction committed to the taxicab owner or driver, along with a statement that a civil penalty is being imposed. The notice shall inform the owner or driver that he may appeal the civil penalty within ten (10) days to the taxicab inspector&#8217;s immediate supervisor. If an appeal is made, a hearing shall be held before the taxicab inspector&#8217;s immediate supervisor, who, following the hearing, shall affirm or reverse the imposition of the penalty. \n","type":"section","prefixes":["(b)","(1)"],"prefix":"(1)","entire_prefix":"(b)(1)","prefix_anchor":"(b)(1)","level":2},"3":{"id":"1724","text":"\tFor the second, and successive violations under the provisions of this article during a single calendar year, the civil penalty shall be double that imposed for the first violation. \n","type":"section","prefixes":["(b)","(2)"],"prefix":"(2)","entire_prefix":"(b)(2)","prefix_anchor":"(b)(2)","level":2},"4":{"id":"1725","text":"\tCivil penalties shall be paid within fifteen (15) days to the office of the Revenue Collector. If not so paid, the City may initiate a civil action in the name of the City in the nature of debt to collect the unpaid penalties. Owner&#8217;s and\/or driver&#8217;s permit privileges will be revoked until the entire debt is paid. \n","type":"section","prefixes":["(b)","(3)"],"prefix":"(3)","entire_prefix":"(b)(3)","prefix_anchor":"(b)(3)","level":2},"5":{"id":"1726","text":"\tAny permit required to be issued and renewed under the terms of this article shall not be issued or renewed in the event civil penalties for violations remain unpaid by the applicant or by an employee of the applicant. \n","type":"section","prefixes":["(b)","(4)"],"prefix":"(4)","entire_prefix":"(b)(4)","prefix_anchor":"(b)(4)","level":2},"6":{"id":"1727","text":"\tIn addition to the levying of civil penalties for violations of this article, violations shall also be punishable as a misdemeanor offense under G.S. 14-4, each day&#8217;s continuing violation constituting a separate offense. \n","type":"section","prefixes":["(b)","(5)"],"prefix":"(5)","entire_prefix":"(b)(5)","prefix_anchor":"(b)(5)","level":2},"7":{"id":"1728","text":"All companies with valid owner&#8217;s permits shall be responsible for the compliance of their affiliated drivers. Failure of a driver to comply with this section may result in the issuance of citations to the company owners of taxicabs.","type":"section","prefixes":["(c)"],"prefix":"(c)","entire_prefix":"(c)","prefix_anchor":"(c)","level":1},"8":{"id":"1729","text":"It shall be unlawful for any limousine or vehicle for hire to operate within the City of Raleigh without a for hire tag issued by the North Carolina Department of Motor Vehicles in accordance with NCGS 20-86 and 20-87.","type":"section","prefixes":["(d)"],"prefix":"(d)","entire_prefix":"(d)","prefix_anchor":"(d)","level":1},"9":{"id":"1730","text":"It shall be unlawful for any limousine, vehicle for hire or shuttle to cruise, as defined by Raleigh City Code 12-2022(c). This restriction shall not apply to properly registered taxicabs.","type":"section","prefixes":["(e)"],"prefix":"(e)","entire_prefix":"(e)","prefix_anchor":"(e)","level":1},"10":{"id":"1731","text":"Violations of subsection (d) or (e) of this section, in addition to all other remedies and sanctions under this Code or State law, shall be a misdemeanor. \n(Code 1959 , \u00a722-4; Ord. No. 1980-487, \u00a75, 10-7-80; Ord. No. 1999-691, \u00a71, 11-16-99; Ord. No. 2003-409, \u00a71, 3-18-03; Ord. No. 2009-671, \u00a7\u00a76\u20149, 11-3-09)","type":"section","prefixes":["(f)"],"prefix":"(f)","entire_prefix":"(f)","prefix_anchor":"(f)","level":1}},"ancestry":{"1":{"id":"176","name":"ARTICLE B. - VEHICLES FOR HIRE","identifier":"B","label":"article","url":"\/II\/12\/2\/B\/"},"2":{"id":"174","name":"CHAPTER 2. - BUSINESSES AND TRADES","identifier":"2","label":"chapter","url":"\/II\/12\/2\/"},"3":{"id":"169","name":"PART 12 - LICENSING AND REGULATION","identifier":"12","label":"part","url":"\/II\/12\/"},"4":{"id":"5","name":"Division II - Planning and Development","identifier":"II","label":"division","url":"\/II\/"}},"structure_contents":{"0":{"id":"601","structure_id":"176","section_number":"12-2021","catch_line":"SHORT TITLE.","url":"\/12-2021\/","token":"12-2021"},"1":{"id":"602","structure_id":"176","section_number":"12-2022","catch_line":"DEFINITIONS.","url":"\/12-2022\/","token":"12-2022"},"2":{"id":"604","structure_id":"176","section_number":"12-2023","catch_line":"TAXICAB INSPECTOR; OFFICE CREATED; DUTIES GENERALLY.","url":"\/12-2023\/","token":"12-2023"},"3":{"id":"605","structure_id":"176","section_number":"12-2024","catch_line":"COMPLIANCE WITH ARTICLE; ENFORCEMENT SANCTIONS.","url":"\/12-2024\/","token":"12-2024"},"4":{"id":"606","structure_id":"176","section_number":"12-2025","catch_line":"INSURANCE.","url":"\/12-2025\/","token":"12-2025"},"5":{"id":"607","structure_id":"176","section_number":"12-2026","catch_line":"OWNER INFORMATION FILE.","url":"\/12-2026\/","token":"12-2026"},"6":{"id":"608","structure_id":"176","section_number":"12-2027","catch_line":"TYPE OF TAXICAB.","url":"\/12-2027\/","token":"12-2027"},"7":{"id":"609","structure_id":"176","section_number":"12-2028","catch_line":"EQUIPMENT; ITEMS REQUIRED.","url":"\/12-2028\/","token":"12-2028"},"8":{"id":"610","structure_id":"176","section_number":"12-2029","catch_line":"FILING DESCRIPTION.","url":"\/12-2029\/","token":"12-2029"},"9":{"id":"611","structure_id":"176","section_number":"12-2030","catch_line":"IDENTIFICATION OF VEHICLES.","url":"\/12-2030\/","token":"12-2030"},"10":{"id":"612","structure_id":"176","section_number":"12-2031","catch_line":"CONDITION OF VEHICLE; INSPECTION.","url":"\/12-2031\/","token":"12-2031"},"11":{"id":"613","structure_id":"176","section_number":"12-2032","catch_line":"MAINTENANCE.","url":"\/12-2032\/","token":"12-2032"},"12":{"id":"615","structure_id":"176","section_number":"12-2033","catch_line":"SANITATION.","url":"\/12-2033\/","token":"12-2033"},"13":{"id":"616","structure_id":"176","section_number":"12-2034","catch_line":"DRIVERS' MANIFESTS.","url":"\/12-2034\/","token":"12-2034"},"14":{"id":"617","structure_id":"176","section_number":"12-2035","catch_line":"ACCEPTING ADDITIONAL PASSENGERS.","url":"\/12-2035\/","token":"12-2035"},"15":{"id":"618","structure_id":"176","section_number":"12-2036","catch_line":"RESTRICTION ON NUMBER OF PASSENGERS.","url":"\/12-2036\/","token":"12-2036"},"16":{"id":"619","structure_id":"176","section_number":"12-2037","catch_line":"REFUSAL TO CARRY ORDERLY PASSENGERS.","url":"\/12-2037\/","token":"12-2037"},"17":{"id":"620","structure_id":"176","section_number":"12-2038","catch_line":"DECEPTION OF PASSENGERS.","url":"\/12-2038\/","token":"12-2038"},"18":{"id":"621","structure_id":"176","section_number":"12-2039","catch_line":"COMPLIANCE WITH PASSENGERS' REQUESTS.","url":"\/12-2039\/","token":"12-2039"},"19":{"id":"622","structure_id":"176","section_number":"12-2040","catch_line":"USE OF TOBACCO.","url":"\/12-2040\/","token":"12-2040"},"20":{"id":"623","structure_id":"176","section_number":"12-2041","catch_line":"LOST ARTICLES.","url":"\/12-2041\/","token":"12-2041"},"21":{"id":"624","structure_id":"176","section_number":"12-2042","catch_line":"ATTENDING VEHICLE BY DRIVER.","url":"\/12-2042\/","token":"12-2042"},"22":{"id":"626","structure_id":"176","section_number":"12-2043","catch_line":"FARES; SCHEDULE.","url":"\/12-2043\/","token":"12-2043"},"23":{"id":"627","structure_id":"176","section_number":"12-2044","catch_line":"HIRING WITH INTENT NOT TO PAY.","url":"\/12-2044\/","token":"12-2044"},"24":{"id":"628","structure_id":"176","section_number":"12-2045","catch_line":"FURNISHING RECEIPT.","url":"\/12-2045\/","token":"12-2045"},"25":{"id":"629","structure_id":"176","section_number":"12-2046","catch_line":"RATE CARD; ISSUANCE, POSTING, COMPLYING WITH.","url":"\/12-2046\/","token":"12-2046"},"26":{"id":"630","structure_id":"176","section_number":"12-2047","catch_line":"TAXI INSPECTOR'S HOURS.","url":"\/12-2047\/","token":"12-2047"},"27":{"id":"631","structure_id":"176","section_number":"12-2048","catch_line":"RESERVED.","url":"\/12-2048\/","token":"12-2048"},"28":{"id":"632","structure_id":"176","section_number":"12-2048","catch_line":"RESERVED. ","url":"\/12-2048\/","token":"12-2048"},"29":{"id":"633","structure_id":"176","section_number":"12-2051","catch_line":"REQUIRED.","url":"\/12-2051\/","token":"12-2051"},"30":{"id":"634","structure_id":"176","section_number":"12-2052","catch_line":"APPLICATION.","url":"\/12-2052\/","token":"12-2052"},"31":{"id":"635","structure_id":"176","section_number":"12-2053","catch_line":"ISSUANCE.","url":"\/12-2053\/","token":"12-2053"},"32":{"id":"637","structure_id":"176","section_number":"12-2054","catch_line":"FORM.","url":"\/12-2054\/","token":"12-2054"},"33":{"id":"638","structure_id":"176","section_number":"12-2055","catch_line":"EXPIRATION.","url":"\/12-2055\/","token":"12-2055"},"34":{"id":"639","structure_id":"176","section_number":"12-2056","catch_line":"PERMIT ISSUANCE, RENEWAL REQUIREMENT; EXCEPTIONS.","url":"\/12-2056\/","token":"12-2056"},"35":{"id":"640","structure_id":"176","section_number":"12-2057","catch_line":"ASSIGNMENT OR TRANSFER.","url":"\/12-2057\/","token":"12-2057"},"36":{"id":"641","structure_id":"176","section_number":"12-2058","catch_line":"ISSUANCE OF MEMORANDUM PERMIT.","url":"\/12-2058\/","token":"12-2058"},"37":{"id":"642","structure_id":"176","section_number":"12-2059","catch_line":"REVOCATION UPON CHANGE OF OWNERSHIP; ISSUANCE TO NEW OWNER.","url":"\/12-2059\/","token":"12-2059"},"38":{"id":"643","structure_id":"176","section_number":"12-2060","catch_line":"SUSPENSION AND REVOCATION; CAUSES, HEARING.","url":"\/12-2060\/","token":"12-2060"},"39":{"id":"644","structure_id":"176","section_number":"12-2061","catch_line":"SURRENDER OF PERMIT; RETIRING VEHICLES FROM SERVICE.","url":"\/12-2061\/","token":"12-2061"},"40":{"id":"645","structure_id":"176","section_number":"12-2062","catch_line":"RESERVED.","url":"\/12-2062\/","token":"12-2062"},"41":{"id":"646","structure_id":"176","section_number":"12-2062","catch_line":"RESERVED. ","url":"\/12-2062\/","token":"12-2062"},"42":{"id":"648","structure_id":"176","section_number":"12-2071","catch_line":"PARTICIPATION REQUIREMENTS.","url":"\/12-2071\/","token":"12-2071"},"43":{"id":"649","structure_id":"176","section_number":"12-2072","catch_line":"DETERMINATION OF ELIGIBILITY.","url":"\/12-2072\/","token":"12-2072"},"44":{"id":"650","structure_id":"176","section_number":"12-2073","catch_line":"REDEMPTION OF SCRIP.","url":"\/12-2073\/","token":"12-2073"},"45":{"id":"651","structure_id":"176","section_number":"12-2074","catch_line":"PENALTIES.","url":"\/12-2074\/","token":"12-2074"},"46":{"id":"652","structure_id":"176","section_number":"12-2075","catch_line":"RESERVED.","url":"\/12-2075\/","token":"12-2075"},"47":{"id":"653","structure_id":"176","section_number":"12-2081","catch_line":"REQUIRED.","url":"\/12-2081\/","token":"12-2081"},"48":{"id":"654","structure_id":"176","section_number":"12-2082","catch_line":"APPLICATION.","url":"\/12-2082\/","token":"12-2082"},"49":{"id":"655","structure_id":"176","section_number":"12-2083","catch_line":"PROBATIONARY DRIVER'S PERMIT.","url":"\/12-2083\/","token":"12-2083"},"50":{"id":"656","structure_id":"176","section_number":"12-2084","catch_line":"EXAMINATION AND INVESTIGATION.","url":"\/12-2084\/","token":"12-2084"},"51":{"id":"657","structure_id":"176","section_number":"12-2085","catch_line":"QUALIFICATIONS.","url":"\/12-2085\/","token":"12-2085"},"52":{"id":"659","structure_id":"176","section_number":"12-2086","catch_line":"REFUSAL TO ISSUE.","url":"\/12-2086\/","token":"12-2086"},"53":{"id":"660","structure_id":"176","section_number":"12-2087","catch_line":"APPEAL FROM REFUSAL.","url":"\/12-2087\/","token":"12-2087"},"54":{"id":"661","structure_id":"176","section_number":"12-2088","catch_line":"GRANTING.","url":"\/12-2088\/","token":"12-2088"},"55":{"id":"662","structure_id":"176","section_number":"12-2089","catch_line":"CONTENTS AND EFFECT.","url":"\/12-2089\/","token":"12-2089"},"56":{"id":"663","structure_id":"176","section_number":"12-2090","catch_line":"SAFETY PERMIT.","url":"\/12-2090\/","token":"12-2090"},"57":{"id":"664","structure_id":"176","section_number":"12-2091","catch_line":"REVOCATION.","url":"\/12-2091\/","token":"12-2091"},"58":{"id":"665","structure_id":"176","section_number":"12-2092","catch_line":"SURRENDER, DISPLAY, LOSS, ETC., OF DRIVER'S PERMIT.","url":"\/12-2092\/","token":"12-2092"},"59":{"id":"666","structure_id":"176","section_number":"12-2093","catch_line":"EXPIRATION, RENEWAL.","url":"\/12-2093\/","token":"12-2093"},"60":{"id":"667","structure_id":"176","section_number":"12-2094","catch_line":"RESERVED.","url":"\/12-2094\/","token":"12-2094"},"61":{"id":"668","structure_id":"176","section_number":"12-2094","catch_line":"RESERVED. ","url":"\/12-2094\/","token":"12-2094"}},"previous_section":{"id":"604","structure_id":"176","section_number":"12-2023","catch_line":"TAXICAB INSPECTOR; OFFICE CREATED; DUTIES GENERALLY.","url":"\/12-2023\/","token":"12-2023"},"next_section":{"id":"606","structure_id":"176","section_number":"12-2025","catch_line":"INSURANCE.","url":"\/12-2025\/","token":"12-2025"},"references":false,"formats":{"txt":"\/12-2024.txt","json":"\/12-2024.xml"},"dublin_core":{"Title":"COMPLIANCE WITH ARTICLE; ENFORCEMENT SANCTIONS.","Type":"Text","Format":"text\/html","Identifier":"\u00a7 12-2024","Relation":"Code of State"},"plain_text":"                                  CODE OF STATE\n\nCOMPLIANCE WITH ARTICLE; ENFORCEMENT SANCTIONS. (\u00a7 12-2024)\n\n(a) It shall be unlawful for any person to engage in the business of operating\none or more taxicabs, or to drive any taxicab, within the corporate limits of\nthe City or within a radius of one mile beyond the corporate limits in all\ndirections unless such person shall have complied with and shall continue to\ncomply with the provisions of this chapter. The provisions of this chapter shall\nnot apply to any taxicab operated between fixed termini only one of which is\nwithin the corporate limits of the City and within a radius of one mile beyond\nthe corporate limits; that is, where only the point of origin or only the point\nof destination, respectively, of any trip is within the corporate limits of the\nCity and within a radius of one mile beyond in all directions, except that any\nsuch surrounding territory shall be subject to the following sections of this\nchapter, to wit: \u00a7\u00a712-2025, 12-2026, 12-2027, 12-2029, 12-2031, 12-2032,\n12-2033, 12-2039, 12-2041, 12-2042, 12-2081 through 12-2093 to the extent\napplicable; nor shall the provisions of this article apply to any taxicab\noperated through the corporate limits of the City without picking up and\ndischarging any passenger within the City and surrounding one-mile territory.\n\n(b) \n\n   (1) \tThe levying of civil penalties shall be initiated by any police officer\n   or the taxicab inspector giving written notice of the infraction committed to\n   the taxicab owner or driver, along with a statement that a civil penalty is\n   being imposed. The notice shall inform the owner or driver that he may appeal\n   the civil penalty within ten (10) days to the taxicab inspector&#8217;s\n   immediate supervisor. If an appeal is made, a hearing shall be held before the\n   taxicab inspector&#8217;s immediate supervisor, who, following the hearing,\n   shall affirm or reverse the imposition of the penalty. \n   \n\n   (2) \tFor the second, and successive violations under the provisions of this\n   article during a single calendar year, the civil penalty shall be double that\n   imposed for the first violation. \n   \n\n   (3) \tCivil penalties shall be paid within fifteen (15) days to the office of\n   the Revenue Collector. If not so paid, the City may initiate a civil action in\n   the name of the City in the nature of debt to collect the unpaid penalties.\n   Owner&#8217;s and\/or driver&#8217;s permit privileges will be revoked until\n   the entire debt is paid. \n   \n\n   (4) \tAny permit required to be issued and renewed under the terms of this\n   article shall not be issued or renewed in the event civil penalties for\n   violations remain unpaid by the applicant or by an employee of the applicant.\n   \n   \n\n   (5) \tIn addition to the levying of civil penalties for violations of this\n   article, violations shall also be punishable as a misdemeanor offense under\n   G.S. 14-4, each day&#8217;s continuing violation constituting a separate\n   offense. \n   \n\n(c) All companies with valid owner&#8217;s permits shall be responsible for the\ncompliance of their affiliated drivers. Failure of a driver to comply with this\nsection may result in the issuance of citations to the company owners of\ntaxicabs.\n\n(d) It shall be unlawful for any limousine or vehicle for hire to operate within\nthe City of Raleigh without a for hire tag issued by the North Carolina\nDepartment of Motor Vehicles in accordance with NCGS 20-86 and 20-87.\n\n(e) It shall be unlawful for any limousine, vehicle for hire or shuttle to\ncruise, as defined by Raleigh City Code 12-2022(c). This restriction shall not\napply to properly registered taxicabs.\n\n(f) Violations of subsection (d) or (e) of this section, in addition to all\nother remedies and sanctions under this Code or State law, shall be a\nmisdemeanor. \n(Code 1959 , \u00a722-4; Ord. No. 1980-487, \u00a75, 10-7-80; Ord. No. 1999-691, \u00a71,\n11-16-99; Ord. No. 2003-409, \u00a71, 3-18-03; Ord. No. 2009-671, \u00a7\u00a76\u20149,\n11-3-09)\n"}