{"law_id":"712","section_number":"12-2159","catch_line":"ENFORCEMENT.","history":"","order_by":"12-2159","metadata":false,"url":"\/12-2159\/","token":"12-2159","structure":{"1":{"id":"180","name":"ARTICLE F. - SHORT-TERM RESIDENTIAL OCCUPANCIES [7]","identifier":"F","label":"article","url":"\/II\/12\/2\/F\/"},"2":{"id":"174","name":"CHAPTER 2. - BUSINESSES AND TRADES","identifier":"2","label":"chapter","url":"\/II\/12\/2\/"},"3":{"id":"169","name":"PART 12 - LICENSING AND REGULATION","identifier":"12","label":"part","url":"\/II\/12\/"},"4":{"id":"5","name":"Division II - Planning and Development","identifier":"II","label":"division","url":"\/II\/"}},"referred_to_by":false,"edition_id":"1","section_id":"712","structure_id":"180","full_text":"(b) Equitable remedies, including injunctions. \nAs authorized by the City Council, the City may apply for any appropriate equitable remedy to enforce the provisions of this article, including mandatory or prohibitory injunctions commanding the party to correct the unlawful condition or cease the unlawful use of the business.\r\r(c) Criminal offense. \nA violation of this article shall constitute a misdemeanor offense as provided by G.S. 14-4, and the maximum fine or term of imprisonment or both as authorized by law is hereby imposed.\r\r(d) Revocation of license. \nFollowing a written recommendation of the City Manager which describes the nature of any violation, the City Council may revoke a license issued pursuant to \u00a712-2156 if it determines that the licensee has violated any provision of this article and other means of enforcement have failed to deter the licensee from operating in violation of this article. \n(Ord. No. 1992-31, \u00a71, 8-4-92; Ord. No. 1994-340, \u00a72, 2-15-94; Ord. No. 1997-49, \u00a73, 2-4-97)\r\r","text":{"0":{"id":"2085","text":"","type":"section","prefixes":["(a)"],"prefix":"(a)","entire_prefix":"(a)","prefix_anchor":"(a)","level":1},"1":{"id":"2086","text":"\tAny person who shall operate a business without first applying for and obtaining the license required in \u00a712-2156 shall be subject to a civil penalty of one thousand dollars ($1,000.00), and each continuing day of noncompliance following notice thereof shall result in the assessment of an additional civil penalty of five hundred dollars ($500.00) per day. \n","type":"section","prefixes":["(a)","(1)"],"prefix":"(1)","entire_prefix":"(a)(1)","prefix_anchor":"(a)(1)","level":2},"2":{"id":"2087","text":"\tAny licensee who after receiving written notice by the City violates \u00a712-2157 shall be subject to a civil penalty of five hundred dollars ($500.00). Thereafter, each and every subsequent single violation occurring on the same business location, within the same two-year period shall be assessed a civil penalty of one thousand dollars ($1,000.00). \n","type":"section","prefixes":["(a)","(2)"],"prefix":"(2)","entire_prefix":"(a)(2)","prefix_anchor":"(a)(2)","level":2},"3":{"id":"2088","text":"Equitable remedies, including injunctions. \nAs authorized by the City Council, the City may apply for any appropriate equitable remedy to enforce the provisions of this article, including mandatory or prohibitory injunctions commanding the party to correct the unlawful condition or cease the unlawful use of the business.","type":"section","prefixes":["(b)"],"prefix":"(b)","entire_prefix":"(b)","prefix_anchor":"(b)","level":1},"4":{"id":"2089","text":"Criminal offense. \nA violation of this article shall constitute a misdemeanor offense as provided by G.S. 14-4, and the maximum fine or term of imprisonment or both as authorized by law is hereby imposed.","type":"section","prefixes":["(c)"],"prefix":"(c)","entire_prefix":"(c)","prefix_anchor":"(c)","level":1},"5":{"id":"2090","text":"Revocation of license. \nFollowing a written recommendation of the City Manager which describes the nature of any violation, the City Council may revoke a license issued pursuant to \u00a712-2156 if it determines that the licensee has violated any provision of this article and other means of enforcement have failed to deter the licensee from operating in violation of this article. \n(Ord. No. 1992-31, \u00a71, 8-4-92; Ord. No. 1994-340, \u00a72, 2-15-94; Ord. No. 1997-49, \u00a73, 2-4-97)","type":"section","prefixes":["(d)"],"prefix":"(d)","entire_prefix":"(d)","prefix_anchor":"(d)","level":1}},"ancestry":{"1":{"id":"180","name":"ARTICLE F. - SHORT-TERM RESIDENTIAL OCCUPANCIES [7]","identifier":"F","label":"article","url":"\/II\/12\/2\/F\/"},"2":{"id":"174","name":"CHAPTER 2. - BUSINESSES AND TRADES","identifier":"2","label":"chapter","url":"\/II\/12\/2\/"},"3":{"id":"169","name":"PART 12 - LICENSING AND REGULATION","identifier":"12","label":"part","url":"\/II\/12\/"},"4":{"id":"5","name":"Division II - Planning and Development","identifier":"II","label":"division","url":"\/II\/"}},"structure_contents":{"0":{"id":"708","structure_id":"180","section_number":"12-2155","catch_line":"DECLARATION OF NECESSITY.","url":"\/12-2155\/","token":"12-2155"},"1":{"id":"709","structure_id":"180","section_number":"12-2156","catch_line":"LICENSE REQUIRED.","url":"\/12-2156\/","token":"12-2156"},"2":{"id":"710","structure_id":"180","section_number":"12-2157","catch_line":"STANDARDS.","url":"\/12-2157\/","token":"12-2157"},"3":{"id":"711","structure_id":"180","section_number":"12-2158","catch_line":"COMPLIANCE WITH PROVISIONS.","url":"\/12-2158\/","token":"12-2158"},"4":{"id":"712","structure_id":"180","section_number":"12-2159","catch_line":"ENFORCEMENT.","url":"\/12-2159\/","token":"12-2159"},"5":{"id":"713","structure_id":"180","section_number":"12-2160","catch_line":"RELATION TO OTHER LAWS.","url":"\/12-2160\/","token":"12-2160"},"6":{"id":"715","structure_id":"180","section_number":"12-2161","catch_line":"REGISTRATION OF SUPPORTIVE HOUSING RESIDENCES AND MULTI-UNIT SUPPORTIVE HOUSING RESIDENCES.","url":"\/12-2161\/","token":"12-2161"}},"previous_section":{"id":"711","structure_id":"180","section_number":"12-2158","catch_line":"COMPLIANCE WITH PROVISIONS.","url":"\/12-2158\/","token":"12-2158"},"next_section":{"id":"713","structure_id":"180","section_number":"12-2160","catch_line":"RELATION TO OTHER LAWS.","url":"\/12-2160\/","token":"12-2160"},"references":false,"formats":{"txt":"\/12-2159.txt","json":"\/12-2159.xml"},"dublin_core":{"Title":"ENFORCEMENT.","Type":"Text","Format":"text\/html","Identifier":"\u00a7 12-2159","Relation":"Code of State"},"plain_text":"                                  CODE OF STATE\n\nENFORCEMENT. (\u00a7 12-2159)\n\n(a) \n\n   (1) \tAny person who shall operate a business without first applying for and\n   obtaining the license required in \u00a712-2156 shall be subject to a civil\n   penalty of one thousand dollars ($1,000.00), and each continuing day of\n   noncompliance following notice thereof shall result in the assessment of an\n   additional civil penalty of five hundred dollars ($500.00) per day. \n   \n\n   (2) \tAny licensee who after receiving written notice by the City violates\n   \u00a712-2157 shall be subject to a civil penalty of five hundred dollars\n   ($500.00). Thereafter, each and every subsequent single violation occurring on\n   the same business location, within the same two-year period shall be assessed\n   a civil penalty of one thousand dollars ($1,000.00). \n   \n\n(b) Equitable remedies, including injunctions. \nAs authorized by the City Council, the City may apply for any appropriate\nequitable remedy to enforce the provisions of this article, including mandatory\nor prohibitory injunctions commanding the party to correct the unlawful\ncondition or cease the unlawful use of the business.\n\n(c) Criminal offense. \nA violation of this article shall constitute a misdemeanor offense as provided\nby G.S. 14-4, and the maximum fine or term of imprisonment or both as authorized\nby law is hereby imposed.\n\n(d) Revocation of license. \nFollowing a written recommendation of the City Manager which describes the\nnature of any violation, the City Council may revoke a license issued pursuant\nto \u00a712-2156 if it determines that the licensee has violated any provision of\nthis article and other means of enforcement have failed to deter the licensee\nfrom operating in violation of this article. \n(Ord. No. 1992-31, \u00a71, 8-4-92; Ord. No. 1994-340, \u00a72, 2-15-94; Ord. No.\n1997-49, \u00a73, 2-4-97)\n"}