{"law_id":"681","section_number":"12-2118","catch_line":"DEFINITION.","history":"","order_by":"12-2118","metadata":false,"url":"\/12-2118\/","token":"12-2118","structure":{"1":{"id":"178","name":"ARTICLE D. - AMUSEMENTS [4]","identifier":"D","label":"article","url":"\/II\/12\/2\/D\/"},"2":{"id":"174","name":"CHAPTER 2. - BUSINESSES AND TRADES","identifier":"2","label":"chapter","url":"\/II\/12\/2\/"},"3":{"id":"169","name":"PART 12 - LICENSING AND REGULATION","identifier":"12","label":"part","url":"\/II\/12\/"},"4":{"id":"5","name":"Division II - Planning and Development","identifier":"II","label":"division","url":"\/II\/"}},"referred_to_by":{"0":{"id":"679","section_number":"12-2117","catch_line":"RESERVED.","url":"http:\/\/localhost:8888\/12-2117\/"}},"edition_id":"1","section_id":"681","structure_id":"178","full_text":"All establishments located in Raleigh and providing amplified music or other amplified entertainment shall possess an amplified entertainment permit. Amplified entertainment shall mean any type of music or other entertainment delivered through and by an electronic system. Televisions operating with no amplification other than their internal speakers and background music systems operated at a low amplification and not intended for entertainment shall not be deemed amplified entertainment. Religious worship facilities, schools and any establishment providing amplified entertainment four (4) or fewer times a year are exempt from the provisions of this division. \n(Ord. No. 1999-539, \u00a71, 4-6-99; Ord. No. 2005-851, \u00a71, 6-7-05)","text":{"0":{"id":"1965","text":"All establishments located in Raleigh and providing amplified music or other amplified entertainment shall possess an amplified entertainment permit. Amplified entertainment shall mean any type of music or other entertainment delivered through and by an electronic system. Televisions operating with no amplification other than their internal speakers and background music systems operated at a low amplification and not intended for entertainment shall not be deemed amplified entertainment. Religious worship facilities, schools and any establishment providing amplified entertainment four (4) or fewer times a year are exempt from the provisions of this division. \n(Ord. No. 1999-539, \u00a71, 4-6-99; Ord. No. 2005-851, \u00a71, 6-7-05)","type":"section","prefixes":[""],"prefix":"","entire_prefix":"","prefix_anchor":"","level":1}},"ancestry":{"1":{"id":"178","name":"ARTICLE D. - AMUSEMENTS [4]","identifier":"D","label":"article","url":"\/II\/12\/2\/D\/"},"2":{"id":"174","name":"CHAPTER 2. - BUSINESSES AND TRADES","identifier":"2","label":"chapter","url":"\/II\/12\/2\/"},"3":{"id":"169","name":"PART 12 - LICENSING AND REGULATION","identifier":"12","label":"part","url":"\/II\/12\/"},"4":{"id":"5","name":"Division II - Planning and Development","identifier":"II","label":"division","url":"\/II\/"}},"structure_contents":{"0":{"id":"676","structure_id":"178","section_number":"12-2111","catch_line":"THEATERS AND SHOWS; ADVANCE APPLICATION FOR LICENSE, ISSUANCE DISCRETIONARY; TYPES OF SHOWS PROHIBITED.","url":"\/12-2111\/","token":"12-2111"},"1":{"id":"677","structure_id":"178","section_number":"12-2112","catch_line":"SALE OF TICKETS IN EXCESS OF SEATS.","url":"\/12-2112\/","token":"12-2112"},"2":{"id":"678","structure_id":"178","section_number":"12-2113","catch_line":"RESERVED.","url":"\/12-2113\/","token":"12-2113"},"3":{"id":"679","structure_id":"178","section_number":"12-2117","catch_line":"RESERVED.","url":"\/12-2117\/","token":"12-2117"},"4":{"id":"681","structure_id":"178","section_number":"12-2118","catch_line":"DEFINITION.","url":"\/12-2118\/","token":"12-2118"},"5":{"id":"682","structure_id":"178","section_number":"12-2119","catch_line":"REQUIREMENTS FOR AMPLIFIED ENTERTAINMENT PERMIT.","url":"\/12-2119\/","token":"12-2119"},"6":{"id":"683","structure_id":"178","section_number":"12-2120","catch_line":"OUTDOOR AMPLIFIED ENTERTAINMENT.","url":"\/12-2120\/","token":"12-2120"},"7":{"id":"684","structure_id":"178","section_number":"12-2121","catch_line":"OUTDOOR DINING.","url":"\/12-2121\/","token":"12-2121"},"8":{"id":"685","structure_id":"178","section_number":"12-2122","catch_line":"ISSUANCE OF PERMIT.","url":"\/12-2122\/","token":"12-2122"},"9":{"id":"686","structure_id":"178","section_number":"12-2123","catch_line":"ADDITIONAL PROHIBITIONS.","url":"\/12-2123\/","token":"12-2123"},"10":{"id":"687","structure_id":"178","section_number":"12-2124","catch_line":"PENALTIES.","url":"\/12-2124\/","token":"12-2124"},"11":{"id":"688","structure_id":"178","section_number":"12-2125","catch_line":"EFFECTIVE DATE.","url":"\/12-2125\/","token":"12-2125"},"12":{"id":"689","structure_id":"178","section_number":"12-2126","catch_line":"RESERVED.","url":"\/12-2126\/","token":"12-2126"}},"previous_section":{"id":"679","structure_id":"178","section_number":"12-2117","catch_line":"RESERVED.","url":"\/12-2117\/","token":"12-2117"},"next_section":{"id":"682","structure_id":"178","section_number":"12-2119","catch_line":"REQUIREMENTS FOR AMPLIFIED ENTERTAINMENT PERMIT.","url":"\/12-2119\/","token":"12-2119"},"references":{"0":{"id":"689","section_number":"12-2126","catch_line":"RESERVED.","url":"http:\/\/localhost:8888\/12-2126\/"}},"formats":{"txt":"\/12-2118.txt","json":"\/12-2118.xml"},"dublin_core":{"Title":"DEFINITION.","Type":"Text","Format":"text\/html","Identifier":"\u00a7 12-2118","Relation":"Code of State"},"plain_text":"                                  CODE OF STATE\n\nDEFINITION. (\u00a7 12-2118)\n\nAll establishments located in Raleigh and providing amplified music or other\namplified entertainment shall possess an amplified entertainment permit.\nAmplified entertainment shall mean any type of music or other entertainment\ndelivered through and by an electronic system. Televisions operating with no\namplification other than their internal speakers and background music systems\noperated at a low amplification and not intended for entertainment shall not be\ndeemed amplified entertainment. Religious worship facilities, schools and any\nestablishment providing amplified entertainment four (4) or fewer times a year\nare exempt from the provisions of this division. \n(Ord. No. 1999-539, \u00a71, 4-6-99; Ord. No. 2005-851, \u00a71, 6-7-05)\n"}