{"law_id":"723","section_number":"12-2169","catch_line":"ADMINISTRATIVE FEE AND ARBITRATION FEE.","history":"","order_by":"12-2169","metadata":false,"url":"\/12-2169\/","token":"12-2169","structure":{"1":{"id":"181","name":"ARTICLE G. - PROBATIONARY RENTAL OCCUPANCY PERMIT [8]","identifier":"G","label":"article","url":"\/II\/12\/2\/G\/"},"2":{"id":"174","name":"CHAPTER 2. - BUSINESSES AND TRADES","identifier":"2","label":"chapter","url":"\/II\/12\/2\/"},"3":{"id":"169","name":"PART 12 - LICENSING AND REGULATION","identifier":"12","label":"part","url":"\/II\/12\/"},"4":{"id":"5","name":"Division II - Planning and Development","identifier":"II","label":"division","url":"\/II\/"}},"referred_to_by":false,"edition_id":"1","section_id":"723","structure_id":"181","full_text":"(a) Fee for each violation. \nAny person who violates this article shall pay an administrative fee of two hundred dollars ($200.00) per violation and the costs to the City of service of orders and notices.\r\r(b) Fee for arbitration. \nAny person who files an appeal shall pay an administrative fee of two hundred ($200.00) to the City at the time the appeal request is made. Failure to pay the administrative fee shall cause the appeal to be denied. The person who filed the appeal shall be responsible for paying one-half of the costs of the arbitration fee. If the person who appeals is the prevailing party, the administrative fee and the portion of the arbitration fee shall be reimbursed. \n(Ord. No. 2004-720, \u00a71, 10-19-04; Ord. No. 2006-54, \u00a712, 7-11-06)\r\r","text":{"0":{"id":"2181","text":"Fee for each violation. \nAny person who violates this article shall pay an administrative fee of two hundred dollars ($200.00) per violation and the costs to the City of service of orders and notices.","type":"section","prefixes":["(a)"],"prefix":"(a)","entire_prefix":"(a)","prefix_anchor":"(a)","level":1},"1":{"id":"2182","text":"Fee for arbitration. \nAny person who files an appeal shall pay an administrative fee of two hundred ($200.00) to the City at the time the appeal request is made. Failure to pay the administrative fee shall cause the appeal to be denied. The person who filed the appeal shall be responsible for paying one-half of the costs of the arbitration fee. If the person who appeals is the prevailing party, the administrative fee and the portion of the arbitration fee shall be reimbursed. \n(Ord. No. 2004-720, \u00a71, 10-19-04; Ord. No. 2006-54, \u00a712, 7-11-06)","type":"section","prefixes":["(b)"],"prefix":"(b)","entire_prefix":"(b)","prefix_anchor":"(b)","level":1}},"ancestry":{"1":{"id":"181","name":"ARTICLE G. - PROBATIONARY RENTAL OCCUPANCY PERMIT [8]","identifier":"G","label":"article","url":"\/II\/12\/2\/G\/"},"2":{"id":"174","name":"CHAPTER 2. - BUSINESSES AND TRADES","identifier":"2","label":"chapter","url":"\/II\/12\/2\/"},"3":{"id":"169","name":"PART 12 - LICENSING AND REGULATION","identifier":"12","label":"part","url":"\/II\/12\/"},"4":{"id":"5","name":"Division II - Planning and Development","identifier":"II","label":"division","url":"\/II\/"}},"structure_contents":{"0":{"id":"716","structure_id":"181","section_number":"12-2162","catch_line":"FINDINGS AND DECLARATION OF NECESSITY.","url":"\/12-2162\/","token":"12-2162"},"1":{"id":"717","structure_id":"181","section_number":"12-2163","catch_line":"DEFINITIONS.","url":"\/12-2163\/","token":"12-2163"},"2":{"id":"718","structure_id":"181","section_number":"12-2164","catch_line":"PERMITTING OF PROBATIONARY RENTAL RESIDENTIAL DWELLINGS.","url":"\/12-2164\/","token":"12-2164"},"3":{"id":"719","structure_id":"181","section_number":"12-2165","catch_line":"STANDARDS.","url":"\/12-2165\/","token":"12-2165"},"4":{"id":"720","structure_id":"181","section_number":"12-2166","catch_line":"COMPLIANCE WITH PROVISIONS.","url":"\/12-2166\/","token":"12-2166"},"5":{"id":"721","structure_id":"181","section_number":"12-2167","catch_line":"ENFORCEMENT.","url":"\/12-2167\/","token":"12-2167"},"6":{"id":"722","structure_id":"181","section_number":"12-2168","catch_line":"APPEAL.","url":"\/12-2168\/","token":"12-2168"},"7":{"id":"723","structure_id":"181","section_number":"12-2169","catch_line":"ADMINISTRATIVE FEE AND ARBITRATION FEE.","url":"\/12-2169\/","token":"12-2169"},"8":{"id":"724","structure_id":"181","section_number":"12-2170","catch_line":"METHODS OF SERVICE.","url":"\/12-2170\/","token":"12-2170"},"9":{"id":"726","structure_id":"181","section_number":"12-2171","catch_line":"RELATION TO OTHER LAWS.","url":"\/12-2171\/","token":"12-2171"},"10":{"id":"727","structure_id":"181","section_number":"12-2172","catch_line":"RESERVED.","url":"\/12-2172\/","token":"12-2172"}},"previous_section":{"id":"722","structure_id":"181","section_number":"12-2168","catch_line":"APPEAL.","url":"\/12-2168\/","token":"12-2168"},"next_section":{"id":"724","structure_id":"181","section_number":"12-2170","catch_line":"METHODS OF SERVICE.","url":"\/12-2170\/","token":"12-2170"},"references":false,"formats":{"txt":"\/12-2169.txt","json":"\/12-2169.xml"},"dublin_core":{"Title":"ADMINISTRATIVE FEE AND ARBITRATION FEE.","Type":"Text","Format":"text\/html","Identifier":"\u00a7 12-2169","Relation":"Code of State"},"plain_text":"                                  CODE OF STATE\n\nADMINISTRATIVE FEE AND ARBITRATION FEE. (\u00a7 12-2169)\n\n(a) Fee for each violation. \nAny person who violates this article shall pay an administrative fee of two\nhundred dollars ($200.00) per violation and the costs to the City of service of\norders and notices.\n\n(b) Fee for arbitration. \nAny person who files an appeal shall pay an administrative fee of two hundred\n($200.00) to the City at the time the appeal request is made. Failure to pay the\nadministrative fee shall cause the appeal to be denied. The person who filed the\nappeal shall be responsible for paying one-half of the costs of the arbitration\nfee. If the person who appeals is the prevailing party, the administrative fee\nand the portion of the arbitration fee shall be reimbursed. \n(Ord. No. 2004-720, \u00a71, 10-19-04; Ord. No. 2006-54, \u00a712, 7-11-06)\n"}