{"law_id":"722","section_number":"12-2168","catch_line":"APPEAL.","history":"","order_by":"12-2168","metadata":false,"url":"\/12-2168\/","token":"12-2168","structure":{"1":{"id":"181","name":"ARTICLE G. - PROBATIONARY RENTAL OCCUPANCY PERMIT [8]","identifier":"G","label":"article","url":"\/II\/12\/2\/G\/"},"2":{"id":"174","name":"CHAPTER 2. - BUSINESSES AND TRADES","identifier":"2","label":"chapter","url":"\/II\/12\/2\/"},"3":{"id":"169","name":"PART 12 - LICENSING AND REGULATION","identifier":"12","label":"part","url":"\/II\/12\/"},"4":{"id":"5","name":"Division II - Planning and Development","identifier":"II","label":"division","url":"\/II\/"}},"referred_to_by":{"0":{"id":"730","section_number":"12-2177","catch_line":"REGISTRATION REQUIREMENT.","url":"http:\/\/localhost:8888\/12-2177\/"}},"edition_id":"1","section_id":"722","structure_id":"181","full_text":"(1) An appeal must be filed in writing with the Director of the Inspections Department within thirty (30) days after service of the written notice or order of the Director of the Inspections Department on the petitioner. The written appeal shall identify the application of the article at issue and provide the reasons the petitioner contends that it was wrongly applied and any supporting documentation. An appeal challenging a notice that a dwelling is qualified as a &#8220;probationary rental residential dwelling&#8221; pursuant to \u00a712-2163(l)(10) may include an appeal of the basis for the citations resulting in the determination that the dwelling is qualified as a &#8220;probationary rental residential dwelling&#8221; pursuant to \u00a712-2163(l)(10).\r\r(2) Unless the Director of Inspections decides to allow the requested relief based on the appeal request, the Director of the Inspections Department shall send each appeal request to arbitration. The Director of Inspections and the appealing party shall select an arbitrator from the Wake County District Court list of arbitrators. The arbitration shall be conducted, to the extent practicable, in accordance with the Supreme Court Rules for Court-Ordered Arbitration in North Carolina. The arbitrator shall be paid a fee equal to the maximum fee specified in such Rules. The arbitrator shall consider both the applicable code provisions and equitable factors in resolving the appeal. If the person who files an appeal of a notice that a dwelling is qualified as a &#8220;probationary rental residential dwelling&#8221; pursuant to \u00a712-2163(l)(10) shows that the owner did not cause and, with the use of reasonable measures, could not have prevented the actions or activities leading to the citations which qualified the dwelling as a &#8220;probationary rental residential dwelling&#8221; pursuant to \u00a712-2163(l)(10), the arbitrator may reverse the order.\r\r(3) An appeal may be taken from any decision of arbitrator by giving notice of appeal to the City Council within thirty (30) days after service of the written decision of the arbitrator. Notice of appeal shall be given by delivery of a written statement to the City Manager stating the grounds for the appeal and providing the City Manager with a copy of the written decision of the arbitrator. The written appeal shall identify the application the article at issue and provide the reasons the petitioner contends that it was wrongly applied. The Director of the Inspection Department shall transmit to the City Manager all documents constituting the record upon which the decision by the arbitrator was made.\r\r(4) The City Council shall fix a reasonable time for the presentation of oral arguments by the parties and shall give due notice to the petitioner and the City Manager. After consideration of the arbitrator&#8217;s decision, including any equitable factors applied by the arbitrator, and the record of the proceeding, the City Council shall issue a written determination, within a reasonable time, stating whether the disputed application of the article will be approved without change or modified or reversed.\r\r(5) All decisions of the Director of the Inspections Department and City Council shall be served on the petitioner.\r\r(6) The enforcement of an order issued by the Inspections Department which includes the revocation of a residential rental occupancy permit shall be stayed upon the filing of an appeal and until a final order is issued by the Director of the Inspections Department or City Council. \n(Ord. No. 2004-720, \u00a71, 10-19-04; Ord. No. 2006-54, \u00a7\u00a711, 14, 15, 7-11-06)\r\r","text":{"0":{"id":"2175","text":"An appeal must be filed in writing with the Director of the Inspections Department within thirty (30) days after service of the written notice or order of the Director of the Inspections Department on the petitioner. The written appeal shall identify the application of the article at issue and provide the reasons the petitioner contends that it was wrongly applied and any supporting documentation. An appeal challenging a notice that a dwelling is qualified as a &#8220;probationary rental residential dwelling&#8221; pursuant to \u00a712-2163(l)(10) may include an appeal of the basis for the citations resulting in the determination that the dwelling is qualified as a &#8220;probationary rental residential dwelling&#8221; pursuant to \u00a712-2163(l)(10).","type":"section","prefixes":["(1)"],"prefix":"(1)","entire_prefix":"(1)","prefix_anchor":"(1)","level":1},"1":{"id":"2176","text":"Unless the Director of Inspections decides to allow the requested relief based on the appeal request, the Director of the Inspections Department shall send each appeal request to arbitration. The Director of Inspections and the appealing party shall select an arbitrator from the Wake County District Court list of arbitrators. The arbitration shall be conducted, to the extent practicable, in accordance with the Supreme Court Rules for Court-Ordered Arbitration in North Carolina. The arbitrator shall be paid a fee equal to the maximum fee specified in such Rules. The arbitrator shall consider both the applicable code provisions and equitable factors in resolving the appeal. If the person who files an appeal of a notice that a dwelling is qualified as a &#8220;probationary rental residential dwelling&#8221; pursuant to \u00a712-2163(l)(10) shows that the owner did not cause and, with the use of reasonable measures, could not have prevented the actions or activities leading to the citations which qualified the dwelling as a &#8220;probationary rental residential dwelling&#8221; pursuant to \u00a712-2163(l)(10), the arbitrator may reverse the order.","type":"section","prefixes":["(2)"],"prefix":"(2)","entire_prefix":"(2)","prefix_anchor":"(2)","level":1},"2":{"id":"2177","text":"An appeal may be taken from any decision of arbitrator by giving notice of appeal to the City Council within thirty (30) days after service of the written decision of the arbitrator. Notice of appeal shall be given by delivery of a written statement to the City Manager stating the grounds for the appeal and providing the City Manager with a copy of the written decision of the arbitrator. The written appeal shall identify the application the article at issue and provide the reasons the petitioner contends that it was wrongly applied. The Director of the Inspection Department shall transmit to the City Manager all documents constituting the record upon which the decision by the arbitrator was made.","type":"section","prefixes":["(3)"],"prefix":"(3)","entire_prefix":"(3)","prefix_anchor":"(3)","level":1},"3":{"id":"2178","text":"The City Council shall fix a reasonable time for the presentation of oral arguments by the parties and shall give due notice to the petitioner and the City Manager. After consideration of the arbitrator&#8217;s decision, including any equitable factors applied by the arbitrator, and the record of the proceeding, the City Council shall issue a written determination, within a reasonable time, stating whether the disputed application of the article will be approved without change or modified or reversed.","type":"section","prefixes":["(4)"],"prefix":"(4)","entire_prefix":"(4)","prefix_anchor":"(4)","level":1},"4":{"id":"2179","text":"All decisions of the Director of the Inspections Department and City Council shall be served on the petitioner.","type":"section","prefixes":["(5)"],"prefix":"(5)","entire_prefix":"(5)","prefix_anchor":"(5)","level":1},"5":{"id":"2180","text":"The enforcement of an order issued by the Inspections Department which includes the revocation of a residential rental occupancy permit shall be stayed upon the filing of an appeal and until a final order is issued by the Director of the Inspections Department or City Council. \n(Ord. No. 2004-720, \u00a71, 10-19-04; Ord. No. 2006-54, \u00a7\u00a711, 14, 15, 7-11-06)","type":"section","prefixes":["(6)"],"prefix":"(6)","entire_prefix":"(6)","prefix_anchor":"(6)","level":1}},"ancestry":{"1":{"id":"181","name":"ARTICLE G. - PROBATIONARY RENTAL OCCUPANCY PERMIT [8]","identifier":"G","label":"article","url":"\/II\/12\/2\/G\/"},"2":{"id":"174","name":"CHAPTER 2. - BUSINESSES AND TRADES","identifier":"2","label":"chapter","url":"\/II\/12\/2\/"},"3":{"id":"169","name":"PART 12 - LICENSING AND REGULATION","identifier":"12","label":"part","url":"\/II\/12\/"},"4":{"id":"5","name":"Division II - Planning and Development","identifier":"II","label":"division","url":"\/II\/"}},"structure_contents":{"0":{"id":"716","structure_id":"181","section_number":"12-2162","catch_line":"FINDINGS AND DECLARATION OF NECESSITY.","url":"\/12-2162\/","token":"12-2162"},"1":{"id":"717","structure_id":"181","section_number":"12-2163","catch_line":"DEFINITIONS.","url":"\/12-2163\/","token":"12-2163"},"2":{"id":"718","structure_id":"181","section_number":"12-2164","catch_line":"PERMITTING OF PROBATIONARY RENTAL RESIDENTIAL DWELLINGS.","url":"\/12-2164\/","token":"12-2164"},"3":{"id":"719","structure_id":"181","section_number":"12-2165","catch_line":"STANDARDS.","url":"\/12-2165\/","token":"12-2165"},"4":{"id":"720","structure_id":"181","section_number":"12-2166","catch_line":"COMPLIANCE WITH PROVISIONS.","url":"\/12-2166\/","token":"12-2166"},"5":{"id":"721","structure_id":"181","section_number":"12-2167","catch_line":"ENFORCEMENT.","url":"\/12-2167\/","token":"12-2167"},"6":{"id":"722","structure_id":"181","section_number":"12-2168","catch_line":"APPEAL.","url":"\/12-2168\/","token":"12-2168"},"7":{"id":"723","structure_id":"181","section_number":"12-2169","catch_line":"ADMINISTRATIVE FEE AND ARBITRATION FEE.","url":"\/12-2169\/","token":"12-2169"},"8":{"id":"724","structure_id":"181","section_number":"12-2170","catch_line":"METHODS OF SERVICE.","url":"\/12-2170\/","token":"12-2170"},"9":{"id":"726","structure_id":"181","section_number":"12-2171","catch_line":"RELATION TO OTHER LAWS.","url":"\/12-2171\/","token":"12-2171"},"10":{"id":"727","structure_id":"181","section_number":"12-2172","catch_line":"RESERVED.","url":"\/12-2172\/","token":"12-2172"}},"previous_section":{"id":"721","structure_id":"181","section_number":"12-2167","catch_line":"ENFORCEMENT.","url":"\/12-2167\/","token":"12-2167"},"next_section":{"id":"723","structure_id":"181","section_number":"12-2169","catch_line":"ADMINISTRATIVE FEE AND ARBITRATION FEE.","url":"\/12-2169\/","token":"12-2169"},"references":false,"formats":{"txt":"\/12-2168.txt","json":"\/12-2168.xml"},"dublin_core":{"Title":"APPEAL.","Type":"Text","Format":"text\/html","Identifier":"\u00a7 12-2168","Relation":"Code of State"},"plain_text":"                                  CODE OF STATE\n\nAPPEAL. (\u00a7 12-2168)\n\n(1) An appeal must be filed in writing with the Director of the Inspections\nDepartment within thirty (30) days after service of the written notice or order\nof the Director of the Inspections Department on the petitioner. The written\nappeal shall identify the application of the article at issue and provide the\nreasons the petitioner contends that it was wrongly applied and any supporting\ndocumentation. An appeal challenging a notice that a dwelling is qualified as a\n&#8220;probationary rental residential dwelling&#8221; pursuant to\n\u00a712-2163(l)(10) may include an appeal of the basis for the citations resulting\nin the determination that the dwelling is qualified as a &#8220;probationary\nrental residential dwelling&#8221; pursuant to \u00a712-2163(l)(10).\n\n(2) Unless the Director of Inspections decides to allow the requested relief\nbased on the appeal request, the Director of the Inspections Department shall\nsend each appeal request to arbitration. The Director of Inspections and the\nappealing party shall select an arbitrator from the Wake County District Court\nlist of arbitrators. The arbitration shall be conducted, to the extent\npracticable, in accordance with the Supreme Court Rules for Court-Ordered\nArbitration in North Carolina. The arbitrator shall be paid a fee equal to the\nmaximum fee specified in such Rules. The arbitrator shall consider both the\napplicable code provisions and equitable factors in resolving the appeal. If the\nperson who files an appeal of a notice that a dwelling is qualified as a\n&#8220;probationary rental residential dwelling&#8221; pursuant to\n\u00a712-2163(l)(10) shows that the owner did not cause and, with the use of\nreasonable measures, could not have prevented the actions or activities leading\nto the citations which qualified the dwelling as a &#8220;probationary rental\nresidential dwelling&#8221; pursuant to \u00a712-2163(l)(10), the arbitrator may\nreverse the order.\n\n(3) An appeal may be taken from any decision of arbitrator by giving notice of\nappeal to the City Council within thirty (30) days after service of the written\ndecision of the arbitrator. Notice of appeal shall be given by delivery of a\nwritten statement to the City Manager stating the grounds for the appeal and\nproviding the City Manager with a copy of the written decision of the\narbitrator. The written appeal shall identify the application the article at\nissue and provide the reasons the petitioner contends that it was wrongly\napplied. The Director of the Inspection Department shall transmit to the City\nManager all documents constituting the record upon which the decision by the\narbitrator was made.\n\n(4) The City Council shall fix a reasonable time for the presentation of oral\narguments by the parties and shall give due notice to the petitioner and the\nCity Manager. After consideration of the arbitrator&#8217;s decision, including\nany equitable factors applied by the arbitrator, and the record of the\nproceeding, the City Council shall issue a written determination, within a\nreasonable time, stating whether the disputed application of the article will be\napproved without change or modified or reversed.\n\n(5) All decisions of the Director of the Inspections Department and City Council\nshall be served on the petitioner.\n\n(6) The enforcement of an order issued by the Inspections Department which\nincludes the revocation of a residential rental occupancy permit shall be stayed\nupon the filing of an appeal and until a final order is issued by the Director\nof the Inspections Department or City Council. \n(Ord. No. 2004-720, \u00a71, 10-19-04; Ord. No. 2006-54, \u00a7\u00a711, 14, 15, 7-11-06)\n"}