{"law_id":"713","section_number":"12-2160","catch_line":"RELATION TO OTHER LAWS.","history":"","order_by":"12-2160","metadata":false,"url":"\/12-2160\/","token":"12-2160","structure":{"1":{"id":"180","name":"ARTICLE F. - SHORT-TERM RESIDENTIAL OCCUPANCIES [7]","identifier":"F","label":"article","url":"\/II\/12\/2\/F\/"},"2":{"id":"174","name":"CHAPTER 2. - BUSINESSES AND TRADES","identifier":"2","label":"chapter","url":"\/II\/12\/2\/"},"3":{"id":"169","name":"PART 12 - LICENSING AND REGULATION","identifier":"12","label":"part","url":"\/II\/12\/"},"4":{"id":"5","name":"Division II - Planning and Development","identifier":"II","label":"division","url":"\/II\/"}},"referred_to_by":false,"edition_id":"1","section_id":"713","structure_id":"180","full_text":"Nothing in this article shall authorize or condone any violation of Federal, state, and City fair housing laws and state landlord and tenant laws. This article shall not diminish any private right of action of any person. \n(Ord. No. 1992-31, \u00a71, 8-4-92) \nState law references: State Fair Housing Act, G.S. Ch. 41A; landlord and tenant, G.S. Ch. 42.","text":{"0":{"id":"2091","text":"Nothing in this article shall authorize or condone any violation of Federal, state, and City fair housing laws and state landlord and tenant laws. This article shall not diminish any private right of action of any person. \n(Ord. No. 1992-31, \u00a71, 8-4-92) \nState law references: State Fair Housing Act, G.S. Ch. 41A; landlord and tenant, G.S. Ch. 42.","type":"section","prefixes":[""],"prefix":"","entire_prefix":"","prefix_anchor":"","level":1}},"ancestry":{"1":{"id":"180","name":"ARTICLE F. - SHORT-TERM RESIDENTIAL OCCUPANCIES [7]","identifier":"F","label":"article","url":"\/II\/12\/2\/F\/"},"2":{"id":"174","name":"CHAPTER 2. - BUSINESSES AND TRADES","identifier":"2","label":"chapter","url":"\/II\/12\/2\/"},"3":{"id":"169","name":"PART 12 - LICENSING AND REGULATION","identifier":"12","label":"part","url":"\/II\/12\/"},"4":{"id":"5","name":"Division II - Planning and Development","identifier":"II","label":"division","url":"\/II\/"}},"structure_contents":{"0":{"id":"708","structure_id":"180","section_number":"12-2155","catch_line":"DECLARATION OF NECESSITY.","url":"\/12-2155\/","token":"12-2155"},"1":{"id":"709","structure_id":"180","section_number":"12-2156","catch_line":"LICENSE REQUIRED.","url":"\/12-2156\/","token":"12-2156"},"2":{"id":"710","structure_id":"180","section_number":"12-2157","catch_line":"STANDARDS.","url":"\/12-2157\/","token":"12-2157"},"3":{"id":"711","structure_id":"180","section_number":"12-2158","catch_line":"COMPLIANCE WITH PROVISIONS.","url":"\/12-2158\/","token":"12-2158"},"4":{"id":"712","structure_id":"180","section_number":"12-2159","catch_line":"ENFORCEMENT.","url":"\/12-2159\/","token":"12-2159"},"5":{"id":"713","structure_id":"180","section_number":"12-2160","catch_line":"RELATION TO OTHER LAWS.","url":"\/12-2160\/","token":"12-2160"},"6":{"id":"715","structure_id":"180","section_number":"12-2161","catch_line":"REGISTRATION OF SUPPORTIVE HOUSING RESIDENCES AND MULTI-UNIT SUPPORTIVE HOUSING RESIDENCES.","url":"\/12-2161\/","token":"12-2161"}},"previous_section":{"id":"712","structure_id":"180","section_number":"12-2159","catch_line":"ENFORCEMENT.","url":"\/12-2159\/","token":"12-2159"},"next_section":{"id":"715","structure_id":"180","section_number":"12-2161","catch_line":"REGISTRATION OF SUPPORTIVE HOUSING RESIDENCES AND MULTI-UNIT SUPPORTIVE HOUSING RESIDENCES.","url":"\/12-2161\/","token":"12-2161"},"references":{"0":{"id":"711","section_number":"12-2158","catch_line":"COMPLIANCE WITH PROVISIONS.","url":"http:\/\/localhost:8888\/12-2158\/"},"1":{"id":"715","section_number":"12-2161","catch_line":"REGISTRATION OF SUPPORTIVE HOUSING RESIDENCES AND MULTI-UNIT SUPPORTIVE HOUSING RESIDENCES.","url":"http:\/\/localhost:8888\/12-2161\/"}},"formats":{"txt":"\/12-2160.txt","json":"\/12-2160.xml"},"dublin_core":{"Title":"RELATION TO OTHER LAWS.","Type":"Text","Format":"text\/html","Identifier":"\u00a7 12-2160","Relation":"Code of State"},"plain_text":"                                  CODE OF STATE\n\nRELATION TO OTHER LAWS. (\u00a7 12-2160)\n\nNothing in this article shall authorize or condone any violation of Federal,\nstate, and City fair housing laws and state landlord and tenant laws. This\narticle shall not diminish any private right of action of any person. \n(Ord. No. 1992-31, \u00a71, 8-4-92) \nState law references: State Fair Housing Act, G.S. Ch. 41A; landlord and tenant,\nG.S. Ch. 42.\n"}