{"law_id":"734","section_number":"12-2181","catch_line":"ENFORCEMENT.","history":"","order_by":"12-2181","metadata":false,"url":"\/12-2181\/","token":"12-2181","structure":{"1":{"id":"182","name":"ARTICLE H. - RENTAL DWELLING REGISTRATION AND PROP NOTIFICATION","identifier":"H","label":"article","url":"\/II\/12\/2\/H\/"},"2":{"id":"174","name":"CHAPTER 2. - BUSINESSES AND TRADES","identifier":"2","label":"chapter","url":"\/II\/12\/2\/"},"3":{"id":"169","name":"PART 12 - LICENSING AND REGULATION","identifier":"12","label":"part","url":"\/II\/12\/"},"4":{"id":"5","name":"Division II - Planning and Development","identifier":"II","label":"division","url":"\/II\/"}},"referred_to_by":{"0":{"id":"730","section_number":"12-2177","catch_line":"REGISTRATION REQUIREMENT.","url":"http:\/\/localhost:8888\/12-2177\/"}},"edition_id":"1","section_id":"734","structure_id":"182","full_text":"(a) Fifty dollars ($50.00) for a first violation, and each continuing day of noncompliance following written notice thereof shall result in the assessment of an additional civil penalty of fifty dollars ($50.00) per day;\r\r(b) Equitable remedies, including injunctions. As authorized by the City Council, the City may apply to the courts for any appropriate equitable remedy to enforce the provisions of this article, including mandatory or prohibitory injunctions commanding the party to correct the unlawful condition or cease the unlawful use of the business.\r\r(c) Not a criminal violation. Any person violating any of the provisions of this article shall be subject to the civil penalties and permit revocations set forth. Any violation of this article shall be deemed a non-criminal violation and shall not be a misdemeanor or infraction pursuant to G.S. 14-4 or \u00a714-1005(a) of this Code of Ordinances. \n(Ord. No. 2008-415B, \u00a71, 7-1-08)\r\r","text":{"0":{"id":"2224","text":"Fifty dollars ($50.00) for a first violation, and each continuing day of noncompliance following written notice thereof shall result in the assessment of an additional civil penalty of fifty dollars ($50.00) per day;","type":"section","prefixes":["(a)"],"prefix":"(a)","entire_prefix":"(a)","prefix_anchor":"(a)","level":1},"1":{"id":"2225","text":"Equitable remedies, including injunctions. As authorized by the City Council, the City may apply to the courts for any appropriate equitable remedy to enforce the provisions of this article, including mandatory or prohibitory injunctions commanding the party to correct the unlawful condition or cease the unlawful use of the business.","type":"section","prefixes":["(b)"],"prefix":"(b)","entire_prefix":"(b)","prefix_anchor":"(b)","level":1},"2":{"id":"2226","text":"Not a criminal violation. Any person violating any of the provisions of this article shall be subject to the civil penalties and permit revocations set forth. Any violation of this article shall be deemed a non-criminal violation and shall not be a misdemeanor or infraction pursuant to G.S. 14-4 or \u00a714-1005(a) of this Code of Ordinances. \n(Ord. No. 2008-415B, \u00a71, 7-1-08)","type":"section","prefixes":["(c)"],"prefix":"(c)","entire_prefix":"(c)","prefix_anchor":"(c)","level":1}},"ancestry":{"1":{"id":"182","name":"ARTICLE H. - RENTAL DWELLING REGISTRATION AND PROP NOTIFICATION","identifier":"H","label":"article","url":"\/II\/12\/2\/H\/"},"2":{"id":"174","name":"CHAPTER 2. - BUSINESSES AND TRADES","identifier":"2","label":"chapter","url":"\/II\/12\/2\/"},"3":{"id":"169","name":"PART 12 - LICENSING AND REGULATION","identifier":"12","label":"part","url":"\/II\/12\/"},"4":{"id":"5","name":"Division II - Planning and Development","identifier":"II","label":"division","url":"\/II\/"}},"structure_contents":{"0":{"id":"728","structure_id":"182","section_number":"12-2175","catch_line":"FINDINGS AND DECLARATION OF NECESSITY.","url":"\/12-2175\/","token":"12-2175"},"1":{"id":"729","structure_id":"182","section_number":"12-2176","catch_line":"DEFINITIONS.","url":"\/12-2176\/","token":"12-2176"},"2":{"id":"730","structure_id":"182","section_number":"12-2177","catch_line":"REGISTRATION REQUIREMENT.","url":"\/12-2177\/","token":"12-2177"},"3":{"id":"731","structure_id":"182","section_number":"12-2178","catch_line":"REGISTRATION UPDATES.","url":"\/12-2178\/","token":"12-2178"},"4":{"id":"732","structure_id":"182","section_number":"12-2179","catch_line":"STANDARDS.","url":"\/12-2179\/","token":"12-2179"},"5":{"id":"733","structure_id":"182","section_number":"12-2180","catch_line":"COMPLIANCE WITH PROVISIONS.","url":"\/12-2180\/","token":"12-2180"},"6":{"id":"734","structure_id":"182","section_number":"12-2181","catch_line":"ENFORCEMENT.","url":"\/12-2181\/","token":"12-2181"},"7":{"id":"735","structure_id":"182","section_number":"12-2182","catch_line":"APPEAL.","url":"\/12-2182\/","token":"12-2182"},"8":{"id":"737","structure_id":"182","section_number":"12-2183","catch_line":"ARBITRATION FEE.","url":"\/12-2183\/","token":"12-2183"},"9":{"id":"738","structure_id":"182","section_number":"12-2184","catch_line":"METHODS OF SERVICE.","url":"\/12-2184\/","token":"12-2184"},"10":{"id":"739","structure_id":"182","section_number":"12-2185","catch_line":"RELATION TO OTHER LAWS.","url":"\/12-2185\/","token":"12-2185"}},"previous_section":{"id":"733","structure_id":"182","section_number":"12-2180","catch_line":"COMPLIANCE WITH PROVISIONS.","url":"\/12-2180\/","token":"12-2180"},"next_section":{"id":"735","structure_id":"182","section_number":"12-2182","catch_line":"APPEAL.","url":"\/12-2182\/","token":"12-2182"},"references":false,"formats":{"txt":"\/12-2181.txt","json":"\/12-2181.xml"},"dublin_core":{"Title":"ENFORCEMENT.","Type":"Text","Format":"text\/html","Identifier":"\u00a7 12-2181","Relation":"Code of State"},"plain_text":"                                  CODE OF STATE\n\nENFORCEMENT. (\u00a7 12-2181)\n\n(a) Fifty dollars ($50.00) for a first violation, and each continuing day of\nnoncompliance following written notice thereof shall result in the assessment of\nan additional civil penalty of fifty dollars ($50.00) per day;\n\n(b) Equitable remedies, including injunctions. As authorized by the City\nCouncil, the City may apply to the courts for any appropriate equitable remedy\nto enforce the provisions of this article, including mandatory or prohibitory\ninjunctions commanding the party to correct the unlawful condition or cease the\nunlawful use of the business.\n\n(c) Not a criminal violation. Any person violating any of the provisions of this\narticle shall be subject to the civil penalties and permit revocations set\nforth. Any violation of this article shall be deemed a non-criminal violation\nand shall not be a misdemeanor or infraction pursuant to G.S. 14-4 or\n\u00a714-1005(a) of this Code of Ordinances. \n(Ord. No. 2008-415B, \u00a71, 7-1-08)\n"}