{"law_id":"708","edition_id":"1","section_id":"708","structure_id":"180","section_number":"12-2155","catch_line":"DECLARATION OF NECESSITY.","history":"","full_text":"(a) Reduce the likelihood that these residential housing accommodations will become public nuisances in violation of G.S. 19-1(b).\r\r(b) Promote responsible management of these housing accommodations.\r\r(c) Assist in providing a safe habitat for residents and neighbors of these facilities.\r\r(d) Safeguard property values. \n(Ord. No. 1992-31, \u00a71, 8-4-92)\r\r","order_by":"12-2155","text":{"0":{"id":"2067","text":"Reduce the likelihood that these residential housing accommodations will become public nuisances in violation of G.S. 19-1(b).","type":"section","prefixes":["(a)"],"prefix":"(a)","entire_prefix":"(a)","prefix_anchor":"(a)","level":1},"1":{"id":"2068","text":"Promote responsible management of these housing accommodations.","type":"section","prefixes":["(b)"],"prefix":"(b)","entire_prefix":"(b)","prefix_anchor":"(b)","level":1},"2":{"id":"2069","text":"Assist in providing a safe habitat for residents and neighbors of these facilities.","type":"section","prefixes":["(c)"],"prefix":"(c)","entire_prefix":"(c)","prefix_anchor":"(c)","level":1},"3":{"id":"2070","text":"Safeguard property values. \n(Ord. No. 1992-31, \u00a71, 8-4-92)","type":"section","prefixes":["(d)"],"prefix":"(d)","entire_prefix":"(d)","prefix_anchor":"(d)","level":1}},"ancestry":{"1":{"id":"180","name":"ARTICLE F. - SHORT-TERM RESIDENTIAL OCCUPANCIES [7]","identifier":"F","label":"article","url":"\/II\/12\/2\/F\/"},"2":{"id":"174","name":"CHAPTER 2. - BUSINESSES AND TRADES","identifier":"2","label":"chapter","url":"\/II\/12\/2\/"},"3":{"id":"169","name":"PART 12 - LICENSING AND REGULATION","identifier":"12","label":"part","url":"\/II\/12\/"},"4":{"id":"5","name":"Division II - Planning and Development","identifier":"II","label":"division","url":"\/II\/"}},"structure_contents":{"0":{"id":"708","structure_id":"180","section_number":"12-2155","catch_line":"DECLARATION OF NECESSITY.","url":"\/12-2155\/","token":"12-2155"},"1":{"id":"709","structure_id":"180","section_number":"12-2156","catch_line":"LICENSE REQUIRED.","url":"\/12-2156\/","token":"12-2156"},"2":{"id":"710","structure_id":"180","section_number":"12-2157","catch_line":"STANDARDS.","url":"\/12-2157\/","token":"12-2157"},"3":{"id":"711","structure_id":"180","section_number":"12-2158","catch_line":"COMPLIANCE WITH PROVISIONS.","url":"\/12-2158\/","token":"12-2158"},"4":{"id":"712","structure_id":"180","section_number":"12-2159","catch_line":"ENFORCEMENT.","url":"\/12-2159\/","token":"12-2159"},"5":{"id":"713","structure_id":"180","section_number":"12-2160","catch_line":"RELATION TO OTHER LAWS.","url":"\/12-2160\/","token":"12-2160"},"6":{"id":"715","structure_id":"180","section_number":"12-2161","catch_line":"REGISTRATION OF SUPPORTIVE HOUSING RESIDENCES AND MULTI-UNIT SUPPORTIVE HOUSING RESIDENCES.","url":"\/12-2161\/","token":"12-2161"}},"next_section":{"id":"709","structure_id":"180","section_number":"12-2156","catch_line":"LICENSE REQUIRED.","url":"\/12-2156\/","token":"12-2156"},"metadata":false,"references":{"0":{"id":"715","section_number":"12-2161","catch_line":"REGISTRATION OF SUPPORTIVE HOUSING RESIDENCES AND MULTI-UNIT SUPPORTIVE HOUSING RESIDENCES.","url":"http:\/\/localhost:8888\/12-2161\/"}},"url":"\/12-2155\/","token":"12-2155","formats":{"txt":"\/12-2155.txt","json":"\/12-2155.xml"},"dublin_core":{"Title":"DECLARATION OF NECESSITY.","Type":"Text","Format":"text\/html","Identifier":"\u00a7 12-2155","Relation":"Code of State"},"plain_text":"                                  CODE OF STATE\n\nDECLARATION OF NECESSITY. (\u00a7 12-2155)\n\n(a) Reduce the likelihood that these residential housing accommodations will\nbecome public nuisances in violation of G.S. 19-1(b).\n\n(b) Promote responsible management of these housing accommodations.\n\n(c) Assist in providing a safe habitat for residents and neighbors of these\nfacilities.\n\n(d) Safeguard property values. \n(Ord. No. 1992-31, \u00a71, 8-4-92)\n"}