{"law_id":"671","section_number":"12-2102","catch_line":"LICENSING OF PAWNBROKERS.","history":"","order_by":"12-2102","metadata":false,"url":"\/12-2102\/","token":"12-2102","structure":{"1":{"id":"177","name":"ARTICLE C. - PAWNBROKERS [3]","identifier":"C","label":"article","url":"\/II\/12\/2\/C\/"},"2":{"id":"174","name":"CHAPTER 2. - BUSINESSES AND TRADES","identifier":"2","label":"chapter","url":"\/II\/12\/2\/"},"3":{"id":"169","name":"PART 12 - LICENSING AND REGULATION","identifier":"12","label":"part","url":"\/II\/12\/"},"4":{"id":"5","name":"Division II - Planning and Development","identifier":"II","label":"division","url":"\/II\/"}},"referred_to_by":{"0":{"id":"675","section_number":"12-2106","catch_line":"RESERVED.","url":"http:\/\/localhost:8888\/12-2106\/"}},"edition_id":"1","section_id":"671","structure_id":"177","full_text":"(a) No person, firm, or corporation shall establish or operate a pawnbroker business without first having applied for and been granted the license provided by this section.\r\r(c) The Revenue Collector shall transmit a copy of the application to the Police Department for an investigative report, to the Inspections Department for a determination as to compliance with zoning and development regulations, and to the Fire Department to determine compliance with laws relating to fire protection. These department shall report back to the Revenue Collector within a reasonable period of time not to exceed thirty (30) days.\r\r(d) An application in proper form shall be placed on the printed agenda of the first regular Council meeting after completion of the reports and for which the normal agenda deadline date can be met. \n(Ord. No. 1992-982, \u00a72, 6-2-92)\r\r","text":{"0":{"id":"1920","text":"No person, firm, or corporation shall establish or operate a pawnbroker business without first having applied for and been granted the license provided by this section.","type":"section","prefixes":["(a)"],"prefix":"(a)","entire_prefix":"(a)","prefix_anchor":"(a)","level":1},"1":{"id":"1921","text":"","type":"section","prefixes":["(b)"],"prefix":"(b)","entire_prefix":"(b)","prefix_anchor":"(b)","level":1},"2":{"id":"1922","text":"\tThe name and address of the person, and in case of a firm or partnership, the names and addresses of the persons composing such firm or of the officers of a corporation. \n","type":"section","prefixes":["(b)","(1)"],"prefix":"(1)","entire_prefix":"(b)(1)","prefix_anchor":"(b)(1)","level":2},"3":{"id":"1923","text":"\tThe name of the business and the street address and mailing address where the business is to be operated. \n","type":"section","prefixes":["(b)","(2)"],"prefix":"(2)","entire_prefix":"(b)(2)","prefix_anchor":"(b)(2)","level":2},"4":{"id":"1924","text":"\tA statement indicating the amount of net assets or capital proposed to be used by the petitioner in operation of the business. This statement shall be accompanied by an unaudited statement from an accountant verifying the information contained in the statement. \n","type":"section","prefixes":["(b)","(3)"],"prefix":"(3)","entire_prefix":"(b)(3)","prefix_anchor":"(b)(3)","level":2},"5":{"id":"1925","text":"\tAn affidavit by the petitioner that he has not been convicted of a felony.\n","type":"section","prefixes":["(b)","(4)"],"prefix":"(4)","entire_prefix":"(b)(4)","prefix_anchor":"(b)(4)","level":2},"6":{"id":"1926","text":"\tA certificate from the Chief of Police, sheriff of the County, or the State bureau of investigation certifying that the petitioner has not been convicted of a felony. \n","type":"section","prefixes":["(b)","(5)"],"prefix":"(5)","entire_prefix":"(b)(5)","prefix_anchor":"(b)(5)","level":2},"7":{"id":"1927","text":"The Revenue Collector shall transmit a copy of the application to the Police Department for an investigative report, to the Inspections Department for a determination as to compliance with zoning and development regulations, and to the Fire Department to determine compliance with laws relating to fire protection. These department shall report back to the Revenue Collector within a reasonable period of time not to exceed thirty (30) days.","type":"section","prefixes":["(c)"],"prefix":"(c)","entire_prefix":"(c)","prefix_anchor":"(c)","level":1},"8":{"id":"1928","text":"An application in proper form shall be placed on the printed agenda of the first regular Council meeting after completion of the reports and for which the normal agenda deadline date can be met. \n(Ord. No. 1992-982, \u00a72, 6-2-92)","type":"section","prefixes":["(d)"],"prefix":"(d)","entire_prefix":"(d)","prefix_anchor":"(d)","level":1}},"ancestry":{"1":{"id":"177","name":"ARTICLE C. - PAWNBROKERS [3]","identifier":"C","label":"article","url":"\/II\/12\/2\/C\/"},"2":{"id":"174","name":"CHAPTER 2. - BUSINESSES AND TRADES","identifier":"2","label":"chapter","url":"\/II\/12\/2\/"},"3":{"id":"169","name":"PART 12 - LICENSING AND REGULATION","identifier":"12","label":"part","url":"\/II\/12\/"},"4":{"id":"5","name":"Division II - Planning and Development","identifier":"II","label":"division","url":"\/II\/"}},"structure_contents":{"0":{"id":"670","structure_id":"177","section_number":"12-2101","catch_line":"DEFINITIONS.","url":"\/12-2101\/","token":"12-2101"},"1":{"id":"671","structure_id":"177","section_number":"12-2102","catch_line":"LICENSING OF PAWNBROKERS.","url":"\/12-2102\/","token":"12-2102"},"2":{"id":"672","structure_id":"177","section_number":"12-2103","catch_line":"ISSUANCE OF LICENSE.","url":"\/12-2103\/","token":"12-2103"},"3":{"id":"673","structure_id":"177","section_number":"12-2104","catch_line":"REVOCATION OF PAWNBROKER'S LICENSE.","url":"\/12-2104\/","token":"12-2104"},"4":{"id":"674","structure_id":"177","section_number":"12-2105","catch_line":"RECORD KEEPING REQUIREMENTS.","url":"\/12-2105\/","token":"12-2105"},"5":{"id":"675","structure_id":"177","section_number":"12-2106","catch_line":"RESERVED.","url":"\/12-2106\/","token":"12-2106"}},"previous_section":{"id":"670","structure_id":"177","section_number":"12-2101","catch_line":"DEFINITIONS.","url":"\/12-2101\/","token":"12-2101"},"next_section":{"id":"672","structure_id":"177","section_number":"12-2103","catch_line":"ISSUANCE OF LICENSE.","url":"\/12-2103\/","token":"12-2103"},"references":false,"formats":{"txt":"\/12-2102.txt","json":"\/12-2102.xml"},"dublin_core":{"Title":"LICENSING OF PAWNBROKERS.","Type":"Text","Format":"text\/html","Identifier":"\u00a7 12-2102","Relation":"Code of State"},"plain_text":"                                  CODE OF STATE\n\nLICENSING OF PAWNBROKERS. (\u00a7 12-2102)\n\n(a) No person, firm, or corporation shall establish or operate a pawnbroker\nbusiness without first having applied for and been granted the license provided\nby this section.\n\n(b) \n\n   (1) \tThe name and address of the person, and in case of a firm or partnership,\n   the names and addresses of the persons composing such firm or of the officers\n   of a corporation. \n   \n\n   (2) \tThe name of the business and the street address and mailing address where\n   the business is to be operated. \n   \n\n   (3) \tA statement indicating the amount of net assets or capital proposed to be\n   used by the petitioner in operation of the business. This statement shall be\n   accompanied by an unaudited statement from an accountant verifying the\n   information contained in the statement. \n   \n\n   (4) \tAn affidavit by the petitioner that he has not been convicted of a\n   felony.\n   \n\n   (5) \tA certificate from the Chief of Police, sheriff of the County, or the\n   State bureau of investigation certifying that the petitioner has not been\n   convicted of a felony. \n   \n\n(c) The Revenue Collector shall transmit a copy of the application to the Police\nDepartment for an investigative report, to the Inspections Department for a\ndetermination as to compliance with zoning and development regulations, and to\nthe Fire Department to determine compliance with laws relating to fire\nprotection. These department shall report back to the Revenue Collector within a\nreasonable period of time not to exceed thirty (30) days.\n\n(d) An application in proper form shall be placed on the printed agenda of the\nfirst regular Council meeting after completion of the reports and for which the\nnormal agenda deadline date can be met. \n(Ord. No. 1992-982, \u00a72, 6-2-92)\n"}