{"law_id":"733","section_number":"12-2180","catch_line":"COMPLIANCE WITH PROVISIONS.","history":"","order_by":"12-2180","metadata":false,"url":"\/12-2180\/","token":"12-2180","structure":{"1":{"id":"182","name":"ARTICLE H. - RENTAL DWELLING REGISTRATION AND PROP NOTIFICATION","identifier":"H","label":"article","url":"\/II\/12\/2\/H\/"},"2":{"id":"174","name":"CHAPTER 2. - BUSINESSES AND TRADES","identifier":"2","label":"chapter","url":"\/II\/12\/2\/"},"3":{"id":"169","name":"PART 12 - LICENSING AND REGULATION","identifier":"12","label":"part","url":"\/II\/12\/"},"4":{"id":"5","name":"Division II - Planning and Development","identifier":"II","label":"division","url":"\/II\/"}},"referred_to_by":{"0":{"id":"730","section_number":"12-2177","catch_line":"REGISTRATION REQUIREMENT.","url":"http:\/\/localhost:8888\/12-2177\/"}},"edition_id":"1","section_id":"733","structure_id":"182","full_text":"(a) Any person required by this article to register a rental residential dwelling who files a complete application for registration within ten (10) days following notice from the Inspections Department that this Article applies to the dwelling shall be deemed compliant with this article unless and until the application is denied.\r\r(b) It shall be unlawful to rent, to receive rental income from, or to offer for rent a dwelling subject to the registration requirements of this Article beginning ten (10) days after service of notice by the Inspections Department that registration is required under this Article unless a complete application for a \u00a712-2177 registration has been submitted for the dwelling.\r\r(c) Any mortgagee of record, not otherwise defined as an owner, shall be deemed compliant with this article unless and until the other owners of the rental residential dwelling fail to comply with the registration requirement of this Article. A mortgagee of record, not otherwise defined as an owner, shall not be liable for civil penalties or administrative fees in excess of the liability of the other owners. \n(Ord. No. 2008-415B, \u00a71, 7-1-08)\r\r","text":{"0":{"id":"2221","text":"Any person required by this article to register a rental residential dwelling who files a complete application for registration within ten (10) days following notice from the Inspections Department that this Article applies to the dwelling shall be deemed compliant with this article unless and until the application is denied.","type":"section","prefixes":["(a)"],"prefix":"(a)","entire_prefix":"(a)","prefix_anchor":"(a)","level":1},"1":{"id":"2222","text":"It shall be unlawful to rent, to receive rental income from, or to offer for rent a dwelling subject to the registration requirements of this Article beginning ten (10) days after service of notice by the Inspections Department that registration is required under this Article unless a complete application for a \u00a712-2177 registration has been submitted for the dwelling.","type":"section","prefixes":["(b)"],"prefix":"(b)","entire_prefix":"(b)","prefix_anchor":"(b)","level":1},"2":{"id":"2223","text":"Any mortgagee of record, not otherwise defined as an owner, shall be deemed compliant with this article unless and until the other owners of the rental residential dwelling fail to comply with the registration requirement of this Article. A mortgagee of record, not otherwise defined as an owner, shall not be liable for civil penalties or administrative fees in excess of the liability of the other owners. \n(Ord. No. 2008-415B, \u00a71, 7-1-08)","type":"section","prefixes":["(c)"],"prefix":"(c)","entire_prefix":"(c)","prefix_anchor":"(c)","level":1}},"ancestry":{"1":{"id":"182","name":"ARTICLE H. - RENTAL DWELLING REGISTRATION AND PROP NOTIFICATION","identifier":"H","label":"article","url":"\/II\/12\/2\/H\/"},"2":{"id":"174","name":"CHAPTER 2. - BUSINESSES AND TRADES","identifier":"2","label":"chapter","url":"\/II\/12\/2\/"},"3":{"id":"169","name":"PART 12 - LICENSING AND REGULATION","identifier":"12","label":"part","url":"\/II\/12\/"},"4":{"id":"5","name":"Division II - Planning and Development","identifier":"II","label":"division","url":"\/II\/"}},"structure_contents":{"0":{"id":"728","structure_id":"182","section_number":"12-2175","catch_line":"FINDINGS AND DECLARATION OF NECESSITY.","url":"\/12-2175\/","token":"12-2175"},"1":{"id":"729","structure_id":"182","section_number":"12-2176","catch_line":"DEFINITIONS.","url":"\/12-2176\/","token":"12-2176"},"2":{"id":"730","structure_id":"182","section_number":"12-2177","catch_line":"REGISTRATION REQUIREMENT.","url":"\/12-2177\/","token":"12-2177"},"3":{"id":"731","structure_id":"182","section_number":"12-2178","catch_line":"REGISTRATION UPDATES.","url":"\/12-2178\/","token":"12-2178"},"4":{"id":"732","structure_id":"182","section_number":"12-2179","catch_line":"STANDARDS.","url":"\/12-2179\/","token":"12-2179"},"5":{"id":"733","structure_id":"182","section_number":"12-2180","catch_line":"COMPLIANCE WITH PROVISIONS.","url":"\/12-2180\/","token":"12-2180"},"6":{"id":"734","structure_id":"182","section_number":"12-2181","catch_line":"ENFORCEMENT.","url":"\/12-2181\/","token":"12-2181"},"7":{"id":"735","structure_id":"182","section_number":"12-2182","catch_line":"APPEAL.","url":"\/12-2182\/","token":"12-2182"},"8":{"id":"737","structure_id":"182","section_number":"12-2183","catch_line":"ARBITRATION FEE.","url":"\/12-2183\/","token":"12-2183"},"9":{"id":"738","structure_id":"182","section_number":"12-2184","catch_line":"METHODS OF SERVICE.","url":"\/12-2184\/","token":"12-2184"},"10":{"id":"739","structure_id":"182","section_number":"12-2185","catch_line":"RELATION TO OTHER LAWS.","url":"\/12-2185\/","token":"12-2185"}},"previous_section":{"id":"732","structure_id":"182","section_number":"12-2179","catch_line":"STANDARDS.","url":"\/12-2179\/","token":"12-2179"},"next_section":{"id":"734","structure_id":"182","section_number":"12-2181","catch_line":"ENFORCEMENT.","url":"\/12-2181\/","token":"12-2181"},"references":{"0":{"id":"730","section_number":"12-2177","catch_line":"REGISTRATION REQUIREMENT.","url":"http:\/\/localhost:8888\/12-2177\/"}},"formats":{"txt":"\/12-2180.txt","json":"\/12-2180.xml"},"dublin_core":{"Title":"COMPLIANCE WITH PROVISIONS.","Type":"Text","Format":"text\/html","Identifier":"\u00a7 12-2180","Relation":"Code of State"},"plain_text":"                                  CODE OF STATE\n\nCOMPLIANCE WITH PROVISIONS. (\u00a7 12-2180)\n\n(a) Any person required by this article to register a rental residential\ndwelling who files a complete application for registration within ten (10) days\nfollowing notice from the Inspections Department that this Article applies to\nthe dwelling shall be deemed compliant with this article unless and until the\napplication is denied.\n\n(b) It shall be unlawful to rent, to receive rental income from, or to offer for\nrent a dwelling subject to the registration requirements of this Article\nbeginning ten (10) days after service of notice by the Inspections Department\nthat registration is required under this Article unless a complete application\nfor a \u00a712-2177 registration has been submitted for the dwelling.\n\n(c) Any mortgagee of record, not otherwise defined as an owner, shall be deemed\ncompliant with this article unless and until the other owners of the rental\nresidential dwelling fail to comply with the registration requirement of this\nArticle. A mortgagee of record, not otherwise defined as an owner, shall not be\nliable for civil penalties or administrative fees in excess of the liability of\nthe other owners. \n(Ord. No. 2008-415B, \u00a71, 7-1-08)\n"}