{"law_id":"730","section_number":"12-2177","catch_line":"REGISTRATION REQUIREMENT.","history":"","order_by":"12-2177","metadata":false,"url":"\/12-2177\/","token":"12-2177","structure":{"1":{"id":"182","name":"ARTICLE H. - RENTAL DWELLING REGISTRATION AND PROP NOTIFICATION","identifier":"H","label":"article","url":"\/II\/12\/2\/H\/"},"2":{"id":"174","name":"CHAPTER 2. - BUSINESSES AND TRADES","identifier":"2","label":"chapter","url":"\/II\/12\/2\/"},"3":{"id":"169","name":"PART 12 - LICENSING AND REGULATION","identifier":"12","label":"part","url":"\/II\/12\/"},"4":{"id":"5","name":"Division II - Planning and Development","identifier":"II","label":"division","url":"\/II\/"}},"referred_to_by":false,"edition_id":"1","section_id":"730","structure_id":"182","full_text":"(a) Unless compliance with this article is deemed pursuant to \u00a712-2180, it shall be unlawful for an owner to rent, to receive rental income from, or to offer for rent, any rental residential dwelling required to be registered under this part without first registering the dwelling under this part or when the permit issued under \u00a712-2164 is revoked. The owner of a rental residential dwelling shall hold a registration under this part for each rental residential dwelling located on a separate tax parcel and shall abide by the Standards in \u00a712-2179 in order to be eligible to retain the registration. When a manager is contracted to manage multiple dwellings in a single townhouse development or apartment house, a single registration will be required which registration will be issued to the manager of the dwelling units.\r\r(b) Every application for rental registration shall be filed on a form approved by the Director of the Inspections Department and shall be filed with the Inspections Department. Every application shall be made under oath and shall contain the information required to identify the owner of the dwelling(s) to be registered, contact information including a street address and telephone numbers, and identification and contact information for any manager or other alternate contact person for the dwelling(s). Every application shall include the registration fee as applicable for the property. The owner shall also provide an electronic mail address and a facsimile number in the registration application. Each rented dwelling unit must be registered, however, an owner of multiple units may register all units using one registration form. Within thirty (30) days of receipt of a complete application and a non-refundable application fee of thirty dollars ($30.00), the Inspections Department shall review each application and determine whether the application should be approved. The Inspections Department shall deny any application which does not satisfy the minimum requirements of this article and any application submitted by an owner during a period of permit revocation pursuant to \u00a712-2167\r\r","text":{"0":{"id":"2210","text":"Unless compliance with this article is deemed pursuant to \u00a712-2180, it shall be unlawful for an owner to rent, to receive rental income from, or to offer for rent, any rental residential dwelling required to be registered under this part without first registering the dwelling under this part or when the permit issued under \u00a712-2164 is revoked. The owner of a rental residential dwelling shall hold a registration under this part for each rental residential dwelling located on a separate tax parcel and shall abide by the Standards in \u00a712-2179 in order to be eligible to retain the registration. When a manager is contracted to manage multiple dwellings in a single townhouse development or apartment house, a single registration will be required which registration will be issued to the manager of the dwelling units.","type":"section","prefixes":["(a)"],"prefix":"(a)","entire_prefix":"(a)","prefix_anchor":"(a)","level":1},"1":{"id":"2211","text":"Every application for rental registration shall be filed on a form approved by the Director of the Inspections Department and shall be filed with the Inspections Department. Every application shall be made under oath and shall contain the information required to identify the owner of the dwelling(s) to be registered, contact information including a street address and telephone numbers, and identification and contact information for any manager or other alternate contact person for the dwelling(s). Every application shall include the registration fee as applicable for the property. The owner shall also provide an electronic mail address and a facsimile number in the registration application. Each rented dwelling unit must be registered, however, an owner of multiple units may register all units using one registration form. Within thirty (30) days of receipt of a complete application and a non-refundable application fee of thirty dollars ($30.00), the Inspections Department shall review each application and determine whether the application should be approved. The Inspections Department shall deny any application which does not satisfy the minimum requirements of this article and any application submitted by an owner during a period of permit revocation pursuant to \u00a712-2167","type":"section","prefixes":["(b)"],"prefix":"(b)","entire_prefix":"(b)","prefix_anchor":"(b)","level":1},"2":{"id":"2212","text":"","type":"section","prefixes":["(c)"],"prefix":"(c)","entire_prefix":"(c)","prefix_anchor":"(c)","level":1},"3":{"id":"2213","text":"\tFor a property with twenty (20) or more residential rental dwellings, the fee shall be fifty dollars ($50.00); \n","type":"section","prefixes":["(c)","(1)"],"prefix":"(1)","entire_prefix":"(c)(1)","prefix_anchor":"(c)(1)","level":2},"4":{"id":"2214","text":"\tFor a property with fewer than twenty (20) but more than three (3) residential rental dwellings, the fee shall be twenty-five dollars ($25.00); and \n","type":"section","prefixes":["(c)","(2)"],"prefix":"(2)","entire_prefix":"(c)(2)","prefix_anchor":"(c)(2)","level":2},"5":{"id":"2215","text":"\tFor a property with three or fewer residential rental dwellings, the fee shall be fifteen dollars ($15.00). \n(Ord. No. 2008-415B, \u00a71, 7-1-08; Ord. No. 2011-980, \u00a7\u00a72, 3, 11-15-11) \n","type":"section","prefixes":["(c)","(3)"],"prefix":"(3)","entire_prefix":"(c)(3)","prefix_anchor":"(c)(3)","level":2}},"ancestry":{"1":{"id":"182","name":"ARTICLE H. - RENTAL DWELLING REGISTRATION AND PROP NOTIFICATION","identifier":"H","label":"article","url":"\/II\/12\/2\/H\/"},"2":{"id":"174","name":"CHAPTER 2. - BUSINESSES AND TRADES","identifier":"2","label":"chapter","url":"\/II\/12\/2\/"},"3":{"id":"169","name":"PART 12 - LICENSING AND REGULATION","identifier":"12","label":"part","url":"\/II\/12\/"},"4":{"id":"5","name":"Division II - Planning and Development","identifier":"II","label":"division","url":"\/II\/"}},"structure_contents":{"0":{"id":"728","structure_id":"182","section_number":"12-2175","catch_line":"FINDINGS AND DECLARATION OF NECESSITY.","url":"\/12-2175\/","token":"12-2175"},"1":{"id":"729","structure_id":"182","section_number":"12-2176","catch_line":"DEFINITIONS.","url":"\/12-2176\/","token":"12-2176"},"2":{"id":"730","structure_id":"182","section_number":"12-2177","catch_line":"REGISTRATION REQUIREMENT.","url":"\/12-2177\/","token":"12-2177"},"3":{"id":"731","structure_id":"182","section_number":"12-2178","catch_line":"REGISTRATION UPDATES.","url":"\/12-2178\/","token":"12-2178"},"4":{"id":"732","structure_id":"182","section_number":"12-2179","catch_line":"STANDARDS.","url":"\/12-2179\/","token":"12-2179"},"5":{"id":"733","structure_id":"182","section_number":"12-2180","catch_line":"COMPLIANCE WITH PROVISIONS.","url":"\/12-2180\/","token":"12-2180"},"6":{"id":"734","structure_id":"182","section_number":"12-2181","catch_line":"ENFORCEMENT.","url":"\/12-2181\/","token":"12-2181"},"7":{"id":"735","structure_id":"182","section_number":"12-2182","catch_line":"APPEAL.","url":"\/12-2182\/","token":"12-2182"},"8":{"id":"737","structure_id":"182","section_number":"12-2183","catch_line":"ARBITRATION FEE.","url":"\/12-2183\/","token":"12-2183"},"9":{"id":"738","structure_id":"182","section_number":"12-2184","catch_line":"METHODS OF SERVICE.","url":"\/12-2184\/","token":"12-2184"},"10":{"id":"739","structure_id":"182","section_number":"12-2185","catch_line":"RELATION TO OTHER LAWS.","url":"\/12-2185\/","token":"12-2185"}},"previous_section":{"id":"729","structure_id":"182","section_number":"12-2176","catch_line":"DEFINITIONS.","url":"\/12-2176\/","token":"12-2176"},"next_section":{"id":"731","structure_id":"182","section_number":"12-2178","catch_line":"REGISTRATION UPDATES.","url":"\/12-2178\/","token":"12-2178"},"references":{"0":{"id":"733","section_number":"12-2180","catch_line":"COMPLIANCE WITH PROVISIONS.","url":"http:\/\/localhost:8888\/12-2180\/"},"1":{"id":"735","section_number":"12-2182","catch_line":"APPEAL.","url":"http:\/\/localhost:8888\/12-2182\/"}},"formats":{"txt":"\/12-2177.txt","json":"\/12-2177.xml"},"dublin_core":{"Title":"REGISTRATION REQUIREMENT.","Type":"Text","Format":"text\/html","Identifier":"\u00a7 12-2177","Relation":"Code of State"},"plain_text":"                                  CODE OF STATE\n\nREGISTRATION REQUIREMENT. (\u00a7 12-2177)\n\n(a) Unless compliance with this article is deemed pursuant to \u00a712-2180, it\nshall be unlawful for an owner to rent, to receive rental income from, or to\noffer for rent, any rental residential dwelling required to be registered under\nthis part without first registering the dwelling under this part or when the\npermit issued under \u00a712-2164 is revoked. The owner of a rental residential\ndwelling shall hold a registration under this part for each rental residential\ndwelling located on a separate tax parcel and shall abide by the Standards in\n\u00a712-2179 in order to be eligible to retain the registration. When a manager is\ncontracted to manage multiple dwellings in a single townhouse development or\napartment house, a single registration will be required which registration will\nbe issued to the manager of the dwelling units.\n\n(b) Every application for rental registration shall be filed on a form approved\nby the Director of the Inspections Department and shall be filed with the\nInspections Department. Every application shall be made under oath and shall\ncontain the information required to identify the owner of the dwelling(s) to be\nregistered, contact information including a street address and telephone\nnumbers, and identification and contact information for any manager or other\nalternate contact person for the dwelling(s). Every application shall include\nthe registration fee as applicable for the property. The owner shall also\nprovide an electronic mail address and a facsimile number in the registration\napplication. Each rented dwelling unit must be registered, however, an owner of\nmultiple units may register all units using one registration form. Within thirty\n(30) days of receipt of a complete application and a non-refundable application\nfee of thirty dollars ($30.00), the Inspections Department shall review each\napplication and determine whether the application should be approved. The\nInspections Department shall deny any application which does not satisfy the\nminimum requirements of this article and any application submitted by an owner\nduring a period of permit revocation pursuant to \u00a712-2167\n\n(c) \n\n   (1) \tFor a property with twenty (20) or more residential rental dwellings, the\n   fee shall be fifty dollars ($50.00); \n   \n\n   (2) \tFor a property with fewer than twenty (20) but more than three (3)\n   residential rental dwellings, the fee shall be twenty-five dollars ($25.00);\n   and \n   \n\n   (3) \tFor a property with three or fewer residential rental dwellings, the fee\n   shall be fifteen dollars ($15.00). \n   (Ord. No. 2008-415B, \u00a71, 7-1-08; Ord. No. 2011-980, \u00a7\u00a72, 3, 11-15-11)\n"}