{"law_id":"717","section_number":"12-2163","catch_line":"DEFINITIONS.","history":"","order_by":"12-2163","metadata":false,"url":"\/12-2163\/","token":"12-2163","structure":{"1":{"id":"181","name":"ARTICLE G. - PROBATIONARY RENTAL OCCUPANCY PERMIT [8]","identifier":"G","label":"article","url":"\/II\/12\/2\/G\/"},"2":{"id":"174","name":"CHAPTER 2. - BUSINESSES AND TRADES","identifier":"2","label":"chapter","url":"\/II\/12\/2\/"},"3":{"id":"169","name":"PART 12 - LICENSING AND REGULATION","identifier":"12","label":"part","url":"\/II\/12\/"},"4":{"id":"5","name":"Division II - Planning and Development","identifier":"II","label":"division","url":"\/II\/"}},"referred_to_by":false,"edition_id":"1","section_id":"717","structure_id":"181","full_text":"(a) Business affiliate: A person who directly or indirectly owns or controls, is owned or controlled by, or is under common ownership or control with, the owner of a probationary residential rental dwelling of any property. Solely for purposes of this definition, the terms &#8220;owns,&#8221; &#8220;is owned,&#8221; and &#8220;ownership&#8221; mean ownership of an equity interest, or the equivalent thereof, of ten (10) per cent of [or] more.\r\r(b) Dwelling: A dwelling unit used for residential purposes other than a dwelling unit in a bed and breakfast inn; hotel or motel; guest house; rest home; rooming house, boarding house, lodging house; or tourist home.\r\r(c) Dwelling unit: One (1) or more rooms physically arranged as to create an independent housekeeping establishment with separate facilities for cooking, sleeping, and toilet. A dwelling unit can be occupied by only one (1) family. A dwelling unit can also contain a utility apartment or rented rooms in accordance with \u00a710-2072(b).\r\r(d) Fifth degree of kinship: Collateral kin within five degrees of kinship removed from the owner with the degree of kinship to be computed as provided in N.C.G.S. \u00a7104A-1.\r\r(e) Housing Code: The provisions of the Raleigh City Code codified at \u00a7\u00a710-6121 through 10-6137\r\r(f) Inspections Department: The Inspections Department of the City of Raleigh.\r\r(g) Licensed rental agency: A rental agency holding a current privilege license issued by the State of North Carolina pursuant to N.C.G.S. \u00a7105-41(a)(8) or (9).\r\r(h) Notice of violation: A City issued list of failures to comply with the City Code at the dwelling included in the notice sent to the owner(s) pursuant to N.C.G.S. \u00a7\u00a7160A-428 and 160A-429; \u00a7\u00a710-6126, 10-6127, 10-2152, and 12-6003\r\r(j) Person: Associations, corporations, limited liability companies, company, firm, partnerships, joint ventures, public or private institutions, corporations, trusts, estates, utilities, cooperatives, commissions, boards, condominiums, interstate bodies and bodies politic and corporate as well as to individuals or other legal entities.\r\r(k) Probationary rental occupancy permit: A permit issued to the owner of a probationary rental residential dwelling pursuant to this article.\r\r(m) Public nuisance violation: A determination by a Code enforcement official that any of the nuisances listed in \u00a712-6002 exists at a property which determination is included in a notice sent to the property owner pursuance to \u00a712-6003(a).\r\r(n) Violation: A determination by a Code enforcement official or a judge, after a notice of violation of the City Code and an opportunity for response to the noticed alleged failures, that an order or other mandate should issue to the owner or any other person imposing a sanction or requiring further actions to comply with the City Code, including without any limitation the payment of civil penalties or administrative fees, implementation of corrective measures, or cessation of activities which are not authorized by the City Code, or conviction of a criminal Code offense for failure to comply with the Code provisions listed in (l) of this section.\r\r(o) Zoning vehicle violation: A determination that unlicensed, uninspected, wrecked, crushed, dismantled, or partially dismantled automotive vehicles are present on the premises in violation of the zoning Code including the provisions at \u00a7\u00a710-2015(c), 10-2016(c), 10-2017(c), 10-2018(c), 10-2019(c), 10-2020(c), 10-2021(c), 10-2022(c), 10-2023(c), 10-2024(c), 10-2025(c), 10-2030(c), 10-2031(c), 10-2032(c), 10-2035(c), 10-2036(c), 10-2037(c), 10-2040(c), 10-2041(c), 10-2042(c), 10-2043(c), 10-2045(c) and 10-2050(c).\r\r(p) Criminal Activity: Means conviction of a tenant or tenant guest for conduct on the premises of the dwelling under any of the following: (i) N.C.G.S. 14-204; (ii) N.C.G.S. 14-71.1 on the premises; (iii) N.C.G.S. 18B-300; (iv) N.C.G.S. 14-409 or N.C.G.S. 14-415.1; (v) N.C.G.S. 14-292; or (iv) N.C.G.S. 14-288.2. \n(Ord. No. 2004-720, \u00a71, 10-19-04; Ord. No. 2006-54, \u00a7\u00a71\u20148, 7-11-06; Ord. No. 2008-415, \u00a7\u00a72\u20144, 7-1-08)\r\r","text":{"0":{"id":"2108","text":"Business affiliate: A person who directly or indirectly owns or controls, is owned or controlled by, or is under common ownership or control with, the owner of a probationary residential rental dwelling of any property. Solely for purposes of this definition, the terms &#8220;owns,&#8221; &#8220;is owned,&#8221; and &#8220;ownership&#8221; mean ownership of an equity interest, or the equivalent thereof, of ten (10) per cent of [or] more.","type":"section","prefixes":["(a)"],"prefix":"(a)","entire_prefix":"(a)","prefix_anchor":"(a)","level":1},"1":{"id":"2109","text":"Dwelling: A dwelling unit used for residential purposes other than a dwelling unit in a bed and breakfast inn; hotel or motel; guest house; rest home; rooming house, boarding house, lodging house; or tourist home.","type":"section","prefixes":["(b)"],"prefix":"(b)","entire_prefix":"(b)","prefix_anchor":"(b)","level":1},"2":{"id":"2110","text":"Dwelling unit: One (1) or more rooms physically arranged as to create an independent housekeeping establishment with separate facilities for cooking, sleeping, and toilet. A dwelling unit can be occupied by only one (1) family. A dwelling unit can also contain a utility apartment or rented rooms in accordance with \u00a710-2072(b).","type":"section","prefixes":["(c)"],"prefix":"(c)","entire_prefix":"(c)","prefix_anchor":"(c)","level":1},"3":{"id":"2111","text":"Fifth degree of kinship: Collateral kin within five degrees of kinship removed from the owner with the degree of kinship to be computed as provided in N.C.G.S. \u00a7104A-1.","type":"section","prefixes":["(d)"],"prefix":"(d)","entire_prefix":"(d)","prefix_anchor":"(d)","level":1},"4":{"id":"2112","text":"Housing Code: The provisions of the Raleigh City Code codified at \u00a7\u00a710-6121 through 10-6137","type":"section","prefixes":["(e)"],"prefix":"(e)","entire_prefix":"(e)","prefix_anchor":"(e)","level":1},"5":{"id":"2113","text":"Inspections Department: The Inspections Department of the City of Raleigh.","type":"section","prefixes":["(f)"],"prefix":"(f)","entire_prefix":"(f)","prefix_anchor":"(f)","level":1},"6":{"id":"2114","text":"Licensed rental agency: A rental agency holding a current privilege license issued by the State of North Carolina pursuant to N.C.G.S. \u00a7105-41(a)(8) or (9).","type":"section","prefixes":["(g)"],"prefix":"(g)","entire_prefix":"(g)","prefix_anchor":"(g)","level":1},"7":{"id":"2115","text":"Notice of violation: A City issued list of failures to comply with the City Code at the dwelling included in the notice sent to the owner(s) pursuant to N.C.G.S. \u00a7\u00a7160A-428 and 160A-429; \u00a7\u00a710-6126, 10-6127, 10-2152, and 12-6003","type":"section","prefixes":["(h)"],"prefix":"(h)","entire_prefix":"(h)","prefix_anchor":"(h)","level":1},"8":{"id":"2116","text":"","type":"section","prefixes":["(i)"],"prefix":"(i)","entire_prefix":"(i)","prefix_anchor":"(i)","level":1},"9":{"id":"2117","text":"\tShall have title to any dwelling or dwelling unit, with or without accompanying actual possession thereof; or \n","type":"section","prefixes":["(i)","(1)"],"prefix":"(1)","entire_prefix":"(i)(1)","prefix_anchor":"(i)(1)","level":2},"10":{"id":"2118","text":"\tShall have charge, care or control of any dwelling or dwelling unit, as owner or agent of the owner, or as executor, executrix, administrator, administratrix, trustee or guardian of the estate of the owner. Any such person thus representing the actual owner shall be bound to comply with the provisions of this article, and of rules and regulations adopted pursuant thereto, to the same extent as if the person were the owner; or \n","type":"section","prefixes":["(i)","(2)"],"prefix":"(2)","entire_prefix":"(i)(2)","prefix_anchor":"(i)(2)","level":2},"11":{"id":"2119","text":"\tFor violations of the Housing Code, shall be a mortgagee of record. \n","type":"section","prefixes":["(i)","(3)"],"prefix":"(3)","entire_prefix":"(i)(3)","prefix_anchor":"(i)(3)","level":2},"12":{"id":"2120","text":"Person: Associations, corporations, limited liability companies, company, firm, partnerships, joint ventures, public or private institutions, corporations, trusts, estates, utilities, cooperatives, commissions, boards, condominiums, interstate bodies and bodies politic and corporate as well as to individuals or other legal entities.","type":"section","prefixes":["(j)"],"prefix":"(j)","entire_prefix":"(j)","prefix_anchor":"(j)","level":1},"13":{"id":"2121","text":"Probationary rental occupancy permit: A permit issued to the owner of a probationary rental residential dwelling pursuant to this article.","type":"section","prefixes":["(k)"],"prefix":"(k)","entire_prefix":"(k)","prefix_anchor":"(k)","level":1},"14":{"id":"2122","text":"","type":"section","prefixes":["(l)"],"prefix":"(l)","entire_prefix":"(l)","prefix_anchor":"(l)","level":1},"15":{"id":"2123","text":"\tA violation of \u00a710-6058 by reoccupancy of a dwelling previously found unsafe; \n","type":"section","prefixes":["(l)","(1)"],"prefix":"(1)","entire_prefix":"(l)(1)","prefix_anchor":"(l)(1)","level":2},"16":{"id":"2124","text":"\tA violation of \u00a710-6137 by reoccupancy before certification of compliance with the Housing Code by the Inspections Department; \n","type":"section","prefixes":["(l)","(2)"],"prefix":"(2)","entire_prefix":"(l)(2)","prefix_anchor":"(l)(2)","level":2},"17":{"id":"2125","text":"\tActivities resulting in (a) a third conviction for violation of \u00a713-3017 the Nuisance Party ordinance, within the twenty-four (24) month period following notice from the PROP Team of the Police Department of the first conviction or (b) a third civil penalty for violation of \u00a713-3017, within the twenty-four (24) month period following notice from the PROP Team of the Police Department of the first notice of violation; \n","type":"section","prefixes":["(l)","(3)"],"prefix":"(3)","entire_prefix":"(l)(3)","prefix_anchor":"(l)(3)","level":2},"18":{"id":"2126","text":"\tActivities resulting in (a) a third conviction for violation of \u00a712-5007, the Prohibited Noises ordinance, within the twenty-four (24) month period following notice from the PROP Team of the Police Department of the first conviction or (b) a third civil penalty for violation of \u00a712-5007, within the twenty-four (24) month period following notice from the PROP Team of the Police Department of the first notice of violation; \n","type":"section","prefixes":["(l)","(4)"],"prefix":"(4)","entire_prefix":"(l)(4)","prefix_anchor":"(l)(4)","level":2},"19":{"id":"2127","text":"\tA violation of \u00a710-6058 by the failure to repair, vacate or demolish within the time provided for compliance with the Code in the order issued by the Inspections Department pursuant to N.C.G.S. \u00a7160A-429; \n","type":"section","prefixes":["(l)","(5)"],"prefix":"(5)","entire_prefix":"(l)(5)","prefix_anchor":"(l)(5)","level":2},"20":{"id":"2128","text":"\tA violation of \u00a710-6137 by the failure to repair, vacate or demolish the dwelling within the time provided for compliance with the Code in the order issued by the Inspections Department pursuant to \u00a710-6127 \n","type":"section","prefixes":["(l)","(6)"],"prefix":"(6)","entire_prefix":"(l)(6)","prefix_anchor":"(l)(6)","level":2},"21":{"id":"2129","text":"\tA violation of \u00a710-2151 by housing more inhabitants than permitted in the zoning Code section applicable to the dwelling; \n","type":"section","prefixes":["(l)","(7)"],"prefix":"(7)","entire_prefix":"(l)(7)","prefix_anchor":"(l)(7)","level":2},"22":{"id":"2130","text":"\tA zoning vehicle violation by the failure to comply in a timely manner with an order issued by Inspections Department due to the unlawful storage of unlicensed, uninspected, wrecked, crushed, dismantled, or partially dismantled automotive vehicles on the premises; \n","type":"section","prefixes":["(l)","(8)"],"prefix":"(8)","entire_prefix":"(l)(8)","prefix_anchor":"(l)(8)","level":2},"23":{"id":"2131","text":"\tA second nuisance abatement pursuant to \u00a712-6003 within a twenty-four (24) month period; \n(10)\tA fourth notice of violation within a twenty-four (24) month period, when the prior notices of violations were resolved by corrective action and without issuance of any order or mandate for corrective action, of any of the following sections \u00a7\u00a710-2151, 10-6058, 10-6137 and 12-6003 of the City Code. \n","type":"section","prefixes":["(l)","(9)"],"prefix":"(9)","entire_prefix":"(l)(9)","prefix_anchor":"(l)(9)","level":2},"24":{"id":"2132","text":"\tActivities resulting in a third conviction for a criminal activity on the premises of the dwelling following notice from the PROP Team of the Police Department within the twenty-four (24)month period following notice from the first conviction for a criminal activity on the premises of the dwelling. \n","type":"section","prefixes":["(l)","(11"],"prefix":"(11","entire_prefix":"(l)(11","prefix_anchor":"(l)(11","level":2},"25":{"id":"2133","text":"Public nuisance violation: A determination by a Code enforcement official that any of the nuisances listed in \u00a712-6002 exists at a property which determination is included in a notice sent to the property owner pursuance to \u00a712-6003(a).","type":"section","prefixes":["(m)"],"prefix":"(m)","entire_prefix":"(m)","prefix_anchor":"(m)","level":1},"26":{"id":"2134","text":"Violation: A determination by a Code enforcement official or a judge, after a notice of violation of the City Code and an opportunity for response to the noticed alleged failures, that an order or other mandate should issue to the owner or any other person imposing a sanction or requiring further actions to comply with the City Code, including without any limitation the payment of civil penalties or administrative fees, implementation of corrective measures, or cessation of activities which are not authorized by the City Code, or conviction of a criminal Code offense for failure to comply with the Code provisions listed in (l) of this section.","type":"section","prefixes":["(n)"],"prefix":"(n)","entire_prefix":"(n)","prefix_anchor":"(n)","level":1},"27":{"id":"2135","text":"Zoning vehicle violation: A determination that unlicensed, uninspected, wrecked, crushed, dismantled, or partially dismantled automotive vehicles are present on the premises in violation of the zoning Code including the provisions at \u00a7\u00a710-2015(c), 10-2016(c), 10-2017(c), 10-2018(c), 10-2019(c), 10-2020(c), 10-2021(c), 10-2022(c), 10-2023(c), 10-2024(c), 10-2025(c), 10-2030(c), 10-2031(c), 10-2032(c), 10-2035(c), 10-2036(c), 10-2037(c), 10-2040(c), 10-2041(c), 10-2042(c), 10-2043(c), 10-2045(c) and 10-2050(c).","type":"section","prefixes":["(o)"],"prefix":"(o)","entire_prefix":"(o)","prefix_anchor":"(o)","level":1},"28":{"id":"2136","text":"Criminal Activity: Means conviction of a tenant or tenant guest for conduct on the premises of the dwelling under any of the following: (i) N.C.G.S. 14-204; (ii) N.C.G.S. 14-71.1 on the premises; (iii) N.C.G.S. 18B-300; (iv) N.C.G.S. 14-409 or N.C.G.S. 14-415.1; (v) N.C.G.S. 14-292; or (iv) N.C.G.S. 14-288.2. \n(Ord. No. 2004-720, \u00a71, 10-19-04; Ord. No. 2006-54, \u00a7\u00a71\u20148, 7-11-06; Ord. No. 2008-415, \u00a7\u00a72\u20144, 7-1-08)","type":"section","prefixes":["(p)"],"prefix":"(p)","entire_prefix":"(p)","prefix_anchor":"(p)","level":1}},"ancestry":{"1":{"id":"181","name":"ARTICLE G. - PROBATIONARY RENTAL OCCUPANCY PERMIT [8]","identifier":"G","label":"article","url":"\/II\/12\/2\/G\/"},"2":{"id":"174","name":"CHAPTER 2. - BUSINESSES AND TRADES","identifier":"2","label":"chapter","url":"\/II\/12\/2\/"},"3":{"id":"169","name":"PART 12 - LICENSING AND REGULATION","identifier":"12","label":"part","url":"\/II\/12\/"},"4":{"id":"5","name":"Division II - Planning and Development","identifier":"II","label":"division","url":"\/II\/"}},"structure_contents":{"0":{"id":"716","structure_id":"181","section_number":"12-2162","catch_line":"FINDINGS AND DECLARATION OF NECESSITY.","url":"\/12-2162\/","token":"12-2162"},"1":{"id":"717","structure_id":"181","section_number":"12-2163","catch_line":"DEFINITIONS.","url":"\/12-2163\/","token":"12-2163"},"2":{"id":"718","structure_id":"181","section_number":"12-2164","catch_line":"PERMITTING OF PROBATIONARY RENTAL RESIDENTIAL DWELLINGS.","url":"\/12-2164\/","token":"12-2164"},"3":{"id":"719","structure_id":"181","section_number":"12-2165","catch_line":"STANDARDS.","url":"\/12-2165\/","token":"12-2165"},"4":{"id":"720","structure_id":"181","section_number":"12-2166","catch_line":"COMPLIANCE WITH PROVISIONS.","url":"\/12-2166\/","token":"12-2166"},"5":{"id":"721","structure_id":"181","section_number":"12-2167","catch_line":"ENFORCEMENT.","url":"\/12-2167\/","token":"12-2167"},"6":{"id":"722","structure_id":"181","section_number":"12-2168","catch_line":"APPEAL.","url":"\/12-2168\/","token":"12-2168"},"7":{"id":"723","structure_id":"181","section_number":"12-2169","catch_line":"ADMINISTRATIVE FEE AND ARBITRATION FEE.","url":"\/12-2169\/","token":"12-2169"},"8":{"id":"724","structure_id":"181","section_number":"12-2170","catch_line":"METHODS OF SERVICE.","url":"\/12-2170\/","token":"12-2170"},"9":{"id":"726","structure_id":"181","section_number":"12-2171","catch_line":"RELATION TO OTHER LAWS.","url":"\/12-2171\/","token":"12-2171"},"10":{"id":"727","structure_id":"181","section_number":"12-2172","catch_line":"RESERVED.","url":"\/12-2172\/","token":"12-2172"}},"previous_section":{"id":"716","structure_id":"181","section_number":"12-2162","catch_line":"FINDINGS AND DECLARATION OF NECESSITY.","url":"\/12-2162\/","token":"12-2162"},"next_section":{"id":"718","structure_id":"181","section_number":"12-2164","catch_line":"PERMITTING OF PROBATIONARY RENTAL RESIDENTIAL DWELLINGS.","url":"\/12-2164\/","token":"12-2164"},"references":{"0":{"id":"718","section_number":"12-2164","catch_line":"PERMITTING OF PROBATIONARY RENTAL RESIDENTIAL DWELLINGS.","url":"http:\/\/localhost:8888\/12-2164\/"},"1":{"id":"719","section_number":"12-2165","catch_line":"STANDARDS.","url":"http:\/\/localhost:8888\/12-2165\/"},"2":{"id":"720","section_number":"12-2166","catch_line":"COMPLIANCE WITH PROVISIONS.","url":"http:\/\/localhost:8888\/12-2166\/"},"3":{"id":"722","section_number":"12-2168","catch_line":"APPEAL.","url":"http:\/\/localhost:8888\/12-2168\/"}},"formats":{"txt":"\/12-2163.txt","json":"\/12-2163.xml"},"dublin_core":{"Title":"DEFINITIONS.","Type":"Text","Format":"text\/html","Identifier":"\u00a7 12-2163","Relation":"Code of State"},"plain_text":"                                  CODE OF STATE\n\nDEFINITIONS. (\u00a7 12-2163)\n\n(a) Business affiliate: A person who directly or indirectly owns or controls, is\nowned or controlled by, or is under common ownership or control with, the owner\nof a probationary residential rental dwelling of any property. Solely for\npurposes of this definition, the terms &#8220;owns,&#8221; &#8220;is\nowned,&#8221; and &#8220;ownership&#8221; mean ownership of an equity interest,\nor the equivalent thereof, of ten (10) per cent of [or] more.\n\n(b) Dwelling: A dwelling unit used for residential purposes other than a\ndwelling unit in a bed and breakfast inn; hotel or motel; guest house; rest\nhome; rooming house, boarding house, lodging house; or tourist home.\n\n(c) Dwelling unit: One (1) or more rooms physically arranged as to create an\nindependent housekeeping establishment with separate facilities for cooking,\nsleeping, and toilet. A dwelling unit can be occupied by only one (1) family. A\ndwelling unit can also contain a utility apartment or rented rooms in accordance\nwith \u00a710-2072(b).\n\n(d) Fifth degree of kinship: Collateral kin within five degrees of kinship\nremoved from the owner with the degree of kinship to be computed as provided in\nN.C.G.S. \u00a7104A-1.\n\n(e) Housing Code: The provisions of the Raleigh City Code codified at\n\u00a7\u00a710-6121 through 10-6137\n\n(f) Inspections Department: The Inspections Department of the City of Raleigh.\n\n(g) Licensed rental agency: A rental agency holding a current privilege license\nissued by the State of North Carolina pursuant to N.C.G.S. \u00a7105-41(a)(8) or\n(9).\n\n(h) Notice of violation: A City issued list of failures to comply with the City\nCode at the dwelling included in the notice sent to the owner(s) pursuant to\nN.C.G.S. \u00a7\u00a7160A-428 and 160A-429; \u00a7\u00a710-6126, 10-6127, 10-2152, and 12-6003\n\n(i) \n\n   (1) \tShall have title to any dwelling or dwelling unit, with or without\n   accompanying actual possession thereof; or \n   \n\n   (2) \tShall have charge, care or control of any dwelling or dwelling unit, as\n   owner or agent of the owner, or as executor, executrix, administrator,\n   administratrix, trustee or guardian of the estate of the owner. Any such\n   person thus representing the actual owner shall be bound to comply with the\n   provisions of this article, and of rules and regulations adopted pursuant\n   thereto, to the same extent as if the person were the owner; or \n   \n\n   (3) \tFor violations of the Housing Code, shall be a mortgagee of record. \n   \n\n(j) Person: Associations, corporations, limited liability companies, company,\nfirm, partnerships, joint ventures, public or private institutions,\ncorporations, trusts, estates, utilities, cooperatives, commissions, boards,\ncondominiums, interstate bodies and bodies politic and corporate as well as to\nindividuals or other legal entities.\n\n(k) Probationary rental occupancy permit: A permit issued to the owner of a\nprobationary rental residential dwelling pursuant to this article.\n\n(l) \n\n   (1) \tA violation of \u00a710-6058 by reoccupancy of a dwelling previously found\n   unsafe; \n   \n\n   (2) \tA violation of \u00a710-6137 by reoccupancy before certification of\n   compliance with the Housing Code by the Inspections Department; \n   \n\n   (3) \tActivities resulting in (a) a third conviction for violation of \u00a713-3017\n   the Nuisance Party ordinance, within the twenty-four (24) month period\n   following notice from the PROP Team of the Police Department of the first\n   conviction or (b) a third civil penalty for violation of \u00a713-3017, within the\n   twenty-four (24) month period following notice from the PROP Team of the\n   Police Department of the first notice of violation; \n   \n\n   (4) \tActivities resulting in (a) a third conviction for violation of\n   \u00a712-5007, the Prohibited Noises ordinance, within the twenty-four (24) month\n   period following notice from the PROP Team of the Police Department of the\n   first conviction or (b) a third civil penalty for violation of \u00a712-5007,\n   within the twenty-four (24) month period following notice from the PROP Team\n   of the Police Department of the first notice of violation; \n   \n\n   (5) \tA violation of \u00a710-6058 by the failure to repair, vacate or demolish\n   within the time provided for compliance with the Code in the order issued by\n   the Inspections Department pursuant to N.C.G.S. \u00a7160A-429; \n   \n\n   (6) \tA violation of \u00a710-6137 by the failure to repair, vacate or demolish the\n   dwelling within the time provided for compliance with the Code in the order\n   issued by the Inspections Department pursuant to \u00a710-6127 \n   \n\n   (7) \tA violation of \u00a710-2151 by housing more inhabitants than permitted in\n   the zoning Code section applicable to the dwelling; \n   \n\n   (8) \tA zoning vehicle violation by the failure to comply in a timely manner\n   with an order issued by Inspections Department due to the unlawful storage of\n   unlicensed, uninspected, wrecked, crushed, dismantled, or partially dismantled\n   automotive vehicles on the premises; \n   \n\n   (9) \tA second nuisance abatement pursuant to \u00a712-6003 within a twenty-four\n   (24) month period; \n   (10)\tA fourth notice of violation within a twenty-four (24) month period, when\n   the prior notices of violations were resolved by corrective action and without\n   issuance of any order or mandate for corrective action, of any of the\n   following sections \u00a7\u00a710-2151, 10-6058, 10-6137 and 12-6003 of the City Code.\n   \n   \n\n   (11. \tActivities resulting in a third conviction for a criminal activity on\n   the premises of the dwelling following notice from the PROP Team of the Police\n   Department within the twenty-four (24)month period following notice from the\n   first conviction for a criminal activity on the premises of the dwelling. \n   \n\n(m) Public nuisance violation: A determination by a Code enforcement official\nthat any of the nuisances listed in \u00a712-6002 exists at a property which\ndetermination is included in a notice sent to the property owner pursuance to\n\u00a712-6003(a).\n\n(n) Violation: A determination by a Code enforcement official or a judge, after\na notice of violation of the City Code and an opportunity for response to the\nnoticed alleged failures, that an order or other mandate should issue to the\nowner or any other person imposing a sanction or requiring further actions to\ncomply with the City Code, including without any limitation the payment of civil\npenalties or administrative fees, implementation of corrective measures, or\ncessation of activities which are not authorized by the City Code, or conviction\nof a criminal Code offense for failure to comply with the Code provisions listed\nin (l) of this section.\n\n(o) Zoning vehicle violation: A determination that unlicensed, uninspected,\nwrecked, crushed, dismantled, or partially dismantled automotive vehicles are\npresent on the premises in violation of the zoning Code including the provisions\nat \u00a7\u00a710-2015(c), 10-2016(c), 10-2017(c), 10-2018(c), 10-2019(c), 10-2020(c),\n10-2021(c), 10-2022(c), 10-2023(c), 10-2024(c), 10-2025(c), 10-2030(c),\n10-2031(c), 10-2032(c), 10-2035(c), 10-2036(c), 10-2037(c), 10-2040(c),\n10-2041(c), 10-2042(c), 10-2043(c), 10-2045(c) and 10-2050(c).\n\n(p) Criminal Activity: Means conviction of a tenant or tenant guest for conduct\non the premises of the dwelling under any of the following: (i) N.C.G.S. 14-204;\n(ii) N.C.G.S. 14-71.1 on the premises; (iii) N.C.G.S. 18B-300; (iv) N.C.G.S.\n14-409 or N.C.G.S. 14-415.1; (v) N.C.G.S. 14-292; or (iv) N.C.G.S. 14-288.2. \n(Ord. No. 2004-720, \u00a71, 10-19-04; Ord. No. 2006-54, \u00a7\u00a71\u20148, 7-11-06; Ord.\nNo. 2008-415, \u00a7\u00a72\u20144, 7-1-08)\n"}