{"law_id":"683","section_number":"12-2120","catch_line":"OUTDOOR AMPLIFIED ENTERTAINMENT.","history":"","order_by":"12-2120","metadata":false,"url":"\/12-2120\/","token":"12-2120","structure":{"1":{"id":"178","name":"ARTICLE D. - AMUSEMENTS [4]","identifier":"D","label":"article","url":"\/II\/12\/2\/D\/"},"2":{"id":"174","name":"CHAPTER 2. - BUSINESSES AND TRADES","identifier":"2","label":"chapter","url":"\/II\/12\/2\/"},"3":{"id":"169","name":"PART 12 - LICENSING AND REGULATION","identifier":"12","label":"part","url":"\/II\/12\/"},"4":{"id":"5","name":"Division II - Planning and Development","identifier":"II","label":"division","url":"\/II\/"}},"referred_to_by":{"0":{"id":"682","section_number":"12-2119","catch_line":"REQUIREMENTS FOR AMPLIFIED ENTERTAINMENT PERMIT.","url":"http:\/\/localhost:8888\/12-2119\/"}},"edition_id":"1","section_id":"683","structure_id":"178","full_text":"(a) Stadiums and arenas holding existing special use permits for their operation.\r\r(b) Shopping centers containing more than one hundred thousand (100,000) square feet of retail space so long as no such event continues more than seven (7) consecutive days and so long as the total number of days devoted to such events in a calendar year does not exceed twenty (20) days or four (4) weekends.\r\r(c) Parades and spectators and participants in parades.\r\r(d) Outdoor events, races, festivals or concerts on public property or public vehicular areas that are sponsored, cosponsored, or permitted by the City. \n(Ord. No. 1999-539, \u00a71, 4-6-99; Ord. No. 2001-990, \u00a71, 4-17-01; Ord. No. 2008-417, \u00a72, 6-17-08)\r\r(e) Landscaping, screening, fencing with respect to protecting affected properties from anticipated noise, loss of privacy, and glare; preserving of important natural features; or harmonizing the request with affected properties.\r\r(f) Control or elimination of noise, dust, vibration, and lighting.\r\r","text":{"0":{"id":"1971","text":"Stadiums and arenas holding existing special use permits for their operation.","type":"section","prefixes":["(a)"],"prefix":"(a)","entire_prefix":"(a)","prefix_anchor":"(a)","level":1},"1":{"id":"1972","text":"Shopping centers containing more than one hundred thousand (100,000) square feet of retail space so long as no such event continues more than seven (7) consecutive days and so long as the total number of days devoted to such events in a calendar year does not exceed twenty (20) days or four (4) weekends.","type":"section","prefixes":["(b)"],"prefix":"(b)","entire_prefix":"(b)","prefix_anchor":"(b)","level":1},"2":{"id":"1973","text":"Parades and spectators and participants in parades.","type":"section","prefixes":["(c)"],"prefix":"(c)","entire_prefix":"(c)","prefix_anchor":"(c)","level":1},"3":{"id":"1974","text":"Outdoor events, races, festivals or concerts on public property or public vehicular areas that are sponsored, cosponsored, or permitted by the City. \n(Ord. No. 1999-539, \u00a71, 4-6-99; Ord. No. 2001-990, \u00a71, 4-17-01; Ord. No. 2008-417, \u00a72, 6-17-08)","type":"section","prefixes":["(d)"],"prefix":"(d)","entire_prefix":"(d)","prefix_anchor":"(d)","level":1},"4":{"id":"1975","text":"Landscaping, screening, fencing with respect to protecting affected properties from anticipated noise, loss of privacy, and glare; preserving of important natural features; or harmonizing the request with affected properties.","type":"section","prefixes":["(e)"],"prefix":"(e)","entire_prefix":"(e)","prefix_anchor":"(e)","level":1},"5":{"id":"1976","text":"Control or elimination of noise, dust, vibration, and lighting.","type":"section","prefixes":["(f)"],"prefix":"(f)","entire_prefix":"(f)","prefix_anchor":"(f)","level":1},"6":{"id":"1977","text":"","type":"section","prefixes":["(g)"],"prefix":"(g)","entire_prefix":"(g)","prefix_anchor":"(g)","level":1},"7":{"id":"1978","text":"\tDuration of permit. \nAny special use permit issued by the City Council may be limited in its duration and may contain other conditions and limitations including, but not limited to, hours of operation. The special use permit shall remain in full force and effect so long as the establishment maintains a valid amplified entertainment permit unless the conditions of approval of the special use permit set out a different term of validity. \n","type":"section","prefixes":["(g)","(4)"],"prefix":"(4)","entire_prefix":"(g)(4)","prefix_anchor":"(g)(4)","level":2},"8":{"id":"1979","text":"\tExemptions. \nThe following activities are exempted from the regulations controlling outdoor amplified sound: \n","type":"section","prefixes":["(g)","(5)"],"prefix":"(5)","entire_prefix":"(g)(5)","prefix_anchor":"(g)(5)","level":2}},"ancestry":{"1":{"id":"178","name":"ARTICLE D. - AMUSEMENTS [4]","identifier":"D","label":"article","url":"\/II\/12\/2\/D\/"},"2":{"id":"174","name":"CHAPTER 2. - BUSINESSES AND TRADES","identifier":"2","label":"chapter","url":"\/II\/12\/2\/"},"3":{"id":"169","name":"PART 12 - LICENSING AND REGULATION","identifier":"12","label":"part","url":"\/II\/12\/"},"4":{"id":"5","name":"Division II - Planning and Development","identifier":"II","label":"division","url":"\/II\/"}},"structure_contents":{"0":{"id":"676","structure_id":"178","section_number":"12-2111","catch_line":"THEATERS AND SHOWS; ADVANCE APPLICATION FOR LICENSE, ISSUANCE DISCRETIONARY; TYPES OF SHOWS PROHIBITED.","url":"\/12-2111\/","token":"12-2111"},"1":{"id":"677","structure_id":"178","section_number":"12-2112","catch_line":"SALE OF TICKETS IN EXCESS OF SEATS.","url":"\/12-2112\/","token":"12-2112"},"2":{"id":"678","structure_id":"178","section_number":"12-2113","catch_line":"RESERVED.","url":"\/12-2113\/","token":"12-2113"},"3":{"id":"679","structure_id":"178","section_number":"12-2117","catch_line":"RESERVED.","url":"\/12-2117\/","token":"12-2117"},"4":{"id":"681","structure_id":"178","section_number":"12-2118","catch_line":"DEFINITION.","url":"\/12-2118\/","token":"12-2118"},"5":{"id":"682","structure_id":"178","section_number":"12-2119","catch_line":"REQUIREMENTS FOR AMPLIFIED ENTERTAINMENT PERMIT.","url":"\/12-2119\/","token":"12-2119"},"6":{"id":"683","structure_id":"178","section_number":"12-2120","catch_line":"OUTDOOR AMPLIFIED ENTERTAINMENT.","url":"\/12-2120\/","token":"12-2120"},"7":{"id":"684","structure_id":"178","section_number":"12-2121","catch_line":"OUTDOOR DINING.","url":"\/12-2121\/","token":"12-2121"},"8":{"id":"685","structure_id":"178","section_number":"12-2122","catch_line":"ISSUANCE OF PERMIT.","url":"\/12-2122\/","token":"12-2122"},"9":{"id":"686","structure_id":"178","section_number":"12-2123","catch_line":"ADDITIONAL PROHIBITIONS.","url":"\/12-2123\/","token":"12-2123"},"10":{"id":"687","structure_id":"178","section_number":"12-2124","catch_line":"PENALTIES.","url":"\/12-2124\/","token":"12-2124"},"11":{"id":"688","structure_id":"178","section_number":"12-2125","catch_line":"EFFECTIVE DATE.","url":"\/12-2125\/","token":"12-2125"},"12":{"id":"689","structure_id":"178","section_number":"12-2126","catch_line":"RESERVED.","url":"\/12-2126\/","token":"12-2126"}},"previous_section":{"id":"682","structure_id":"178","section_number":"12-2119","catch_line":"REQUIREMENTS FOR AMPLIFIED ENTERTAINMENT PERMIT.","url":"\/12-2119\/","token":"12-2119"},"next_section":{"id":"684","structure_id":"178","section_number":"12-2121","catch_line":"OUTDOOR DINING.","url":"\/12-2121\/","token":"12-2121"},"references":false,"formats":{"txt":"\/12-2120.txt","json":"\/12-2120.xml"},"dublin_core":{"Title":"OUTDOOR AMPLIFIED ENTERTAINMENT.","Type":"Text","Format":"text\/html","Identifier":"\u00a7 12-2120","Relation":"Code of State"},"plain_text":"                                  CODE OF STATE\n\nOUTDOOR AMPLIFIED ENTERTAINMENT. (\u00a7 12-2120)\n\n(a) Stadiums and arenas holding existing special use permits for their\noperation.\n\n(b) Shopping centers containing more than one hundred thousand (100,000) square\nfeet of retail space so long as no such event continues more than seven (7)\nconsecutive days and so long as the total number of days devoted to such events\nin a calendar year does not exceed twenty (20) days or four (4) weekends.\n\n(c) Parades and spectators and participants in parades.\n\n(d) Outdoor events, races, festivals or concerts on public property or public\nvehicular areas that are sponsored, cosponsored, or permitted by the City. \n(Ord. No. 1999-539, \u00a71, 4-6-99; Ord. No. 2001-990, \u00a71, 4-17-01; Ord. No.\n2008-417, \u00a72, 6-17-08)\n\n(e) Landscaping, screening, fencing with respect to protecting affected\nproperties from anticipated noise, loss of privacy, and glare; preserving of\nimportant natural features; or harmonizing the request with affected properties.\n\n(f) Control or elimination of noise, dust, vibration, and lighting.\n\n(g) \n\n   (4) \tDuration of permit. \n   Any special use permit issued by the City Council may be limited in its\n   duration and may contain other conditions and limitations including, but not\n   limited to, hours of operation. The special use permit shall remain in full\n   force and effect so long as the establishment maintains a valid amplified\n   entertainment permit unless the conditions of approval of the special use\n   permit set out a different term of validity. \n   \n\n   (5) \tExemptions. \n   The following activities are exempted from the regulations controlling outdoor\n   amplified sound:\n"}