{"law_id":"704","section_number":"12-2142","catch_line":"APPEALS.","history":"","order_by":"12-2142","metadata":false,"url":"\/12-2142\/","token":"12-2142","structure":{"1":{"id":"179","name":"ARTICLE E. - MASSAGES [6]","identifier":"E","label":"article","url":"\/II\/12\/2\/E\/"},"2":{"id":"174","name":"CHAPTER 2. - BUSINESSES AND TRADES","identifier":"2","label":"chapter","url":"\/II\/12\/2\/"},"3":{"id":"169","name":"PART 12 - LICENSING AND REGULATION","identifier":"12","label":"part","url":"\/II\/12\/"},"4":{"id":"5","name":"Division II - Planning and Development","identifier":"II","label":"division","url":"\/II\/"}},"referred_to_by":false,"edition_id":"1","section_id":"704","structure_id":"179","full_text":"Anyone denied a license or anyone whose license is revoked pursuant to this article may file, within thirty (30) days of such final determination, an appeal to the City Council. All filings shall be dated and submitted to the City Clerk. The City Council shall consider the matter de novo, and if after a review of the applicable testimony, facts, and code provisions the City Council determines that proper grounds exist for the denial or revocation of the license, the appeal will not be allowed. \n(Ord. No. 2001-935, \u00a73, 2-6-01)","text":{"0":{"id":"2063","text":"Anyone denied a license or anyone whose license is revoked pursuant to this article may file, within thirty (30) days of such final determination, an appeal to the City Council. All filings shall be dated and submitted to the City Clerk. The City Council shall consider the matter de novo, and if after a review of the applicable testimony, facts, and code provisions the City Council determines that proper grounds exist for the denial or revocation of the license, the appeal will not be allowed. \n(Ord. No. 2001-935, \u00a73, 2-6-01)","type":"section","prefixes":[""],"prefix":"","entire_prefix":"","prefix_anchor":"","level":1}},"ancestry":{"1":{"id":"179","name":"ARTICLE E. - MASSAGES [6]","identifier":"E","label":"article","url":"\/II\/12\/2\/E\/"},"2":{"id":"174","name":"CHAPTER 2. - BUSINESSES AND TRADES","identifier":"2","label":"chapter","url":"\/II\/12\/2\/"},"3":{"id":"169","name":"PART 12 - LICENSING AND REGULATION","identifier":"12","label":"part","url":"\/II\/12\/"},"4":{"id":"5","name":"Division II - Planning and Development","identifier":"II","label":"division","url":"\/II\/"}},"structure_contents":{"0":{"id":"690","structure_id":"179","section_number":"12-2131","catch_line":"MASSAGES; PURPOSE.","url":"\/12-2131\/","token":"12-2131"},"1":{"id":"693","structure_id":"179","section_number":"12-2132","catch_line":"EXEMPTIONS.","url":"\/12-2132\/","token":"12-2132"},"2":{"id":"694","structure_id":"179","section_number":"12-2133","catch_line":"DEFINITIONS.","url":"\/12-2133\/","token":"12-2133"},"3":{"id":"695","structure_id":"179","section_number":"12-2134","catch_line":"LICENSING OF MASSAGE BUSINESS OPERATORS.","url":"\/12-2134\/","token":"12-2134"},"4":{"id":"696","structure_id":"179","section_number":"12-2135","catch_line":"REVOCATION OF MASSAGE BUSINESS OPERATOR'S LICENSE.","url":"\/12-2135\/","token":"12-2135"},"5":{"id":"697","structure_id":"179","section_number":"12-2136","catch_line":"LICENSING OF MASSAGISTS.","url":"\/12-2136\/","token":"12-2136"},"6":{"id":"698","structure_id":"179","section_number":"12-2137","catch_line":"REVOCATION OF MASSAGIST'S LICENSE.","url":"\/12-2137\/","token":"12-2137"},"7":{"id":"699","structure_id":"179","section_number":"12-2138","catch_line":"EMPLOYER TO USE ONLY LICENSED EMPLOYEES.","url":"\/12-2138\/","token":"12-2138"},"8":{"id":"700","structure_id":"179","section_number":"12-2139","catch_line":"POSTING OF LICENSE.","url":"\/12-2139\/","token":"12-2139"},"9":{"id":"701","structure_id":"179","section_number":"12-2140","catch_line":"EMPLOYMENT OF MINORS.","url":"\/12-2140\/","token":"12-2140"},"10":{"id":"702","structure_id":"179","section_number":"12-2141","catch_line":"HOURS OF OPERATION.","url":"\/12-2141\/","token":"12-2141"},"11":{"id":"704","structure_id":"179","section_number":"12-2142","catch_line":"APPEALS.","url":"\/12-2142\/","token":"12-2142"},"12":{"id":"705","structure_id":"179","section_number":"12-2143","catch_line":"ANNUAL REGULATORY LICENSE.","url":"\/12-2143\/","token":"12-2143"},"13":{"id":"706","structure_id":"179","section_number":"12-2144","catch_line":"PENALTIES.","url":"\/12-2144\/","token":"12-2144"},"14":{"id":"707","structure_id":"179","section_number":"12-2145","catch_line":"RESERVED.","url":"\/12-2145\/","token":"12-2145"}},"previous_section":{"id":"702","structure_id":"179","section_number":"12-2141","catch_line":"HOURS OF OPERATION.","url":"\/12-2141\/","token":"12-2141"},"next_section":{"id":"705","structure_id":"179","section_number":"12-2143","catch_line":"ANNUAL REGULATORY LICENSE.","url":"\/12-2143\/","token":"12-2143"},"references":false,"formats":{"txt":"\/12-2142.txt","json":"\/12-2142.xml"},"dublin_core":{"Title":"APPEALS.","Type":"Text","Format":"text\/html","Identifier":"\u00a7 12-2142","Relation":"Code of State"},"plain_text":"                                  CODE OF STATE\n\nAPPEALS. (\u00a7 12-2142)\n\nAnyone denied a license or anyone whose license is revoked pursuant to this\narticle may file, within thirty (30) days of such final determination, an appeal\nto the City Council. All filings shall be dated and submitted to the City Clerk.\nThe City Council shall consider the matter de novo, and if after a review of the\napplicable testimony, facts, and code provisions the City Council determines\nthat proper grounds exist for the denial or revocation of the license, the\nappeal will not be allowed. \n(Ord. No. 2001-935, \u00a73, 2-6-01)\n"}