{"law_id":"711","section_number":"12-2158","catch_line":"COMPLIANCE WITH PROVISIONS.","history":"","order_by":"12-2158","metadata":false,"url":"\/12-2158\/","token":"12-2158","structure":{"1":{"id":"180","name":"ARTICLE F. - SHORT-TERM RESIDENTIAL OCCUPANCIES [7]","identifier":"F","label":"article","url":"\/II\/12\/2\/F\/"},"2":{"id":"174","name":"CHAPTER 2. - BUSINESSES AND TRADES","identifier":"2","label":"chapter","url":"\/II\/12\/2\/"},"3":{"id":"169","name":"PART 12 - LICENSING AND REGULATION","identifier":"12","label":"part","url":"\/II\/12\/"},"4":{"id":"5","name":"Division II - Planning and Development","identifier":"II","label":"division","url":"\/II\/"}},"referred_to_by":{"0":{"id":"709","section_number":"12-2156","catch_line":"LICENSE REQUIRED.","url":"http:\/\/localhost:8888\/12-2156\/"}},"edition_id":"1","section_id":"711","structure_id":"180","full_text":"All persons required by this article to have a license that are operating a business shall have thirty (30) days from the application of this article to file for any required license. The Inspection Department shall inspect each rooming business annually to determine compliance. \n(Ord. No. 1992-31, \u00a71, 8-4-92) \nCross reference: Compliance with fair housing and landlord and tenant laws, \u00a712-2160","text":{"0":{"id":"2084","text":"All persons required by this article to have a license that are operating a business shall have thirty (30) days from the application of this article to file for any required license. The Inspection Department shall inspect each rooming business annually to determine compliance. \n(Ord. No. 1992-31, \u00a71, 8-4-92) \nCross reference: Compliance with fair housing and landlord and tenant laws, \u00a712-2160","type":"section","prefixes":[""],"prefix":"","entire_prefix":"","prefix_anchor":"","level":1}},"ancestry":{"1":{"id":"180","name":"ARTICLE F. - SHORT-TERM RESIDENTIAL OCCUPANCIES [7]","identifier":"F","label":"article","url":"\/II\/12\/2\/F\/"},"2":{"id":"174","name":"CHAPTER 2. - BUSINESSES AND TRADES","identifier":"2","label":"chapter","url":"\/II\/12\/2\/"},"3":{"id":"169","name":"PART 12 - LICENSING AND REGULATION","identifier":"12","label":"part","url":"\/II\/12\/"},"4":{"id":"5","name":"Division II - Planning and Development","identifier":"II","label":"division","url":"\/II\/"}},"structure_contents":{"0":{"id":"708","structure_id":"180","section_number":"12-2155","catch_line":"DECLARATION OF NECESSITY.","url":"\/12-2155\/","token":"12-2155"},"1":{"id":"709","structure_id":"180","section_number":"12-2156","catch_line":"LICENSE REQUIRED.","url":"\/12-2156\/","token":"12-2156"},"2":{"id":"710","structure_id":"180","section_number":"12-2157","catch_line":"STANDARDS.","url":"\/12-2157\/","token":"12-2157"},"3":{"id":"711","structure_id":"180","section_number":"12-2158","catch_line":"COMPLIANCE WITH PROVISIONS.","url":"\/12-2158\/","token":"12-2158"},"4":{"id":"712","structure_id":"180","section_number":"12-2159","catch_line":"ENFORCEMENT.","url":"\/12-2159\/","token":"12-2159"},"5":{"id":"713","structure_id":"180","section_number":"12-2160","catch_line":"RELATION TO OTHER LAWS.","url":"\/12-2160\/","token":"12-2160"},"6":{"id":"715","structure_id":"180","section_number":"12-2161","catch_line":"REGISTRATION OF SUPPORTIVE HOUSING RESIDENCES AND MULTI-UNIT SUPPORTIVE HOUSING RESIDENCES.","url":"\/12-2161\/","token":"12-2161"}},"previous_section":{"id":"710","structure_id":"180","section_number":"12-2157","catch_line":"STANDARDS.","url":"\/12-2157\/","token":"12-2157"},"next_section":{"id":"712","structure_id":"180","section_number":"12-2159","catch_line":"ENFORCEMENT.","url":"\/12-2159\/","token":"12-2159"},"references":false,"formats":{"txt":"\/12-2158.txt","json":"\/12-2158.xml"},"dublin_core":{"Title":"COMPLIANCE WITH PROVISIONS.","Type":"Text","Format":"text\/html","Identifier":"\u00a7 12-2158","Relation":"Code of State"},"plain_text":"                                  CODE OF STATE\n\nCOMPLIANCE WITH PROVISIONS. (\u00a7 12-2158)\n\nAll persons required by this article to have a license that are operating a\nbusiness shall have thirty (30) days from the application of this article to\nfile for any required license. The Inspection Department shall inspect each\nrooming business annually to determine compliance. \n(Ord. No. 1992-31, \u00a71, 8-4-92) \nCross reference: Compliance with fair housing and landlord and tenant laws,\n\u00a712-2160\n"}