{"law_id":"685","section_number":"12-2122","catch_line":"ISSUANCE OF PERMIT.","history":"","order_by":"12-2122","metadata":false,"url":"\/12-2122\/","token":"12-2122","structure":{"1":{"id":"178","name":"ARTICLE D. - AMUSEMENTS [4]","identifier":"D","label":"article","url":"\/II\/12\/2\/D\/"},"2":{"id":"174","name":"CHAPTER 2. - BUSINESSES AND TRADES","identifier":"2","label":"chapter","url":"\/II\/12\/2\/"},"3":{"id":"169","name":"PART 12 - LICENSING AND REGULATION","identifier":"12","label":"part","url":"\/II\/12\/"},"4":{"id":"5","name":"Division II - Planning and Development","identifier":"II","label":"division","url":"\/II\/"}},"referred_to_by":false,"edition_id":"1","section_id":"685","structure_id":"178","full_text":"(a) The amplified entertainment permit shall be issued by the Chief Financial Officer or his designee upon verification by the Inspections Department and the Fire Department that all relevant code and safety to life requirements have been met. The permit shall be applied for on a form supplied by the Chief Financial Officer or his designee. The application shall contain the name of the Manager, the name of the registered agent for service of process and such other information as the Chief Financial Officer or his designee may deem relevant and appropriate. Upon receipt of the application, the Chief Financial Officer or his designee shall forward a copy of the same to the Inspection Department for verification of the zoning and building code requirements necessary for the issuance of a license. \nThe Chief Financial Officer or his designee is directed to require the name of the business owner as a part of the application for an Amplified Entertainment Permit. Any change in the ownership of a business after the issuance of the permit shall cause the permit to be immediately invalid and cause the new owner to reapply for the permit. A change in ownership shall mean acquisition of more than ten percent of the stock in a publicly traded corporation, any change in the ownership of shares in a privately held corporation, sale of all or part of a sole proprietorship, or any change in the membership of any form of limited liability organization.\r\r(b) The fee for an initial amplified entertainment permit shall be five hundred dollars ($500.00). Each annual renewal shall be one hundred dollars ($100.00).\r\r","text":{"0":{"id":"1987","text":"The amplified entertainment permit shall be issued by the Chief Financial Officer or his designee upon verification by the Inspections Department and the Fire Department that all relevant code and safety to life requirements have been met. The permit shall be applied for on a form supplied by the Chief Financial Officer or his designee. The application shall contain the name of the Manager, the name of the registered agent for service of process and such other information as the Chief Financial Officer or his designee may deem relevant and appropriate. Upon receipt of the application, the Chief Financial Officer or his designee shall forward a copy of the same to the Inspection Department for verification of the zoning and building code requirements necessary for the issuance of a license. \nThe Chief Financial Officer or his designee is directed to require the name of the business owner as a part of the application for an Amplified Entertainment Permit. Any change in the ownership of a business after the issuance of the permit shall cause the permit to be immediately invalid and cause the new owner to reapply for the permit. A change in ownership shall mean acquisition of more than ten percent of the stock in a publicly traded corporation, any change in the ownership of shares in a privately held corporation, sale of all or part of a sole proprietorship, or any change in the membership of any form of limited liability organization.","type":"section","prefixes":["(a)"],"prefix":"(a)","entire_prefix":"(a)","prefix_anchor":"(a)","level":1},"1":{"id":"1988","text":"The fee for an initial amplified entertainment permit shall be five hundred dollars ($500.00). Each annual renewal shall be one hundred dollars ($100.00).","type":"section","prefixes":["(b)"],"prefix":"(b)","entire_prefix":"(b)","prefix_anchor":"(b)","level":1},"2":{"id":"1989","text":"","type":"section","prefixes":["(c)"],"prefix":"(c)","entire_prefix":"(c)","prefix_anchor":"(c)","level":1},"3":{"id":"1990","text":"\tThe accuracy of the Chief Financial Officer or his designee&#8217;s factual determination;\n","type":"section","prefixes":["(c)","(1)"],"prefix":"(1)","entire_prefix":"(c)(1)","prefix_anchor":"(c)(1)","level":2},"4":{"id":"1991","text":"\tThe number and type of police calls within a three-block area within the past six (6) months and the relationship of the calls to the establishment holding the permit; \n","type":"section","prefixes":["(c)","(2)"],"prefix":"(2)","entire_prefix":"(c)(2)","prefix_anchor":"(c)(2)","level":2},"5":{"id":"1992","text":"\tThe zoning classification of surrounding properties; \n","type":"section","prefixes":["(c)","(3)"],"prefix":"(3)","entire_prefix":"(c)(3)","prefix_anchor":"(c)(3)","level":2},"6":{"id":"1993","text":"\tThe status of any previously issued permits.\nIf, after a review of the foregoing factors, any adverse conditions exist on any one (1) of the factors, the appeal will not be allowed. \n(Ord. No. 1999-539, \u00a71, 4-6-99; Ord. No. 2009-642, \u00a7\u00a71, 2, 9-1-09) \n","type":"section","prefixes":["(c)","(4)"],"prefix":"(4)","entire_prefix":"(c)(4)","prefix_anchor":"(c)(4)","level":2}},"ancestry":{"1":{"id":"178","name":"ARTICLE D. - AMUSEMENTS [4]","identifier":"D","label":"article","url":"\/II\/12\/2\/D\/"},"2":{"id":"174","name":"CHAPTER 2. - BUSINESSES AND TRADES","identifier":"2","label":"chapter","url":"\/II\/12\/2\/"},"3":{"id":"169","name":"PART 12 - LICENSING AND REGULATION","identifier":"12","label":"part","url":"\/II\/12\/"},"4":{"id":"5","name":"Division II - Planning and Development","identifier":"II","label":"division","url":"\/II\/"}},"structure_contents":{"0":{"id":"676","structure_id":"178","section_number":"12-2111","catch_line":"THEATERS AND SHOWS; ADVANCE APPLICATION FOR LICENSE, ISSUANCE DISCRETIONARY; TYPES OF SHOWS PROHIBITED.","url":"\/12-2111\/","token":"12-2111"},"1":{"id":"677","structure_id":"178","section_number":"12-2112","catch_line":"SALE OF TICKETS IN EXCESS OF SEATS.","url":"\/12-2112\/","token":"12-2112"},"2":{"id":"678","structure_id":"178","section_number":"12-2113","catch_line":"RESERVED.","url":"\/12-2113\/","token":"12-2113"},"3":{"id":"679","structure_id":"178","section_number":"12-2117","catch_line":"RESERVED.","url":"\/12-2117\/","token":"12-2117"},"4":{"id":"681","structure_id":"178","section_number":"12-2118","catch_line":"DEFINITION.","url":"\/12-2118\/","token":"12-2118"},"5":{"id":"682","structure_id":"178","section_number":"12-2119","catch_line":"REQUIREMENTS FOR AMPLIFIED ENTERTAINMENT PERMIT.","url":"\/12-2119\/","token":"12-2119"},"6":{"id":"683","structure_id":"178","section_number":"12-2120","catch_line":"OUTDOOR AMPLIFIED ENTERTAINMENT.","url":"\/12-2120\/","token":"12-2120"},"7":{"id":"684","structure_id":"178","section_number":"12-2121","catch_line":"OUTDOOR DINING.","url":"\/12-2121\/","token":"12-2121"},"8":{"id":"685","structure_id":"178","section_number":"12-2122","catch_line":"ISSUANCE OF PERMIT.","url":"\/12-2122\/","token":"12-2122"},"9":{"id":"686","structure_id":"178","section_number":"12-2123","catch_line":"ADDITIONAL PROHIBITIONS.","url":"\/12-2123\/","token":"12-2123"},"10":{"id":"687","structure_id":"178","section_number":"12-2124","catch_line":"PENALTIES.","url":"\/12-2124\/","token":"12-2124"},"11":{"id":"688","structure_id":"178","section_number":"12-2125","catch_line":"EFFECTIVE DATE.","url":"\/12-2125\/","token":"12-2125"},"12":{"id":"689","structure_id":"178","section_number":"12-2126","catch_line":"RESERVED.","url":"\/12-2126\/","token":"12-2126"}},"previous_section":{"id":"684","structure_id":"178","section_number":"12-2121","catch_line":"OUTDOOR DINING.","url":"\/12-2121\/","token":"12-2121"},"next_section":{"id":"686","structure_id":"178","section_number":"12-2123","catch_line":"ADDITIONAL PROHIBITIONS.","url":"\/12-2123\/","token":"12-2123"},"references":false,"formats":{"txt":"\/12-2122.txt","json":"\/12-2122.xml"},"dublin_core":{"Title":"ISSUANCE OF PERMIT.","Type":"Text","Format":"text\/html","Identifier":"\u00a7 12-2122","Relation":"Code of State"},"plain_text":"                                  CODE OF STATE\n\nISSUANCE OF PERMIT. (\u00a7 12-2122)\n\n(a) The amplified entertainment permit shall be issued by the Chief Financial\nOfficer or his designee upon verification by the Inspections Department and the\nFire Department that all relevant code and safety to life requirements have been\nmet. The permit shall be applied for on a form supplied by the Chief Financial\nOfficer or his designee. The application shall contain the name of the Manager,\nthe name of the registered agent for service of process and such other\ninformation as the Chief Financial Officer or his designee may deem relevant and\nappropriate. Upon receipt of the application, the Chief Financial Officer or his\ndesignee shall forward a copy of the same to the Inspection Department for\nverification of the zoning and building code requirements necessary for the\nissuance of a license. \nThe Chief Financial Officer or his designee is directed to require the name of\nthe business owner as a part of the application for an Amplified Entertainment\nPermit. Any change in the ownership of a business after the issuance of the\npermit shall cause the permit to be immediately invalid and cause the new owner\nto reapply for the permit. A change in ownership shall mean acquisition of more\nthan ten percent of the stock in a publicly traded corporation, any change in\nthe ownership of shares in a privately held corporation, sale of all or part of\na sole proprietorship, or any change in the membership of any form of limited\nliability organization.\n\n(b) The fee for an initial amplified entertainment permit shall be five hundred\ndollars ($500.00). Each annual renewal shall be one hundred dollars ($100.00).\n\n(c) \n\n   (1) \tThe accuracy of the Chief Financial Officer or his designee&#8217;s\n   factual determination;\n   \n\n   (2) \tThe number and type of police calls within a three-block area within the\n   past six (6) months and the relationship of the calls to the establishment\n   holding the permit; \n   \n\n   (3) \tThe zoning classification of surrounding properties; \n   \n\n   (4) \tThe status of any previously issued permits.\n   If, after a review of the foregoing factors, any adverse conditions exist on\n   any one (1) of the factors, the appeal will not be allowed. \n   (Ord. No. 1999-539, \u00a71, 4-6-99; Ord. No. 2009-642, \u00a7\u00a71, 2, 9-1-09)\n"}