{"law_id":"709","section_number":"12-2156","catch_line":"LICENSE REQUIRED.","history":"","order_by":"12-2156","metadata":false,"url":"\/12-2156\/","token":"12-2156","structure":{"1":{"id":"180","name":"ARTICLE F. - SHORT-TERM RESIDENTIAL OCCUPANCIES [7]","identifier":"F","label":"article","url":"\/II\/12\/2\/F\/"},"2":{"id":"174","name":"CHAPTER 2. - BUSINESSES AND TRADES","identifier":"2","label":"chapter","url":"\/II\/12\/2\/"},"3":{"id":"169","name":"PART 12 - LICENSING AND REGULATION","identifier":"12","label":"part","url":"\/II\/12\/"},"4":{"id":"5","name":"Division II - Planning and Development","identifier":"II","label":"division","url":"\/II\/"}},"referred_to_by":{"0":{"id":"715","section_number":"12-2161","catch_line":"REGISTRATION OF SUPPORTIVE HOUSING RESIDENCES AND MULTI-UNIT SUPPORTIVE HOUSING RESIDENCES.","url":"http:\/\/localhost:8888\/12-2161\/"}},"edition_id":"1","section_id":"709","structure_id":"180","full_text":"(a) A &#8220;rooming house&#8221; is defined as a house, dwelling, building or structure, which was constructed originally as a single-family dwelling and now contains a type of equivalent dwelling unit as defined in Part 10, Chapter 2 consisting of a room or rooms without cooking facilities or private baths that are rented to the general public as a whole. \nEvery rooming house operator engaged in the business of renting any room or equivalent dwelling unit to another person for accommodation shall first apply for and procure from the City Revenue Collector a City license for the privilege of transacting or engaging in such business within the City. \nThe tax shall be two hundred fifty dollars ($250.00) per business location. Such license shall be due and payable in the same manner as prescribed for other privilege licenses issued by the City pursuant to this Code.\r\r(c) Every application for the privilege license prescribed herein shall be upon a form approved by the City Manager and shall be filed with the City Revenue Collector. Every application shall be made under oath and shall contain sufficient information to enable the City to determine that the standards of \u00a712-2157 are being met.\r\r(d) For purposes of this article, it is immaterial whether payments are called rent, finance charge, or any other name, and it is immaterial whether the occupants are limited to any particular room in the living quarter. \n(Ord. No. 1992-31, \u00a71, 8-4-92; Ord. No. 1994-340, \u00a71, 2-15-94; Ord. No. 1997-49, \u00a71, 2-4-97)\r\r","text":{"0":{"id":"2071","text":"A &#8220;rooming house&#8221; is defined as a house, dwelling, building or structure, which was constructed originally as a single-family dwelling and now contains a type of equivalent dwelling unit as defined in Part 10, Chapter 2 consisting of a room or rooms without cooking facilities or private baths that are rented to the general public as a whole. \nEvery rooming house operator engaged in the business of renting any room or equivalent dwelling unit to another person for accommodation shall first apply for and procure from the City Revenue Collector a City license for the privilege of transacting or engaging in such business within the City. \nThe tax shall be two hundred fifty dollars ($250.00) per business location. Such license shall be due and payable in the same manner as prescribed for other privilege licenses issued by the City pursuant to this Code.","type":"section","prefixes":["(a)"],"prefix":"(a)","entire_prefix":"(a)","prefix_anchor":"(a)","level":1},"1":{"id":"2072","text":"","type":"section","prefixes":["(b)"],"prefix":"(b)","entire_prefix":"(b)","prefix_anchor":"(b)","level":1},"2":{"id":"2073","text":"\tThe owner actually maintains and occupies one of the living quarters as his residence and there are no more than four (4) living quarters on the premises. \n","type":"section","prefixes":["(b)","(1)"],"prefix":"(1)","entire_prefix":"(b)(1)","prefix_anchor":"(b)(1)","level":2},"3":{"id":"2074","text":"\tThe business is paying the State sales tax imposed under G.S. 105-164.4(a)(3). \n","type":"section","prefixes":["(b)","(2)"],"prefix":"(2)","entire_prefix":"(b)(2)","prefix_anchor":"(b)(2)","level":2},"4":{"id":"2075","text":"Every application for the privilege license prescribed herein shall be upon a form approved by the City Manager and shall be filed with the City Revenue Collector. Every application shall be made under oath and shall contain sufficient information to enable the City to determine that the standards of \u00a712-2157 are being met.","type":"section","prefixes":["(c)"],"prefix":"(c)","entire_prefix":"(c)","prefix_anchor":"(c)","level":1},"5":{"id":"2076","text":"For purposes of this article, it is immaterial whether payments are called rent, finance charge, or any other name, and it is immaterial whether the occupants are limited to any particular room in the living quarter. \n(Ord. No. 1992-31, \u00a71, 8-4-92; Ord. No. 1994-340, \u00a71, 2-15-94; Ord. No. 1997-49, \u00a71, 2-4-97)","type":"section","prefixes":["(d)"],"prefix":"(d)","entire_prefix":"(d)","prefix_anchor":"(d)","level":1}},"ancestry":{"1":{"id":"180","name":"ARTICLE F. - SHORT-TERM RESIDENTIAL OCCUPANCIES [7]","identifier":"F","label":"article","url":"\/II\/12\/2\/F\/"},"2":{"id":"174","name":"CHAPTER 2. - BUSINESSES AND TRADES","identifier":"2","label":"chapter","url":"\/II\/12\/2\/"},"3":{"id":"169","name":"PART 12 - LICENSING AND REGULATION","identifier":"12","label":"part","url":"\/II\/12\/"},"4":{"id":"5","name":"Division II - Planning and Development","identifier":"II","label":"division","url":"\/II\/"}},"structure_contents":{"0":{"id":"708","structure_id":"180","section_number":"12-2155","catch_line":"DECLARATION OF NECESSITY.","url":"\/12-2155\/","token":"12-2155"},"1":{"id":"709","structure_id":"180","section_number":"12-2156","catch_line":"LICENSE REQUIRED.","url":"\/12-2156\/","token":"12-2156"},"2":{"id":"710","structure_id":"180","section_number":"12-2157","catch_line":"STANDARDS.","url":"\/12-2157\/","token":"12-2157"},"3":{"id":"711","structure_id":"180","section_number":"12-2158","catch_line":"COMPLIANCE WITH PROVISIONS.","url":"\/12-2158\/","token":"12-2158"},"4":{"id":"712","structure_id":"180","section_number":"12-2159","catch_line":"ENFORCEMENT.","url":"\/12-2159\/","token":"12-2159"},"5":{"id":"713","structure_id":"180","section_number":"12-2160","catch_line":"RELATION TO OTHER LAWS.","url":"\/12-2160\/","token":"12-2160"},"6":{"id":"715","structure_id":"180","section_number":"12-2161","catch_line":"REGISTRATION OF SUPPORTIVE HOUSING RESIDENCES AND MULTI-UNIT SUPPORTIVE HOUSING RESIDENCES.","url":"\/12-2161\/","token":"12-2161"}},"previous_section":{"id":"708","structure_id":"180","section_number":"12-2155","catch_line":"DECLARATION OF NECESSITY.","url":"\/12-2155\/","token":"12-2155"},"next_section":{"id":"710","structure_id":"180","section_number":"12-2157","catch_line":"STANDARDS.","url":"\/12-2157\/","token":"12-2157"},"references":{"0":{"id":"712","section_number":"12-2159","catch_line":"ENFORCEMENT.","url":"http:\/\/localhost:8888\/12-2159\/"}},"formats":{"txt":"\/12-2156.txt","json":"\/12-2156.xml"},"dublin_core":{"Title":"LICENSE REQUIRED.","Type":"Text","Format":"text\/html","Identifier":"\u00a7 12-2156","Relation":"Code of State"},"plain_text":"                                  CODE OF STATE\n\nLICENSE REQUIRED. (\u00a7 12-2156)\n\n(a) A &#8220;rooming house&#8221; is defined as a house, dwelling, building or\nstructure, which was constructed originally as a single-family dwelling and now\ncontains a type of equivalent dwelling unit as defined in Part 10, Chapter 2\nconsisting of a room or rooms without cooking facilities or private baths that\nare rented to the general public as a whole. \nEvery rooming house operator engaged in the business of renting any room or\nequivalent dwelling unit to another person for accommodation shall first apply\nfor and procure from the City Revenue Collector a City license for the privilege\nof transacting or engaging in such business within the City. \nThe tax shall be two hundred fifty dollars ($250.00) per business location. Such\nlicense shall be due and payable in the same manner as prescribed for other\nprivilege licenses issued by the City pursuant to this Code.\n\n(b) \n\n   (1) \tThe owner actually maintains and occupies one of the living quarters as\n   his residence and there are no more than four (4) living quarters on the\n   premises. \n   \n\n   (2) \tThe business is paying the State sales tax imposed under G.S.\n   105-164.4(a)(3). \n   \n\n(c) Every application for the privilege license prescribed herein shall be upon\na form approved by the City Manager and shall be filed with the City Revenue\nCollector. Every application shall be made under oath and shall contain\nsufficient information to enable the City to determine that the standards of\n\u00a712-2157 are being met.\n\n(d) For purposes of this article, it is immaterial whether payments are called\nrent, finance charge, or any other name, and it is immaterial whether the\noccupants are limited to any particular room in the living quarter. \n(Ord. No. 1992-31, \u00a71, 8-4-92; Ord. No. 1994-340, \u00a71, 2-15-94; Ord. No.\n1997-49, \u00a71, 2-4-97)\n"}