{"law_id":"797","section_number":"12-3074","catch_line":"UNAUTHORIZED USE OF LICENSE RECEIPTS OR INOCULATION CERTIFICATES.","history":"","order_by":"12-3074","metadata":false,"url":"\/12-3074\/","token":"12-3074","structure":{"1":{"id":"189","name":"ARTICLE E. - ADMINISTRATION AND ENFORCEMENT","identifier":"E","label":"article","url":"\/II\/12\/3\/E\/"},"2":{"id":"183","name":"CHAPTER 3. - ANIMALS","identifier":"3","label":"chapter","url":"\/II\/12\/3\/"},"3":{"id":"169","name":"PART 12 - LICENSING AND REGULATION","identifier":"12","label":"part","url":"\/II\/12\/"},"4":{"id":"5","name":"Division II - Planning and Development","identifier":"II","label":"division","url":"\/II\/"}},"referred_to_by":false,"edition_id":"1","section_id":"797","structure_id":"189","full_text":"It shall be unlawful for any person to use for any dog, attack and security dog training facility, or holding facility, a license receipt, or a rabies inoculation certificate issued to another person, dog, cat, or facility. \n(Code 1959 , \u00a74-49; Ord. No. 1980-502, \u00a74, 10-21-80; Ord. No. 2012-59, \u00a75, 6-5-12, eff. 1-1-13)","text":{"0":{"id":"2350","text":"It shall be unlawful for any person to use for any dog, attack and security dog training facility, or holding facility, a license receipt, or a rabies inoculation certificate issued to another person, dog, cat, or facility. \n(Code 1959 , \u00a74-49; Ord. No. 1980-502, \u00a74, 10-21-80; Ord. No. 2012-59, \u00a75, 6-5-12, eff. 1-1-13)","type":"section","prefixes":[""],"prefix":"","entire_prefix":"","prefix_anchor":"","level":1}},"ancestry":{"1":{"id":"189","name":"ARTICLE E. - ADMINISTRATION AND ENFORCEMENT","identifier":"E","label":"article","url":"\/II\/12\/3\/E\/"},"2":{"id":"183","name":"CHAPTER 3. - ANIMALS","identifier":"3","label":"chapter","url":"\/II\/12\/3\/"},"3":{"id":"169","name":"PART 12 - LICENSING AND REGULATION","identifier":"12","label":"part","url":"\/II\/12\/"},"4":{"id":"5","name":"Division II - Planning and Development","identifier":"II","label":"division","url":"\/II\/"}},"structure_contents":{"0":{"id":"783","structure_id":"189","section_number":"12-3061","catch_line":"IMPOUNDMENT.","url":"\/12-3061\/","token":"12-3061"},"1":{"id":"784","structure_id":"189","section_number":"12-3062","catch_line":"NOTICE TO OWNER OF IMPOUNDED ANIMAL.","url":"\/12-3062\/","token":"12-3062"},"2":{"id":"785","structure_id":"189","section_number":"12-3063","catch_line":"PERIODS OF IMPOUNDMENT.","url":"\/12-3063\/","token":"12-3063"},"3":{"id":"786","structure_id":"189","section_number":"12-3064","catch_line":"REDEMPTION OF IMPOUNDED ANIMAL.","url":"\/12-3064\/","token":"12-3064"},"4":{"id":"787","structure_id":"189","section_number":"12-3065","catch_line":"DISPOSITION OF UNREDEEMED ANIMALS.","url":"\/12-3065\/","token":"12-3065"},"5":{"id":"788","structure_id":"189","section_number":"12-3066","catch_line":"SUMMARY DESTRUCTION OF ANIMALS FOR HUMANE REASONS.","url":"\/12-3066\/","token":"12-3066"},"6":{"id":"789","structure_id":"189","section_number":"12-3067","catch_line":"CONFINEMENT OF ANIMALS WITH HISTORY OF BITING PEOPLE.","url":"\/12-3067\/","token":"12-3067"},"7":{"id":"790","structure_id":"189","section_number":"12-3068","catch_line":"DISPOSAL OF ANIMAL CARCASSES.","url":"\/12-3068\/","token":"12-3068"},"8":{"id":"792","structure_id":"189","section_number":"12-3069","catch_line":"FINES AND PENALTIES.","url":"\/12-3069\/","token":"12-3069"},"9":{"id":"793","structure_id":"189","section_number":"12-3070","catch_line":"RESERVED.","url":"\/12-3070\/","token":"12-3070"},"10":{"id":"794","structure_id":"189","section_number":"12-3071","catch_line":"REFUSAL TO ISSUE LICENSE WHEN APPLICANT IN VIOLATION OF LAW.","url":"\/12-3071\/","token":"12-3071"},"11":{"id":"795","structure_id":"189","section_number":"12-3072","catch_line":"REVOCATION OF HOLDING FACILITY LICENSES.","url":"\/12-3072\/","token":"12-3072"},"12":{"id":"796","structure_id":"189","section_number":"12-3073","catch_line":"NOTICE OF AND APPEALS FROM DECISION OF AGENCIES.","url":"\/12-3073\/","token":"12-3073"},"13":{"id":"797","structure_id":"189","section_number":"12-3074","catch_line":"UNAUTHORIZED USE OF LICENSE RECEIPTS OR INOCULATION CERTIFICATES.","url":"\/12-3074\/","token":"12-3074"}},"previous_section":{"id":"796","structure_id":"189","section_number":"12-3073","catch_line":"NOTICE OF AND APPEALS FROM DECISION OF AGENCIES.","url":"\/12-3073\/","token":"12-3073"},"references":false,"formats":{"txt":"\/12-3074.txt","json":"\/12-3074.xml"},"dublin_core":{"Title":"UNAUTHORIZED USE OF LICENSE RECEIPTS OR INOCULATION CERTIFICATES.","Type":"Text","Format":"text\/html","Identifier":"\u00a7 12-3074","Relation":"Code of State"},"plain_text":"                                  CODE OF STATE\n\nUNAUTHORIZED USE OF LICENSE RECEIPTS OR INOCULATION CERTIFICATES. (\u00a7 12-3074)\n\nIt shall be unlawful for any person to use for any dog, attack and security dog\ntraining facility, or holding facility, a license receipt, or a rabies\ninoculation certificate issued to another person, dog, cat, or facility. \n(Code 1959 , \u00a74-49; Ord. No. 1980-502, \u00a74, 10-21-80; Ord. No. 2012-59, \u00a75,\n6-5-12, eff. 1-1-13)\n"}