{"law_id":"746","section_number":"12-3007","catch_line":"RUNNING AT LARGE PROHIBITED.","history":"","order_by":"12-3007","metadata":false,"url":"\/12-3007\/","token":"12-3007","structure":{"1":{"id":"184","name":"ARTICLE A. - GENERAL PROVISIONS","identifier":"A","label":"article","url":"\/II\/12\/3\/A\/"},"2":{"id":"183","name":"CHAPTER 3. - ANIMALS","identifier":"3","label":"chapter","url":"\/II\/12\/3\/"},"3":{"id":"169","name":"PART 12 - LICENSING AND REGULATION","identifier":"12","label":"part","url":"\/II\/12\/"},"4":{"id":"5","name":"Division II - Planning and Development","identifier":"II","label":"division","url":"\/II\/"}},"referred_to_by":false,"edition_id":"1","section_id":"746","structure_id":"184","full_text":"(a) It shall be unlawful for the owner of any domesticated animal to allow such animal to be at-large within the corporate limits of the City or on any City property.\r\r(b) No person shall tether a dog to a tree, fence, post, dog house, or other stationary object for more than three (3) hours total in any twenty-four-hour period. Any device used to tether shall be at least ten (10) feet long and attached in such a manner as to prevent strangulation or other injury to the dog and entanglement with other objects. A cable trolley system may be used to tether for the allowed period so longs as the stationary cable is at least ten (10) feet long and the dog can perpendicularly move at least ten (10) feet away from the stationary line. The line should be attached to the dog with a buckle type collar or a body harness. The device used to tether shall weigh no more than ten (10) percent of the animal&#8217;s body weight and must allow the dog access to food and water. In addition to being a misdemeanor, a violation of this section is subject to a civil penalty of one hundred dollars ($100.00) per day for each day of violation. \n(Code 1959 , \u00a74-7; Ord. No. 1982-941, \u00a71, 7-20-82; Ord. No. 2009-552, \u00a72, 3-3-09, eff. 7-1-09)\r\r","text":{"0":{"id":"2260","text":"It shall be unlawful for the owner of any domesticated animal to allow such animal to be at-large within the corporate limits of the City or on any City property.","type":"section","prefixes":["(a)"],"prefix":"(a)","entire_prefix":"(a)","prefix_anchor":"(a)","level":1},"1":{"id":"2261","text":"No person shall tether a dog to a tree, fence, post, dog house, or other stationary object for more than three (3) hours total in any twenty-four-hour period. Any device used to tether shall be at least ten (10) feet long and attached in such a manner as to prevent strangulation or other injury to the dog and entanglement with other objects. A cable trolley system may be used to tether for the allowed period so longs as the stationary cable is at least ten (10) feet long and the dog can perpendicularly move at least ten (10) feet away from the stationary line. The line should be attached to the dog with a buckle type collar or a body harness. The device used to tether shall weigh no more than ten (10) percent of the animal&#8217;s body weight and must allow the dog access to food and water. In addition to being a misdemeanor, a violation of this section is subject to a civil penalty of one hundred dollars ($100.00) per day for each day of violation. \n(Code 1959 , \u00a74-7; Ord. No. 1982-941, \u00a71, 7-20-82; Ord. No. 2009-552, \u00a72, 3-3-09, eff. 7-1-09)","type":"section","prefixes":["(b)"],"prefix":"(b)","entire_prefix":"(b)","prefix_anchor":"(b)","level":1}},"ancestry":{"1":{"id":"184","name":"ARTICLE A. - GENERAL PROVISIONS","identifier":"A","label":"article","url":"\/II\/12\/3\/A\/"},"2":{"id":"183","name":"CHAPTER 3. - ANIMALS","identifier":"3","label":"chapter","url":"\/II\/12\/3\/"},"3":{"id":"169","name":"PART 12 - LICENSING AND REGULATION","identifier":"12","label":"part","url":"\/II\/12\/"},"4":{"id":"5","name":"Division II - Planning and Development","identifier":"II","label":"division","url":"\/II\/"}},"structure_contents":{"0":{"id":"740","structure_id":"184","section_number":"12-3001","catch_line":"DIVISION OF ANIMAL CONTROL CREATED; COMPOSITION; RESPONSIBILITY.","url":"\/12-3001\/","token":"12-3001"},"1":{"id":"741","structure_id":"184","section_number":"12-3002","catch_line":"GENERAL RESPONSIBILITIES OF DIVISION; PERSONAL LIABILITY OF MUNICIPAL OFFICERS, AGENTS, EMPLOYEES.","url":"\/12-3002\/","token":"12-3002"},"2":{"id":"742","structure_id":"184","section_number":"12-3003","catch_line":"MEMBERS OF DIVISION TO HAVE POWER, AUTHORITY AND IMMUNITY OF PEACE OFFICERS, DUTY TO WEAR BADGE; FIREARMS.","url":"\/12-3003\/","token":"12-3003"},"3":{"id":"743","structure_id":"184","section_number":"12-3004","catch_line":"DEFINITIONS.","url":"\/12-3004\/","token":"12-3004"},"4":{"id":"744","structure_id":"184","section_number":"12-3005","catch_line":"BIRD SANCTUARY; AREA DESIGNATED; HUNTING, TRAPPING, SHOOTING THEREIN; POSTING OF REGULATIONS.","url":"\/12-3005\/","token":"12-3005"},"5":{"id":"745","structure_id":"184","section_number":"12-3006","catch_line":"ANIMALS OR FOWL BANNED FROM SALE.","url":"\/12-3006\/","token":"12-3006"},"6":{"id":"746","structure_id":"184","section_number":"12-3007","catch_line":"RUNNING AT LARGE PROHIBITED.","url":"\/12-3007\/","token":"12-3007"}},"previous_section":{"id":"745","structure_id":"184","section_number":"12-3006","catch_line":"ANIMALS OR FOWL BANNED FROM SALE.","url":"\/12-3006\/","token":"12-3006"},"references":false,"formats":{"txt":"\/12-3007.txt","json":"\/12-3007.xml"},"dublin_core":{"Title":"RUNNING AT LARGE PROHIBITED.","Type":"Text","Format":"text\/html","Identifier":"\u00a7 12-3007","Relation":"Code of State"},"plain_text":"                                  CODE OF STATE\n\nRUNNING AT LARGE PROHIBITED. (\u00a7 12-3007)\n\n(a) It shall be unlawful for the owner of any domesticated animal to allow such\nanimal to be at-large within the corporate limits of the City or on any City\nproperty.\n\n(b) No person shall tether a dog to a tree, fence, post, dog house, or other\nstationary object for more than three (3) hours total in any twenty-four-hour\nperiod. Any device used to tether shall be at least ten (10) feet long and\nattached in such a manner as to prevent strangulation or other injury to the dog\nand entanglement with other objects. A cable trolley system may be used to\ntether for the allowed period so longs as the stationary cable is at least ten\n(10) feet long and the dog can perpendicularly move at least ten (10) feet away\nfrom the stationary line. The line should be attached to the dog with a buckle\ntype collar or a body harness. The device used to tether shall weigh no more\nthan ten (10) percent of the animal&#8217;s body weight and must allow the dog\naccess to food and water. In addition to being a misdemeanor, a violation of\nthis section is subject to a civil penalty of one hundred dollars ($100.00) per\nday for each day of violation. \n(Code 1959 , \u00a74-7; Ord. No. 1982-941, \u00a71, 7-20-82; Ord. No. 2009-552, \u00a72,\n3-3-09, eff. 7-1-09)\n"}