{"law_id":"748","edition_id":"1","section_id":"748","structure_id":"185","section_number":"12-3008","catch_line":"INOCULATION OF DOGS, CATS AND OTHER PETS.","history":"","full_text":"(a) Inoculation. \nIt shall be unlawful for an owner to fail to provide current inoculation against rabies (hydrophobia) for any dog or cat four (4) months of age or older. A rabies inoculation shall be deemed current for a cat if the inoculation has been given within the preceding twelve (12) months. A rabies inoculation shall be deemed current for a dog if two (2) inoculations have been given one year apart and booster doses of rabies vaccine administered every three (3) years thereafter. \nState law reference: Rabies vaccination, G.S. 130A-185.\r\r","order_by":"12-3008","text":{"0":{"id":"2263","text":"Inoculation. \nIt shall be unlawful for an owner to fail to provide current inoculation against rabies (hydrophobia) for any dog or cat four (4) months of age or older. A rabies inoculation shall be deemed current for a cat if the inoculation has been given within the preceding twelve (12) months. A rabies inoculation shall be deemed current for a dog if two (2) inoculations have been given one year apart and booster doses of rabies vaccine administered every three (3) years thereafter. \nState law reference: Rabies vaccination, G.S. 130A-185.","type":"section","prefixes":["(a)"],"prefix":"(a)","entire_prefix":"(a)","prefix_anchor":"(a)","level":1},"1":{"id":"2264","text":"","type":"section","prefixes":["(b)"],"prefix":"(b)","entire_prefix":"(b)","prefix_anchor":"(b)","level":1},"2":{"id":"2265","text":"\tAny person inoculating an animal against rabies shall issue to the owner of the animal inoculated a numbered metallic tag, stamped with the number and the year for which it is issued, and indicating that the animal has been inoculated against rabies. \n","type":"section","prefixes":["(b)","(1)"],"prefix":"(1)","entire_prefix":"(b)(1)","prefix_anchor":"(b)(1)","level":2},"3":{"id":"2266","text":"\tThe metal inoculation tag shall be securely fastened to the dog&#8217;s choke chain collar or harness and it shall be unlawful for the owner of a dog to allow such dog to be within the City without the inoculation tag. \n","type":"section","prefixes":["(b)","(2)"],"prefix":"(2)","entire_prefix":"(b)(2)","prefix_anchor":"(b)(2)","level":2},"4":{"id":"2267","text":"\tCats shall not be required to wear the metallic inoculation tag, but the owner of a cat shall maintain the tag or the rabies vaccination certificates as written evidence to prove the cat has a current rabies inoculation. \n(Ord. No. 1980-502, \u00a72, 10-21-80) \nState law reference: Rabies vaccination tags, G.S. 130A-190. \n","type":"section","prefixes":["(b)","(3)"],"prefix":"(3)","entire_prefix":"(b)(3)","prefix_anchor":"(b)(3)","level":2}},"ancestry":{"1":{"id":"185","name":"ARTICLE B. - DOGS AND CATS [9]","identifier":"B","label":"article","url":"\/II\/12\/3\/B\/"},"2":{"id":"183","name":"CHAPTER 3. - ANIMALS","identifier":"3","label":"chapter","url":"\/II\/12\/3\/"},"3":{"id":"169","name":"PART 12 - LICENSING AND REGULATION","identifier":"12","label":"part","url":"\/II\/12\/"},"4":{"id":"5","name":"Division II - Planning and Development","identifier":"II","label":"division","url":"\/II\/"}},"structure_contents":{"0":{"id":"748","structure_id":"185","section_number":"12-3008","catch_line":"INOCULATION OF DOGS, CATS AND OTHER PETS.","url":"\/12-3008\/","token":"12-3008"},"1":{"id":"749","structure_id":"185","section_number":"12-3009","catch_line":"ADEQUATE FEED, WATER AND SHELTER.","url":"\/12-3009\/","token":"12-3009"},"2":{"id":"750","structure_id":"185","section_number":"12-3010","catch_line":"RESERVED.","url":"\/12-3010\/","token":"12-3010"},"3":{"id":"751","structure_id":"185","section_number":"12-3011","catch_line":"DOGS AT LARGE; DEFECATION ON STREETS AND PRIVATE PROPERTY.","url":"\/12-3011\/","token":"12-3011"},"4":{"id":"752","structure_id":"185","section_number":"12-3012","catch_line":"CONFINEMENT OF FEMALE DOGS IN HEAT.","url":"\/12-3012\/","token":"12-3012"},"5":{"id":"753","structure_id":"185","section_number":"12-3013","catch_line":"RESERVED.","url":"\/12-3013\/","token":"12-3013"}},"next_section":{"id":"749","structure_id":"185","section_number":"12-3009","catch_line":"ADEQUATE FEED, WATER AND SHELTER.","url":"\/12-3009\/","token":"12-3009"},"metadata":false,"references":false,"url":"\/12-3008\/","token":"12-3008","formats":{"txt":"\/12-3008.txt","json":"\/12-3008.xml"},"dublin_core":{"Title":"INOCULATION OF DOGS, CATS AND OTHER PETS.","Type":"Text","Format":"text\/html","Identifier":"\u00a7 12-3008","Relation":"Code of State"},"plain_text":"                                  CODE OF STATE\n\nINOCULATION OF DOGS, CATS AND OTHER PETS. (\u00a7 12-3008)\n\n(a) Inoculation. \nIt shall be unlawful for an owner to fail to provide current inoculation against\nrabies (hydrophobia) for any dog or cat four (4) months of age or older. A\nrabies inoculation shall be deemed current for a cat if the inoculation has been\ngiven within the preceding twelve (12) months. A rabies inoculation shall be\ndeemed current for a dog if two (2) inoculations have been given one year apart\nand booster doses of rabies vaccine administered every three (3) years\nthereafter. \nState law reference: Rabies vaccination, G.S. 130A-185.\n\n(b) \n\n   (1) \tAny person inoculating an animal against rabies shall issue to the owner\n   of the animal inoculated a numbered metallic tag, stamped with the number and\n   the year for which it is issued, and indicating that the animal has been\n   inoculated against rabies. \n   \n\n   (2) \tThe metal inoculation tag shall be securely fastened to the dog&#8217;s\n   choke chain collar or harness and it shall be unlawful for the owner of a dog\n   to allow such dog to be within the City without the inoculation tag. \n   \n\n   (3) \tCats shall not be required to wear the metallic inoculation tag, but the\n   owner of a cat shall maintain the tag or the rabies vaccination certificates\n   as written evidence to prove the cat has a current rabies inoculation. \n   (Ord. No. 1980-502, \u00a72, 10-21-80) \n   State law reference: Rabies vaccination tags, G.S. 130A-190.\n"}