{"law_id":"744","section_number":"12-3005","catch_line":"BIRD SANCTUARY; AREA DESIGNATED; HUNTING, TRAPPING, SHOOTING THEREIN; POSTING OF REGULATIONS.","history":"","order_by":"12-3005","metadata":false,"url":"\/12-3005\/","token":"12-3005","structure":{"1":{"id":"184","name":"ARTICLE A. - GENERAL PROVISIONS","identifier":"A","label":"article","url":"\/II\/12\/3\/A\/"},"2":{"id":"183","name":"CHAPTER 3. - ANIMALS","identifier":"3","label":"chapter","url":"\/II\/12\/3\/"},"3":{"id":"169","name":"PART 12 - LICENSING AND REGULATION","identifier":"12","label":"part","url":"\/II\/12\/"},"4":{"id":"5","name":"Division II - Planning and Development","identifier":"II","label":"division","url":"\/II\/"}},"referred_to_by":{"0":{"id":"754","section_number":"12-3021","catch_line":"PUBLIC NUISANCE ANIMALS.","url":"http:\/\/localhost:8888\/12-3021\/"}},"edition_id":"1","section_id":"744","structure_id":"184","full_text":"(a) The area embraced within the corporate limits of the City and all land owned or leased by the City outside the corporate limits is hereby designated as a bird sanctuary.\r\r(b) It shall be unlawful intentionally to trap, hunt, shoot, or otherwise kill, within the sanctuary hereby established, any native wild bird; provided, it shall be lawful to trap starlings or similar birds or fowl specifically declared a nuisance by the City Council when such birds or fowl are found to be congregating in such number in a particular locality that they constitute a nuisance or a menace to health or property.\r\r(c) The bird clubs of the City are hereby granted permission to erect artistic signs, giving notice of the regulations therein provided, at such places and of such design as may be approved by the City Manager. \n(Code 1959 , \u00a74-5) \nState law reference: Bird sanctuary establishment, G.S. 160A-188.\r\r","text":{"0":{"id":"2256","text":"The area embraced within the corporate limits of the City and all land owned or leased by the City outside the corporate limits is hereby designated as a bird sanctuary.","type":"section","prefixes":["(a)"],"prefix":"(a)","entire_prefix":"(a)","prefix_anchor":"(a)","level":1},"1":{"id":"2257","text":"It shall be unlawful intentionally to trap, hunt, shoot, or otherwise kill, within the sanctuary hereby established, any native wild bird; provided, it shall be lawful to trap starlings or similar birds or fowl specifically declared a nuisance by the City Council when such birds or fowl are found to be congregating in such number in a particular locality that they constitute a nuisance or a menace to health or property.","type":"section","prefixes":["(b)"],"prefix":"(b)","entire_prefix":"(b)","prefix_anchor":"(b)","level":1},"2":{"id":"2258","text":"The bird clubs of the City are hereby granted permission to erect artistic signs, giving notice of the regulations therein provided, at such places and of such design as may be approved by the City Manager. \n(Code 1959 , \u00a74-5) \nState law reference: Bird sanctuary establishment, G.S. 160A-188.","type":"section","prefixes":["(c)"],"prefix":"(c)","entire_prefix":"(c)","prefix_anchor":"(c)","level":1}},"ancestry":{"1":{"id":"184","name":"ARTICLE A. - GENERAL PROVISIONS","identifier":"A","label":"article","url":"\/II\/12\/3\/A\/"},"2":{"id":"183","name":"CHAPTER 3. - ANIMALS","identifier":"3","label":"chapter","url":"\/II\/12\/3\/"},"3":{"id":"169","name":"PART 12 - LICENSING AND REGULATION","identifier":"12","label":"part","url":"\/II\/12\/"},"4":{"id":"5","name":"Division II - Planning and Development","identifier":"II","label":"division","url":"\/II\/"}},"structure_contents":{"0":{"id":"740","structure_id":"184","section_number":"12-3001","catch_line":"DIVISION OF ANIMAL CONTROL CREATED; COMPOSITION; RESPONSIBILITY.","url":"\/12-3001\/","token":"12-3001"},"1":{"id":"741","structure_id":"184","section_number":"12-3002","catch_line":"GENERAL RESPONSIBILITIES OF DIVISION; PERSONAL LIABILITY OF MUNICIPAL OFFICERS, AGENTS, EMPLOYEES.","url":"\/12-3002\/","token":"12-3002"},"2":{"id":"742","structure_id":"184","section_number":"12-3003","catch_line":"MEMBERS OF DIVISION TO HAVE POWER, AUTHORITY AND IMMUNITY OF PEACE OFFICERS, DUTY TO WEAR BADGE; FIREARMS.","url":"\/12-3003\/","token":"12-3003"},"3":{"id":"743","structure_id":"184","section_number":"12-3004","catch_line":"DEFINITIONS.","url":"\/12-3004\/","token":"12-3004"},"4":{"id":"744","structure_id":"184","section_number":"12-3005","catch_line":"BIRD SANCTUARY; AREA DESIGNATED; HUNTING, TRAPPING, SHOOTING THEREIN; POSTING OF REGULATIONS.","url":"\/12-3005\/","token":"12-3005"},"5":{"id":"745","structure_id":"184","section_number":"12-3006","catch_line":"ANIMALS OR FOWL BANNED FROM SALE.","url":"\/12-3006\/","token":"12-3006"},"6":{"id":"746","structure_id":"184","section_number":"12-3007","catch_line":"RUNNING AT LARGE PROHIBITED.","url":"\/12-3007\/","token":"12-3007"}},"previous_section":{"id":"743","structure_id":"184","section_number":"12-3004","catch_line":"DEFINITIONS.","url":"\/12-3004\/","token":"12-3004"},"next_section":{"id":"745","structure_id":"184","section_number":"12-3006","catch_line":"ANIMALS OR FOWL BANNED FROM SALE.","url":"\/12-3006\/","token":"12-3006"},"references":false,"formats":{"txt":"\/12-3005.txt","json":"\/12-3005.xml"},"dublin_core":{"Title":"BIRD SANCTUARY; AREA DESIGNATED; HUNTING, TRAPPING, SHOOTING THEREIN; POSTING OF REGULATIONS.","Type":"Text","Format":"text\/html","Identifier":"\u00a7 12-3005","Relation":"Code of State"},"plain_text":"                                  CODE OF STATE\n\nBIRD SANCTUARY; AREA DESIGNATED; HUNTING, TRAPPING, SHOOTING THEREIN; POSTING OF\nREGULATIONS. (\u00a7 12-3005)\n\n(a) The area embraced within the corporate limits of the City and all land owned\nor leased by the City outside the corporate limits is hereby designated as a\nbird sanctuary.\n\n(b) It shall be unlawful intentionally to trap, hunt, shoot, or otherwise kill,\nwithin the sanctuary hereby established, any native wild bird; provided, it\nshall be lawful to trap starlings or similar birds or fowl specifically declared\na nuisance by the City Council when such birds or fowl are found to be\ncongregating in such number in a particular locality that they constitute a\nnuisance or a menace to health or property.\n\n(c) The bird clubs of the City are hereby granted permission to erect artistic\nsigns, giving notice of the regulations therein provided, at such places and of\nsuch design as may be approved by the City Manager. \n(Code 1959 , \u00a74-5) \nState law reference: Bird sanctuary establishment, G.S. 160A-188.\n"}