{"law_id":"753","section_number":"12-3013","catch_line":"RESERVED.","history":"","order_by":"12-3013","metadata":false,"url":"\/12-3013\/","token":"12-3013","structure":{"1":{"id":"185","name":"ARTICLE B. - DOGS AND CATS [9]","identifier":"B","label":"article","url":"\/II\/12\/3\/B\/"},"2":{"id":"183","name":"CHAPTER 3. - ANIMALS","identifier":"3","label":"chapter","url":"\/II\/12\/3\/"},"3":{"id":"169","name":"PART 12 - LICENSING AND REGULATION","identifier":"12","label":"part","url":"\/II\/12\/"},"4":{"id":"5","name":"Division II - Planning and Development","identifier":"II","label":"division","url":"\/II\/"}},"referred_to_by":false,"edition_id":"1","section_id":"753","structure_id":"185","full_text":"________________________________________\nFOOTNOTE(S):\n________________________________________\n&#8212; (10) &#8212; \nEditor&#8217;s note\u2014 Ord. No. 2012-59, \u00a72, adopted June 5, 2012, effective Jan. 1, 2013, repealed \u00a7\u00a712-3013\u201412-3018, which pertained to licenses and derived from Code 1959, \u00a7\u00a74-10\u20144-12; Ord. No. 1984-307, \u00a73, adopted March 20, 1984. See the Code Comparative Table for complete derivation. (Back)","text":{"0":{"id":"2280","text":"________________________________________\nFOOTNOTE(S):\n________________________________________\n&#8212; (10) &#8212; \nEditor&#8217;s note\u2014 Ord. No. 2012-59, \u00a72, adopted June 5, 2012, effective Jan. 1, 2013, repealed \u00a7\u00a712-3013\u201412-3018, which pertained to licenses and derived from Code 1959, \u00a7\u00a74-10\u20144-12; Ord. No. 1984-307, \u00a73, adopted March 20, 1984. See the Code Comparative Table for complete derivation. (Back)","type":"section","prefixes":[""],"prefix":"","entire_prefix":"","prefix_anchor":"","level":1}},"ancestry":{"1":{"id":"185","name":"ARTICLE B. - DOGS AND CATS [9]","identifier":"B","label":"article","url":"\/II\/12\/3\/B\/"},"2":{"id":"183","name":"CHAPTER 3. - ANIMALS","identifier":"3","label":"chapter","url":"\/II\/12\/3\/"},"3":{"id":"169","name":"PART 12 - LICENSING AND REGULATION","identifier":"12","label":"part","url":"\/II\/12\/"},"4":{"id":"5","name":"Division II - Planning and Development","identifier":"II","label":"division","url":"\/II\/"}},"structure_contents":{"0":{"id":"748","structure_id":"185","section_number":"12-3008","catch_line":"INOCULATION OF DOGS, CATS AND OTHER PETS.","url":"\/12-3008\/","token":"12-3008"},"1":{"id":"749","structure_id":"185","section_number":"12-3009","catch_line":"ADEQUATE FEED, WATER AND SHELTER.","url":"\/12-3009\/","token":"12-3009"},"2":{"id":"750","structure_id":"185","section_number":"12-3010","catch_line":"RESERVED.","url":"\/12-3010\/","token":"12-3010"},"3":{"id":"751","structure_id":"185","section_number":"12-3011","catch_line":"DOGS AT LARGE; DEFECATION ON STREETS AND PRIVATE PROPERTY.","url":"\/12-3011\/","token":"12-3011"},"4":{"id":"752","structure_id":"185","section_number":"12-3012","catch_line":"CONFINEMENT OF FEMALE DOGS IN HEAT.","url":"\/12-3012\/","token":"12-3012"},"5":{"id":"753","structure_id":"185","section_number":"12-3013","catch_line":"RESERVED.","url":"\/12-3013\/","token":"12-3013"}},"previous_section":{"id":"752","structure_id":"185","section_number":"12-3012","catch_line":"CONFINEMENT OF FEMALE DOGS IN HEAT.","url":"\/12-3012\/","token":"12-3012"},"references":{"0":{"id":"753","section_number":"12-3013","catch_line":"RESERVED.","url":"http:\/\/localhost:8888\/12-3013\/"}},"formats":{"txt":"\/12-3013.txt","json":"\/12-3013.xml"},"dublin_core":{"Title":"RESERVED.","Type":"Text","Format":"text\/html","Identifier":"\u00a7 12-3013","Relation":"Code of State"},"plain_text":"                                  CODE OF STATE\n\nRESERVED. (\u00a7 12-3013)\n\n________________________________________\nFOOTNOTE(S):\n________________________________________\n&#8212; (10) &#8212; \nEditor&#8217;s note\u2014 Ord. No. 2012-59, \u00a72, adopted June 5, 2012, effective\nJan. 1, 2013, repealed \u00a7\u00a712-3013\u201412-3018, which pertained to licenses and\nderived from Code 1959, \u00a7\u00a74-10\u20144-12; Ord. No. 1984-307, \u00a73, adopted March\n20, 1984. See the Code Comparative Table for complete derivation. (Back)\n"}