{"law_id":"742","section_number":"12-3003","catch_line":"MEMBERS OF DIVISION TO HAVE POWER, AUTHORITY AND IMMUNITY OF PEACE OFFICERS, DUTY TO WEAR BADGE; FIREARMS.","history":"","order_by":"12-3003","metadata":false,"url":"\/12-3003\/","token":"12-3003","structure":{"1":{"id":"184","name":"ARTICLE A. - GENERAL PROVISIONS","identifier":"A","label":"article","url":"\/II\/12\/3\/A\/"},"2":{"id":"183","name":"CHAPTER 3. - ANIMALS","identifier":"3","label":"chapter","url":"\/II\/12\/3\/"},"3":{"id":"169","name":"PART 12 - LICENSING AND REGULATION","identifier":"12","label":"part","url":"\/II\/12\/"},"4":{"id":"5","name":"Division II - Planning and Development","identifier":"II","label":"division","url":"\/II\/"}},"referred_to_by":false,"edition_id":"1","section_id":"742","structure_id":"184","full_text":"(a) In the performance of their duties, members of the division shall have the power, authority and immunity of peace officers as described in G.S. 15-41 and 160A-285, but only in regard to enforcing the provisions of this Code and the General Statutes of North Carolina which relate to the care, treatment and impounding of animals and making arrests for violations of such provisions. As members of the division shall only have that limited authority described in this section, a member shall not be considered a &#8220;policeman&#8221; for purposes of the Code relating to the policemen&#8217;s and firemen&#8217;s special relief fund, and shall not be eligible for benefits thereunder.\r\r(b) Each member of the division, while performing his respective duties, shall wear a badge of a size and design to be determined by the Chief of Police.\r\r(c) Notwithstanding the prior provisions of this section, members of the division shall not and are not hereby authorized to carry on their persons any firearms of any kind unless specifically authorized by the Chief of Police. However, members of the division may store at animal shelters or carry in department vehicles, firearms approved for use by the Chief of Police and use such firearms when necessary to enforce sections of this chapter or other applicable law for the control of wild, vicious, diseased or potentially dangerous animals when the officer in charge of the animal control division deems the action necessary. \n(Code 1959 , \u00a74-3)\r\r","text":{"0":{"id":"2245","text":"In the performance of their duties, members of the division shall have the power, authority and immunity of peace officers as described in G.S. 15-41 and 160A-285, but only in regard to enforcing the provisions of this Code and the General Statutes of North Carolina which relate to the care, treatment and impounding of animals and making arrests for violations of such provisions. As members of the division shall only have that limited authority described in this section, a member shall not be considered a &#8220;policeman&#8221; for purposes of the Code relating to the policemen&#8217;s and firemen&#8217;s special relief fund, and shall not be eligible for benefits thereunder.","type":"section","prefixes":["(a)"],"prefix":"(a)","entire_prefix":"(a)","prefix_anchor":"(a)","level":1},"1":{"id":"2246","text":"Each member of the division, while performing his respective duties, shall wear a badge of a size and design to be determined by the Chief of Police.","type":"section","prefixes":["(b)"],"prefix":"(b)","entire_prefix":"(b)","prefix_anchor":"(b)","level":1},"2":{"id":"2247","text":"Notwithstanding the prior provisions of this section, members of the division shall not and are not hereby authorized to carry on their persons any firearms of any kind unless specifically authorized by the Chief of Police. However, members of the division may store at animal shelters or carry in department vehicles, firearms approved for use by the Chief of Police and use such firearms when necessary to enforce sections of this chapter or other applicable law for the control of wild, vicious, diseased or potentially dangerous animals when the officer in charge of the animal control division deems the action necessary. \n(Code 1959 , \u00a74-3)","type":"section","prefixes":["(c)"],"prefix":"(c)","entire_prefix":"(c)","prefix_anchor":"(c)","level":1}},"ancestry":{"1":{"id":"184","name":"ARTICLE A. - GENERAL PROVISIONS","identifier":"A","label":"article","url":"\/II\/12\/3\/A\/"},"2":{"id":"183","name":"CHAPTER 3. - ANIMALS","identifier":"3","label":"chapter","url":"\/II\/12\/3\/"},"3":{"id":"169","name":"PART 12 - LICENSING AND REGULATION","identifier":"12","label":"part","url":"\/II\/12\/"},"4":{"id":"5","name":"Division II - Planning and Development","identifier":"II","label":"division","url":"\/II\/"}},"structure_contents":{"0":{"id":"740","structure_id":"184","section_number":"12-3001","catch_line":"DIVISION OF ANIMAL CONTROL CREATED; COMPOSITION; RESPONSIBILITY.","url":"\/12-3001\/","token":"12-3001"},"1":{"id":"741","structure_id":"184","section_number":"12-3002","catch_line":"GENERAL RESPONSIBILITIES OF DIVISION; PERSONAL LIABILITY OF MUNICIPAL OFFICERS, AGENTS, EMPLOYEES.","url":"\/12-3002\/","token":"12-3002"},"2":{"id":"742","structure_id":"184","section_number":"12-3003","catch_line":"MEMBERS OF DIVISION TO HAVE POWER, AUTHORITY AND IMMUNITY OF PEACE OFFICERS, DUTY TO WEAR BADGE; FIREARMS.","url":"\/12-3003\/","token":"12-3003"},"3":{"id":"743","structure_id":"184","section_number":"12-3004","catch_line":"DEFINITIONS.","url":"\/12-3004\/","token":"12-3004"},"4":{"id":"744","structure_id":"184","section_number":"12-3005","catch_line":"BIRD SANCTUARY; AREA DESIGNATED; HUNTING, TRAPPING, SHOOTING THEREIN; POSTING OF REGULATIONS.","url":"\/12-3005\/","token":"12-3005"},"5":{"id":"745","structure_id":"184","section_number":"12-3006","catch_line":"ANIMALS OR FOWL BANNED FROM SALE.","url":"\/12-3006\/","token":"12-3006"},"6":{"id":"746","structure_id":"184","section_number":"12-3007","catch_line":"RUNNING AT LARGE PROHIBITED.","url":"\/12-3007\/","token":"12-3007"}},"previous_section":{"id":"741","structure_id":"184","section_number":"12-3002","catch_line":"GENERAL RESPONSIBILITIES OF DIVISION; PERSONAL LIABILITY OF MUNICIPAL OFFICERS, AGENTS, EMPLOYEES.","url":"\/12-3002\/","token":"12-3002"},"next_section":{"id":"743","structure_id":"184","section_number":"12-3004","catch_line":"DEFINITIONS.","url":"\/12-3004\/","token":"12-3004"},"references":false,"formats":{"txt":"\/12-3003.txt","json":"\/12-3003.xml"},"dublin_core":{"Title":"MEMBERS OF DIVISION TO HAVE POWER, AUTHORITY AND IMMUNITY OF PEACE OFFICERS, DUTY TO WEAR BADGE; FIREARMS.","Type":"Text","Format":"text\/html","Identifier":"\u00a7 12-3003","Relation":"Code of State"},"plain_text":"                                  CODE OF STATE\n\nMEMBERS OF DIVISION TO HAVE POWER, AUTHORITY AND IMMUNITY OF PEACE OFFICERS,\nDUTY TO WEAR BADGE; FIREARMS. (\u00a7 12-3003)\n\n(a) In the performance of their duties, members of the division shall have the\npower, authority and immunity of peace officers as described in G.S. 15-41 and\n160A-285, but only in regard to enforcing the provisions of this Code and the\nGeneral Statutes of North Carolina which relate to the care, treatment and\nimpounding of animals and making arrests for violations of such provisions. As\nmembers of the division shall only have that limited authority described in this\nsection, a member shall not be considered a &#8220;policeman&#8221; for purposes\nof the Code relating to the policemen&#8217;s and firemen&#8217;s special relief\nfund, and shall not be eligible for benefits thereunder.\n\n(b) Each member of the division, while performing his respective duties, shall\nwear a badge of a size and design to be determined by the Chief of Police.\n\n(c) Notwithstanding the prior provisions of this section, members of the\ndivision shall not and are not hereby authorized to carry on their persons any\nfirearms of any kind unless specifically authorized by the Chief of Police.\nHowever, members of the division may store at animal shelters or carry in\ndepartment vehicles, firearms approved for use by the Chief of Police and use\nsuch firearms when necessary to enforce sections of this chapter or other\napplicable law for the control of wild, vicious, diseased or potentially\ndangerous animals when the officer in charge of the animal control division\ndeems the action necessary. \n(Code 1959 , \u00a74-3)\n"}