{"law_id":"757","edition_id":"1","section_id":"757","structure_id":"187","section_number":"12-3031","catch_line":"STABLES FOR CATTLE, GOATS, AND HORSES; GENERALLY.","history":"","full_text":"It shall be unlawful for any person to locate or place, erect or maintain on any property within the corporate limits of the City, a stable for housing cattle, non-pygmy goats, or horses unless such stable is located at least two hundred (200) feet from all neighboring residences. Not more than one head of cattle, one non-pygmy goat or one horse may be kept on a lot less than one acre. A pygmy goat is defined as a goat classified as Capra Hircus and weighing no more than eighty-five (85) pounds and standing no higher than twenty-one (21) inches when measured at the withers. For lots dimensioned one acre and no more than five (5) acres in size, a maximum of three (3) head of cattle, or three (3) goats, or three (3) horses per acre may be kept. More than three (3) head of cattle, three (3) goats, or three (3) horses per acre, but not more than ten (10) head of cattle, or ten (10) goats, or ten (10) horses per acre may be kept on lots containing more than five (5) acres. Every part of a lot set aside for the use of cattle, goats or horses shall be completely enclosed. Stables used for housing cattle, goats, or horses shall comply with all local zoning ordinances and shall be constructed and maintained in conformity with the requirements of the Wake County Board of Health. \n(Code 1959 , \u00a74-14; Ord. No. 1982-47-TC-173, \u00a71, 12-21-82; Ord. No. 2012-108, \u00a71, 10-2-12)","order_by":"12-3031","text":{"0":{"id":"2289","text":"It shall be unlawful for any person to locate or place, erect or maintain on any property within the corporate limits of the City, a stable for housing cattle, non-pygmy goats, or horses unless such stable is located at least two hundred (200) feet from all neighboring residences. Not more than one head of cattle, one non-pygmy goat or one horse may be kept on a lot less than one acre. A pygmy goat is defined as a goat classified as Capra Hircus and weighing no more than eighty-five (85) pounds and standing no higher than twenty-one (21) inches when measured at the withers. For lots dimensioned one acre and no more than five (5) acres in size, a maximum of three (3) head of cattle, or three (3) goats, or three (3) horses per acre may be kept. More than three (3) head of cattle, three (3) goats, or three (3) horses per acre, but not more than ten (10) head of cattle, or ten (10) goats, or ten (10) horses per acre may be kept on lots containing more than five (5) acres. Every part of a lot set aside for the use of cattle, goats or horses shall be completely enclosed. Stables used for housing cattle, goats, or horses shall comply with all local zoning ordinances and shall be constructed and maintained in conformity with the requirements of the Wake County Board of Health. \n(Code 1959 , \u00a74-14; Ord. No. 1982-47-TC-173, \u00a71, 12-21-82; Ord. No. 2012-108, \u00a71, 10-2-12)","type":"section","prefixes":[""],"prefix":"","entire_prefix":"","prefix_anchor":"","level":1}},"ancestry":{"1":{"id":"187","name":"ARTICLE D. - STABLES AND HOLDING FACILITIES","identifier":"D","label":"article","url":"\/II\/12\/3\/D\/"},"2":{"id":"183","name":"CHAPTER 3. - ANIMALS","identifier":"3","label":"chapter","url":"\/II\/12\/3\/"},"3":{"id":"169","name":"PART 12 - LICENSING AND REGULATION","identifier":"12","label":"part","url":"\/II\/12\/"},"4":{"id":"5","name":"Division II - Planning and Development","identifier":"II","label":"division","url":"\/II\/"}},"structure_contents":{"0":{"id":"757","structure_id":"187","section_number":"12-3031","catch_line":"STABLES FOR CATTLE, GOATS, AND HORSES; GENERALLY.","url":"\/12-3031\/","token":"12-3031"},"1":{"id":"759","structure_id":"187","section_number":"12-3032","catch_line":"PERMIT TO LOCATE, ERECT OR PLACE.","url":"\/12-3032\/","token":"12-3032"},"2":{"id":"760","structure_id":"187","section_number":"12-3033","catch_line":"REMOVAL, RELOCATION FOR VIOLATION.","url":"\/12-3033\/","token":"12-3033"},"3":{"id":"761","structure_id":"187","section_number":"12-3034","catch_line":"MANURE, REFUSE BINS.","url":"\/12-3034\/","token":"12-3034"},"4":{"id":"762","structure_id":"187","section_number":"12-3035","catch_line":"PET SHOP STANDARDS.","url":"\/12-3035\/","token":"12-3035"},"5":{"id":"763","structure_id":"187","section_number":"12-3036","catch_line":"KENNEL STANDARDS.","url":"\/12-3036\/","token":"12-3036"},"6":{"id":"764","structure_id":"187","section_number":"12-3037","catch_line":"STANDARDS FOR TRAINERS OF ATTACK AND SECURITY DOGS.","url":"\/12-3037\/","token":"12-3037"},"7":{"id":"765","structure_id":"187","section_number":"12-3038","catch_line":"STANDARDS FOR CATTERIES.","url":"\/12-3038\/","token":"12-3038"},"8":{"id":"766","structure_id":"187","section_number":"12-3039","catch_line":"GENERAL HEALTH CONDITIONS IN HOLDING FACILITIES.","url":"\/12-3039\/","token":"12-3039"},"9":{"id":"767","structure_id":"187","section_number":"12-3040","catch_line":"PET SHOPS LICENSE; REQUIRED.","url":"\/12-3040\/","token":"12-3040"},"10":{"id":"768","structure_id":"187","section_number":"12-3041","catch_line":"APPLICATION.","url":"\/12-3041\/","token":"12-3041"},"11":{"id":"770","structure_id":"187","section_number":"12-3042","catch_line":"FEE; SEPARATE LICENSE FOR EACH FACILITY OPERATED.","url":"\/12-3042\/","token":"12-3042"},"12":{"id":"771","structure_id":"187","section_number":"12-3043","catch_line":"KENNEL LICENSE; REQUIRED; EXEMPTIONS.","url":"\/12-3043\/","token":"12-3043"},"13":{"id":"772","structure_id":"187","section_number":"12-3044","catch_line":"APPLICATION.","url":"\/12-3044\/","token":"12-3044"},"14":{"id":"773","structure_id":"187","section_number":"12-3045","catch_line":"FEE.","url":"\/12-3045\/","token":"12-3045"},"15":{"id":"774","structure_id":"187","section_number":"12-3046","catch_line":"ATTACK AND SECURITY DOG TRAINER'S LICENSE; REQUIRED.","url":"\/12-3046\/","token":"12-3046"},"16":{"id":"775","structure_id":"187","section_number":"12-3047","catch_line":"APPLICATION.","url":"\/12-3047\/","token":"12-3047"},"17":{"id":"776","structure_id":"187","section_number":"12-3048","catch_line":"FEE.","url":"\/12-3048\/","token":"12-3048"},"18":{"id":"777","structure_id":"187","section_number":"12-3049","catch_line":"CATTERIES LICENSE; REQUIRED.","url":"\/12-3049\/","token":"12-3049"},"19":{"id":"778","structure_id":"187","section_number":"12-3050","catch_line":"APPLICATION.","url":"\/12-3050\/","token":"12-3050"},"20":{"id":"779","structure_id":"187","section_number":"12-3051","catch_line":"FEE.","url":"\/12-3051\/","token":"12-3051"},"21":{"id":"781","structure_id":"187","section_number":"12-3052","catch_line":"RESERVED.","url":"\/12-3052\/","token":"12-3052"},"22":{"id":"782","structure_id":"187","section_number":"12-3052","catch_line":"RESERVED. ","url":"\/12-3052\/","token":"12-3052"}},"next_section":{"id":"759","structure_id":"187","section_number":"12-3032","catch_line":"PERMIT TO LOCATE, ERECT OR PLACE.","url":"\/12-3032\/","token":"12-3032"},"metadata":false,"references":false,"url":"\/12-3031\/","token":"12-3031","formats":{"txt":"\/12-3031.txt","json":"\/12-3031.xml"},"dublin_core":{"Title":"STABLES FOR CATTLE, GOATS, AND HORSES; GENERALLY.","Type":"Text","Format":"text\/html","Identifier":"\u00a7 12-3031","Relation":"Code of State"},"plain_text":"                                  CODE OF STATE\n\nSTABLES FOR CATTLE, GOATS, AND HORSES; GENERALLY. (\u00a7 12-3031)\n\nIt shall be unlawful for any person to locate or place, erect or maintain on any\nproperty within the corporate limits of the City, a stable for housing cattle,\nnon-pygmy goats, or horses unless such stable is located at least two hundred\n(200) feet from all neighboring residences. Not more than one head of cattle,\none non-pygmy goat or one horse may be kept on a lot less than one acre. A pygmy\ngoat is defined as a goat classified as Capra Hircus and weighing no more than\neighty-five (85) pounds and standing no higher than twenty-one (21) inches when\nmeasured at the withers. For lots dimensioned one acre and no more than five (5)\nacres in size, a maximum of three (3) head of cattle, or three (3) goats, or\nthree (3) horses per acre may be kept. More than three (3) head of cattle, three\n(3) goats, or three (3) horses per acre, but not more than ten (10) head of\ncattle, or ten (10) goats, or ten (10) horses per acre may be kept on lots\ncontaining more than five (5) acres. Every part of a lot set aside for the use\nof cattle, goats or horses shall be completely enclosed. Stables used for\nhousing cattle, goats, or horses shall comply with all local zoning ordinances\nand shall be constructed and maintained in conformity with the requirements of\nthe Wake County Board of Health. \n(Code 1959 , \u00a74-14; Ord. No. 1982-47-TC-173, \u00a71, 12-21-82; Ord. No. 2012-108,\n\u00a71, 10-2-12)\n"}