{"law_id":"743","section_number":"12-3004","catch_line":"DEFINITIONS.","history":"","order_by":"12-3004","metadata":false,"url":"\/12-3004\/","token":"12-3004","structure":{"1":{"id":"184","name":"ARTICLE A. - GENERAL PROVISIONS","identifier":"A","label":"article","url":"\/II\/12\/3\/A\/"},"2":{"id":"183","name":"CHAPTER 3. - ANIMALS","identifier":"3","label":"chapter","url":"\/II\/12\/3\/"},"3":{"id":"169","name":"PART 12 - LICENSING AND REGULATION","identifier":"12","label":"part","url":"\/II\/12\/"},"4":{"id":"5","name":"Division II - Planning and Development","identifier":"II","label":"division","url":"\/II\/"}},"referred_to_by":false,"edition_id":"1","section_id":"743","structure_id":"184","full_text":"(a) Is repeatedly found at large.\r\r(b) Damages the property of anyone other than its owner.\r\r(c) Is vicious.\r\r(d) Causes fouling of the air by odors.\r\r(e) Causes unsanitary condition of enclosures or surroundings.\r\r(f) By virtue of number or type is offensive or dangerous to the public health, safety, or welfare.\r\r(g) Excessively makes disturbing noises.\r\r(h) Is diseased and dangerous to the public health.\nTether Tying out or fastening a dog outdoors on a rope, chain or other line for restraining a dog. The term does not mean the restraint of a dog on an attended leash. \nTrainer. Any individual who holds himself available to the general public for the purpose of training attack and security dogs. This does not include individuals who are in the business of obedience training only. \nVicious animal. Any animal which constitutes a physical threat to human beings or other animals by virtue of attacks of such number and severity as to cause property damage or physical injury. \nWeekdays. Monday through Saturday inclusive, excluding local, state and national legal holidays. \n(Code 1959 , \u00a74-4; Ord. No. 1980-502, \u00a71, 10-21-80; Ord. No. 1996-833, \u00a71, 2-20-96; Ord. No. 2000-843, \u00a71, 7-18-00; Ord. No. 2003-400, \u00a71, 3-18-03; Ord. No. 2009-552, \u00a71, 3-3-09, eff. 7-1-09)\r\r","text":{"0":{"id":"2248","text":"Is repeatedly found at large.","type":"section","prefixes":["(a)"],"prefix":"(a)","entire_prefix":"(a)","prefix_anchor":"(a)","level":1},"1":{"id":"2249","text":"Damages the property of anyone other than its owner.","type":"section","prefixes":["(b)"],"prefix":"(b)","entire_prefix":"(b)","prefix_anchor":"(b)","level":1},"2":{"id":"2250","text":"Is vicious.","type":"section","prefixes":["(c)"],"prefix":"(c)","entire_prefix":"(c)","prefix_anchor":"(c)","level":1},"3":{"id":"2251","text":"Causes fouling of the air by odors.","type":"section","prefixes":["(d)"],"prefix":"(d)","entire_prefix":"(d)","prefix_anchor":"(d)","level":1},"4":{"id":"2252","text":"Causes unsanitary condition of enclosures or surroundings.","type":"section","prefixes":["(e)"],"prefix":"(e)","entire_prefix":"(e)","prefix_anchor":"(e)","level":1},"5":{"id":"2253","text":"By virtue of number or type is offensive or dangerous to the public health, safety, or welfare.","type":"section","prefixes":["(f)"],"prefix":"(f)","entire_prefix":"(f)","prefix_anchor":"(f)","level":1},"6":{"id":"2254","text":"Excessively makes disturbing noises.","type":"section","prefixes":["(g)"],"prefix":"(g)","entire_prefix":"(g)","prefix_anchor":"(g)","level":1},"7":{"id":"2255","text":"Is diseased and dangerous to the public health.\nTether Tying out or fastening a dog outdoors on a rope, chain or other line for restraining a dog. The term does not mean the restraint of a dog on an attended leash. \nTrainer. Any individual who holds himself available to the general public for the purpose of training attack and security dogs. This does not include individuals who are in the business of obedience training only. \nVicious animal. Any animal which constitutes a physical threat to human beings or other animals by virtue of attacks of such number and severity as to cause property damage or physical injury. \nWeekdays. Monday through Saturday inclusive, excluding local, state and national legal holidays. \n(Code 1959 , \u00a74-4; Ord. No. 1980-502, \u00a71, 10-21-80; Ord. No. 1996-833, \u00a71, 2-20-96; Ord. No. 2000-843, \u00a71, 7-18-00; Ord. No. 2003-400, \u00a71, 3-18-03; Ord. No. 2009-552, \u00a71, 3-3-09, eff. 7-1-09)","type":"section","prefixes":["(h)"],"prefix":"(h)","entire_prefix":"(h)","prefix_anchor":"(h)","level":1}},"ancestry":{"1":{"id":"184","name":"ARTICLE A. - GENERAL PROVISIONS","identifier":"A","label":"article","url":"\/II\/12\/3\/A\/"},"2":{"id":"183","name":"CHAPTER 3. - ANIMALS","identifier":"3","label":"chapter","url":"\/II\/12\/3\/"},"3":{"id":"169","name":"PART 12 - LICENSING AND REGULATION","identifier":"12","label":"part","url":"\/II\/12\/"},"4":{"id":"5","name":"Division II - Planning and Development","identifier":"II","label":"division","url":"\/II\/"}},"structure_contents":{"0":{"id":"740","structure_id":"184","section_number":"12-3001","catch_line":"DIVISION OF ANIMAL CONTROL CREATED; COMPOSITION; RESPONSIBILITY.","url":"\/12-3001\/","token":"12-3001"},"1":{"id":"741","structure_id":"184","section_number":"12-3002","catch_line":"GENERAL RESPONSIBILITIES OF DIVISION; PERSONAL LIABILITY OF MUNICIPAL OFFICERS, AGENTS, EMPLOYEES.","url":"\/12-3002\/","token":"12-3002"},"2":{"id":"742","structure_id":"184","section_number":"12-3003","catch_line":"MEMBERS OF DIVISION TO HAVE POWER, AUTHORITY AND IMMUNITY OF PEACE OFFICERS, DUTY TO WEAR BADGE; FIREARMS.","url":"\/12-3003\/","token":"12-3003"},"3":{"id":"743","structure_id":"184","section_number":"12-3004","catch_line":"DEFINITIONS.","url":"\/12-3004\/","token":"12-3004"},"4":{"id":"744","structure_id":"184","section_number":"12-3005","catch_line":"BIRD SANCTUARY; AREA DESIGNATED; HUNTING, TRAPPING, SHOOTING THEREIN; POSTING OF REGULATIONS.","url":"\/12-3005\/","token":"12-3005"},"5":{"id":"745","structure_id":"184","section_number":"12-3006","catch_line":"ANIMALS OR FOWL BANNED FROM SALE.","url":"\/12-3006\/","token":"12-3006"},"6":{"id":"746","structure_id":"184","section_number":"12-3007","catch_line":"RUNNING AT LARGE PROHIBITED.","url":"\/12-3007\/","token":"12-3007"}},"previous_section":{"id":"742","structure_id":"184","section_number":"12-3003","catch_line":"MEMBERS OF DIVISION TO HAVE POWER, AUTHORITY AND IMMUNITY OF PEACE OFFICERS, DUTY TO WEAR BADGE; FIREARMS.","url":"\/12-3003\/","token":"12-3003"},"next_section":{"id":"744","structure_id":"184","section_number":"12-3005","catch_line":"BIRD SANCTUARY; AREA DESIGNATED; HUNTING, TRAPPING, SHOOTING THEREIN; POSTING OF REGULATIONS.","url":"\/12-3005\/","token":"12-3005"},"references":{"0":{"id":"754","section_number":"12-3021","catch_line":"PUBLIC NUISANCE ANIMALS.","url":"http:\/\/localhost:8888\/12-3021\/"}},"formats":{"txt":"\/12-3004.txt","json":"\/12-3004.xml"},"dublin_core":{"Title":"DEFINITIONS.","Type":"Text","Format":"text\/html","Identifier":"\u00a7 12-3004","Relation":"Code of State"},"plain_text":"                                  CODE OF STATE\n\nDEFINITIONS. (\u00a7 12-3004)\n\n(a) Is repeatedly found at large.\n\n(b) Damages the property of anyone other than its owner.\n\n(c) Is vicious.\n\n(d) Causes fouling of the air by odors.\n\n(e) Causes unsanitary condition of enclosures or surroundings.\n\n(f) By virtue of number or type is offensive or dangerous to the public health,\nsafety, or welfare.\n\n(g) Excessively makes disturbing noises.\n\n(h) Is diseased and dangerous to the public health.\nTether Tying out or fastening a dog outdoors on a rope, chain or other line for\nrestraining a dog. The term does not mean the restraint of a dog on an attended\nleash. \nTrainer. Any individual who holds himself available to the general public for\nthe purpose of training attack and security dogs. This does not include\nindividuals who are in the business of obedience training only. \nVicious animal. Any animal which constitutes a physical threat to human beings\nor other animals by virtue of attacks of such number and severity as to cause\nproperty damage or physical injury. \nWeekdays. Monday through Saturday inclusive, excluding local, state and national\nlegal holidays. \n(Code 1959 , \u00a74-4; Ord. No. 1980-502, \u00a71, 10-21-80; Ord. No. 1996-833, \u00a71,\n2-20-96; Ord. No. 2000-843, \u00a71, 7-18-00; Ord. No. 2003-400, \u00a71, 3-18-03; Ord.\nNo. 2009-552, \u00a71, 3-3-09, eff. 7-1-09)\n"}