{"law_id":"792","section_number":"12-3069","catch_line":"FINES AND PENALTIES.","history":"","order_by":"12-3069","metadata":false,"url":"\/12-3069\/","token":"12-3069","structure":{"1":{"id":"189","name":"ARTICLE E. - ADMINISTRATION AND ENFORCEMENT","identifier":"E","label":"article","url":"\/II\/12\/3\/E\/"},"2":{"id":"183","name":"CHAPTER 3. - ANIMALS","identifier":"3","label":"chapter","url":"\/II\/12\/3\/"},"3":{"id":"169","name":"PART 12 - LICENSING AND REGULATION","identifier":"12","label":"part","url":"\/II\/12\/"},"4":{"id":"5","name":"Division II - Planning and Development","identifier":"II","label":"division","url":"\/II\/"}},"referred_to_by":false,"edition_id":"1","section_id":"792","structure_id":"189","full_text":"(a) Any violation of this chapter is both a civil offense and a misdemeanor criminal offense. The fine for a criminal violation of this chapter shall be up to five hundred dollars ($500.00) or larger if allowed by G.S. 14-4. Misdemeanor violations shall be enforced by the issuance of citations or by arrest according to the same procedures used for other criminal violations.\r\r(b) The first violation of this chapter shall subject the violator to a civil penalty of fifty dollars ($50.00); the second violation during a twelve-month period shall be subject to a one hundred dollar ($100.00) penalty; the third and subsequent violations shall be subject to a one hundred fifty dollar ($150.00) penalty. Notwithstanding this schedule of penalties, the fourth and subsequent violations of \u00a712-3021 et seq. of this chapter (Public Nuisance Animals) shall subject the violator to a two hundred fifty dollar ($250.00) penalty. Civil citations shall be served personally upon the violator by the animal control officer, by a member of the Raleigh Police Department, or by any other means authorized for the service of civil process by the North Carolina Rules of Civil Procedure.\r\r(c) Failure to pay any license fee established by this chapter will constitute both a civil offense and a criminal misdemeanor. The violator will be subject to the amount of the license fee in addition to the civil and criminal penalties set out in subsection (b) above. A civil collection of the fee will be in the nature of a collection for debt. \n(Ord. No. 2003-433, \u00a72, 4-15-03) \nEditor&#8217;s note\u2014 \nOrd. No. 2003-433, \u00a71, adopted April 15, 2003, repealed the former \u00a712-3069 which pertained to license tax deemed a debt to City, liability for tax and penalty, and action to recover moneys, and derived from Code 1959, \u00a7 4-43; Ord. No. 1977-615, \u00a71, adopted Sept. 6, 1977; and Ord. No. 1984-307, \u00a75, adopted March 20, 1984. Section 2 of Ord. No. 2003-433 enacted a new \u00a712-3069 as set out herein.\r\r","text":{"0":{"id":"2343","text":"Any violation of this chapter is both a civil offense and a misdemeanor criminal offense. The fine for a criminal violation of this chapter shall be up to five hundred dollars ($500.00) or larger if allowed by G.S. 14-4. Misdemeanor violations shall be enforced by the issuance of citations or by arrest according to the same procedures used for other criminal violations.","type":"section","prefixes":["(a)"],"prefix":"(a)","entire_prefix":"(a)","prefix_anchor":"(a)","level":1},"1":{"id":"2344","text":"The first violation of this chapter shall subject the violator to a civil penalty of fifty dollars ($50.00); the second violation during a twelve-month period shall be subject to a one hundred dollar ($100.00) penalty; the third and subsequent violations shall be subject to a one hundred fifty dollar ($150.00) penalty. Notwithstanding this schedule of penalties, the fourth and subsequent violations of \u00a712-3021 et seq. of this chapter (Public Nuisance Animals) shall subject the violator to a two hundred fifty dollar ($250.00) penalty. Civil citations shall be served personally upon the violator by the animal control officer, by a member of the Raleigh Police Department, or by any other means authorized for the service of civil process by the North Carolina Rules of Civil Procedure.","type":"section","prefixes":["(b)"],"prefix":"(b)","entire_prefix":"(b)","prefix_anchor":"(b)","level":1},"2":{"id":"2345","text":"Failure to pay any license fee established by this chapter will constitute both a civil offense and a criminal misdemeanor. The violator will be subject to the amount of the license fee in addition to the civil and criminal penalties set out in subsection (b) above. A civil collection of the fee will be in the nature of a collection for debt. \n(Ord. No. 2003-433, \u00a72, 4-15-03) \nEditor&#8217;s note\u2014 \nOrd. No. 2003-433, \u00a71, adopted April 15, 2003, repealed the former \u00a712-3069 which pertained to license tax deemed a debt to City, liability for tax and penalty, and action to recover moneys, and derived from Code 1959, \u00a7 4-43; Ord. No. 1977-615, \u00a71, adopted Sept. 6, 1977; and Ord. No. 1984-307, \u00a75, adopted March 20, 1984. Section 2 of Ord. No. 2003-433 enacted a new \u00a712-3069 as set out herein.","type":"section","prefixes":["(c)"],"prefix":"(c)","entire_prefix":"(c)","prefix_anchor":"(c)","level":1}},"ancestry":{"1":{"id":"189","name":"ARTICLE E. - ADMINISTRATION AND ENFORCEMENT","identifier":"E","label":"article","url":"\/II\/12\/3\/E\/"},"2":{"id":"183","name":"CHAPTER 3. - ANIMALS","identifier":"3","label":"chapter","url":"\/II\/12\/3\/"},"3":{"id":"169","name":"PART 12 - LICENSING AND REGULATION","identifier":"12","label":"part","url":"\/II\/12\/"},"4":{"id":"5","name":"Division II - Planning and Development","identifier":"II","label":"division","url":"\/II\/"}},"structure_contents":{"0":{"id":"783","structure_id":"189","section_number":"12-3061","catch_line":"IMPOUNDMENT.","url":"\/12-3061\/","token":"12-3061"},"1":{"id":"784","structure_id":"189","section_number":"12-3062","catch_line":"NOTICE TO OWNER OF IMPOUNDED ANIMAL.","url":"\/12-3062\/","token":"12-3062"},"2":{"id":"785","structure_id":"189","section_number":"12-3063","catch_line":"PERIODS OF IMPOUNDMENT.","url":"\/12-3063\/","token":"12-3063"},"3":{"id":"786","structure_id":"189","section_number":"12-3064","catch_line":"REDEMPTION OF IMPOUNDED ANIMAL.","url":"\/12-3064\/","token":"12-3064"},"4":{"id":"787","structure_id":"189","section_number":"12-3065","catch_line":"DISPOSITION OF UNREDEEMED ANIMALS.","url":"\/12-3065\/","token":"12-3065"},"5":{"id":"788","structure_id":"189","section_number":"12-3066","catch_line":"SUMMARY DESTRUCTION OF ANIMALS FOR HUMANE REASONS.","url":"\/12-3066\/","token":"12-3066"},"6":{"id":"789","structure_id":"189","section_number":"12-3067","catch_line":"CONFINEMENT OF ANIMALS WITH HISTORY OF BITING PEOPLE.","url":"\/12-3067\/","token":"12-3067"},"7":{"id":"790","structure_id":"189","section_number":"12-3068","catch_line":"DISPOSAL OF ANIMAL CARCASSES.","url":"\/12-3068\/","token":"12-3068"},"8":{"id":"792","structure_id":"189","section_number":"12-3069","catch_line":"FINES AND PENALTIES.","url":"\/12-3069\/","token":"12-3069"},"9":{"id":"793","structure_id":"189","section_number":"12-3070","catch_line":"RESERVED.","url":"\/12-3070\/","token":"12-3070"},"10":{"id":"794","structure_id":"189","section_number":"12-3071","catch_line":"REFUSAL TO ISSUE LICENSE WHEN APPLICANT IN VIOLATION OF LAW.","url":"\/12-3071\/","token":"12-3071"},"11":{"id":"795","structure_id":"189","section_number":"12-3072","catch_line":"REVOCATION OF HOLDING FACILITY LICENSES.","url":"\/12-3072\/","token":"12-3072"},"12":{"id":"796","structure_id":"189","section_number":"12-3073","catch_line":"NOTICE OF AND APPEALS FROM DECISION OF AGENCIES.","url":"\/12-3073\/","token":"12-3073"},"13":{"id":"797","structure_id":"189","section_number":"12-3074","catch_line":"UNAUTHORIZED USE OF LICENSE RECEIPTS OR INOCULATION CERTIFICATES.","url":"\/12-3074\/","token":"12-3074"}},"previous_section":{"id":"790","structure_id":"189","section_number":"12-3068","catch_line":"DISPOSAL OF ANIMAL CARCASSES.","url":"\/12-3068\/","token":"12-3068"},"next_section":{"id":"793","structure_id":"189","section_number":"12-3070","catch_line":"RESERVED.","url":"\/12-3070\/","token":"12-3070"},"references":{"0":{"id":"792","section_number":"12-3069","catch_line":"FINES AND PENALTIES.","url":"http:\/\/localhost:8888\/12-3069\/"}},"formats":{"txt":"\/12-3069.txt","json":"\/12-3069.xml"},"dublin_core":{"Title":"FINES AND PENALTIES.","Type":"Text","Format":"text\/html","Identifier":"\u00a7 12-3069","Relation":"Code of State"},"plain_text":"                                  CODE OF STATE\n\nFINES AND PENALTIES. (\u00a7 12-3069)\n\n(a) Any violation of this chapter is both a civil offense and a misdemeanor\ncriminal offense. The fine for a criminal violation of this chapter shall be up\nto five hundred dollars ($500.00) or larger if allowed by G.S. 14-4. Misdemeanor\nviolations shall be enforced by the issuance of citations or by arrest according\nto the same procedures used for other criminal violations.\n\n(b) The first violation of this chapter shall subject the violator to a civil\npenalty of fifty dollars ($50.00); the second violation during a twelve-month\nperiod shall be subject to a one hundred dollar ($100.00) penalty; the third and\nsubsequent violations shall be subject to a one hundred fifty dollar ($150.00)\npenalty. Notwithstanding this schedule of penalties, the fourth and subsequent\nviolations of \u00a712-3021 et seq. of this chapter (Public Nuisance Animals) shall\nsubject the violator to a two hundred fifty dollar ($250.00) penalty. Civil\ncitations shall be served personally upon the violator by the animal control\nofficer, by a member of the Raleigh Police Department, or by any other means\nauthorized for the service of civil process by the North Carolina Rules of Civil\nProcedure.\n\n(c) Failure to pay any license fee established by this chapter will constitute\nboth a civil offense and a criminal misdemeanor. The violator will be subject to\nthe amount of the license fee in addition to the civil and criminal penalties\nset out in subsection (b) above. A civil collection of the fee will be in the\nnature of a collection for debt. \n(Ord. No. 2003-433, \u00a72, 4-15-03) \nEditor&#8217;s note\u2014 \nOrd. No. 2003-433, \u00a71, adopted April 15, 2003, repealed the former \u00a712-3069\nwhich pertained to license tax deemed a debt to City, liability for tax and\npenalty, and action to recover moneys, and derived from Code 1959, \u00a7 4-43; Ord.\nNo. 1977-615, \u00a71, adopted Sept. 6, 1977; and Ord. No. 1984-307, \u00a75, adopted\nMarch 20, 1984. Section 2 of Ord. No. 2003-433 enacted a new \u00a712-3069 as set\nout herein.\n"}