{"law_id":"752","section_number":"12-3012","catch_line":"CONFINEMENT OF FEMALE DOGS IN HEAT.","history":"","order_by":"12-3012","metadata":false,"url":"\/12-3012\/","token":"12-3012","structure":{"1":{"id":"185","name":"ARTICLE B. - DOGS AND CATS [9]","identifier":"B","label":"article","url":"\/II\/12\/3\/B\/"},"2":{"id":"183","name":"CHAPTER 3. - ANIMALS","identifier":"3","label":"chapter","url":"\/II\/12\/3\/"},"3":{"id":"169","name":"PART 12 - LICENSING AND REGULATION","identifier":"12","label":"part","url":"\/II\/12\/"},"4":{"id":"5","name":"Division II - Planning and Development","identifier":"II","label":"division","url":"\/II\/"}},"referred_to_by":false,"edition_id":"1","section_id":"752","structure_id":"185","full_text":"Every female dog, while in heat, shall be confined in a building or secure enclosure in such manner that she will not be in contact with another dog, nor create a nuisance by attracting other animals; provided, this section shall not be construed to prohibit the intentional breeding of animals within an enclosed area on the premises of the owner of an animal being bred. \n(Code 1959 , \u00a74-9)  \nDIVISION 2. &#8211; RESERVED [10]","text":{"0":{"id":"2279","text":"Every female dog, while in heat, shall be confined in a building or secure enclosure in such manner that she will not be in contact with another dog, nor create a nuisance by attracting other animals; provided, this section shall not be construed to prohibit the intentional breeding of animals within an enclosed area on the premises of the owner of an animal being bred. \n(Code 1959 , \u00a74-9)  \nDIVISION 2. &#8211; RESERVED [10]","type":"section","prefixes":[""],"prefix":"","entire_prefix":"","prefix_anchor":"","level":1}},"ancestry":{"1":{"id":"185","name":"ARTICLE B. - DOGS AND CATS [9]","identifier":"B","label":"article","url":"\/II\/12\/3\/B\/"},"2":{"id":"183","name":"CHAPTER 3. - ANIMALS","identifier":"3","label":"chapter","url":"\/II\/12\/3\/"},"3":{"id":"169","name":"PART 12 - LICENSING AND REGULATION","identifier":"12","label":"part","url":"\/II\/12\/"},"4":{"id":"5","name":"Division II - Planning and Development","identifier":"II","label":"division","url":"\/II\/"}},"structure_contents":{"0":{"id":"748","structure_id":"185","section_number":"12-3008","catch_line":"INOCULATION OF DOGS, CATS AND OTHER PETS.","url":"\/12-3008\/","token":"12-3008"},"1":{"id":"749","structure_id":"185","section_number":"12-3009","catch_line":"ADEQUATE FEED, WATER AND SHELTER.","url":"\/12-3009\/","token":"12-3009"},"2":{"id":"750","structure_id":"185","section_number":"12-3010","catch_line":"RESERVED.","url":"\/12-3010\/","token":"12-3010"},"3":{"id":"751","structure_id":"185","section_number":"12-3011","catch_line":"DOGS AT LARGE; DEFECATION ON STREETS AND PRIVATE PROPERTY.","url":"\/12-3011\/","token":"12-3011"},"4":{"id":"752","structure_id":"185","section_number":"12-3012","catch_line":"CONFINEMENT OF FEMALE DOGS IN HEAT.","url":"\/12-3012\/","token":"12-3012"},"5":{"id":"753","structure_id":"185","section_number":"12-3013","catch_line":"RESERVED.","url":"\/12-3013\/","token":"12-3013"}},"previous_section":{"id":"751","structure_id":"185","section_number":"12-3011","catch_line":"DOGS AT LARGE; DEFECATION ON STREETS AND PRIVATE PROPERTY.","url":"\/12-3011\/","token":"12-3011"},"next_section":{"id":"753","structure_id":"185","section_number":"12-3013","catch_line":"RESERVED.","url":"\/12-3013\/","token":"12-3013"},"references":false,"formats":{"txt":"\/12-3012.txt","json":"\/12-3012.xml"},"dublin_core":{"Title":"CONFINEMENT OF FEMALE DOGS IN HEAT.","Type":"Text","Format":"text\/html","Identifier":"\u00a7 12-3012","Relation":"Code of State"},"plain_text":"                                  CODE OF STATE\n\nCONFINEMENT OF FEMALE DOGS IN HEAT. (\u00a7 12-3012)\n\nEvery female dog, while in heat, shall be confined in a building or secure\nenclosure in such manner that she will not be in contact with another dog, nor\ncreate a nuisance by attracting other animals; provided, this section shall not\nbe construed to prohibit the intentional breeding of animals within an enclosed\narea on the premises of the owner of an animal being bred. \n(Code 1959 , \u00a74-9)  \nDIVISION 2. &#8211; RESERVED [10]\n"}