{"law_id":"745","section_number":"12-3006","catch_line":"ANIMALS OR FOWL BANNED FROM SALE.","history":"","order_by":"12-3006","metadata":false,"url":"\/12-3006\/","token":"12-3006","structure":{"1":{"id":"184","name":"ARTICLE A. - GENERAL PROVISIONS","identifier":"A","label":"article","url":"\/II\/12\/3\/A\/"},"2":{"id":"183","name":"CHAPTER 3. - ANIMALS","identifier":"3","label":"chapter","url":"\/II\/12\/3\/"},"3":{"id":"169","name":"PART 12 - LICENSING AND REGULATION","identifier":"12","label":"part","url":"\/II\/12\/"},"4":{"id":"5","name":"Division II - Planning and Development","identifier":"II","label":"division","url":"\/II\/"}},"referred_to_by":false,"edition_id":"1","section_id":"745","structure_id":"184","full_text":"It shall be unlawful for any person to sell or offer for sale, or permit to be sold or offered for sale, within the corporate limits of the City, baby chickens, baby ducklings, or baby rabbits less than six (6) weeks of age; provided, this section shall not apply to hatcheries raising chickens or ducks expressly for the broiler market or for sale to farms. \n(Code 1959 , \u00a74-6)","text":{"0":{"id":"2259","text":"It shall be unlawful for any person to sell or offer for sale, or permit to be sold or offered for sale, within the corporate limits of the City, baby chickens, baby ducklings, or baby rabbits less than six (6) weeks of age; provided, this section shall not apply to hatcheries raising chickens or ducks expressly for the broiler market or for sale to farms. \n(Code 1959 , \u00a74-6)","type":"section","prefixes":[""],"prefix":"","entire_prefix":"","prefix_anchor":"","level":1}},"ancestry":{"1":{"id":"184","name":"ARTICLE A. - GENERAL PROVISIONS","identifier":"A","label":"article","url":"\/II\/12\/3\/A\/"},"2":{"id":"183","name":"CHAPTER 3. - ANIMALS","identifier":"3","label":"chapter","url":"\/II\/12\/3\/"},"3":{"id":"169","name":"PART 12 - LICENSING AND REGULATION","identifier":"12","label":"part","url":"\/II\/12\/"},"4":{"id":"5","name":"Division II - Planning and Development","identifier":"II","label":"division","url":"\/II\/"}},"structure_contents":{"0":{"id":"740","structure_id":"184","section_number":"12-3001","catch_line":"DIVISION OF ANIMAL CONTROL CREATED; COMPOSITION; RESPONSIBILITY.","url":"\/12-3001\/","token":"12-3001"},"1":{"id":"741","structure_id":"184","section_number":"12-3002","catch_line":"GENERAL RESPONSIBILITIES OF DIVISION; PERSONAL LIABILITY OF MUNICIPAL OFFICERS, AGENTS, EMPLOYEES.","url":"\/12-3002\/","token":"12-3002"},"2":{"id":"742","structure_id":"184","section_number":"12-3003","catch_line":"MEMBERS OF DIVISION TO HAVE POWER, AUTHORITY AND IMMUNITY OF PEACE OFFICERS, DUTY TO WEAR BADGE; FIREARMS.","url":"\/12-3003\/","token":"12-3003"},"3":{"id":"743","structure_id":"184","section_number":"12-3004","catch_line":"DEFINITIONS.","url":"\/12-3004\/","token":"12-3004"},"4":{"id":"744","structure_id":"184","section_number":"12-3005","catch_line":"BIRD SANCTUARY; AREA DESIGNATED; HUNTING, TRAPPING, SHOOTING THEREIN; POSTING OF REGULATIONS.","url":"\/12-3005\/","token":"12-3005"},"5":{"id":"745","structure_id":"184","section_number":"12-3006","catch_line":"ANIMALS OR FOWL BANNED FROM SALE.","url":"\/12-3006\/","token":"12-3006"},"6":{"id":"746","structure_id":"184","section_number":"12-3007","catch_line":"RUNNING AT LARGE PROHIBITED.","url":"\/12-3007\/","token":"12-3007"}},"previous_section":{"id":"744","structure_id":"184","section_number":"12-3005","catch_line":"BIRD SANCTUARY; AREA DESIGNATED; HUNTING, TRAPPING, SHOOTING THEREIN; POSTING OF REGULATIONS.","url":"\/12-3005\/","token":"12-3005"},"next_section":{"id":"746","structure_id":"184","section_number":"12-3007","catch_line":"RUNNING AT LARGE PROHIBITED.","url":"\/12-3007\/","token":"12-3007"},"references":false,"formats":{"txt":"\/12-3006.txt","json":"\/12-3006.xml"},"dublin_core":{"Title":"ANIMALS OR FOWL BANNED FROM SALE.","Type":"Text","Format":"text\/html","Identifier":"\u00a7 12-3006","Relation":"Code of State"},"plain_text":"                                  CODE OF STATE\n\nANIMALS OR FOWL BANNED FROM SALE. (\u00a7 12-3006)\n\nIt shall be unlawful for any person to sell or offer for sale, or permit to be\nsold or offered for sale, within the corporate limits of the City, baby\nchickens, baby ducklings, or baby rabbits less than six (6) weeks of age;\nprovided, this section shall not apply to hatcheries raising chickens or ducks\nexpressly for the broiler market or for sale to farms. \n(Code 1959 , \u00a74-6)\n"}