{"law_id":"756","section_number":"12-3022","catch_line":"RESERVED. ","history":"","order_by":"12-3022","metadata":false,"url":"\/12-3022\/","token":"12-3022","structure":{"1":{"id":"186","name":"ARTICLE C. - NUISANCE ANIMALS","identifier":"C","label":"article","url":"\/II\/12\/3\/C\/"},"2":{"id":"183","name":"CHAPTER 3. - ANIMALS","identifier":"3","label":"chapter","url":"\/II\/12\/3\/"},"3":{"id":"169","name":"PART 12 - LICENSING AND REGULATION","identifier":"12","label":"part","url":"\/II\/12\/"},"4":{"id":"5","name":"Division II - Planning and Development","identifier":"II","label":"division","url":"\/II\/"}},"referred_to_by":false,"edition_id":"1","section_id":"756","structure_id":"186","full_text":"","text":{"0":{"id":"2288","text":"","type":"section","prefixes":[""],"prefix":"","entire_prefix":"","prefix_anchor":"","level":1}},"ancestry":{"1":{"id":"186","name":"ARTICLE C. - NUISANCE ANIMALS","identifier":"C","label":"article","url":"\/II\/12\/3\/C\/"},"2":{"id":"183","name":"CHAPTER 3. - ANIMALS","identifier":"3","label":"chapter","url":"\/II\/12\/3\/"},"3":{"id":"169","name":"PART 12 - LICENSING AND REGULATION","identifier":"12","label":"part","url":"\/II\/12\/"},"4":{"id":"5","name":"Division II - Planning and Development","identifier":"II","label":"division","url":"\/II\/"}},"structure_contents":{"0":{"id":"754","structure_id":"186","section_number":"12-3021","catch_line":"PUBLIC NUISANCE ANIMALS.","url":"\/12-3021\/","token":"12-3021"},"1":{"id":"755","structure_id":"186","section_number":"12-3022","catch_line":"RESERVED.","url":"\/12-3022\/","token":"12-3022"},"2":{"id":"756","structure_id":"186","section_number":"12-3022","catch_line":"RESERVED. ","url":"\/12-3022\/","token":"12-3022"}},"previous_section":{"id":"755","structure_id":"186","section_number":"12-3022","catch_line":"RESERVED.","url":"\/12-3022\/","token":"12-3022"},"references":false,"formats":{"txt":"\/12-3022.txt","json":"\/12-3022.xml"},"dublin_core":{"Title":"RESERVED. ","Type":"Text","Format":"text\/html","Identifier":"\u00a7 12-3022","Relation":"Code of State"},"plain_text":"                                  CODE OF STATE\n\nRESERVED.  (\u00a7 12-3022)\n\n\n"}