{"law_id":"740","edition_id":"1","section_id":"740","structure_id":"184","section_number":"12-3001","catch_line":"DIVISION OF ANIMAL CONTROL CREATED; COMPOSITION; RESPONSIBILITY.","history":"","full_text":"The presence of animals at large, stray animals, nuisance animals, and diseased animals within the corporate limits of the City is hereby declared to be a public nuisance. Such animals are a threat to the health of the community and to the safety of persons and property alike. In order to abate and control this nuisance, there is hereby created within the Police Department of the City an animal control division, to be constituted and composed of such sworn officers of the Police Department as the Council and the City Manager may determine. \n(Code 1959 , \u00a74-1) \nCross reference: Police Department, Part 5, Ch. 1. \nState law references: Animal shelters, G.S. 160A-493; regulation of wild and domestic animals, G.S. 160A-186, 187.","order_by":"12-3001","text":{"0":{"id":"2237","text":"The presence of animals at large, stray animals, nuisance animals, and diseased animals within the corporate limits of the City is hereby declared to be a public nuisance. Such animals are a threat to the health of the community and to the safety of persons and property alike. In order to abate and control this nuisance, there is hereby created within the Police Department of the City an animal control division, to be constituted and composed of such sworn officers of the Police Department as the Council and the City Manager may determine. \n(Code 1959 , \u00a74-1) \nCross reference: Police Department, Part 5, Ch. 1. \nState law references: Animal shelters, G.S. 160A-493; regulation of wild and domestic animals, G.S. 160A-186, 187.","type":"section","prefixes":[""],"prefix":"","entire_prefix":"","prefix_anchor":"","level":1}},"ancestry":{"1":{"id":"184","name":"ARTICLE A. - GENERAL PROVISIONS","identifier":"A","label":"article","url":"\/II\/12\/3\/A\/"},"2":{"id":"183","name":"CHAPTER 3. - ANIMALS","identifier":"3","label":"chapter","url":"\/II\/12\/3\/"},"3":{"id":"169","name":"PART 12 - LICENSING AND REGULATION","identifier":"12","label":"part","url":"\/II\/12\/"},"4":{"id":"5","name":"Division II - Planning and Development","identifier":"II","label":"division","url":"\/II\/"}},"structure_contents":{"0":{"id":"740","structure_id":"184","section_number":"12-3001","catch_line":"DIVISION OF ANIMAL CONTROL CREATED; COMPOSITION; RESPONSIBILITY.","url":"\/12-3001\/","token":"12-3001"},"1":{"id":"741","structure_id":"184","section_number":"12-3002","catch_line":"GENERAL RESPONSIBILITIES OF DIVISION; PERSONAL LIABILITY OF MUNICIPAL OFFICERS, AGENTS, EMPLOYEES.","url":"\/12-3002\/","token":"12-3002"},"2":{"id":"742","structure_id":"184","section_number":"12-3003","catch_line":"MEMBERS OF DIVISION TO HAVE POWER, AUTHORITY AND IMMUNITY OF PEACE OFFICERS, DUTY TO WEAR BADGE; FIREARMS.","url":"\/12-3003\/","token":"12-3003"},"3":{"id":"743","structure_id":"184","section_number":"12-3004","catch_line":"DEFINITIONS.","url":"\/12-3004\/","token":"12-3004"},"4":{"id":"744","structure_id":"184","section_number":"12-3005","catch_line":"BIRD SANCTUARY; AREA DESIGNATED; HUNTING, TRAPPING, SHOOTING THEREIN; POSTING OF REGULATIONS.","url":"\/12-3005\/","token":"12-3005"},"5":{"id":"745","structure_id":"184","section_number":"12-3006","catch_line":"ANIMALS OR FOWL BANNED FROM SALE.","url":"\/12-3006\/","token":"12-3006"},"6":{"id":"746","structure_id":"184","section_number":"12-3007","catch_line":"RUNNING AT LARGE PROHIBITED.","url":"\/12-3007\/","token":"12-3007"}},"next_section":{"id":"741","structure_id":"184","section_number":"12-3002","catch_line":"GENERAL RESPONSIBILITIES OF DIVISION; PERSONAL LIABILITY OF MUNICIPAL OFFICERS, AGENTS, EMPLOYEES.","url":"\/12-3002\/","token":"12-3002"},"metadata":false,"references":false,"url":"\/12-3001\/","token":"12-3001","formats":{"txt":"\/12-3001.txt","json":"\/12-3001.xml"},"dublin_core":{"Title":"DIVISION OF ANIMAL CONTROL CREATED; COMPOSITION; RESPONSIBILITY.","Type":"Text","Format":"text\/html","Identifier":"\u00a7 12-3001","Relation":"Code of State"},"plain_text":"                                  CODE OF STATE\n\nDIVISION OF ANIMAL CONTROL CREATED; COMPOSITION; RESPONSIBILITY. (\u00a7 12-3001)\n\nThe presence of animals at large, stray animals, nuisance animals, and diseased\nanimals within the corporate limits of the City is hereby declared to be a\npublic nuisance. Such animals are a threat to the health of the community and to\nthe safety of persons and property alike. In order to abate and control this\nnuisance, there is hereby created within the Police Department of the City an\nanimal control division, to be constituted and composed of such sworn officers\nof the Police Department as the Council and the City Manager may determine. \n(Code 1959 , \u00a74-1) \nCross reference: Police Department, Part 5, Ch. 1. \nState law references: Animal shelters, G.S. 160A-493; regulation of wild and\ndomestic animals, G.S. 160A-186, 187.\n"}