{"law_id":"741","section_number":"12-3002","catch_line":"GENERAL RESPONSIBILITIES OF DIVISION; PERSONAL LIABILITY OF MUNICIPAL OFFICERS, AGENTS, EMPLOYEES.","history":"","order_by":"12-3002","metadata":false,"url":"\/12-3002\/","token":"12-3002","structure":{"1":{"id":"184","name":"ARTICLE A. - GENERAL PROVISIONS","identifier":"A","label":"article","url":"\/II\/12\/3\/A\/"},"2":{"id":"183","name":"CHAPTER 3. - ANIMALS","identifier":"3","label":"chapter","url":"\/II\/12\/3\/"},"3":{"id":"169","name":"PART 12 - LICENSING AND REGULATION","identifier":"12","label":"part","url":"\/II\/12\/"},"4":{"id":"5","name":"Division II - Planning and Development","identifier":"II","label":"division","url":"\/II\/"}},"referred_to_by":false,"edition_id":"1","section_id":"741","structure_id":"184","full_text":"(b) Except as may be otherwise provided by statute or local law or ordinance, no officer, agent or employee of the municipality charged with the duty of enforcing the provisions of this chapter or other applicable law shall be personally liable for any damage that may accrue to persons or property as a result of any act required or permitted in the discharge of such duties. \n(Code 1959 , \u00a74-2; Ord. No. 1991-850, \u00a71, 10-1-91; Ord. No. 2012-59, \u00a71, 6-5-12, eff. 1-1-13)\r\r","text":{"0":{"id":"2238","text":"","type":"section","prefixes":["(a)"],"prefix":"(a)","entire_prefix":"(a)","prefix_anchor":"(a)","level":1},"1":{"id":"2239","text":"\tSeeing that all dogs in the City are adequately inoculated against rabies; \n","type":"section","prefixes":["(a)","(1)"],"prefix":"(1)","entire_prefix":"(a)(1)","prefix_anchor":"(a)(1)","level":2},"2":{"id":"2240","text":"\tCooperating with the health director and County health officers and assisting in the enforcement of the laws of the State with regard to the control of animals and especially with regard to the vaccination of dogs against rabies and the confinement of vicious dogs; \n","type":"section","prefixes":["(a)","(2)"],"prefix":"(2)","entire_prefix":"(a)(2)","prefix_anchor":"(a)(2)","level":2},"3":{"id":"2241","text":"\tInvestigating all complaints with regard to animals covered by this chapter;\n","type":"section","prefixes":["(a)","(3)"],"prefix":"(3)","entire_prefix":"(a)(3)","prefix_anchor":"(a)(3)","level":2},"4":{"id":"2242","text":"\tMaking such canvasses of the City, including the homes in the City as it deems necessary and practical, for the purpose of ascertaining that all dogs are vaccinated against rabies; \n","type":"section","prefixes":["(a)","(4)"],"prefix":"(4)","entire_prefix":"(a)(4)","prefix_anchor":"(a)(4)","level":2},"5":{"id":"2243","text":"\tEnforcing within the City all of the State laws and City ordinances for the care, control and custody of animals covered by this chapter. \n","type":"section","prefixes":["(a)","(5)"],"prefix":"(5)","entire_prefix":"(a)(5)","prefix_anchor":"(a)(5)","level":2},"6":{"id":"2244","text":"Except as may be otherwise provided by statute or local law or ordinance, no officer, agent or employee of the municipality charged with the duty of enforcing the provisions of this chapter or other applicable law shall be personally liable for any damage that may accrue to persons or property as a result of any act required or permitted in the discharge of such duties. \n(Code 1959 , \u00a74-2; Ord. No. 1991-850, \u00a71, 10-1-91; Ord. No. 2012-59, \u00a71, 6-5-12, eff. 1-1-13)","type":"section","prefixes":["(b)"],"prefix":"(b)","entire_prefix":"(b)","prefix_anchor":"(b)","level":1}},"ancestry":{"1":{"id":"184","name":"ARTICLE A. - GENERAL PROVISIONS","identifier":"A","label":"article","url":"\/II\/12\/3\/A\/"},"2":{"id":"183","name":"CHAPTER 3. - ANIMALS","identifier":"3","label":"chapter","url":"\/II\/12\/3\/"},"3":{"id":"169","name":"PART 12 - LICENSING AND REGULATION","identifier":"12","label":"part","url":"\/II\/12\/"},"4":{"id":"5","name":"Division II - Planning and Development","identifier":"II","label":"division","url":"\/II\/"}},"structure_contents":{"0":{"id":"740","structure_id":"184","section_number":"12-3001","catch_line":"DIVISION OF ANIMAL CONTROL CREATED; COMPOSITION; RESPONSIBILITY.","url":"\/12-3001\/","token":"12-3001"},"1":{"id":"741","structure_id":"184","section_number":"12-3002","catch_line":"GENERAL RESPONSIBILITIES OF DIVISION; PERSONAL LIABILITY OF MUNICIPAL OFFICERS, AGENTS, EMPLOYEES.","url":"\/12-3002\/","token":"12-3002"},"2":{"id":"742","structure_id":"184","section_number":"12-3003","catch_line":"MEMBERS OF DIVISION TO HAVE POWER, AUTHORITY AND IMMUNITY OF PEACE OFFICERS, DUTY TO WEAR BADGE; FIREARMS.","url":"\/12-3003\/","token":"12-3003"},"3":{"id":"743","structure_id":"184","section_number":"12-3004","catch_line":"DEFINITIONS.","url":"\/12-3004\/","token":"12-3004"},"4":{"id":"744","structure_id":"184","section_number":"12-3005","catch_line":"BIRD SANCTUARY; AREA DESIGNATED; HUNTING, TRAPPING, SHOOTING THEREIN; POSTING OF REGULATIONS.","url":"\/12-3005\/","token":"12-3005"},"5":{"id":"745","structure_id":"184","section_number":"12-3006","catch_line":"ANIMALS OR FOWL BANNED FROM SALE.","url":"\/12-3006\/","token":"12-3006"},"6":{"id":"746","structure_id":"184","section_number":"12-3007","catch_line":"RUNNING AT LARGE PROHIBITED.","url":"\/12-3007\/","token":"12-3007"}},"previous_section":{"id":"740","structure_id":"184","section_number":"12-3001","catch_line":"DIVISION OF ANIMAL CONTROL CREATED; COMPOSITION; RESPONSIBILITY.","url":"\/12-3001\/","token":"12-3001"},"next_section":{"id":"742","structure_id":"184","section_number":"12-3003","catch_line":"MEMBERS OF DIVISION TO HAVE POWER, AUTHORITY AND IMMUNITY OF PEACE OFFICERS, DUTY TO WEAR BADGE; FIREARMS.","url":"\/12-3003\/","token":"12-3003"},"references":false,"formats":{"txt":"\/12-3002.txt","json":"\/12-3002.xml"},"dublin_core":{"Title":"GENERAL RESPONSIBILITIES OF DIVISION; PERSONAL LIABILITY OF MUNICIPAL OFFICERS, AGENTS, EMPLOYEES.","Type":"Text","Format":"text\/html","Identifier":"\u00a7 12-3002","Relation":"Code of State"},"plain_text":"                                  CODE OF STATE\n\nGENERAL RESPONSIBILITIES OF DIVISION; PERSONAL LIABILITY OF MUNICIPAL OFFICERS,\nAGENTS, EMPLOYEES. (\u00a7 12-3002)\n\n(a) \n\n   (1) \tSeeing that all dogs in the City are adequately inoculated against\n   rabies; \n   \n\n   (2) \tCooperating with the health director and County health officers and\n   assisting in the enforcement of the laws of the State with regard to the\n   control of animals and especially with regard to the vaccination of dogs\n   against rabies and the confinement of vicious dogs; \n   \n\n   (3) \tInvestigating all complaints with regard to animals covered by this\n   chapter;\n   \n\n   (4) \tMaking such canvasses of the City, including the homes in the City as it\n   deems necessary and practical, for the purpose of ascertaining that all dogs\n   are vaccinated against rabies; \n   \n\n   (5) \tEnforcing within the City all of the State laws and City ordinances for\n   the care, control and custody of animals covered by this chapter. \n   \n\n(b) Except as may be otherwise provided by statute or local law or ordinance, no\nofficer, agent or employee of the municipality charged with the duty of\nenforcing the provisions of this chapter or other applicable law shall be\npersonally liable for any damage that may accrue to persons or property as a\nresult of any act required or permitted in the discharge of such duties. \n(Code 1959 , \u00a74-2; Ord. No. 1991-850, \u00a71, 10-1-91; Ord. No. 2012-59, \u00a71,\n6-5-12, eff. 1-1-13)\n"}