{"law_id":"751","section_number":"12-3011","catch_line":"DOGS AT LARGE; DEFECATION ON STREETS AND PRIVATE PROPERTY.","history":"","order_by":"12-3011","metadata":false,"url":"\/12-3011\/","token":"12-3011","structure":{"1":{"id":"185","name":"ARTICLE B. - DOGS AND CATS [9]","identifier":"B","label":"article","url":"\/II\/12\/3\/B\/"},"2":{"id":"183","name":"CHAPTER 3. - ANIMALS","identifier":"3","label":"chapter","url":"\/II\/12\/3\/"},"3":{"id":"169","name":"PART 12 - LICENSING AND REGULATION","identifier":"12","label":"part","url":"\/II\/12\/"},"4":{"id":"5","name":"Division II - Planning and Development","identifier":"II","label":"division","url":"\/II\/"}},"referred_to_by":false,"edition_id":"1","section_id":"751","structure_id":"185","full_text":"(a) It shall be unlawful for the owner of any dog to allow such animal to be at large in the City or on any City property.\r\r(b) It shall be unlawful for any person owning, harboring, keeping, or in charge of any dog to fail to remove feces deposited by the dog on any street, sidewalk, park or other publicly owned area.\r\r(c) It shall be unlawful for any person owning, harboring, keeping, or in charge of any dog to fail to remove feces deposited by the dog on any private property unless the owner of the property has given permission allowing such use of the property. \n(Code 1959 , \u00a74-8; Ord. No. 1979-184, 8-21-79; Ord. No. 1982-941, \u00a72, 7-20-82; Ord. No. 1984-307, \u00a72, 3-20-84)\r\r","text":{"0":{"id":"2276","text":"It shall be unlawful for the owner of any dog to allow such animal to be at large in the City or on any City property.","type":"section","prefixes":["(a)"],"prefix":"(a)","entire_prefix":"(a)","prefix_anchor":"(a)","level":1},"1":{"id":"2277","text":"It shall be unlawful for any person owning, harboring, keeping, or in charge of any dog to fail to remove feces deposited by the dog on any street, sidewalk, park or other publicly owned area.","type":"section","prefixes":["(b)"],"prefix":"(b)","entire_prefix":"(b)","prefix_anchor":"(b)","level":1},"2":{"id":"2278","text":"It shall be unlawful for any person owning, harboring, keeping, or in charge of any dog to fail to remove feces deposited by the dog on any private property unless the owner of the property has given permission allowing such use of the property. \n(Code 1959 , \u00a74-8; Ord. No. 1979-184, 8-21-79; Ord. No. 1982-941, \u00a72, 7-20-82; Ord. No. 1984-307, \u00a72, 3-20-84)","type":"section","prefixes":["(c)"],"prefix":"(c)","entire_prefix":"(c)","prefix_anchor":"(c)","level":1}},"ancestry":{"1":{"id":"185","name":"ARTICLE B. - DOGS AND CATS [9]","identifier":"B","label":"article","url":"\/II\/12\/3\/B\/"},"2":{"id":"183","name":"CHAPTER 3. - ANIMALS","identifier":"3","label":"chapter","url":"\/II\/12\/3\/"},"3":{"id":"169","name":"PART 12 - LICENSING AND REGULATION","identifier":"12","label":"part","url":"\/II\/12\/"},"4":{"id":"5","name":"Division II - Planning and Development","identifier":"II","label":"division","url":"\/II\/"}},"structure_contents":{"0":{"id":"748","structure_id":"185","section_number":"12-3008","catch_line":"INOCULATION OF DOGS, CATS AND OTHER PETS.","url":"\/12-3008\/","token":"12-3008"},"1":{"id":"749","structure_id":"185","section_number":"12-3009","catch_line":"ADEQUATE FEED, WATER AND SHELTER.","url":"\/12-3009\/","token":"12-3009"},"2":{"id":"750","structure_id":"185","section_number":"12-3010","catch_line":"RESERVED.","url":"\/12-3010\/","token":"12-3010"},"3":{"id":"751","structure_id":"185","section_number":"12-3011","catch_line":"DOGS AT LARGE; DEFECATION ON STREETS AND PRIVATE PROPERTY.","url":"\/12-3011\/","token":"12-3011"},"4":{"id":"752","structure_id":"185","section_number":"12-3012","catch_line":"CONFINEMENT OF FEMALE DOGS IN HEAT.","url":"\/12-3012\/","token":"12-3012"},"5":{"id":"753","structure_id":"185","section_number":"12-3013","catch_line":"RESERVED.","url":"\/12-3013\/","token":"12-3013"}},"previous_section":{"id":"750","structure_id":"185","section_number":"12-3010","catch_line":"RESERVED.","url":"\/12-3010\/","token":"12-3010"},"next_section":{"id":"752","structure_id":"185","section_number":"12-3012","catch_line":"CONFINEMENT OF FEMALE DOGS IN HEAT.","url":"\/12-3012\/","token":"12-3012"},"references":false,"formats":{"txt":"\/12-3011.txt","json":"\/12-3011.xml"},"dublin_core":{"Title":"DOGS AT LARGE; DEFECATION ON STREETS AND PRIVATE PROPERTY.","Type":"Text","Format":"text\/html","Identifier":"\u00a7 12-3011","Relation":"Code of State"},"plain_text":"                                  CODE OF STATE\n\nDOGS AT LARGE; DEFECATION ON STREETS AND PRIVATE PROPERTY. (\u00a7 12-3011)\n\n(a) It shall be unlawful for the owner of any dog to allow such animal to be at\nlarge in the City or on any City property.\n\n(b) It shall be unlawful for any person owning, harboring, keeping, or in charge\nof any dog to fail to remove feces deposited by the dog on any street, sidewalk,\npark or other publicly owned area.\n\n(c) It shall be unlawful for any person owning, harboring, keeping, or in charge\nof any dog to fail to remove feces deposited by the dog on any private property\nunless the owner of the property has given permission allowing such use of the\nproperty. \n(Code 1959 , \u00a74-8; Ord. No. 1979-184, 8-21-79; Ord. No. 1982-941, \u00a72, 7-20-82;\nOrd. No. 1984-307, \u00a72, 3-20-84)\n"}