{"law_id":"754","edition_id":"1","section_id":"754","structure_id":"186","section_number":"12-3021","catch_line":"PUBLIC NUISANCE ANIMALS.","history":"","full_text":"(a) Prohibited generally; exceptions. \nIt shall be unlawful to own, keep, or harbor a public nuisance animal within the City. Provided, however, it shall not be unlawful to own or keep a dog of vicious tendencies for the protection of persons or property, if such dog is securely confined in a manner not to expose it to the general public. This exception for dogs of vicious tendencies does not extend to dogs which excessively make disturbing noises.\r\r(b) Complaint and notice. \nUpon receipt of a written detailed and signed complaint being made to the animal control division of the Police Department by any resident or residents that any person is maintaining a public nuisance as defined in \u00a712-3004 of this chapter, the Chief of Police shall cause the owner of the animal or animals in question to be notified that a complaint has been received and shall cause the situation complained of to be investigated and a report and findings thereon to be reduced to writing by the investigating animal control officer.\r\r(c) Abatement. \nIf the written findings of the investigating officer indicate that the complaint is justified, then the Chief of Police shall cause the owner or keeper of the animal or animals in question to be so notified in writing, by registered mail, return receipt requested, ordered to abate such nuisance within seven (7) days after notification, and issued a citation for the violation. In the event the owner of the animal or animals is unknown and cannot be ascertained, the notice and order, along with a general description of the animal or animals shall be published within a local newspaper.\r\r(d) Impoundment upon failure to abate. \nIf any person receiving notice in the manner hereinabove described shall fail or refuse to abate the nuisance upon order of the Chief of Police within the specified time, the Police Chief may cause the animal or animals in question to be apprehended and impounded in accordance with the provisions of Article E of this chapter.\r\r(e) Right of appeal. \nWithin the seven-day period mentioned in subsection (c) above, the owner of the nuisance animal may appeal the findings of the Chief of Police to the City Manager by giving written notice of appeal to the Chief of Police, the appeal to stay the abatement of the nuisance until a final determination by the City Council.\r\r(f) Redemption; destruction. \nIf the owner shall so request, the animal or animals may be redeemed pursuant to the provisions of \u00a712-3064 and upon the further condition that the owner execute a written agreement to comply with the abatement order. If no redemption and execution is made by the owner within the time specified under \u00a712-3063, then the animal shall be disposed of in accordance with the provisions of \u00a712-3065 hereunder. \n(Code 1959 , \u00a74-13; Ord. No. 1984-307, \u00a74, 3-20-84)\r\r","order_by":"12-3021","text":{"0":{"id":"2281","text":"Prohibited generally; exceptions. \nIt shall be unlawful to own, keep, or harbor a public nuisance animal within the City. Provided, however, it shall not be unlawful to own or keep a dog of vicious tendencies for the protection of persons or property, if such dog is securely confined in a manner not to expose it to the general public. This exception for dogs of vicious tendencies does not extend to dogs which excessively make disturbing noises.","type":"section","prefixes":["(a)"],"prefix":"(a)","entire_prefix":"(a)","prefix_anchor":"(a)","level":1},"1":{"id":"2282","text":"Complaint and notice. \nUpon receipt of a written detailed and signed complaint being made to the animal control division of the Police Department by any resident or residents that any person is maintaining a public nuisance as defined in \u00a712-3004 of this chapter, the Chief of Police shall cause the owner of the animal or animals in question to be notified that a complaint has been received and shall cause the situation complained of to be investigated and a report and findings thereon to be reduced to writing by the investigating animal control officer.","type":"section","prefixes":["(b)"],"prefix":"(b)","entire_prefix":"(b)","prefix_anchor":"(b)","level":1},"2":{"id":"2283","text":"Abatement. \nIf the written findings of the investigating officer indicate that the complaint is justified, then the Chief of Police shall cause the owner or keeper of the animal or animals in question to be so notified in writing, by registered mail, return receipt requested, ordered to abate such nuisance within seven (7) days after notification, and issued a citation for the violation. In the event the owner of the animal or animals is unknown and cannot be ascertained, the notice and order, along with a general description of the animal or animals shall be published within a local newspaper.","type":"section","prefixes":["(c)"],"prefix":"(c)","entire_prefix":"(c)","prefix_anchor":"(c)","level":1},"3":{"id":"2284","text":"Impoundment upon failure to abate. \nIf any person receiving notice in the manner hereinabove described shall fail or refuse to abate the nuisance upon order of the Chief of Police within the specified time, the Police Chief may cause the animal or animals in question to be apprehended and impounded in accordance with the provisions of Article E of this chapter.","type":"section","prefixes":["(d)"],"prefix":"(d)","entire_prefix":"(d)","prefix_anchor":"(d)","level":1},"4":{"id":"2285","text":"Right of appeal. \nWithin the seven-day period mentioned in subsection (c) above, the owner of the nuisance animal may appeal the findings of the Chief of Police to the City Manager by giving written notice of appeal to the Chief of Police, the appeal to stay the abatement of the nuisance until a final determination by the City Council.","type":"section","prefixes":["(e)"],"prefix":"(e)","entire_prefix":"(e)","prefix_anchor":"(e)","level":1},"5":{"id":"2286","text":"Redemption; destruction. \nIf the owner shall so request, the animal or animals may be redeemed pursuant to the provisions of \u00a712-3064 and upon the further condition that the owner execute a written agreement to comply with the abatement order. If no redemption and execution is made by the owner within the time specified under \u00a712-3063, then the animal shall be disposed of in accordance with the provisions of \u00a712-3065 hereunder. \n(Code 1959 , \u00a74-13; Ord. No. 1984-307, \u00a74, 3-20-84)","type":"section","prefixes":["(f)"],"prefix":"(f)","entire_prefix":"(f)","prefix_anchor":"(f)","level":1}},"ancestry":{"1":{"id":"186","name":"ARTICLE C. - NUISANCE ANIMALS","identifier":"C","label":"article","url":"\/II\/12\/3\/C\/"},"2":{"id":"183","name":"CHAPTER 3. - ANIMALS","identifier":"3","label":"chapter","url":"\/II\/12\/3\/"},"3":{"id":"169","name":"PART 12 - LICENSING AND REGULATION","identifier":"12","label":"part","url":"\/II\/12\/"},"4":{"id":"5","name":"Division II - Planning and Development","identifier":"II","label":"division","url":"\/II\/"}},"structure_contents":{"0":{"id":"754","structure_id":"186","section_number":"12-3021","catch_line":"PUBLIC NUISANCE ANIMALS.","url":"\/12-3021\/","token":"12-3021"},"1":{"id":"755","structure_id":"186","section_number":"12-3022","catch_line":"RESERVED.","url":"\/12-3022\/","token":"12-3022"},"2":{"id":"756","structure_id":"186","section_number":"12-3022","catch_line":"RESERVED. ","url":"\/12-3022\/","token":"12-3022"}},"next_section":{"id":"755","structure_id":"186","section_number":"12-3022","catch_line":"RESERVED.","url":"\/12-3022\/","token":"12-3022"},"metadata":false,"references":{"0":{"id":"792","section_number":"12-3069","catch_line":"FINES AND PENALTIES.","url":"http:\/\/localhost:8888\/12-3069\/"}},"url":"\/12-3021\/","token":"12-3021","formats":{"txt":"\/12-3021.txt","json":"\/12-3021.xml"},"dublin_core":{"Title":"PUBLIC NUISANCE ANIMALS.","Type":"Text","Format":"text\/html","Identifier":"\u00a7 12-3021","Relation":"Code of State"},"plain_text":"                                  CODE OF STATE\n\nPUBLIC NUISANCE ANIMALS. (\u00a7 12-3021)\n\n(a) Prohibited generally; exceptions. \nIt shall be unlawful to own, keep, or harbor a public nuisance animal within the\nCity. Provided, however, it shall not be unlawful to own or keep a dog of\nvicious tendencies for the protection of persons or property, if such dog is\nsecurely confined in a manner not to expose it to the general public. This\nexception for dogs of vicious tendencies does not extend to dogs which\nexcessively make disturbing noises.\n\n(b) Complaint and notice. \nUpon receipt of a written detailed and signed complaint being made to the animal\ncontrol division of the Police Department by any resident or residents that any\nperson is maintaining a public nuisance as defined in \u00a712-3004 of this chapter,\nthe Chief of Police shall cause the owner of the animal or animals in question\nto be notified that a complaint has been received and shall cause the situation\ncomplained of to be investigated and a report and findings thereon to be reduced\nto writing by the investigating animal control officer.\n\n(c) Abatement. \nIf the written findings of the investigating officer indicate that the complaint\nis justified, then the Chief of Police shall cause the owner or keeper of the\nanimal or animals in question to be so notified in writing, by registered mail,\nreturn receipt requested, ordered to abate such nuisance within seven (7) days\nafter notification, and issued a citation for the violation. In the event the\nowner of the animal or animals is unknown and cannot be ascertained, the notice\nand order, along with a general description of the animal or animals shall be\npublished within a local newspaper.\n\n(d) Impoundment upon failure to abate. \nIf any person receiving notice in the manner hereinabove described shall fail or\nrefuse to abate the nuisance upon order of the Chief of Police within the\nspecified time, the Police Chief may cause the animal or animals in question to\nbe apprehended and impounded in accordance with the provisions of Article E of\nthis chapter.\n\n(e) Right of appeal. \nWithin the seven-day period mentioned in subsection (c) above, the owner of the\nnuisance animal may appeal the findings of the Chief of Police to the City\nManager by giving written notice of appeal to the Chief of Police, the appeal to\nstay the abatement of the nuisance until a final determination by the City\nCouncil.\n\n(f) Redemption; destruction. \nIf the owner shall so request, the animal or animals may be redeemed pursuant to\nthe provisions of \u00a712-3064 and upon the further condition that the owner\nexecute a written agreement to comply with the abatement order. If no redemption\nand execution is made by the owner within the time specified under \u00a712-3063,\nthen the animal shall be disposed of in accordance with the provisions of\n\u00a712-3065 hereunder. \n(Code 1959 , \u00a74-13; Ord. No. 1984-307, \u00a74, 3-20-84)\n"}