{"law_id":"785","section_number":"12-3063","catch_line":"PERIODS OF IMPOUNDMENT.","history":"","order_by":"12-3063","metadata":false,"url":"\/12-3063\/","token":"12-3063","structure":{"1":{"id":"189","name":"ARTICLE E. - ADMINISTRATION AND ENFORCEMENT","identifier":"E","label":"article","url":"\/II\/12\/3\/E\/"},"2":{"id":"183","name":"CHAPTER 3. - ANIMALS","identifier":"3","label":"chapter","url":"\/II\/12\/3\/"},"3":{"id":"169","name":"PART 12 - LICENSING AND REGULATION","identifier":"12","label":"part","url":"\/II\/12\/"},"4":{"id":"5","name":"Division II - Planning and Development","identifier":"II","label":"division","url":"\/II\/"}},"referred_to_by":false,"edition_id":"1","section_id":"785","structure_id":"189","full_text":"(a) Domesticated animals, other than dogs, shall be impounded for no less than five (5) weekdays. Such animals shall be impounded in a humane manner.\r\r(b) Dogs shall be impounded for no less than five (5) weekdays. Such animals shall be impounded in a humane manner. \n(Code 1959 , \u00a74-37; Ord. No. 2012-59, \u00a73, 6-5-12, eff. 1-1-13)\r\r","text":{"0":{"id":"2333","text":"Domesticated animals, other than dogs, shall be impounded for no less than five (5) weekdays. Such animals shall be impounded in a humane manner.","type":"section","prefixes":["(a)"],"prefix":"(a)","entire_prefix":"(a)","prefix_anchor":"(a)","level":1},"1":{"id":"2334","text":"Dogs shall be impounded for no less than five (5) weekdays. Such animals shall be impounded in a humane manner. \n(Code 1959 , \u00a74-37; Ord. No. 2012-59, \u00a73, 6-5-12, eff. 1-1-13)","type":"section","prefixes":["(b)"],"prefix":"(b)","entire_prefix":"(b)","prefix_anchor":"(b)","level":1}},"ancestry":{"1":{"id":"189","name":"ARTICLE E. - ADMINISTRATION AND ENFORCEMENT","identifier":"E","label":"article","url":"\/II\/12\/3\/E\/"},"2":{"id":"183","name":"CHAPTER 3. - ANIMALS","identifier":"3","label":"chapter","url":"\/II\/12\/3\/"},"3":{"id":"169","name":"PART 12 - LICENSING AND REGULATION","identifier":"12","label":"part","url":"\/II\/12\/"},"4":{"id":"5","name":"Division II - Planning and Development","identifier":"II","label":"division","url":"\/II\/"}},"structure_contents":{"0":{"id":"783","structure_id":"189","section_number":"12-3061","catch_line":"IMPOUNDMENT.","url":"\/12-3061\/","token":"12-3061"},"1":{"id":"784","structure_id":"189","section_number":"12-3062","catch_line":"NOTICE TO OWNER OF IMPOUNDED ANIMAL.","url":"\/12-3062\/","token":"12-3062"},"2":{"id":"785","structure_id":"189","section_number":"12-3063","catch_line":"PERIODS OF IMPOUNDMENT.","url":"\/12-3063\/","token":"12-3063"},"3":{"id":"786","structure_id":"189","section_number":"12-3064","catch_line":"REDEMPTION OF IMPOUNDED ANIMAL.","url":"\/12-3064\/","token":"12-3064"},"4":{"id":"787","structure_id":"189","section_number":"12-3065","catch_line":"DISPOSITION OF UNREDEEMED ANIMALS.","url":"\/12-3065\/","token":"12-3065"},"5":{"id":"788","structure_id":"189","section_number":"12-3066","catch_line":"SUMMARY DESTRUCTION OF ANIMALS FOR HUMANE REASONS.","url":"\/12-3066\/","token":"12-3066"},"6":{"id":"789","structure_id":"189","section_number":"12-3067","catch_line":"CONFINEMENT OF ANIMALS WITH HISTORY OF BITING PEOPLE.","url":"\/12-3067\/","token":"12-3067"},"7":{"id":"790","structure_id":"189","section_number":"12-3068","catch_line":"DISPOSAL OF ANIMAL CARCASSES.","url":"\/12-3068\/","token":"12-3068"},"8":{"id":"792","structure_id":"189","section_number":"12-3069","catch_line":"FINES AND PENALTIES.","url":"\/12-3069\/","token":"12-3069"},"9":{"id":"793","structure_id":"189","section_number":"12-3070","catch_line":"RESERVED.","url":"\/12-3070\/","token":"12-3070"},"10":{"id":"794","structure_id":"189","section_number":"12-3071","catch_line":"REFUSAL TO ISSUE LICENSE WHEN APPLICANT IN VIOLATION OF LAW.","url":"\/12-3071\/","token":"12-3071"},"11":{"id":"795","structure_id":"189","section_number":"12-3072","catch_line":"REVOCATION OF HOLDING FACILITY LICENSES.","url":"\/12-3072\/","token":"12-3072"},"12":{"id":"796","structure_id":"189","section_number":"12-3073","catch_line":"NOTICE OF AND APPEALS FROM DECISION OF AGENCIES.","url":"\/12-3073\/","token":"12-3073"},"13":{"id":"797","structure_id":"189","section_number":"12-3074","catch_line":"UNAUTHORIZED USE OF LICENSE RECEIPTS OR INOCULATION CERTIFICATES.","url":"\/12-3074\/","token":"12-3074"}},"previous_section":{"id":"784","structure_id":"189","section_number":"12-3062","catch_line":"NOTICE TO OWNER OF IMPOUNDED ANIMAL.","url":"\/12-3062\/","token":"12-3062"},"next_section":{"id":"786","structure_id":"189","section_number":"12-3064","catch_line":"REDEMPTION OF IMPOUNDED ANIMAL.","url":"\/12-3064\/","token":"12-3064"},"references":{"0":{"id":"754","section_number":"12-3021","catch_line":"PUBLIC NUISANCE ANIMALS.","url":"http:\/\/localhost:8888\/12-3021\/"}},"formats":{"txt":"\/12-3063.txt","json":"\/12-3063.xml"},"dublin_core":{"Title":"PERIODS OF IMPOUNDMENT.","Type":"Text","Format":"text\/html","Identifier":"\u00a7 12-3063","Relation":"Code of State"},"plain_text":"                                  CODE OF STATE\n\nPERIODS OF IMPOUNDMENT. (\u00a7 12-3063)\n\n(a) Domesticated animals, other than dogs, shall be impounded for no less than\nfive (5) weekdays. Such animals shall be impounded in a humane manner.\n\n(b) Dogs shall be impounded for no less than five (5) weekdays. Such animals\nshall be impounded in a humane manner. \n(Code 1959 , \u00a74-37; Ord. No. 2012-59, \u00a73, 6-5-12, eff. 1-1-13)\n"}