{"law_id":"749","section_number":"12-3009","catch_line":"ADEQUATE FEED, WATER AND SHELTER.","history":"","order_by":"12-3009","metadata":false,"url":"\/12-3009\/","token":"12-3009","structure":{"1":{"id":"185","name":"ARTICLE B. - DOGS AND CATS [9]","identifier":"B","label":"article","url":"\/II\/12\/3\/B\/"},"2":{"id":"183","name":"CHAPTER 3. - ANIMALS","identifier":"3","label":"chapter","url":"\/II\/12\/3\/"},"3":{"id":"169","name":"PART 12 - LICENSING AND REGULATION","identifier":"12","label":"part","url":"\/II\/12\/"},"4":{"id":"5","name":"Division II - Planning and Development","identifier":"II","label":"division","url":"\/II\/"}},"referred_to_by":false,"edition_id":"1","section_id":"749","structure_id":"185","full_text":"(a) All dogs and cats shall be given adequate feed, adequate water and adequate shelter. Adequate shelter is defined as an enclosure of at least three (3) sides, a roof and a floor. The enclosure shall be ventilated and must have sufficient room for the animal(s) to move around freely and to lie down comfortably.\r\r","text":{"0":{"id":"2268","text":"All dogs and cats shall be given adequate feed, adequate water and adequate shelter. Adequate shelter is defined as an enclosure of at least three (3) sides, a roof and a floor. The enclosure shall be ventilated and must have sufficient room for the animal(s) to move around freely and to lie down comfortably.","type":"section","prefixes":["(a)"],"prefix":"(a)","entire_prefix":"(a)","prefix_anchor":"(a)","level":1},"1":{"id":"2269","text":"","type":"section","prefixes":["(b)"],"prefix":"(b)","entire_prefix":"(b)","prefix_anchor":"(b)","level":1},"2":{"id":"2270","text":"\tUnderneath outside steps, decks and stoops; or\n","type":"section","prefixes":["(b)","(1)"],"prefix":"(1)","entire_prefix":"(b)(1)","prefix_anchor":"(b)(1)","level":2},"3":{"id":"2271","text":"\tInside of vehicles; or\n","type":"section","prefixes":["(b)","(2)"],"prefix":"(2)","entire_prefix":"(b)(2)","prefix_anchor":"(b)(2)","level":2},"4":{"id":"2272","text":"\tUnderneath vehicles; or\n","type":"section","prefixes":["(b)","(3)"],"prefix":"(3)","entire_prefix":"(b)(3)","prefix_anchor":"(b)(3)","level":2},"5":{"id":"2273","text":"\tInside metal or plastic barrels or cardboard boxes; or\n","type":"section","prefixes":["(b)","(4)"],"prefix":"(4)","entire_prefix":"(b)(4)","prefix_anchor":"(b)(4)","level":2},"6":{"id":"2274","text":"\tRooms, sheds or other buildings without windows or proper ventilation.\n(Ord. No. 2003-411, \u00a71, 3-18-03) \n","type":"section","prefixes":["(b)","(5)"],"prefix":"(5)","entire_prefix":"(b)(5)","prefix_anchor":"(b)(5)","level":2}},"ancestry":{"1":{"id":"185","name":"ARTICLE B. - DOGS AND CATS [9]","identifier":"B","label":"article","url":"\/II\/12\/3\/B\/"},"2":{"id":"183","name":"CHAPTER 3. - ANIMALS","identifier":"3","label":"chapter","url":"\/II\/12\/3\/"},"3":{"id":"169","name":"PART 12 - LICENSING AND REGULATION","identifier":"12","label":"part","url":"\/II\/12\/"},"4":{"id":"5","name":"Division II - Planning and Development","identifier":"II","label":"division","url":"\/II\/"}},"structure_contents":{"0":{"id":"748","structure_id":"185","section_number":"12-3008","catch_line":"INOCULATION OF DOGS, CATS AND OTHER PETS.","url":"\/12-3008\/","token":"12-3008"},"1":{"id":"749","structure_id":"185","section_number":"12-3009","catch_line":"ADEQUATE FEED, WATER AND SHELTER.","url":"\/12-3009\/","token":"12-3009"},"2":{"id":"750","structure_id":"185","section_number":"12-3010","catch_line":"RESERVED.","url":"\/12-3010\/","token":"12-3010"},"3":{"id":"751","structure_id":"185","section_number":"12-3011","catch_line":"DOGS AT LARGE; DEFECATION ON STREETS AND PRIVATE PROPERTY.","url":"\/12-3011\/","token":"12-3011"},"4":{"id":"752","structure_id":"185","section_number":"12-3012","catch_line":"CONFINEMENT OF FEMALE DOGS IN HEAT.","url":"\/12-3012\/","token":"12-3012"},"5":{"id":"753","structure_id":"185","section_number":"12-3013","catch_line":"RESERVED.","url":"\/12-3013\/","token":"12-3013"}},"previous_section":{"id":"748","structure_id":"185","section_number":"12-3008","catch_line":"INOCULATION OF DOGS, CATS AND OTHER PETS.","url":"\/12-3008\/","token":"12-3008"},"next_section":{"id":"750","structure_id":"185","section_number":"12-3010","catch_line":"RESERVED.","url":"\/12-3010\/","token":"12-3010"},"references":false,"formats":{"txt":"\/12-3009.txt","json":"\/12-3009.xml"},"dublin_core":{"Title":"ADEQUATE FEED, WATER AND SHELTER.","Type":"Text","Format":"text\/html","Identifier":"\u00a7 12-3009","Relation":"Code of State"},"plain_text":"                                  CODE OF STATE\n\nADEQUATE FEED, WATER AND SHELTER. (\u00a7 12-3009)\n\n(a) All dogs and cats shall be given adequate feed, adequate water and adequate\nshelter. Adequate shelter is defined as an enclosure of at least three (3)\nsides, a roof and a floor. The enclosure shall be ventilated and must have\nsufficient room for the animal(s) to move around freely and to lie down\ncomfortably.\n\n(b) \n\n   (1) \tUnderneath outside steps, decks and stoops; or\n   \n\n   (2) \tInside of vehicles; or\n   \n\n   (3) \tUnderneath vehicles; or\n   \n\n   (4) \tInside metal or plastic barrels or cardboard boxes; or\n   \n\n   (5) \tRooms, sheds or other buildings without windows or proper ventilation.\n   (Ord. No. 2003-411, \u00a71, 3-18-03)\n"}