{"law_id":"762","section_number":"12-3035","catch_line":"PET SHOP STANDARDS.","history":"","order_by":"12-3035","metadata":false,"url":"\/12-3035\/","token":"12-3035","structure":{"1":{"id":"187","name":"ARTICLE D. - STABLES AND HOLDING FACILITIES","identifier":"D","label":"article","url":"\/II\/12\/3\/D\/"},"2":{"id":"183","name":"CHAPTER 3. - ANIMALS","identifier":"3","label":"chapter","url":"\/II\/12\/3\/"},"3":{"id":"169","name":"PART 12 - LICENSING AND REGULATION","identifier":"12","label":"part","url":"\/II\/12\/"},"4":{"id":"5","name":"Division II - Planning and Development","identifier":"II","label":"division","url":"\/II\/"}},"referred_to_by":false,"edition_id":"1","section_id":"762","structure_id":"187","full_text":"(a) Water. \nThere shall be available hot water at a minimum temperature of 140 degrees for washing cages and disinfecting them, and cold water easily accessible to all parts of the shop. Fresh water will be available to all species at all times. Containers are to be cleaned and disinfected each day. All water containers shall be mounted so the animal cannot turn them over, and be removable for cleaning.\r\r(b) Room temperature. \nThe room temperature of the shop shall be maintained at a level that is healthful for every species of animal kept in the shop.\r\r(c) Cages and enclosures. \nAll cages and enclosures are to be of a nonporous material for easy cleaning and disinfecting. Each cage must be of sufficient size that any animal will have room to stand, turn, and stretch out to his full length.\r\r(d) Feeding. \nAll animals under three (3) months old are to be fed at least three (3) times per 24 hours. Food for all animals shall be served in a clean dish so mounted that the animals cannot readily tip it over or defecate or urinate therein.\r\r(e) Birds. \nEach bird must have sufficient room to sit on a perch. Perches shall be placed horizontal to each other in the same cage. Cages must be cleaned every day and cages must be disinfected when birds are sold. Parrots and other large birds shall have separate cages from smaller birds.\r\r(f) Bedding. \nThere shall be sufficient clean, dry bedding to meet the needs of each individual animal.\r\r(g) Fish. \nThe temperature of water in which fish are kept shall be maintained at a constant temperature that is healthful.\r\r(h) General feeding, watering, sanitation requirements. \nAll animals must be fed, watered and cages cleaned every day, including Sundays and holidays. \n(Code 1959 , \u00a74-18)\r\r","text":{"0":{"id":"2294","text":"Water. \nThere shall be available hot water at a minimum temperature of 140 degrees for washing cages and disinfecting them, and cold water easily accessible to all parts of the shop. Fresh water will be available to all species at all times. Containers are to be cleaned and disinfected each day. All water containers shall be mounted so the animal cannot turn them over, and be removable for cleaning.","type":"section","prefixes":["(a)"],"prefix":"(a)","entire_prefix":"(a)","prefix_anchor":"(a)","level":1},"1":{"id":"2295","text":"Room temperature. \nThe room temperature of the shop shall be maintained at a level that is healthful for every species of animal kept in the shop.","type":"section","prefixes":["(b)"],"prefix":"(b)","entire_prefix":"(b)","prefix_anchor":"(b)","level":1},"2":{"id":"2296","text":"Cages and enclosures. \nAll cages and enclosures are to be of a nonporous material for easy cleaning and disinfecting. Each cage must be of sufficient size that any animal will have room to stand, turn, and stretch out to his full length.","type":"section","prefixes":["(c)"],"prefix":"(c)","entire_prefix":"(c)","prefix_anchor":"(c)","level":1},"3":{"id":"2297","text":"Feeding. \nAll animals under three (3) months old are to be fed at least three (3) times per 24 hours. Food for all animals shall be served in a clean dish so mounted that the animals cannot readily tip it over or defecate or urinate therein.","type":"section","prefixes":["(d)"],"prefix":"(d)","entire_prefix":"(d)","prefix_anchor":"(d)","level":1},"4":{"id":"2298","text":"Birds. \nEach bird must have sufficient room to sit on a perch. Perches shall be placed horizontal to each other in the same cage. Cages must be cleaned every day and cages must be disinfected when birds are sold. Parrots and other large birds shall have separate cages from smaller birds.","type":"section","prefixes":["(e)"],"prefix":"(e)","entire_prefix":"(e)","prefix_anchor":"(e)","level":1},"5":{"id":"2299","text":"Bedding. \nThere shall be sufficient clean, dry bedding to meet the needs of each individual animal.","type":"section","prefixes":["(f)"],"prefix":"(f)","entire_prefix":"(f)","prefix_anchor":"(f)","level":1},"6":{"id":"2300","text":"Fish. \nThe temperature of water in which fish are kept shall be maintained at a constant temperature that is healthful.","type":"section","prefixes":["(g)"],"prefix":"(g)","entire_prefix":"(g)","prefix_anchor":"(g)","level":1},"7":{"id":"2301","text":"General feeding, watering, sanitation requirements. \nAll animals must be fed, watered and cages cleaned every day, including Sundays and holidays. \n(Code 1959 , \u00a74-18)","type":"section","prefixes":["(h)"],"prefix":"(h)","entire_prefix":"(h)","prefix_anchor":"(h)","level":1}},"ancestry":{"1":{"id":"187","name":"ARTICLE D. - STABLES AND HOLDING FACILITIES","identifier":"D","label":"article","url":"\/II\/12\/3\/D\/"},"2":{"id":"183","name":"CHAPTER 3. - ANIMALS","identifier":"3","label":"chapter","url":"\/II\/12\/3\/"},"3":{"id":"169","name":"PART 12 - LICENSING AND REGULATION","identifier":"12","label":"part","url":"\/II\/12\/"},"4":{"id":"5","name":"Division II - Planning and Development","identifier":"II","label":"division","url":"\/II\/"}},"structure_contents":{"0":{"id":"757","structure_id":"187","section_number":"12-3031","catch_line":"STABLES FOR CATTLE, GOATS, AND HORSES; GENERALLY.","url":"\/12-3031\/","token":"12-3031"},"1":{"id":"759","structure_id":"187","section_number":"12-3032","catch_line":"PERMIT TO LOCATE, ERECT OR PLACE.","url":"\/12-3032\/","token":"12-3032"},"2":{"id":"760","structure_id":"187","section_number":"12-3033","catch_line":"REMOVAL, RELOCATION FOR VIOLATION.","url":"\/12-3033\/","token":"12-3033"},"3":{"id":"761","structure_id":"187","section_number":"12-3034","catch_line":"MANURE, REFUSE BINS.","url":"\/12-3034\/","token":"12-3034"},"4":{"id":"762","structure_id":"187","section_number":"12-3035","catch_line":"PET SHOP STANDARDS.","url":"\/12-3035\/","token":"12-3035"},"5":{"id":"763","structure_id":"187","section_number":"12-3036","catch_line":"KENNEL STANDARDS.","url":"\/12-3036\/","token":"12-3036"},"6":{"id":"764","structure_id":"187","section_number":"12-3037","catch_line":"STANDARDS FOR TRAINERS OF ATTACK AND SECURITY DOGS.","url":"\/12-3037\/","token":"12-3037"},"7":{"id":"765","structure_id":"187","section_number":"12-3038","catch_line":"STANDARDS FOR CATTERIES.","url":"\/12-3038\/","token":"12-3038"},"8":{"id":"766","structure_id":"187","section_number":"12-3039","catch_line":"GENERAL HEALTH CONDITIONS IN HOLDING FACILITIES.","url":"\/12-3039\/","token":"12-3039"},"9":{"id":"767","structure_id":"187","section_number":"12-3040","catch_line":"PET SHOPS LICENSE; REQUIRED.","url":"\/12-3040\/","token":"12-3040"},"10":{"id":"768","structure_id":"187","section_number":"12-3041","catch_line":"APPLICATION.","url":"\/12-3041\/","token":"12-3041"},"11":{"id":"770","structure_id":"187","section_number":"12-3042","catch_line":"FEE; SEPARATE LICENSE FOR EACH FACILITY OPERATED.","url":"\/12-3042\/","token":"12-3042"},"12":{"id":"771","structure_id":"187","section_number":"12-3043","catch_line":"KENNEL LICENSE; REQUIRED; EXEMPTIONS.","url":"\/12-3043\/","token":"12-3043"},"13":{"id":"772","structure_id":"187","section_number":"12-3044","catch_line":"APPLICATION.","url":"\/12-3044\/","token":"12-3044"},"14":{"id":"773","structure_id":"187","section_number":"12-3045","catch_line":"FEE.","url":"\/12-3045\/","token":"12-3045"},"15":{"id":"774","structure_id":"187","section_number":"12-3046","catch_line":"ATTACK AND SECURITY DOG TRAINER'S LICENSE; REQUIRED.","url":"\/12-3046\/","token":"12-3046"},"16":{"id":"775","structure_id":"187","section_number":"12-3047","catch_line":"APPLICATION.","url":"\/12-3047\/","token":"12-3047"},"17":{"id":"776","structure_id":"187","section_number":"12-3048","catch_line":"FEE.","url":"\/12-3048\/","token":"12-3048"},"18":{"id":"777","structure_id":"187","section_number":"12-3049","catch_line":"CATTERIES LICENSE; REQUIRED.","url":"\/12-3049\/","token":"12-3049"},"19":{"id":"778","structure_id":"187","section_number":"12-3050","catch_line":"APPLICATION.","url":"\/12-3050\/","token":"12-3050"},"20":{"id":"779","structure_id":"187","section_number":"12-3051","catch_line":"FEE.","url":"\/12-3051\/","token":"12-3051"},"21":{"id":"781","structure_id":"187","section_number":"12-3052","catch_line":"RESERVED.","url":"\/12-3052\/","token":"12-3052"},"22":{"id":"782","structure_id":"187","section_number":"12-3052","catch_line":"RESERVED. ","url":"\/12-3052\/","token":"12-3052"}},"previous_section":{"id":"761","structure_id":"187","section_number":"12-3034","catch_line":"MANURE, REFUSE BINS.","url":"\/12-3034\/","token":"12-3034"},"next_section":{"id":"763","structure_id":"187","section_number":"12-3036","catch_line":"KENNEL STANDARDS.","url":"\/12-3036\/","token":"12-3036"},"references":false,"formats":{"txt":"\/12-3035.txt","json":"\/12-3035.xml"},"dublin_core":{"Title":"PET SHOP STANDARDS.","Type":"Text","Format":"text\/html","Identifier":"\u00a7 12-3035","Relation":"Code of State"},"plain_text":"                                  CODE OF STATE\n\nPET SHOP STANDARDS. (\u00a7 12-3035)\n\n(a) Water. \nThere shall be available hot water at a minimum temperature of 140 degrees for\nwashing cages and disinfecting them, and cold water easily accessible to all\nparts of the shop. Fresh water will be available to all species at all times.\nContainers are to be cleaned and disinfected each day. All water containers\nshall be mounted so the animal cannot turn them over, and be removable for\ncleaning.\n\n(b) Room temperature. \nThe room temperature of the shop shall be maintained at a level that is\nhealthful for every species of animal kept in the shop.\n\n(c) Cages and enclosures. \nAll cages and enclosures are to be of a nonporous material for easy cleaning and\ndisinfecting. Each cage must be of sufficient size that any animal will have\nroom to stand, turn, and stretch out to his full length.\n\n(d) Feeding. \nAll animals under three (3) months old are to be fed at least three (3) times\nper 24 hours. Food for all animals shall be served in a clean dish so mounted\nthat the animals cannot readily tip it over or defecate or urinate therein.\n\n(e) Birds. \nEach bird must have sufficient room to sit on a perch. Perches shall be placed\nhorizontal to each other in the same cage. Cages must be cleaned every day and\ncages must be disinfected when birds are sold. Parrots and other large birds\nshall have separate cages from smaller birds.\n\n(f) Bedding. \nThere shall be sufficient clean, dry bedding to meet the needs of each\nindividual animal.\n\n(g) Fish. \nThe temperature of water in which fish are kept shall be maintained at a\nconstant temperature that is healthful.\n\n(h) General feeding, watering, sanitation requirements. \nAll animals must be fed, watered and cages cleaned every day, including Sundays\nand holidays. \n(Code 1959 , \u00a74-18)\n"}