{"law_id":"30","section_number":"2-2087","catch_line":"ALLOCATION OF NET PROCEEDS COLLECTED.","history":"","order_by":"2-2087","metadata":false,"url":"\/2-2087\/","token":"2-2087","structure":{"1":{"id":"13","name":"ARTICLE F. - TRANSIENT OCCUPANCY TAX; CONVENTION AND VISITORS BUREAU","identifier":"F","label":"article","url":"\/II\/2\/2\/F\/"},"2":{"id":"12","name":"CHAPTER 2. - REVENUE AND TAXATION","identifier":"2","label":"chapter","url":"\/II\/2\/2\/"},"3":{"id":"11","name":"PART 2 - FINANCE","identifier":"2","label":"part","url":"\/II\/2\/"},"4":{"id":"5","name":"Division II - Planning and Development","identifier":"II","label":"division","url":"\/II\/"}},"referred_to_by":false,"edition_id":"1","section_id":"30","structure_id":"13","full_text":"The City Manager shall allocate and distribute the net proceeds collected by the tax as mandated by Chapter 850 of the Session Laws of 1985 and as provided in the budget approved by the City Council. \n(Ord. No. 1986-825A, \u00a71, 7-15-86)","text":{"0":{"id":"71","text":"The City Manager shall allocate and distribute the net proceeds collected by the tax as mandated by Chapter 850 of the Session Laws of 1985 and as provided in the budget approved by the City Council. \n(Ord. No. 1986-825A, \u00a71, 7-15-86)","type":"section","prefixes":[""],"prefix":"","entire_prefix":"","prefix_anchor":"","level":1}},"ancestry":{"1":{"id":"13","name":"ARTICLE F. - TRANSIENT OCCUPANCY TAX; CONVENTION AND VISITORS BUREAU","identifier":"F","label":"article","url":"\/II\/2\/2\/F\/"},"2":{"id":"12","name":"CHAPTER 2. - REVENUE AND TAXATION","identifier":"2","label":"chapter","url":"\/II\/2\/2\/"},"3":{"id":"11","name":"PART 2 - FINANCE","identifier":"2","label":"part","url":"\/II\/2\/"},"4":{"id":"5","name":"Division II - Planning and Development","identifier":"II","label":"division","url":"\/II\/"}},"structure_contents":{"0":{"id":"980","structure_id":"13","section_number":"2-2080","catch_line":"IMPOSITION AND LEVY OF TAX.","url":"\/2-2080\/","token":"2-2080"},"1":{"id":"991","structure_id":"13","section_number":"2-2081","catch_line":"PAYMENT OF TAX.","url":"\/2-2081\/","token":"2-2081"},"2":{"id":"998","structure_id":"13","section_number":"2-2082","catch_line":"DEDUCTIONS AND REFUNDS.","url":"\/2-2082\/","token":"2-2082"},"3":{"id":"999","structure_id":"13","section_number":"2-2083","catch_line":"PENALTY FOR FAILURE TO FILE RETURN.","url":"\/2-2083\/","token":"2-2083"},"4":{"id":"27","structure_id":"13","section_number":"2-2084","catch_line":"ADDITIONAL PENALTY FOR FAILURE TO PAY.","url":"\/2-2084\/","token":"2-2084"},"5":{"id":"28","structure_id":"13","section_number":"2-2085","catch_line":"MISDEMEANOR FOR WILLFUL VIOLATION.","url":"\/2-2085\/","token":"2-2085"},"6":{"id":"29","structure_id":"13","section_number":"2-2086","catch_line":"RETENTION OF ADMINISTRATIVE AND COLLECTION EXPENSES.","url":"\/2-2086\/","token":"2-2086"},"7":{"id":"30","structure_id":"13","section_number":"2-2087","catch_line":"ALLOCATION OF NET PROCEEDS COLLECTED.","url":"\/2-2087\/","token":"2-2087"},"8":{"id":"31","structure_id":"13","section_number":"2-2088","catch_line":"RESERVED.","url":"\/2-2088\/","token":"2-2088"},"9":{"id":"32","structure_id":"13","section_number":"2-2088","catch_line":"RESERVED. ","url":"\/2-2088\/","token":"2-2088"},"10":{"id":"33","structure_id":"13","section_number":"2-2090","catch_line":"CREATED.","url":"\/2-2090\/","token":"2-2090"},"11":{"id":"34","structure_id":"13","section_number":"2-2091","catch_line":"MEMBERSHIP.","url":"\/2-2091\/","token":"2-2091"},"12":{"id":"35","structure_id":"13","section_number":"2-2092","catch_line":"FUNDING.","url":"\/2-2092\/","token":"2-2092"},"13":{"id":"36","structure_id":"13","section_number":"2-2093","catch_line":"POWERS AND DUTIES.","url":"\/2-2093\/","token":"2-2093"},"14":{"id":"38","structure_id":"13","section_number":"2-2094","catch_line":"STAFF.","url":"\/2-2094\/","token":"2-2094"}},"previous_section":{"id":"29","structure_id":"13","section_number":"2-2086","catch_line":"RETENTION OF ADMINISTRATIVE AND COLLECTION EXPENSES.","url":"\/2-2086\/","token":"2-2086"},"next_section":{"id":"31","structure_id":"13","section_number":"2-2088","catch_line":"RESERVED.","url":"\/2-2088\/","token":"2-2088"},"references":false,"formats":{"txt":"\/2-2087.txt","json":"\/2-2087.xml"},"dublin_core":{"Title":"ALLOCATION OF NET PROCEEDS COLLECTED.","Type":"Text","Format":"text\/html","Identifier":"\u00a7 2-2087","Relation":"Code of State"},"plain_text":"                                  CODE OF STATE\n\nALLOCATION OF NET PROCEEDS COLLECTED. (\u00a7 2-2087)\n\nThe City Manager shall allocate and distribute the net proceeds collected by the\ntax as mandated by Chapter 850 of the Session Laws of 1985 and as provided in\nthe budget approved by the City Council. \n(Ord. No. 1986-825A, \u00a71, 7-15-86)\n"}