{"law_id":"936","section_number":"2-2072","catch_line":"EXEMPTIONS.","history":"","order_by":"2-2072","metadata":false,"url":"\/2-2072\/","token":"2-2072","structure":{"1":{"id":"307","name":"ARTICLE E. - MOTOR VEHICLES REGISTRATION [2]","identifier":"E","label":"article","url":"\/II\/2\/2\/E\/"},"2":{"id":"12","name":"CHAPTER 2. - REVENUE AND TAXATION","identifier":"2","label":"chapter","url":"\/II\/2\/2\/"},"3":{"id":"11","name":"PART 2 - FINANCE","identifier":"2","label":"part","url":"\/II\/2\/"},"4":{"id":"5","name":"Division II - Planning and Development","identifier":"II","label":"division","url":"\/II\/"}},"referred_to_by":{"0":{"id":"380","section_number":"11-2021","catch_line":"IN GENERAL.","url":"http:\/\/localhost:8888\/11-2021\/"},"1":{"id":"958","section_number":"2-2074","catch_line":"TAXICABS.","url":"http:\/\/localhost:8888\/2-2074\/"},"2":{"id":"969","section_number":"2-2075","catch_line":"RESERVED.","url":"http:\/\/localhost:8888\/2-2075\/"}},"edition_id":"1","section_id":"936","structure_id":"307","full_text":"The motor vehicle license required by this article shall not apply to motor vehicles belonging to members of the armed forces of the United States on duty within the City and exempted by Title 50, United States Code, \u00a7574, nor shall the license be required of motor vehicles held for sale as a part of the stock and trade of any motor vehicle dealer licensed under this chapter and bearing a state license issued pursuant to the General Statutes. \n(Ord. No. 1988-240, \u00a72, 9-6-88)","text":{"0":{"id":"3254","text":"The motor vehicle license required by this article shall not apply to motor vehicles belonging to members of the armed forces of the United States on duty within the City and exempted by Title 50, United States Code, \u00a7574, nor shall the license be required of motor vehicles held for sale as a part of the stock and trade of any motor vehicle dealer licensed under this chapter and bearing a state license issued pursuant to the General Statutes. \n(Ord. No. 1988-240, \u00a72, 9-6-88)","type":"section","prefixes":[""],"prefix":"","entire_prefix":"","prefix_anchor":"","level":1}},"ancestry":{"1":{"id":"307","name":"ARTICLE E. - MOTOR VEHICLES REGISTRATION [2]","identifier":"E","label":"article","url":"\/II\/2\/2\/E\/"},"2":{"id":"12","name":"CHAPTER 2. - REVENUE AND TAXATION","identifier":"2","label":"chapter","url":"\/II\/2\/2\/"},"3":{"id":"11","name":"PART 2 - FINANCE","identifier":"2","label":"part","url":"\/II\/2\/"},"4":{"id":"5","name":"Division II - Planning and Development","identifier":"II","label":"division","url":"\/II\/"}},"structure_contents":{"0":{"id":"925","structure_id":"307","section_number":"2-2071","catch_line":"MOTOR VEHICLE LICENSE REQUIRED.","url":"\/2-2071\/","token":"2-2071"},"1":{"id":"936","structure_id":"307","section_number":"2-2072","catch_line":"EXEMPTIONS.","url":"\/2-2072\/","token":"2-2072"},"2":{"id":"947","structure_id":"307","section_number":"2-2073","catch_line":"PUBLIC UTILITIES.","url":"\/2-2073\/","token":"2-2073"},"3":{"id":"958","structure_id":"307","section_number":"2-2074","catch_line":"TAXICABS.","url":"\/2-2074\/","token":"2-2074"},"4":{"id":"969","structure_id":"307","section_number":"2-2075","catch_line":"RESERVED.","url":"\/2-2075\/","token":"2-2075"}},"previous_section":{"id":"925","structure_id":"307","section_number":"2-2071","catch_line":"MOTOR VEHICLE LICENSE REQUIRED.","url":"\/2-2071\/","token":"2-2071"},"next_section":{"id":"947","structure_id":"307","section_number":"2-2073","catch_line":"PUBLIC UTILITIES.","url":"\/2-2073\/","token":"2-2073"},"references":false,"formats":{"txt":"\/2-2072.txt","json":"\/2-2072.xml"},"dublin_core":{"Title":"EXEMPTIONS.","Type":"Text","Format":"text\/html","Identifier":"\u00a7 2-2072","Relation":"Code of State"},"plain_text":"                                  CODE OF STATE\n\nEXEMPTIONS. (\u00a7 2-2072)\n\nThe motor vehicle license required by this article shall not apply to motor\nvehicles belonging to members of the armed forces of the United States on duty\nwithin the City and exempted by Title 50, United States Code, \u00a7574, nor shall\nthe license be required of motor vehicles held for sale as a part of the stock\nand trade of any motor vehicle dealer licensed under this chapter and bearing a\nstate license issued pursuant to the General Statutes. \n(Ord. No. 1988-240, \u00a72, 9-6-88)\n"}