{"law_id":"34","section_number":"2-2091","catch_line":"MEMBERSHIP.","history":"","order_by":"2-2091","metadata":false,"url":"\/2-2091\/","token":"2-2091","structure":{"1":{"id":"13","name":"ARTICLE F. - TRANSIENT OCCUPANCY TAX; CONVENTION AND VISITORS BUREAU","identifier":"F","label":"article","url":"\/II\/2\/2\/F\/"},"2":{"id":"12","name":"CHAPTER 2. - REVENUE AND TAXATION","identifier":"2","label":"chapter","url":"\/II\/2\/2\/"},"3":{"id":"11","name":"PART 2 - FINANCE","identifier":"2","label":"part","url":"\/II\/2\/"},"4":{"id":"5","name":"Division II - Planning and Development","identifier":"II","label":"division","url":"\/II\/"}},"referred_to_by":{"0":{"id":"38","section_number":"2-2094","catch_line":"STAFF.","url":"http:\/\/localhost:8888\/2-2094\/"},"1":{"id":"39","section_number":"II-2-3001","catch_line":"RATE SCHEDULES FOR UTILITY SERVICES.","url":"http:\/\/localhost:8888\/II-2-3001\/"},"2":{"id":"40","section_number":"II-2-3002","catch_line":"EACH METER THE BASIS FOR CHARGES AND RATES, ETC.","url":"http:\/\/localhost:8888\/II-2-3002\/"},"3":{"id":"41","section_number":"II-2-3003","catch_line":"UTILITY SERVICE DEPOSIT.","url":"http:\/\/localhost:8888\/II-2-3003\/"},"4":{"id":"42","section_number":"II-2-3004","catch_line":"DISCONNECTION AND RECONNECTION FEES.","url":"http:\/\/localhost:8888\/II-2-3004\/"},"5":{"id":"43","section_number":"II-2-3005","catch_line":"PAYMENT GUARANTEE AGREEMENTS WITH SOCIAL SERVICE AGENCIES.","url":"http:\/\/localhost:8888\/II-2-3005\/"},"6":{"id":"44","section_number":"II-2-3006","catch_line":"WATER METER TEST FEES.","url":"http:\/\/localhost:8888\/II-2-3006\/"},"7":{"id":"45","section_number":"II-2-4001","catch_line":"REQUISITION.","url":"http:\/\/localhost:8888\/II-2-4001\/"},"8":{"id":"46","section_number":"II-2-4002","catch_line":"PURCHASE ORDERS.","url":"http:\/\/localhost:8888\/II-2-4002\/"},"9":{"id":"47","section_number":"II-2-4003","catch_line":"CONSTRUCT AND REPAIR CONTRACTS; AUTHORIZATION TO CONTRACT.","url":"http:\/\/localhost:8888\/II-2-4003\/"},"10":{"id":"49","section_number":"II-2-4004","catch_line":"EXECUTION OF CITY CONTRACTS.","url":"http:\/\/localhost:8888\/II-2-4004\/"},"11":{"id":"50","section_number":"II-3-1001","catch_line":"DIRECTOR, OFFICERS AND EMPLOYEES.","url":"http:\/\/localhost:8888\/II-3-1001\/"},"12":{"id":"51","section_number":"II-3-1002","catch_line":"FUNCTIONS AND DUTIES OF THE DEPARTMENT.","url":"http:\/\/localhost:8888\/II-3-1002\/"},"13":{"id":"52","section_number":"II-3-2001","catch_line":"CLASSIFICATION AND SALARY SCHEDULE.","url":"http:\/\/localhost:8888\/II-3-2001\/"},"14":{"id":"53","section_number":"II-3-2002","catch_line":"ADOPTION TO BE CERTIFIED.","url":"http:\/\/localhost:8888\/II-3-2002\/"},"15":{"id":"54","section_number":"II-3-2003","catch_line":"COPY TO BE DEEMED ORIGINAL.","url":"http:\/\/localhost:8888\/II-3-2003\/"},"16":{"id":"55","section_number":"II-5-1001","catch_line":"POLICE CHIEF, OFFICERS AND EMPLOYEES.","url":"http:\/\/localhost:8888\/II-5-1001\/"},"17":{"id":"56","section_number":"II-5-1002","catch_line":"FUNCTIONS AND DUTIES OF THE DEPARTMENT.","url":"http:\/\/localhost:8888\/II-5-1002\/"},"18":{"id":"57","section_number":"II-5-1003","catch_line":"POLICE RESIDENCY REQUIREMENTS.","url":"http:\/\/localhost:8888\/II-5-1003\/"},"19":{"id":"58","section_number":"II-5-1004","catch_line":"COOPERATIVE AGREEMENTS.","url":"http:\/\/localhost:8888\/II-5-1004\/"},"20":{"id":"60","section_number":"II-5-1005","catch_line":"PRIVATE DETECTIVES.","url":"http:\/\/localhost:8888\/II-5-1005\/"}},"edition_id":"1","section_id":"34","structure_id":"13","full_text":"(a) Five (5) owners or operators of hotels, motels, or other taxable establishments, three (3) of whom shall be elected by the City Council and two (2) of whom shall be elected by theCountyBoard of Commissioners from a list of at least ten (10) nominees furnished by the Raleigh Hotel and Motel Association. The list of nominees shall include the names of at least three (3) restaurant owners or operators.\r\r(b) Two (2) representatives of tourist or convention related businesses, one (1) appointed by the City Council and one (1) by theCountyBoard of Commissioners.\r\r(c) One (1) member nominated by the Greater Raleigh Chamber of Commerce and appointed by theCountyBoard of Commissioners.\r\r(d) Four (4) at-large members, two (2) appointed by the City and two (2) appointed by the County. \nMembers shall serve according to the ordinances and regulations of the City concerning service on City boards and commissions, except that members appointed by the County shall serve according to the ordinances and regulations of the County concerning service on County boards and commissions. \nAt least three (3) of the County&#8217;s appointees shall reside in Raleigh, and at least one (1) of the County&#8217;s appointees shall reside in Cary. \n(Ord. No. 1992-904, \u00a73, 1-7-92)\r\r","text":{"0":{"id":"75","text":"Five (5) owners or operators of hotels, motels, or other taxable establishments, three (3) of whom shall be elected by the City Council and two (2) of whom shall be elected by theCountyBoard of Commissioners from a list of at least ten (10) nominees furnished by the Raleigh Hotel and Motel Association. The list of nominees shall include the names of at least three (3) restaurant owners or operators.","type":"section","prefixes":["(a)"],"prefix":"(a)","entire_prefix":"(a)","prefix_anchor":"(a)","level":1},"1":{"id":"76","text":"Two (2) representatives of tourist or convention related businesses, one (1) appointed by the City Council and one (1) by theCountyBoard of Commissioners.","type":"section","prefixes":["(b)"],"prefix":"(b)","entire_prefix":"(b)","prefix_anchor":"(b)","level":1},"2":{"id":"77","text":"One (1) member nominated by the Greater Raleigh Chamber of Commerce and appointed by theCountyBoard of Commissioners.","type":"section","prefixes":["(c)"],"prefix":"(c)","entire_prefix":"(c)","prefix_anchor":"(c)","level":1},"3":{"id":"78","text":"Four (4) at-large members, two (2) appointed by the City and two (2) appointed by the County. \nMembers shall serve according to the ordinances and regulations of the City concerning service on City boards and commissions, except that members appointed by the County shall serve according to the ordinances and regulations of the County concerning service on County boards and commissions. \nAt least three (3) of the County&#8217;s appointees shall reside in Raleigh, and at least one (1) of the County&#8217;s appointees shall reside in Cary. \n(Ord. No. 1992-904, \u00a73, 1-7-92)","type":"section","prefixes":["(d)"],"prefix":"(d)","entire_prefix":"(d)","prefix_anchor":"(d)","level":1}},"ancestry":{"1":{"id":"13","name":"ARTICLE F. - TRANSIENT OCCUPANCY TAX; CONVENTION AND VISITORS BUREAU","identifier":"F","label":"article","url":"\/II\/2\/2\/F\/"},"2":{"id":"12","name":"CHAPTER 2. - REVENUE AND TAXATION","identifier":"2","label":"chapter","url":"\/II\/2\/2\/"},"3":{"id":"11","name":"PART 2 - FINANCE","identifier":"2","label":"part","url":"\/II\/2\/"},"4":{"id":"5","name":"Division II - Planning and Development","identifier":"II","label":"division","url":"\/II\/"}},"structure_contents":{"0":{"id":"980","structure_id":"13","section_number":"2-2080","catch_line":"IMPOSITION AND LEVY OF TAX.","url":"\/2-2080\/","token":"2-2080"},"1":{"id":"991","structure_id":"13","section_number":"2-2081","catch_line":"PAYMENT OF TAX.","url":"\/2-2081\/","token":"2-2081"},"2":{"id":"998","structure_id":"13","section_number":"2-2082","catch_line":"DEDUCTIONS AND REFUNDS.","url":"\/2-2082\/","token":"2-2082"},"3":{"id":"999","structure_id":"13","section_number":"2-2083","catch_line":"PENALTY FOR FAILURE TO FILE RETURN.","url":"\/2-2083\/","token":"2-2083"},"4":{"id":"27","structure_id":"13","section_number":"2-2084","catch_line":"ADDITIONAL PENALTY FOR FAILURE TO PAY.","url":"\/2-2084\/","token":"2-2084"},"5":{"id":"28","structure_id":"13","section_number":"2-2085","catch_line":"MISDEMEANOR FOR WILLFUL VIOLATION.","url":"\/2-2085\/","token":"2-2085"},"6":{"id":"29","structure_id":"13","section_number":"2-2086","catch_line":"RETENTION OF ADMINISTRATIVE AND COLLECTION EXPENSES.","url":"\/2-2086\/","token":"2-2086"},"7":{"id":"30","structure_id":"13","section_number":"2-2087","catch_line":"ALLOCATION OF NET PROCEEDS COLLECTED.","url":"\/2-2087\/","token":"2-2087"},"8":{"id":"31","structure_id":"13","section_number":"2-2088","catch_line":"RESERVED.","url":"\/2-2088\/","token":"2-2088"},"9":{"id":"32","structure_id":"13","section_number":"2-2088","catch_line":"RESERVED. ","url":"\/2-2088\/","token":"2-2088"},"10":{"id":"33","structure_id":"13","section_number":"2-2090","catch_line":"CREATED.","url":"\/2-2090\/","token":"2-2090"},"11":{"id":"34","structure_id":"13","section_number":"2-2091","catch_line":"MEMBERSHIP.","url":"\/2-2091\/","token":"2-2091"},"12":{"id":"35","structure_id":"13","section_number":"2-2092","catch_line":"FUNDING.","url":"\/2-2092\/","token":"2-2092"},"13":{"id":"36","structure_id":"13","section_number":"2-2093","catch_line":"POWERS AND DUTIES.","url":"\/2-2093\/","token":"2-2093"},"14":{"id":"38","structure_id":"13","section_number":"2-2094","catch_line":"STAFF.","url":"\/2-2094\/","token":"2-2094"}},"previous_section":{"id":"33","structure_id":"13","section_number":"2-2090","catch_line":"CREATED.","url":"\/2-2090\/","token":"2-2090"},"next_section":{"id":"35","structure_id":"13","section_number":"2-2092","catch_line":"FUNDING.","url":"\/2-2092\/","token":"2-2092"},"references":false,"formats":{"txt":"\/2-2091.txt","json":"\/2-2091.xml"},"dublin_core":{"Title":"MEMBERSHIP.","Type":"Text","Format":"text\/html","Identifier":"\u00a7 2-2091","Relation":"Code of State"},"plain_text":"                                  CODE OF STATE\n\nMEMBERSHIP. (\u00a7 2-2091)\n\n(a) Five (5) owners or operators of hotels, motels, or other taxable\nestablishments, three (3) of whom shall be elected by the City Council and two\n(2) of whom shall be elected by theCountyBoard of Commissioners from a list of\nat least ten (10) nominees furnished by the Raleigh Hotel and Motel Association.\nThe list of nominees shall include the names of at least three (3) restaurant\nowners or operators.\n\n(b) Two (2) representatives of tourist or convention related businesses, one (1)\nappointed by the City Council and one (1) by theCountyBoard of Commissioners.\n\n(c) One (1) member nominated by the Greater Raleigh Chamber of Commerce and\nappointed by theCountyBoard of Commissioners.\n\n(d) Four (4) at-large members, two (2) appointed by the City and two (2)\nappointed by the County. \nMembers shall serve according to the ordinances and regulations of the City\nconcerning service on City boards and commissions, except that members appointed\nby the County shall serve according to the ordinances and regulations of the\nCounty concerning service on County boards and commissions. \nAt least three (3) of the County&#8217;s appointees shall reside in Raleigh, and\nat least one (1) of the County&#8217;s appointees shall reside in Cary. \n(Ord. No. 1992-904, \u00a73, 1-7-92)\n"}