{"law_id":"35","section_number":"2-2092","catch_line":"FUNDING.","history":"","order_by":"2-2092","metadata":false,"url":"\/2-2092\/","token":"2-2092","structure":{"1":{"id":"13","name":"ARTICLE F. - TRANSIENT OCCUPANCY TAX; CONVENTION AND VISITORS BUREAU","identifier":"F","label":"article","url":"\/II\/2\/2\/F\/"},"2":{"id":"12","name":"CHAPTER 2. - REVENUE AND TAXATION","identifier":"2","label":"chapter","url":"\/II\/2\/2\/"},"3":{"id":"11","name":"PART 2 - FINANCE","identifier":"2","label":"part","url":"\/II\/2\/"},"4":{"id":"5","name":"Division II - Planning and Development","identifier":"II","label":"division","url":"\/II\/"}},"referred_to_by":false,"edition_id":"1","section_id":"35","structure_id":"13","full_text":"The Bureau shall be funded at least at the minimum level required by Chapter 594 of the Session Laws of 1991. The Bureau shall prepare an annual budget based on anticipated revenues and shall submit the budget to the City Manager and County Manager for processing and approval through the regular budget procedures of the City and the County. The Bureau shall make quarterly reports to the City Council and the CountyBoard of Commissioners detailing its revenues, expenditures, and activities. The City or the County may audit the Bureau&#8217;s financial records upon reasonable notice to the Bureau. At the end of each fiscal year, any funds of the Bureau not expended, or obligated or reserved as approved by the City Council and the CountyBoard of Commissioners, shall be remitted equally to the City and the County for use in accordance with \u00a710 of this act. \n(Ord. No. 1992-904, \u00a74, 1-7-92) \nEditor&#8217;s note: The reference to &#8220;\u00a710 of this act&#8221; is presumably to \u00a710 of Ch. 594 of the 1991 Session Laws since Ord. No. 1992-904 has no \u00a710.","text":{"0":{"id":"79","text":"The Bureau shall be funded at least at the minimum level required by Chapter 594 of the Session Laws of 1991. The Bureau shall prepare an annual budget based on anticipated revenues and shall submit the budget to the City Manager and County Manager for processing and approval through the regular budget procedures of the City and the County. The Bureau shall make quarterly reports to the City Council and the CountyBoard of Commissioners detailing its revenues, expenditures, and activities. The City or the County may audit the Bureau&#8217;s financial records upon reasonable notice to the Bureau. At the end of each fiscal year, any funds of the Bureau not expended, or obligated or reserved as approved by the City Council and the CountyBoard of Commissioners, shall be remitted equally to the City and the County for use in accordance with \u00a710 of this act. \n(Ord. No. 1992-904, \u00a74, 1-7-92) \nEditor&#8217;s note: The reference to &#8220;\u00a710 of this act&#8221; is presumably to \u00a710 of Ch. 594 of the 1991 Session Laws since Ord. No. 1992-904 has no \u00a710.","type":"section","prefixes":[""],"prefix":"","entire_prefix":"","prefix_anchor":"","level":1}},"ancestry":{"1":{"id":"13","name":"ARTICLE F. - TRANSIENT OCCUPANCY TAX; CONVENTION AND VISITORS BUREAU","identifier":"F","label":"article","url":"\/II\/2\/2\/F\/"},"2":{"id":"12","name":"CHAPTER 2. - REVENUE AND TAXATION","identifier":"2","label":"chapter","url":"\/II\/2\/2\/"},"3":{"id":"11","name":"PART 2 - FINANCE","identifier":"2","label":"part","url":"\/II\/2\/"},"4":{"id":"5","name":"Division II - Planning and Development","identifier":"II","label":"division","url":"\/II\/"}},"structure_contents":{"0":{"id":"980","structure_id":"13","section_number":"2-2080","catch_line":"IMPOSITION AND LEVY OF TAX.","url":"\/2-2080\/","token":"2-2080"},"1":{"id":"991","structure_id":"13","section_number":"2-2081","catch_line":"PAYMENT OF TAX.","url":"\/2-2081\/","token":"2-2081"},"2":{"id":"998","structure_id":"13","section_number":"2-2082","catch_line":"DEDUCTIONS AND REFUNDS.","url":"\/2-2082\/","token":"2-2082"},"3":{"id":"999","structure_id":"13","section_number":"2-2083","catch_line":"PENALTY FOR FAILURE TO FILE RETURN.","url":"\/2-2083\/","token":"2-2083"},"4":{"id":"27","structure_id":"13","section_number":"2-2084","catch_line":"ADDITIONAL PENALTY FOR FAILURE TO PAY.","url":"\/2-2084\/","token":"2-2084"},"5":{"id":"28","structure_id":"13","section_number":"2-2085","catch_line":"MISDEMEANOR FOR WILLFUL VIOLATION.","url":"\/2-2085\/","token":"2-2085"},"6":{"id":"29","structure_id":"13","section_number":"2-2086","catch_line":"RETENTION OF ADMINISTRATIVE AND COLLECTION EXPENSES.","url":"\/2-2086\/","token":"2-2086"},"7":{"id":"30","structure_id":"13","section_number":"2-2087","catch_line":"ALLOCATION OF NET PROCEEDS COLLECTED.","url":"\/2-2087\/","token":"2-2087"},"8":{"id":"31","structure_id":"13","section_number":"2-2088","catch_line":"RESERVED.","url":"\/2-2088\/","token":"2-2088"},"9":{"id":"32","structure_id":"13","section_number":"2-2088","catch_line":"RESERVED. ","url":"\/2-2088\/","token":"2-2088"},"10":{"id":"33","structure_id":"13","section_number":"2-2090","catch_line":"CREATED.","url":"\/2-2090\/","token":"2-2090"},"11":{"id":"34","structure_id":"13","section_number":"2-2091","catch_line":"MEMBERSHIP.","url":"\/2-2091\/","token":"2-2091"},"12":{"id":"35","structure_id":"13","section_number":"2-2092","catch_line":"FUNDING.","url":"\/2-2092\/","token":"2-2092"},"13":{"id":"36","structure_id":"13","section_number":"2-2093","catch_line":"POWERS AND DUTIES.","url":"\/2-2093\/","token":"2-2093"},"14":{"id":"38","structure_id":"13","section_number":"2-2094","catch_line":"STAFF.","url":"\/2-2094\/","token":"2-2094"}},"previous_section":{"id":"34","structure_id":"13","section_number":"2-2091","catch_line":"MEMBERSHIP.","url":"\/2-2091\/","token":"2-2091"},"next_section":{"id":"36","structure_id":"13","section_number":"2-2093","catch_line":"POWERS AND DUTIES.","url":"\/2-2093\/","token":"2-2093"},"references":false,"formats":{"txt":"\/2-2092.txt","json":"\/2-2092.xml"},"dublin_core":{"Title":"FUNDING.","Type":"Text","Format":"text\/html","Identifier":"\u00a7 2-2092","Relation":"Code of State"},"plain_text":"                                  CODE OF STATE\n\nFUNDING. (\u00a7 2-2092)\n\nThe Bureau shall be funded at least at the minimum level required by Chapter 594\nof the Session Laws of 1991. The Bureau shall prepare an annual budget based on\nanticipated revenues and shall submit the budget to the City Manager and County\nManager for processing and approval through the regular budget procedures of the\nCity and the County. The Bureau shall make quarterly reports to the City Council\nand the CountyBoard of Commissioners detailing its revenues, expenditures, and\nactivities. The City or the County may audit the Bureau&#8217;s financial\nrecords upon reasonable notice to the Bureau. At the end of each fiscal year,\nany funds of the Bureau not expended, or obligated or reserved as approved by\nthe City Council and the CountyBoard of Commissioners, shall be remitted equally\nto the City and the County for use in accordance with \u00a710 of this act. \n(Ord. No. 1992-904, \u00a74, 1-7-92) \nEditor&#8217;s note: The reference to &#8220;\u00a710 of this act&#8221; is\npresumably to \u00a710 of Ch. 594 of the 1991 Session Laws since Ord. No. 1992-904\nhas no \u00a710.\n"}