{"law_id":"969","section_number":"2-2075","catch_line":"RESERVED.","history":"","order_by":"2-2075","metadata":false,"url":"\/2-2075\/","token":"2-2075","structure":{"1":{"id":"307","name":"ARTICLE E. - MOTOR VEHICLES REGISTRATION [2]","identifier":"E","label":"article","url":"\/II\/2\/2\/E\/"},"2":{"id":"12","name":"CHAPTER 2. - REVENUE AND TAXATION","identifier":"2","label":"chapter","url":"\/II\/2\/2\/"},"3":{"id":"11","name":"PART 2 - FINANCE","identifier":"2","label":"part","url":"\/II\/2\/"},"4":{"id":"5","name":"Division II - Planning and Development","identifier":"II","label":"division","url":"\/II\/"}},"referred_to_by":false,"edition_id":"1","section_id":"969","structure_id":"307","full_text":"________________________________________\nFOOTNOTE(S):\n________________________________________\n&#8212; (2) &#8212; \nEditor&#8217;s note: Article E to Ch. 2 of Pt. 2, which formerly pertained to similar subject matter, consisted of \u00a7\u00a72-2071\u20142-2075, and derived from the 1959 Code, \u00a714-37(a)\u2014(c); Ord. No. 1982-28, \u00a71, adopted Dec. 7, 1982; Ord. No. 1982-993, \u00a71, adopted Oct. 5, 1982; and Ord. No. 1985-504, \u00a71, adopted Mar. 5, 1985, was repealed by \u00a71 of Ord. No. 1988-240, adopted Sept. 6, 1988, which ordinance further set out new \u00a7\u00a72-2071\u20142074 to read as herein set out. (Back)\nSection 5 of Ord. No. 1988-240 specified an effective date of Jan. 2, 1989. (Back)\nAnnotation: For automobile license tax provisions for the period January 1, 1989, through June 30, 1989, see uncodified ordinance 1988-241. (Back)\nAlso, see S.L. 1988, Ch. 998. (Back)","text":{"0":{"id":"4097","text":"________________________________________\nFOOTNOTE(S):\n________________________________________\n&#8212; (2) &#8212; \nEditor&#8217;s note: Article E to Ch. 2 of Pt. 2, which formerly pertained to similar subject matter, consisted of \u00a7\u00a72-2071\u20142-2075, and derived from the 1959 Code, \u00a714-37(a)\u2014(c); Ord. No. 1982-28, \u00a71, adopted Dec. 7, 1982; Ord. No. 1982-993, \u00a71, adopted Oct. 5, 1982; and Ord. No. 1985-504, \u00a71, adopted Mar. 5, 1985, was repealed by \u00a71 of Ord. No. 1988-240, adopted Sept. 6, 1988, which ordinance further set out new \u00a7\u00a72-2071\u20142074 to read as herein set out. (Back)\nSection 5 of Ord. No. 1988-240 specified an effective date of Jan. 2, 1989. (Back)\nAnnotation: For automobile license tax provisions for the period January 1, 1989, through June 30, 1989, see uncodified ordinance 1988-241. (Back)\nAlso, see S.L. 1988, Ch. 998. (Back)","type":"section","prefixes":[""],"prefix":"","entire_prefix":"","prefix_anchor":"","level":1}},"ancestry":{"1":{"id":"307","name":"ARTICLE E. - MOTOR VEHICLES REGISTRATION [2]","identifier":"E","label":"article","url":"\/II\/2\/2\/E\/"},"2":{"id":"12","name":"CHAPTER 2. - REVENUE AND TAXATION","identifier":"2","label":"chapter","url":"\/II\/2\/2\/"},"3":{"id":"11","name":"PART 2 - FINANCE","identifier":"2","label":"part","url":"\/II\/2\/"},"4":{"id":"5","name":"Division II - Planning and Development","identifier":"II","label":"division","url":"\/II\/"}},"structure_contents":{"0":{"id":"925","structure_id":"307","section_number":"2-2071","catch_line":"MOTOR VEHICLE LICENSE REQUIRED.","url":"\/2-2071\/","token":"2-2071"},"1":{"id":"936","structure_id":"307","section_number":"2-2072","catch_line":"EXEMPTIONS.","url":"\/2-2072\/","token":"2-2072"},"2":{"id":"947","structure_id":"307","section_number":"2-2073","catch_line":"PUBLIC UTILITIES.","url":"\/2-2073\/","token":"2-2073"},"3":{"id":"958","structure_id":"307","section_number":"2-2074","catch_line":"TAXICABS.","url":"\/2-2074\/","token":"2-2074"},"4":{"id":"969","structure_id":"307","section_number":"2-2075","catch_line":"RESERVED.","url":"\/2-2075\/","token":"2-2075"}},"previous_section":{"id":"958","structure_id":"307","section_number":"2-2074","catch_line":"TAXICABS.","url":"\/2-2074\/","token":"2-2074"},"references":{"0":{"id":"969","section_number":"2-2075","catch_line":"RESERVED.","url":"http:\/\/localhost:8888\/2-2075\/"}},"formats":{"txt":"\/2-2075.txt","json":"\/2-2075.xml"},"dublin_core":{"Title":"RESERVED.","Type":"Text","Format":"text\/html","Identifier":"\u00a7 2-2075","Relation":"Code of State"},"plain_text":"                                  CODE OF STATE\n\nRESERVED. (\u00a7 2-2075)\n\n________________________________________\nFOOTNOTE(S):\n________________________________________\n&#8212; (2) &#8212; \nEditor&#8217;s note: Article E to Ch. 2 of Pt. 2, which formerly pertained to\nsimilar subject matter, consisted of \u00a7\u00a72-2071\u20142-2075, and derived from the\n1959 Code, \u00a714-37(a)\u2014(c); Ord. No. 1982-28, \u00a71, adopted Dec. 7, 1982; Ord.\nNo. 1982-993, \u00a71, adopted Oct. 5, 1982; and Ord. No. 1985-504, \u00a71, adopted\nMar. 5, 1985, was repealed by \u00a71 of Ord. No. 1988-240, adopted Sept. 6, 1988,\nwhich ordinance further set out new \u00a7\u00a72-2071\u20142074 to read as herein set out.\n(Back)\nSection 5 of Ord. No. 1988-240 specified an effective date of Jan. 2, 1989.\n(Back)\nAnnotation: For automobile license tax provisions for the period January 1,\n1989, through June 30, 1989, see uncodified ordinance 1988-241. (Back)\nAlso, see S.L. 1988, Ch. 998. (Back)\n"}