{"law_id":"536","section_number":"2-2013","catch_line":"LICENSE TAX LEVIED.","history":"","order_by":"2-2013","metadata":false,"url":"\/2-2013\/","token":"2-2013","structure":{"1":{"id":"136","name":"ARTICLE B. - PRIVILEGE LICENSE TAXES [1]","identifier":"B","label":"article","url":"\/II\/2\/2\/B\/"},"2":{"id":"12","name":"CHAPTER 2. - REVENUE AND TAXATION","identifier":"2","label":"chapter","url":"\/II\/2\/2\/"},"3":{"id":"11","name":"PART 2 - FINANCE","identifier":"2","label":"part","url":"\/II\/2\/"},"4":{"id":"5","name":"Division II - Planning and Development","identifier":"II","label":"division","url":"\/II\/"}},"referred_to_by":false,"edition_id":"1","section_id":"536","structure_id":"136","full_text":"A license tax is hereby levied on the privilege of engaging in every business within the City which is listed in the schedule of taxes on file in the Department of Finance, Collections Division, hereby incorporated herein and made a part hereof by reference. Any person so engaged in business shall be responsible for making certain that the applicable license tax is paid.","text":{"0":{"id":"1489","text":"A license tax is hereby levied on the privilege of engaging in every business within the City which is listed in the schedule of taxes on file in the Department of Finance, Collections Division, hereby incorporated herein and made a part hereof by reference. Any person so engaged in business shall be responsible for making certain that the applicable license tax is paid.","type":"section","prefixes":[""],"prefix":"","entire_prefix":"","prefix_anchor":"","level":1}},"ancestry":{"1":{"id":"136","name":"ARTICLE B. - PRIVILEGE LICENSE TAXES [1]","identifier":"B","label":"article","url":"\/II\/2\/2\/B\/"},"2":{"id":"12","name":"CHAPTER 2. - REVENUE AND TAXATION","identifier":"2","label":"chapter","url":"\/II\/2\/2\/"},"3":{"id":"11","name":"PART 2 - FINANCE","identifier":"2","label":"part","url":"\/II\/2\/"},"4":{"id":"5","name":"Division II - Planning and Development","identifier":"II","label":"division","url":"\/II\/"}},"structure_contents":{"0":{"id":"514","structure_id":"136","section_number":"2-2011","catch_line":"DEFINITIONS.","url":"\/2-2011\/","token":"2-2011"},"1":{"id":"525","structure_id":"136","section_number":"2-2012","catch_line":"CONSTRUCTION OF ARTICLE.","url":"\/2-2012\/","token":"2-2012"},"2":{"id":"536","structure_id":"136","section_number":"2-2013","catch_line":"LICENSE TAX LEVIED.","url":"\/2-2013\/","token":"2-2013"},"3":{"id":"547","structure_id":"136","section_number":"2-2014","catch_line":"REVENUE COLLECTOR; DUTIES.","url":"\/2-2014\/","token":"2-2014"},"4":{"id":"558","structure_id":"136","section_number":"2-2015","catch_line":"LICENSE; DUE DATE.","url":"\/2-2015\/","token":"2-2015"},"5":{"id":"569","structure_id":"136","section_number":"2-2016","catch_line":"APPLICATION; FALSE STATEMENT THEREON.","url":"\/2-2016\/","token":"2-2016"},"6":{"id":"581","structure_id":"136","section_number":"2-2017","catch_line":"COMPUTATION OF TAX BASED ON GROSS RECEIPTS.","url":"\/2-2017\/","token":"2-2017"},"7":{"id":"592","structure_id":"136","section_number":"2-2018","catch_line":"PRORATION OF TAX; SEASONAL BUSINESSES.","url":"\/2-2018\/","token":"2-2018"},"8":{"id":"603","structure_id":"136","section_number":"2-2019","catch_line":"BUSINESSES WITHIN ANNEXED AREA.","url":"\/2-2019\/","token":"2-2019"},"9":{"id":"614","structure_id":"136","section_number":"2-2020","catch_line":"MULTIPLE BUSINESSES.","url":"\/2-2020\/","token":"2-2020"},"10":{"id":"625","structure_id":"136","section_number":"2-2021","catch_line":"SEPARATE PLACES OF BUSINESS.","url":"\/2-2021\/","token":"2-2021"},"11":{"id":"636","structure_id":"136","section_number":"2-2022","catch_line":"FORM AND CONTENTS OF LICENSE.","url":"\/2-2022\/","token":"2-2022"},"12":{"id":"647","structure_id":"136","section_number":"2-2023","catch_line":"DISPLAY OF LICENSE.","url":"\/2-2023\/","token":"2-2023"},"13":{"id":"658","structure_id":"136","section_number":"2-2024","catch_line":"ASSIGNMENTS.","url":"\/2-2024\/","token":"2-2024"},"14":{"id":"669","structure_id":"136","section_number":"2-2025","catch_line":"CHANGE IN PLACE OF BUSINESS.","url":"\/2-2025\/","token":"2-2025"},"15":{"id":"680","structure_id":"136","section_number":"2-2026","catch_line":"NO ABATEMENT OF TAX.","url":"\/2-2026\/","token":"2-2026"},"16":{"id":"692","structure_id":"136","section_number":"2-2027","catch_line":"EFFECT OF LICENSE.","url":"\/2-2027\/","token":"2-2027"},"17":{"id":"703","structure_id":"136","section_number":"2-2028","catch_line":"EXEMPTIONS.","url":"\/2-2028\/","token":"2-2028"},"18":{"id":"714","structure_id":"136","section_number":"2-2029","catch_line":"UNLAWFUL TO CONDUCT BUSINESS WITHOUT A LICENSE.","url":"\/2-2029\/","token":"2-2029"},"19":{"id":"725","structure_id":"136","section_number":"2-2030","catch_line":"COLLECTION OF UNPAID TAX.","url":"\/2-2030\/","token":"2-2030"},"20":{"id":"736","structure_id":"136","section_number":"2-2031","catch_line":"SCHEDULE OF LICENSE TAXES.","url":"\/2-2031\/","token":"2-2031"},"21":{"id":"747","structure_id":"136","section_number":"2-2032","catch_line":"RESERVED.","url":"\/2-2032\/","token":"2-2032"},"22":{"id":"758","structure_id":"136","section_number":"2-2033","catch_line":"REVOCATION OR SUSPENSION OF LICENSES.","url":"\/2-2033\/","token":"2-2033"},"23":{"id":"769","structure_id":"136","section_number":"2-2034","catch_line":"RESERVED.","url":"\/2-2034\/","token":"2-2034"}},"previous_section":{"id":"525","structure_id":"136","section_number":"2-2012","catch_line":"CONSTRUCTION OF ARTICLE.","url":"\/2-2012\/","token":"2-2012"},"next_section":{"id":"547","structure_id":"136","section_number":"2-2014","catch_line":"REVENUE COLLECTOR; DUTIES.","url":"\/2-2014\/","token":"2-2014"},"references":{"0":{"id":"558","section_number":"2-2015","catch_line":"LICENSE; DUE DATE.","url":"http:\/\/localhost:8888\/2-2015\/"},"1":{"id":"614","section_number":"2-2020","catch_line":"MULTIPLE BUSINESSES.","url":"http:\/\/localhost:8888\/2-2020\/"},"2":{"id":"625","section_number":"2-2021","catch_line":"SEPARATE PLACES OF BUSINESS.","url":"http:\/\/localhost:8888\/2-2021\/"},"3":{"id":"658","section_number":"2-2024","catch_line":"ASSIGNMENTS.","url":"http:\/\/localhost:8888\/2-2024\/"}},"formats":{"txt":"\/2-2013.txt","json":"\/2-2013.xml"},"dublin_core":{"Title":"LICENSE TAX LEVIED.","Type":"Text","Format":"text\/html","Identifier":"\u00a7 2-2013","Relation":"Code of State"},"plain_text":"                                  CODE OF STATE\n\nLICENSE TAX LEVIED. (\u00a7 2-2013)\n\nA license tax is hereby levied on the privilege of engaging in every business\nwithin the City which is listed in the schedule of taxes on file in the\nDepartment of Finance, Collections Division, hereby incorporated herein and made\na part hereof by reference. Any person so engaged in business shall be\nresponsible for making certain that the applicable license tax is paid.\n"}