{"law_id":"780","edition_id":"1","section_id":"780","structure_id":"188","section_number":"2-2041","catch_line":"LICENSE; REQUIRED.","history":"","full_text":"Every person desiring to sell at retail or wholesale within the City any of the beverages defined and enumerated in G.S. 18B-101, as amended, shall first obtain a license from the Revenue Collector. No such license shall be issued by the Revenue Collector until the applicant has obtained the appropriate permit fromthe StateBoard of Alcoholic Control as provided by G.S. Chapter 18B. \n(Code 1959 , \u00a76-1; Ord. No. 1987-21, \u00a71, 7-21-87) \nState law references: State ABC permits, G.S. 18B-900 et seq.; taxes, G.S. Ch. 105-113.68 et seq.","order_by":"2-2041","text":{"0":{"id":"2328","text":"Every person desiring to sell at retail or wholesale within the City any of the beverages defined and enumerated in G.S. 18B-101, as amended, shall first obtain a license from the Revenue Collector. No such license shall be issued by the Revenue Collector until the applicant has obtained the appropriate permit fromthe StateBoard of Alcoholic Control as provided by G.S. Chapter 18B. \n(Code 1959 , \u00a76-1; Ord. No. 1987-21, \u00a71, 7-21-87) \nState law references: State ABC permits, G.S. 18B-900 et seq.; taxes, G.S. Ch. 105-113.68 et seq.","type":"section","prefixes":[""],"prefix":"","entire_prefix":"","prefix_anchor":"","level":1}},"ancestry":{"1":{"id":"188","name":"ARTICLE C. - BEER AND WINE","identifier":"C","label":"article","url":"\/II\/2\/2\/C\/"},"2":{"id":"12","name":"CHAPTER 2. - REVENUE AND TAXATION","identifier":"2","label":"chapter","url":"\/II\/2\/2\/"},"3":{"id":"11","name":"PART 2 - FINANCE","identifier":"2","label":"part","url":"\/II\/2\/"},"4":{"id":"5","name":"Division II - Planning and Development","identifier":"II","label":"division","url":"\/II\/"}},"structure_contents":{"0":{"id":"780","structure_id":"188","section_number":"2-2041","catch_line":"LICENSE; REQUIRED.","url":"\/2-2041\/","token":"2-2041"},"1":{"id":"791","structure_id":"188","section_number":"2-2042","catch_line":"APPLICATION PROCEDURE; ISSUANCE.","url":"\/2-2042\/","token":"2-2042"},"2":{"id":"803","structure_id":"188","section_number":"2-2043","catch_line":"TYPES OF LICENSES.","url":"\/2-2043\/","token":"2-2043"},"3":{"id":"814","structure_id":"188","section_number":"2-2044","catch_line":"RETAIL TAX.","url":"\/2-2044\/","token":"2-2044"},"4":{"id":"825","structure_id":"188","section_number":"2-2045","catch_line":"WHOLESALE TAX.","url":"\/2-2045\/","token":"2-2045"},"5":{"id":"836","structure_id":"188","section_number":"2-2046","catch_line":"DURATION.","url":"\/2-2046\/","token":"2-2046"},"6":{"id":"847","structure_id":"188","section_number":"2-2047","catch_line":"RESERVED.","url":"\/2-2047\/","token":"2-2047"},"7":{"id":"858","structure_id":"188","section_number":"2-2049","catch_line":"RESERVED.","url":"\/2-2049\/","token":"2-2049"},"8":{"id":"869","structure_id":"188","section_number":"2-2049","catch_line":"RESERVED. ","url":"\/2-2049\/","token":"2-2049"}},"next_section":{"id":"791","structure_id":"188","section_number":"2-2042","catch_line":"APPLICATION PROCEDURE; ISSUANCE.","url":"\/2-2042\/","token":"2-2042"},"metadata":false,"references":false,"url":"\/2-2041\/","token":"2-2041","formats":{"txt":"\/2-2041.txt","json":"\/2-2041.xml"},"dublin_core":{"Title":"LICENSE; REQUIRED.","Type":"Text","Format":"text\/html","Identifier":"\u00a7 2-2041","Relation":"Code of State"},"plain_text":"                                  CODE OF STATE\n\nLICENSE; REQUIRED. (\u00a7 2-2041)\n\nEvery person desiring to sell at retail or wholesale within the City any of the\nbeverages defined and enumerated in G.S. 18B-101, as amended, shall first obtain\na license from the Revenue Collector. No such license shall be issued by the\nRevenue Collector until the applicant has obtained the appropriate permit\nfromthe StateBoard of Alcoholic Control as provided by G.S. Chapter 18B. \n(Code 1959 , \u00a76-1; Ord. No. 1987-21, \u00a71, 7-21-87) \nState law references: State ABC permits, G.S. 18B-900 et seq.; taxes, G.S. Ch.\n105-113.68 et seq.\n"}