{"law_id":"503","section_number":"2-2002","catch_line":"RESERVED. ","history":"","order_by":"2-2002","metadata":false,"url":"\/2-2002\/","token":"2-2002","structure":{"1":{"id":"132","name":"ARTICLE A. - GENERAL PROVISIONS","identifier":"A","label":"article","url":"\/II\/2\/2\/A\/"},"2":{"id":"12","name":"CHAPTER 2. - REVENUE AND TAXATION","identifier":"2","label":"chapter","url":"\/II\/2\/2\/"},"3":{"id":"11","name":"PART 2 - FINANCE","identifier":"2","label":"part","url":"\/II\/2\/"},"4":{"id":"5","name":"Division II - Planning and Development","identifier":"II","label":"division","url":"\/II\/"}},"referred_to_by":false,"edition_id":"1","section_id":"503","structure_id":"132","full_text":"","text":{"0":{"id":"1417","text":"","type":"section","prefixes":[""],"prefix":"","entire_prefix":"","prefix_anchor":"","level":1}},"ancestry":{"1":{"id":"132","name":"ARTICLE A. - GENERAL PROVISIONS","identifier":"A","label":"article","url":"\/II\/2\/2\/A\/"},"2":{"id":"12","name":"CHAPTER 2. - REVENUE AND TAXATION","identifier":"2","label":"chapter","url":"\/II\/2\/2\/"},"3":{"id":"11","name":"PART 2 - FINANCE","identifier":"2","label":"part","url":"\/II\/2\/"},"4":{"id":"5","name":"Division II - Planning and Development","identifier":"II","label":"division","url":"\/II\/"}},"structure_contents":{"0":{"id":"481","structure_id":"132","section_number":"2-2001","catch_line":"COLLECTION OF PROCESSING FEE FOR RETURNED CHECKS PRESENTED TO THE REVENUE COLLECTOR.","url":"\/2-2001\/","token":"2-2001"},"1":{"id":"492","structure_id":"132","section_number":"2-2002","catch_line":"RESERVED.","url":"\/2-2002\/","token":"2-2002"},"2":{"id":"503","structure_id":"132","section_number":"2-2002","catch_line":"RESERVED. ","url":"\/2-2002\/","token":"2-2002"}},"previous_section":{"id":"492","structure_id":"132","section_number":"2-2002","catch_line":"RESERVED.","url":"\/2-2002\/","token":"2-2002"},"references":false,"formats":{"txt":"\/2-2002.txt","json":"\/2-2002.xml"},"dublin_core":{"Title":"RESERVED. ","Type":"Text","Format":"text\/html","Identifier":"\u00a7 2-2002","Relation":"Code of State"},"plain_text":"                                  CODE OF STATE\n\nRESERVED.  (\u00a7 2-2002)\n\n\n"}