{"law_id":"28","section_number":"2-2085","catch_line":"MISDEMEANOR FOR WILLFUL VIOLATION.","history":"","order_by":"2-2085","metadata":false,"url":"\/2-2085\/","token":"2-2085","structure":{"1":{"id":"13","name":"ARTICLE F. - TRANSIENT OCCUPANCY TAX; CONVENTION AND VISITORS BUREAU","identifier":"F","label":"article","url":"\/II\/2\/2\/F\/"},"2":{"id":"12","name":"CHAPTER 2. - REVENUE AND TAXATION","identifier":"2","label":"chapter","url":"\/II\/2\/2\/"},"3":{"id":"11","name":"PART 2 - FINANCE","identifier":"2","label":"part","url":"\/II\/2\/"},"4":{"id":"5","name":"Division II - Planning and Development","identifier":"II","label":"division","url":"\/II\/"}},"referred_to_by":{"0":{"id":"28","section_number":"2-2085","catch_line":"MISDEMEANOR FOR WILLFUL VIOLATION.","url":"http:\/\/localhost:8888\/2-2085\/"}},"edition_id":"1","section_id":"28","structure_id":"13","full_text":"Any person, firm, corporation, or association which willfully attempts in any manner to evade the occupancy tax or to make a return, and who willfully fails to pay such tax or make and file such return, shall, in addition to the penalties prescribed in \u00a7\u00a7 2-2083 and 2-2084 of this division, be guilty of a misdemeanor, and shall be punished by a fine not to exceed one thousand dollars ($1,000.00) or by imprisonment not to exceed six (6) months or by both such fine and imprisonment. \n(Ord. No. 1986-825A, \u00a71, 7-15-86)","text":{"0":{"id":"69","text":"Any person, firm, corporation, or association which willfully attempts in any manner to evade the occupancy tax or to make a return, and who willfully fails to pay such tax or make and file such return, shall, in addition to the penalties prescribed in \u00a7\u00a7 2-2083 and 2-2084 of this division, be guilty of a misdemeanor, and shall be punished by a fine not to exceed one thousand dollars ($1,000.00) or by imprisonment not to exceed six (6) months or by both such fine and imprisonment. \n(Ord. No. 1986-825A, \u00a71, 7-15-86)","type":"section","prefixes":[""],"prefix":"","entire_prefix":"","prefix_anchor":"","level":1}},"ancestry":{"1":{"id":"13","name":"ARTICLE F. - TRANSIENT OCCUPANCY TAX; CONVENTION AND VISITORS BUREAU","identifier":"F","label":"article","url":"\/II\/2\/2\/F\/"},"2":{"id":"12","name":"CHAPTER 2. - REVENUE AND TAXATION","identifier":"2","label":"chapter","url":"\/II\/2\/2\/"},"3":{"id":"11","name":"PART 2 - FINANCE","identifier":"2","label":"part","url":"\/II\/2\/"},"4":{"id":"5","name":"Division II - Planning and Development","identifier":"II","label":"division","url":"\/II\/"}},"structure_contents":{"0":{"id":"980","structure_id":"13","section_number":"2-2080","catch_line":"IMPOSITION AND LEVY OF TAX.","url":"\/2-2080\/","token":"2-2080"},"1":{"id":"991","structure_id":"13","section_number":"2-2081","catch_line":"PAYMENT OF TAX.","url":"\/2-2081\/","token":"2-2081"},"2":{"id":"998","structure_id":"13","section_number":"2-2082","catch_line":"DEDUCTIONS AND REFUNDS.","url":"\/2-2082\/","token":"2-2082"},"3":{"id":"999","structure_id":"13","section_number":"2-2083","catch_line":"PENALTY FOR FAILURE TO FILE RETURN.","url":"\/2-2083\/","token":"2-2083"},"4":{"id":"27","structure_id":"13","section_number":"2-2084","catch_line":"ADDITIONAL PENALTY FOR FAILURE TO PAY.","url":"\/2-2084\/","token":"2-2084"},"5":{"id":"28","structure_id":"13","section_number":"2-2085","catch_line":"MISDEMEANOR FOR WILLFUL VIOLATION.","url":"\/2-2085\/","token":"2-2085"},"6":{"id":"29","structure_id":"13","section_number":"2-2086","catch_line":"RETENTION OF ADMINISTRATIVE AND COLLECTION EXPENSES.","url":"\/2-2086\/","token":"2-2086"},"7":{"id":"30","structure_id":"13","section_number":"2-2087","catch_line":"ALLOCATION OF NET PROCEEDS COLLECTED.","url":"\/2-2087\/","token":"2-2087"},"8":{"id":"31","structure_id":"13","section_number":"2-2088","catch_line":"RESERVED.","url":"\/2-2088\/","token":"2-2088"},"9":{"id":"32","structure_id":"13","section_number":"2-2088","catch_line":"RESERVED. ","url":"\/2-2088\/","token":"2-2088"},"10":{"id":"33","structure_id":"13","section_number":"2-2090","catch_line":"CREATED.","url":"\/2-2090\/","token":"2-2090"},"11":{"id":"34","structure_id":"13","section_number":"2-2091","catch_line":"MEMBERSHIP.","url":"\/2-2091\/","token":"2-2091"},"12":{"id":"35","structure_id":"13","section_number":"2-2092","catch_line":"FUNDING.","url":"\/2-2092\/","token":"2-2092"},"13":{"id":"36","structure_id":"13","section_number":"2-2093","catch_line":"POWERS AND DUTIES.","url":"\/2-2093\/","token":"2-2093"},"14":{"id":"38","structure_id":"13","section_number":"2-2094","catch_line":"STAFF.","url":"\/2-2094\/","token":"2-2094"}},"previous_section":{"id":"27","structure_id":"13","section_number":"2-2084","catch_line":"ADDITIONAL PENALTY FOR FAILURE TO PAY.","url":"\/2-2084\/","token":"2-2084"},"next_section":{"id":"29","structure_id":"13","section_number":"2-2086","catch_line":"RETENTION OF ADMINISTRATIVE AND COLLECTION EXPENSES.","url":"\/2-2086\/","token":"2-2086"},"references":false,"formats":{"txt":"\/2-2085.txt","json":"\/2-2085.xml"},"dublin_core":{"Title":"MISDEMEANOR FOR WILLFUL VIOLATION.","Type":"Text","Format":"text\/html","Identifier":"\u00a7 2-2085","Relation":"Code of State"},"plain_text":"                                  CODE OF STATE\n\nMISDEMEANOR FOR WILLFUL VIOLATION. (\u00a7 2-2085)\n\nAny person, firm, corporation, or association which willfully attempts in any\nmanner to evade the occupancy tax or to make a return, and who willfully fails\nto pay such tax or make and file such return, shall, in addition to the\npenalties prescribed in \u00a7\u00a7 2-2083 and 2-2084 of this division, be guilty of a\nmisdemeanor, and shall be punished by a fine not to exceed one thousand dollars\n($1,000.00) or by imprisonment not to exceed six (6) months or by both such fine\nand imprisonment. \n(Ord. No. 1986-825A, \u00a71, 7-15-86)\n"}