{"law_id":"880","edition_id":"1","section_id":"880","structure_id":"268","section_number":"2-2061","catch_line":"CREATION; CRIMINAL AND CIVIL PENALTIES FOR TRAFFIC VIOLATIONS.","history":"","full_text":"(a) There is hereby established, under the supervision and control of the Finance Director, a division to be known and designated as the violations division. The violations division shall be conveniently located in the municipal building and the persons in charge thereof shall be designated or appointed by the Finance Director with the approval of the City Manager.\r\r(b) The violations bureau shall be responsible for the imposition of criminal and civil penalties for violations of the parking and traffic ordinances of the City, as provided by and according to the procedures set out in \u00a7\u00a7 11-2024 and 11-2025\r\r","order_by":"2-2061","text":{"0":{"id":"2468","text":"There is hereby established, under the supervision and control of the Finance Director, a division to be known and designated as the violations division. The violations division shall be conveniently located in the municipal building and the persons in charge thereof shall be designated or appointed by the Finance Director with the approval of the City Manager.","type":"section","prefixes":["(a)"],"prefix":"(a)","entire_prefix":"(a)","prefix_anchor":"(a)","level":1},"1":{"id":"2469","text":"The violations bureau shall be responsible for the imposition of criminal and civil penalties for violations of the parking and traffic ordinances of the City, as provided by and according to the procedures set out in \u00a7\u00a7 11-2024 and 11-2025","type":"section","prefixes":["(b)"],"prefix":"(b)","entire_prefix":"(b)","prefix_anchor":"(b)","level":1}},"ancestry":{"1":{"id":"268","name":"ARTICLE D. - VIOLATIONS DIVISION","identifier":"D","label":"article","url":"\/II\/2\/2\/D\/"},"2":{"id":"12","name":"CHAPTER 2. - REVENUE AND TAXATION","identifier":"2","label":"chapter","url":"\/II\/2\/2\/"},"3":{"id":"11","name":"PART 2 - FINANCE","identifier":"2","label":"part","url":"\/II\/2\/"},"4":{"id":"5","name":"Division II - Planning and Development","identifier":"II","label":"division","url":"\/II\/"}},"structure_contents":{"0":{"id":"880","structure_id":"268","section_number":"2-2061","catch_line":"CREATION; CRIMINAL AND CIVIL PENALTIES FOR TRAFFIC VIOLATIONS.","url":"\/2-2061\/","token":"2-2061"},"1":{"id":"891","structure_id":"268","section_number":"2-2062","catch_line":"ANIMAL CONTROL; FINES AND SUMMONSES.","url":"\/2-2062\/","token":"2-2062"},"2":{"id":"902","structure_id":"268","section_number":"2-2063","catch_line":"RESERVED.","url":"\/2-2063\/","token":"2-2063"},"3":{"id":"914","structure_id":"268","section_number":"2-2063","catch_line":"RESERVED. ","url":"\/2-2063\/","token":"2-2063"}},"next_section":{"id":"891","structure_id":"268","section_number":"2-2062","catch_line":"ANIMAL CONTROL; FINES AND SUMMONSES.","url":"\/2-2062\/","token":"2-2062"},"metadata":false,"references":false,"url":"\/2-2061\/","token":"2-2061","formats":{"txt":"\/2-2061.txt","json":"\/2-2061.xml"},"dublin_core":{"Title":"CREATION; CRIMINAL AND CIVIL PENALTIES FOR TRAFFIC VIOLATIONS.","Type":"Text","Format":"text\/html","Identifier":"\u00a7 2-2061","Relation":"Code of State"},"plain_text":"                                  CODE OF STATE\n\nCREATION; CRIMINAL AND CIVIL PENALTIES FOR TRAFFIC VIOLATIONS. (\u00a7 2-2061)\n\n(a) There is hereby established, under the supervision and control of the\nFinance Director, a division to be known and designated as the violations\ndivision. The violations division shall be conveniently located in the municipal\nbuilding and the persons in charge thereof shall be designated or appointed by\nthe Finance Director with the approval of the City Manager.\n\n(b) The violations bureau shall be responsible for the imposition of criminal\nand civil penalties for violations of the parking and traffic ordinances of the\nCity, as provided by and according to the procedures set out in \u00a7\u00a7 11-2024 and\n11-2025\n"}