{"law_id":"891","section_number":"2-2062","catch_line":"ANIMAL CONTROL; FINES AND SUMMONSES.","history":"","order_by":"2-2062","metadata":false,"url":"\/2-2062\/","token":"2-2062","structure":{"1":{"id":"268","name":"ARTICLE D. - VIOLATIONS DIVISION","identifier":"D","label":"article","url":"\/II\/2\/2\/D\/"},"2":{"id":"12","name":"CHAPTER 2. - REVENUE AND TAXATION","identifier":"2","label":"chapter","url":"\/II\/2\/2\/"},"3":{"id":"11","name":"PART 2 - FINANCE","identifier":"2","label":"part","url":"\/II\/2\/"},"4":{"id":"5","name":"Division II - Planning and Development","identifier":"II","label":"division","url":"\/II\/"}},"referred_to_by":false,"edition_id":"1","section_id":"891","structure_id":"268","full_text":"The violations division shall be responsible for the administration and collection of fines and issuance of any applicable summonses under the City&#8217;s animal control ordinances. \nCross reference: Animals, Part 12, Ch. 3, Arts. A, B.","text":{"0":{"id":"2546","text":"The violations division shall be responsible for the administration and collection of fines and issuance of any applicable summonses under the City&#8217;s animal control ordinances. \nCross reference: Animals, Part 12, Ch. 3, Arts. A, B.","type":"section","prefixes":[""],"prefix":"","entire_prefix":"","prefix_anchor":"","level":1}},"ancestry":{"1":{"id":"268","name":"ARTICLE D. - VIOLATIONS DIVISION","identifier":"D","label":"article","url":"\/II\/2\/2\/D\/"},"2":{"id":"12","name":"CHAPTER 2. - REVENUE AND TAXATION","identifier":"2","label":"chapter","url":"\/II\/2\/2\/"},"3":{"id":"11","name":"PART 2 - FINANCE","identifier":"2","label":"part","url":"\/II\/2\/"},"4":{"id":"5","name":"Division II - Planning and Development","identifier":"II","label":"division","url":"\/II\/"}},"structure_contents":{"0":{"id":"880","structure_id":"268","section_number":"2-2061","catch_line":"CREATION; CRIMINAL AND CIVIL PENALTIES FOR TRAFFIC VIOLATIONS.","url":"\/2-2061\/","token":"2-2061"},"1":{"id":"891","structure_id":"268","section_number":"2-2062","catch_line":"ANIMAL CONTROL; FINES AND SUMMONSES.","url":"\/2-2062\/","token":"2-2062"},"2":{"id":"902","structure_id":"268","section_number":"2-2063","catch_line":"RESERVED.","url":"\/2-2063\/","token":"2-2063"},"3":{"id":"914","structure_id":"268","section_number":"2-2063","catch_line":"RESERVED. ","url":"\/2-2063\/","token":"2-2063"}},"previous_section":{"id":"880","structure_id":"268","section_number":"2-2061","catch_line":"CREATION; CRIMINAL AND CIVIL PENALTIES FOR TRAFFIC VIOLATIONS.","url":"\/2-2061\/","token":"2-2061"},"next_section":{"id":"902","structure_id":"268","section_number":"2-2063","catch_line":"RESERVED.","url":"\/2-2063\/","token":"2-2063"},"references":false,"formats":{"txt":"\/2-2062.txt","json":"\/2-2062.xml"},"dublin_core":{"Title":"ANIMAL CONTROL; FINES AND SUMMONSES.","Type":"Text","Format":"text\/html","Identifier":"\u00a7 2-2062","Relation":"Code of State"},"plain_text":"                                  CODE OF STATE\n\nANIMAL CONTROL; FINES AND SUMMONSES. (\u00a7 2-2062)\n\nThe violations division shall be responsible for the administration and\ncollection of fines and issuance of any applicable summonses under the\nCity&#8217;s animal control ordinances. \nCross reference: Animals, Part 12, Ch. 3, Arts. A, B.\n"}