{"law_id":"814","section_number":"2-2044","catch_line":"RETAIL TAX.","history":"","order_by":"2-2044","metadata":false,"url":"\/2-2044\/","token":"2-2044","structure":{"1":{"id":"188","name":"ARTICLE C. - BEER AND WINE","identifier":"C","label":"article","url":"\/II\/2\/2\/C\/"},"2":{"id":"12","name":"CHAPTER 2. - REVENUE AND TAXATION","identifier":"2","label":"chapter","url":"\/II\/2\/2\/"},"3":{"id":"11","name":"PART 2 - FINANCE","identifier":"2","label":"part","url":"\/II\/2\/"},"4":{"id":"5","name":"Division II - Planning and Development","identifier":"II","label":"division","url":"\/II\/"}},"referred_to_by":false,"edition_id":"1","section_id":"814","structure_id":"188","full_text":"(c) The tax levied in this section is the tax for the first license issued to a person. The tax for each additional license of the same type issued to that person for the same year is one hundred ten (110) per cent of the base license tax, such increase to apply progressively for each additional license. There shall be no proration of license taxes. \n(Code 1959 , \u00a76-4; Ord. No. 1987-21, \u00a75, 7-21-87) \nState law reference: Related provisions, G.S. 105-113.77.\r\r","text":{"0":{"id":"2379","text":"","type":"section","prefixes":["(a)"],"prefix":"(a)","entire_prefix":"(a)","prefix_anchor":"(a)","level":1},"1":{"id":"2380","text":"\tFor &#8220;on-premises&#8221; malt beverages\t$15.00\n \n","type":"section","prefixes":["(a)","(1)"],"prefix":"(1)","entire_prefix":"(a)(1)","prefix_anchor":"(a)(1)","level":2},"2":{"id":"2381","text":"\tFor &#8220;off-premises&#8221; malt beverages\t5.00\n \n","type":"section","prefixes":["(a)","(2)"],"prefix":"(2)","entire_prefix":"(a)(2)","prefix_anchor":"(a)(2)","level":2},"3":{"id":"2382","text":"","type":"section","prefixes":["(b)"],"prefix":"(b)","entire_prefix":"(b)","prefix_anchor":"(b)","level":1},"4":{"id":"2383","text":"\tFor &#8220;on-premises&#8221; unfortified wine, &#8220;on premise&#8221; fortified wine, or both\t$15.00\n \n","type":"section","prefixes":["(b)","(1)"],"prefix":"(1)","entire_prefix":"(b)(1)","prefix_anchor":"(b)(1)","level":2},"5":{"id":"2384","text":"\tFor &#8220;off-premises&#8221; unfortified wine, &#8220;off-premises&#8221; fortified wine, or both\t10.00\n \n","type":"section","prefixes":["(b)","(2)"],"prefix":"(2)","entire_prefix":"(b)(2)","prefix_anchor":"(b)(2)","level":2},"6":{"id":"2385","text":"The tax levied in this section is the tax for the first license issued to a person. The tax for each additional license of the same type issued to that person for the same year is one hundred ten (110) per cent of the base license tax, such increase to apply progressively for each additional license. There shall be no proration of license taxes. \n(Code 1959 , \u00a76-4; Ord. No. 1987-21, \u00a75, 7-21-87) \nState law reference: Related provisions, G.S. 105-113.77.","type":"section","prefixes":["(c)"],"prefix":"(c)","entire_prefix":"(c)","prefix_anchor":"(c)","level":1}},"ancestry":{"1":{"id":"188","name":"ARTICLE C. - BEER AND WINE","identifier":"C","label":"article","url":"\/II\/2\/2\/C\/"},"2":{"id":"12","name":"CHAPTER 2. - REVENUE AND TAXATION","identifier":"2","label":"chapter","url":"\/II\/2\/2\/"},"3":{"id":"11","name":"PART 2 - FINANCE","identifier":"2","label":"part","url":"\/II\/2\/"},"4":{"id":"5","name":"Division II - Planning and Development","identifier":"II","label":"division","url":"\/II\/"}},"structure_contents":{"0":{"id":"780","structure_id":"188","section_number":"2-2041","catch_line":"LICENSE; REQUIRED.","url":"\/2-2041\/","token":"2-2041"},"1":{"id":"791","structure_id":"188","section_number":"2-2042","catch_line":"APPLICATION PROCEDURE; ISSUANCE.","url":"\/2-2042\/","token":"2-2042"},"2":{"id":"803","structure_id":"188","section_number":"2-2043","catch_line":"TYPES OF LICENSES.","url":"\/2-2043\/","token":"2-2043"},"3":{"id":"814","structure_id":"188","section_number":"2-2044","catch_line":"RETAIL TAX.","url":"\/2-2044\/","token":"2-2044"},"4":{"id":"825","structure_id":"188","section_number":"2-2045","catch_line":"WHOLESALE TAX.","url":"\/2-2045\/","token":"2-2045"},"5":{"id":"836","structure_id":"188","section_number":"2-2046","catch_line":"DURATION.","url":"\/2-2046\/","token":"2-2046"},"6":{"id":"847","structure_id":"188","section_number":"2-2047","catch_line":"RESERVED.","url":"\/2-2047\/","token":"2-2047"},"7":{"id":"858","structure_id":"188","section_number":"2-2049","catch_line":"RESERVED.","url":"\/2-2049\/","token":"2-2049"},"8":{"id":"869","structure_id":"188","section_number":"2-2049","catch_line":"RESERVED. ","url":"\/2-2049\/","token":"2-2049"}},"previous_section":{"id":"803","structure_id":"188","section_number":"2-2043","catch_line":"TYPES OF LICENSES.","url":"\/2-2043\/","token":"2-2043"},"next_section":{"id":"825","structure_id":"188","section_number":"2-2045","catch_line":"WHOLESALE TAX.","url":"\/2-2045\/","token":"2-2045"},"references":false,"formats":{"txt":"\/2-2044.txt","json":"\/2-2044.xml"},"dublin_core":{"Title":"RETAIL TAX.","Type":"Text","Format":"text\/html","Identifier":"\u00a7 2-2044","Relation":"Code of State"},"plain_text":"                                  CODE OF STATE\n\nRETAIL TAX. (\u00a7 2-2044)\n\n(a) \n\n   (1) \tFor &#8220;on-premises&#8221; malt beverages\t$15.00\n    \n   \n\n   (2) \tFor &#8220;off-premises&#8221; malt beverages\t5.00\n    \n   \n\n(b) \n\n   (1) \tFor &#8220;on-premises&#8221; unfortified wine, &#8220;on premise&#8221;\n   fortified wine, or both\t$15.00\n    \n   \n\n   (2) \tFor &#8220;off-premises&#8221; unfortified wine,\n   &#8220;off-premises&#8221; fortified wine, or both\t10.00\n    \n   \n\n(c) The tax levied in this section is the tax for the first license issued to a\nperson. The tax for each additional license of the same type issued to that\nperson for the same year is one hundred ten (110) per cent of the base license\ntax, such increase to apply progressively for each additional license. There\nshall be no proration of license taxes. \n(Code 1959 , \u00a76-4; Ord. No. 1987-21, \u00a75, 7-21-87) \nState law reference: Related provisions, G.S. 105-113.77.\n"}