{"law_id":"947","section_number":"2-2073","catch_line":"PUBLIC UTILITIES.","history":"","order_by":"2-2073","metadata":false,"url":"\/2-2073\/","token":"2-2073","structure":{"1":{"id":"307","name":"ARTICLE E. - MOTOR VEHICLES REGISTRATION [2]","identifier":"E","label":"article","url":"\/II\/2\/2\/E\/"},"2":{"id":"12","name":"CHAPTER 2. - REVENUE AND TAXATION","identifier":"2","label":"chapter","url":"\/II\/2\/2\/"},"3":{"id":"11","name":"PART 2 - FINANCE","identifier":"2","label":"part","url":"\/II\/2\/"},"4":{"id":"5","name":"Division II - Planning and Development","identifier":"II","label":"division","url":"\/II\/"}},"referred_to_by":false,"edition_id":"1","section_id":"947","structure_id":"307","full_text":"Any business entity regulated by the State and exempt from listing ad valorem property tax property with theCounty Tax Office shall still be liable for the tax imposed by this article. Any such business shall notify the Revenue Collector of the City of its exempt status and shall make its license payments directly to the Revenue Collector. \n(Ord. No. 1988-240, \u00a72, 9-6-88)","text":{"0":{"id":"3535","text":"Any business entity regulated by the State and exempt from listing ad valorem property tax property with theCounty Tax Office shall still be liable for the tax imposed by this article. Any such business shall notify the Revenue Collector of the City of its exempt status and shall make its license payments directly to the Revenue Collector. \n(Ord. No. 1988-240, \u00a72, 9-6-88)","type":"section","prefixes":[""],"prefix":"","entire_prefix":"","prefix_anchor":"","level":1}},"ancestry":{"1":{"id":"307","name":"ARTICLE E. - MOTOR VEHICLES REGISTRATION [2]","identifier":"E","label":"article","url":"\/II\/2\/2\/E\/"},"2":{"id":"12","name":"CHAPTER 2. - REVENUE AND TAXATION","identifier":"2","label":"chapter","url":"\/II\/2\/2\/"},"3":{"id":"11","name":"PART 2 - FINANCE","identifier":"2","label":"part","url":"\/II\/2\/"},"4":{"id":"5","name":"Division II - Planning and Development","identifier":"II","label":"division","url":"\/II\/"}},"structure_contents":{"0":{"id":"925","structure_id":"307","section_number":"2-2071","catch_line":"MOTOR VEHICLE LICENSE REQUIRED.","url":"\/2-2071\/","token":"2-2071"},"1":{"id":"936","structure_id":"307","section_number":"2-2072","catch_line":"EXEMPTIONS.","url":"\/2-2072\/","token":"2-2072"},"2":{"id":"947","structure_id":"307","section_number":"2-2073","catch_line":"PUBLIC UTILITIES.","url":"\/2-2073\/","token":"2-2073"},"3":{"id":"958","structure_id":"307","section_number":"2-2074","catch_line":"TAXICABS.","url":"\/2-2074\/","token":"2-2074"},"4":{"id":"969","structure_id":"307","section_number":"2-2075","catch_line":"RESERVED.","url":"\/2-2075\/","token":"2-2075"}},"previous_section":{"id":"936","structure_id":"307","section_number":"2-2072","catch_line":"EXEMPTIONS.","url":"\/2-2072\/","token":"2-2072"},"next_section":{"id":"958","structure_id":"307","section_number":"2-2074","catch_line":"TAXICABS.","url":"\/2-2074\/","token":"2-2074"},"references":false,"formats":{"txt":"\/2-2073.txt","json":"\/2-2073.xml"},"dublin_core":{"Title":"PUBLIC UTILITIES.","Type":"Text","Format":"text\/html","Identifier":"\u00a7 2-2073","Relation":"Code of State"},"plain_text":"                                  CODE OF STATE\n\nPUBLIC UTILITIES. (\u00a7 2-2073)\n\nAny business entity regulated by the State and exempt from listing ad valorem\nproperty tax property with theCounty Tax Office shall still be liable for the\ntax imposed by this article. Any such business shall notify the Revenue\nCollector of the City of its exempt status and shall make its license payments\ndirectly to the Revenue Collector. \n(Ord. No. 1988-240, \u00a72, 9-6-88)\n"}