{"law_id":"825","section_number":"2-2045","catch_line":"WHOLESALE TAX.","history":"","order_by":"2-2045","metadata":false,"url":"\/2-2045\/","token":"2-2045","structure":{"1":{"id":"188","name":"ARTICLE C. - BEER AND WINE","identifier":"C","label":"article","url":"\/II\/2\/2\/C\/"},"2":{"id":"12","name":"CHAPTER 2. - REVENUE AND TAXATION","identifier":"2","label":"chapter","url":"\/II\/2\/2\/"},"3":{"id":"11","name":"PART 2 - FINANCE","identifier":"2","label":"part","url":"\/II\/2\/"},"4":{"id":"5","name":"Division II - Planning and Development","identifier":"II","label":"division","url":"\/II\/"}},"referred_to_by":false,"edition_id":"1","section_id":"825","structure_id":"188","full_text":"(1) Where such wholesaler sells at wholesale only malt beverages or wine as defined in G.S. 18B-101, as amended, the tax shall be, per annum \t$37.50\r\r(2) Where such wholesaler sells at wholesale both malt beverages and wines as defined in G.S. 18B-101, the tax shall be, per annum \t$62.50\r\r(3) If any wholesaler maintains more than one place of business or storage warehouse from which orders are received or beverages are distributed, a separate license tax shall be paid for each separate place of business or warehouse.\r\r(4) The owner or operator of every distributing warehouse selling, distributing or supplying to retail stores beverages enumerated in this section shall be deemed wholesale distributors within the meaning of this section and shall be liable for the tax imposed hereby. \n(Code 1959 , \u00a76-5; Ord. No. 1987-21, \u00a7\u00a76, 7, 7-21-87) \nState law reference: Related provisions, G.S. 105-113.79.\r\r","text":{"0":{"id":"2396","text":"Where such wholesaler sells at wholesale only malt beverages or wine as defined in G.S. 18B-101, as amended, the tax shall be, per annum \t$37.50","type":"section","prefixes":["(1)"],"prefix":"(1)","entire_prefix":"(1)","prefix_anchor":"(1)","level":1},"1":{"id":"2397","text":"Where such wholesaler sells at wholesale both malt beverages and wines as defined in G.S. 18B-101, the tax shall be, per annum \t$62.50","type":"section","prefixes":["(2)"],"prefix":"(2)","entire_prefix":"(2)","prefix_anchor":"(2)","level":1},"2":{"id":"2398","text":"If any wholesaler maintains more than one place of business or storage warehouse from which orders are received or beverages are distributed, a separate license tax shall be paid for each separate place of business or warehouse.","type":"section","prefixes":["(3)"],"prefix":"(3)","entire_prefix":"(3)","prefix_anchor":"(3)","level":1},"3":{"id":"2399","text":"The owner or operator of every distributing warehouse selling, distributing or supplying to retail stores beverages enumerated in this section shall be deemed wholesale distributors within the meaning of this section and shall be liable for the tax imposed hereby. \n(Code 1959 , \u00a76-5; Ord. No. 1987-21, \u00a7\u00a76, 7, 7-21-87) \nState law reference: Related provisions, G.S. 105-113.79.","type":"section","prefixes":["(4)"],"prefix":"(4)","entire_prefix":"(4)","prefix_anchor":"(4)","level":1}},"ancestry":{"1":{"id":"188","name":"ARTICLE C. - BEER AND WINE","identifier":"C","label":"article","url":"\/II\/2\/2\/C\/"},"2":{"id":"12","name":"CHAPTER 2. - REVENUE AND TAXATION","identifier":"2","label":"chapter","url":"\/II\/2\/2\/"},"3":{"id":"11","name":"PART 2 - FINANCE","identifier":"2","label":"part","url":"\/II\/2\/"},"4":{"id":"5","name":"Division II - Planning and Development","identifier":"II","label":"division","url":"\/II\/"}},"structure_contents":{"0":{"id":"780","structure_id":"188","section_number":"2-2041","catch_line":"LICENSE; REQUIRED.","url":"\/2-2041\/","token":"2-2041"},"1":{"id":"791","structure_id":"188","section_number":"2-2042","catch_line":"APPLICATION PROCEDURE; ISSUANCE.","url":"\/2-2042\/","token":"2-2042"},"2":{"id":"803","structure_id":"188","section_number":"2-2043","catch_line":"TYPES OF LICENSES.","url":"\/2-2043\/","token":"2-2043"},"3":{"id":"814","structure_id":"188","section_number":"2-2044","catch_line":"RETAIL TAX.","url":"\/2-2044\/","token":"2-2044"},"4":{"id":"825","structure_id":"188","section_number":"2-2045","catch_line":"WHOLESALE TAX.","url":"\/2-2045\/","token":"2-2045"},"5":{"id":"836","structure_id":"188","section_number":"2-2046","catch_line":"DURATION.","url":"\/2-2046\/","token":"2-2046"},"6":{"id":"847","structure_id":"188","section_number":"2-2047","catch_line":"RESERVED.","url":"\/2-2047\/","token":"2-2047"},"7":{"id":"858","structure_id":"188","section_number":"2-2049","catch_line":"RESERVED.","url":"\/2-2049\/","token":"2-2049"},"8":{"id":"869","structure_id":"188","section_number":"2-2049","catch_line":"RESERVED. ","url":"\/2-2049\/","token":"2-2049"}},"previous_section":{"id":"814","structure_id":"188","section_number":"2-2044","catch_line":"RETAIL TAX.","url":"\/2-2044\/","token":"2-2044"},"next_section":{"id":"836","structure_id":"188","section_number":"2-2046","catch_line":"DURATION.","url":"\/2-2046\/","token":"2-2046"},"references":false,"formats":{"txt":"\/2-2045.txt","json":"\/2-2045.xml"},"dublin_core":{"Title":"WHOLESALE TAX.","Type":"Text","Format":"text\/html","Identifier":"\u00a7 2-2045","Relation":"Code of State"},"plain_text":"                                  CODE OF STATE\n\nWHOLESALE TAX. (\u00a7 2-2045)\n\n(1) Where such wholesaler sells at wholesale only malt beverages or wine as\ndefined in G.S. 18B-101, as amended, the tax shall be, per annum \t$37.50\n\n(2) Where such wholesaler sells at wholesale both malt beverages and wines as\ndefined in G.S. 18B-101, the tax shall be, per annum \t$62.50\n\n(3) If any wholesaler maintains more than one place of business or storage\nwarehouse from which orders are received or beverages are distributed, a\nseparate license tax shall be paid for each separate place of business or\nwarehouse.\n\n(4) The owner or operator of every distributing warehouse selling, distributing\nor supplying to retail stores beverages enumerated in this section shall be\ndeemed wholesale distributors within the meaning of this section and shall be\nliable for the tax imposed hereby. \n(Code 1959 , \u00a76-5; Ord. No. 1987-21, \u00a7\u00a76, 7, 7-21-87) \nState law reference: Related provisions, G.S. 105-113.79.\n"}