{"law_id":"569","section_number":"2-2016","catch_line":"APPLICATION; FALSE STATEMENT THEREON.","history":"","order_by":"2-2016","metadata":false,"url":"\/2-2016\/","token":"2-2016","structure":{"1":{"id":"136","name":"ARTICLE B. - PRIVILEGE LICENSE TAXES [1]","identifier":"B","label":"article","url":"\/II\/2\/2\/B\/"},"2":{"id":"12","name":"CHAPTER 2. - REVENUE AND TAXATION","identifier":"2","label":"chapter","url":"\/II\/2\/2\/"},"3":{"id":"11","name":"PART 2 - FINANCE","identifier":"2","label":"part","url":"\/II\/2\/"},"4":{"id":"5","name":"Division II - Planning and Development","identifier":"II","label":"division","url":"\/II\/"}},"referred_to_by":false,"edition_id":"1","section_id":"569","structure_id":"136","full_text":"(a) Every person desiring to obtain a license for the privilege of engaging in a business within the City shall make application therefor in writing to the Revenue Collector. The application, to be made on a form provided by the Revenue Collector, shall contain the following information: (i) name and nature of the business for which the license is sought; (ii) the address where the business is conducted, and a mailing address for the business, if different; (iii) the name and address of the person filling out the application, and his relationship to the business; (iv) the gross receipts of the business for the most recently completed tax year, if applicable; and (v) any other information which the Revenue Collector determines to be necessary.\r\r(b) Any person who willfully makes a false statement on a license application shall be guilty of a misdemeanor and, upon conviction, shall be fined or imprisoned in the discretion of the court and any fine shall be in addition to the amount of the tax.\r\r","text":{"0":{"id":"1593","text":"Every person desiring to obtain a license for the privilege of engaging in a business within the City shall make application therefor in writing to the Revenue Collector. The application, to be made on a form provided by the Revenue Collector, shall contain the following information: (i) name and nature of the business for which the license is sought; (ii) the address where the business is conducted, and a mailing address for the business, if different; (iii) the name and address of the person filling out the application, and his relationship to the business; (iv) the gross receipts of the business for the most recently completed tax year, if applicable; and (v) any other information which the Revenue Collector determines to be necessary.","type":"section","prefixes":["(a)"],"prefix":"(a)","entire_prefix":"(a)","prefix_anchor":"(a)","level":1},"1":{"id":"1594","text":"Any person who willfully makes a false statement on a license application shall be guilty of a misdemeanor and, upon conviction, shall be fined or imprisoned in the discretion of the court and any fine shall be in addition to the amount of the tax.","type":"section","prefixes":["(b)"],"prefix":"(b)","entire_prefix":"(b)","prefix_anchor":"(b)","level":1},"2":{"id":"1595","text":"","type":"section","prefixes":["(c)"],"prefix":"(c)","entire_prefix":"(c)","prefix_anchor":"(c)","level":1},"3":{"id":"1596","text":"\tClass one\u2014Entertainment centers.\n","type":"section","prefixes":["(c)","(1)"],"prefix":"(1)","entire_prefix":"(c)(1)","prefix_anchor":"(c)(1)","level":2},"4":{"id":"1597","text":"\tClass two\u2014Entertainment centers.\n","type":"section","prefixes":["(c)","(2)"],"prefix":"(2)","entire_prefix":"(c)(2)","prefix_anchor":"(c)(2)","level":2},"5":{"id":"1598","text":"\tDance halls.\n","type":"section","prefixes":["(c)","(3)"],"prefix":"(3)","entire_prefix":"(c)(3)","prefix_anchor":"(c)(3)","level":2},"6":{"id":"1599","text":"\tPrivate clubs.\n","type":"section","prefixes":["(c)","(4)"],"prefix":"(4)","entire_prefix":"(c)(4)","prefix_anchor":"(c)(4)","level":2},"7":{"id":"1600","text":"\tPublic clubs.\n","type":"section","prefixes":["(c)","(5)"],"prefix":"(5)","entire_prefix":"(c)(5)","prefix_anchor":"(c)(5)","level":2},"8":{"id":"1601","text":"\tEstablishments with live entertainment, but without alcoholic beverages.\n(Ord. No. 1985-677, \u00a71, 11-19-85; Ord. No. 2001-935, \u00a74, 2-6-01) \n","type":"section","prefixes":["(c)","(6)"],"prefix":"(6)","entire_prefix":"(c)(6)","prefix_anchor":"(c)(6)","level":2}},"ancestry":{"1":{"id":"136","name":"ARTICLE B. - PRIVILEGE LICENSE TAXES [1]","identifier":"B","label":"article","url":"\/II\/2\/2\/B\/"},"2":{"id":"12","name":"CHAPTER 2. - REVENUE AND TAXATION","identifier":"2","label":"chapter","url":"\/II\/2\/2\/"},"3":{"id":"11","name":"PART 2 - FINANCE","identifier":"2","label":"part","url":"\/II\/2\/"},"4":{"id":"5","name":"Division II - Planning and Development","identifier":"II","label":"division","url":"\/II\/"}},"structure_contents":{"0":{"id":"514","structure_id":"136","section_number":"2-2011","catch_line":"DEFINITIONS.","url":"\/2-2011\/","token":"2-2011"},"1":{"id":"525","structure_id":"136","section_number":"2-2012","catch_line":"CONSTRUCTION OF ARTICLE.","url":"\/2-2012\/","token":"2-2012"},"2":{"id":"536","structure_id":"136","section_number":"2-2013","catch_line":"LICENSE TAX LEVIED.","url":"\/2-2013\/","token":"2-2013"},"3":{"id":"547","structure_id":"136","section_number":"2-2014","catch_line":"REVENUE COLLECTOR; DUTIES.","url":"\/2-2014\/","token":"2-2014"},"4":{"id":"558","structure_id":"136","section_number":"2-2015","catch_line":"LICENSE; DUE DATE.","url":"\/2-2015\/","token":"2-2015"},"5":{"id":"569","structure_id":"136","section_number":"2-2016","catch_line":"APPLICATION; FALSE STATEMENT THEREON.","url":"\/2-2016\/","token":"2-2016"},"6":{"id":"581","structure_id":"136","section_number":"2-2017","catch_line":"COMPUTATION OF TAX BASED ON GROSS RECEIPTS.","url":"\/2-2017\/","token":"2-2017"},"7":{"id":"592","structure_id":"136","section_number":"2-2018","catch_line":"PRORATION OF TAX; SEASONAL BUSINESSES.","url":"\/2-2018\/","token":"2-2018"},"8":{"id":"603","structure_id":"136","section_number":"2-2019","catch_line":"BUSINESSES WITHIN ANNEXED AREA.","url":"\/2-2019\/","token":"2-2019"},"9":{"id":"614","structure_id":"136","section_number":"2-2020","catch_line":"MULTIPLE BUSINESSES.","url":"\/2-2020\/","token":"2-2020"},"10":{"id":"625","structure_id":"136","section_number":"2-2021","catch_line":"SEPARATE PLACES OF BUSINESS.","url":"\/2-2021\/","token":"2-2021"},"11":{"id":"636","structure_id":"136","section_number":"2-2022","catch_line":"FORM AND CONTENTS OF LICENSE.","url":"\/2-2022\/","token":"2-2022"},"12":{"id":"647","structure_id":"136","section_number":"2-2023","catch_line":"DISPLAY OF LICENSE.","url":"\/2-2023\/","token":"2-2023"},"13":{"id":"658","structure_id":"136","section_number":"2-2024","catch_line":"ASSIGNMENTS.","url":"\/2-2024\/","token":"2-2024"},"14":{"id":"669","structure_id":"136","section_number":"2-2025","catch_line":"CHANGE IN PLACE OF BUSINESS.","url":"\/2-2025\/","token":"2-2025"},"15":{"id":"680","structure_id":"136","section_number":"2-2026","catch_line":"NO ABATEMENT OF TAX.","url":"\/2-2026\/","token":"2-2026"},"16":{"id":"692","structure_id":"136","section_number":"2-2027","catch_line":"EFFECT OF LICENSE.","url":"\/2-2027\/","token":"2-2027"},"17":{"id":"703","structure_id":"136","section_number":"2-2028","catch_line":"EXEMPTIONS.","url":"\/2-2028\/","token":"2-2028"},"18":{"id":"714","structure_id":"136","section_number":"2-2029","catch_line":"UNLAWFUL TO CONDUCT BUSINESS WITHOUT A LICENSE.","url":"\/2-2029\/","token":"2-2029"},"19":{"id":"725","structure_id":"136","section_number":"2-2030","catch_line":"COLLECTION OF UNPAID TAX.","url":"\/2-2030\/","token":"2-2030"},"20":{"id":"736","structure_id":"136","section_number":"2-2031","catch_line":"SCHEDULE OF LICENSE TAXES.","url":"\/2-2031\/","token":"2-2031"},"21":{"id":"747","structure_id":"136","section_number":"2-2032","catch_line":"RESERVED.","url":"\/2-2032\/","token":"2-2032"},"22":{"id":"758","structure_id":"136","section_number":"2-2033","catch_line":"REVOCATION OR SUSPENSION OF LICENSES.","url":"\/2-2033\/","token":"2-2033"},"23":{"id":"769","structure_id":"136","section_number":"2-2034","catch_line":"RESERVED.","url":"\/2-2034\/","token":"2-2034"}},"previous_section":{"id":"558","structure_id":"136","section_number":"2-2015","catch_line":"LICENSE; DUE DATE.","url":"\/2-2015\/","token":"2-2015"},"next_section":{"id":"581","structure_id":"136","section_number":"2-2017","catch_line":"COMPUTATION OF TAX BASED ON GROSS RECEIPTS.","url":"\/2-2017\/","token":"2-2017"},"references":false,"formats":{"txt":"\/2-2016.txt","json":"\/2-2016.xml"},"dublin_core":{"Title":"APPLICATION; FALSE STATEMENT THEREON.","Type":"Text","Format":"text\/html","Identifier":"\u00a7 2-2016","Relation":"Code of State"},"plain_text":"                                  CODE OF STATE\n\nAPPLICATION; FALSE STATEMENT THEREON. (\u00a7 2-2016)\n\n(a) Every person desiring to obtain a license for the privilege of engaging in a\nbusiness within the City shall make application therefor in writing to the\nRevenue Collector. The application, to be made on a form provided by the Revenue\nCollector, shall contain the following information: (i) name and nature of the\nbusiness for which the license is sought; (ii) the address where the business is\nconducted, and a mailing address for the business, if different; (iii) the name\nand address of the person filling out the application, and his relationship to\nthe business; (iv) the gross receipts of the business for the most recently\ncompleted tax year, if applicable; and (v) any other information which the\nRevenue Collector determines to be necessary.\n\n(b) Any person who willfully makes a false statement on a license application\nshall be guilty of a misdemeanor and, upon conviction, shall be fined or\nimprisoned in the discretion of the court and any fine shall be in addition to\nthe amount of the tax.\n\n(c) \n\n   (1) \tClass one\u2014Entertainment centers.\n   \n\n   (2) \tClass two\u2014Entertainment centers.\n   \n\n   (3) \tDance halls.\n   \n\n   (4) \tPrivate clubs.\n   \n\n   (5) \tPublic clubs.\n   \n\n   (6) \tEstablishments with live entertainment, but without alcoholic beverages.\n   (Ord. No. 1985-677, \u00a71, 11-19-85; Ord. No. 2001-935, \u00a74, 2-6-01)\n"}