{"law_id":"514","edition_id":"1","section_id":"514","structure_id":"136","section_number":"2-2011","catch_line":"DEFINITIONS.","history":"","full_text":"(a) Business. \nThe term business means any trade, occupation, profession, business, franchise, or calling of any kind, subject by the provisions of this article to a license tax.\r\r(b) Engaged (or engaging) in business within the City. \nA person is engaged in business within the City when he engages in business activity of any type, either as owner or operator of such business, (i) by maintaining a business location within the City; (ii) by soliciting business within the City; or (iii) by picking up or delivering merchandise or performing services within the City.\r\r(c) Person. \nThe term person includes any individual, trustee, executor, other fiduciary, corporation, association, partnership, company, firm, or other legal entity or agent thereof.\r\r(d) Seasonal in nature. \nA business is seasonal in nature when it is taxed by this article on an annual basis, but is operated within the City for less than six (6) months of the year.\r\r","order_by":"2-2011","text":{"0":{"id":"1433","text":"Business. \nThe term business means any trade, occupation, profession, business, franchise, or calling of any kind, subject by the provisions of this article to a license tax.","type":"section","prefixes":["(a)"],"prefix":"(a)","entire_prefix":"(a)","prefix_anchor":"(a)","level":1},"1":{"id":"1434","text":"Engaged (or engaging) in business within the City. \nA person is engaged in business within the City when he engages in business activity of any type, either as owner or operator of such business, (i) by maintaining a business location within the City; (ii) by soliciting business within the City; or (iii) by picking up or delivering merchandise or performing services within the City.","type":"section","prefixes":["(b)"],"prefix":"(b)","entire_prefix":"(b)","prefix_anchor":"(b)","level":1},"2":{"id":"1435","text":"Person. \nThe term person includes any individual, trustee, executor, other fiduciary, corporation, association, partnership, company, firm, or other legal entity or agent thereof.","type":"section","prefixes":["(c)"],"prefix":"(c)","entire_prefix":"(c)","prefix_anchor":"(c)","level":1},"3":{"id":"1436","text":"Seasonal in nature. \nA business is seasonal in nature when it is taxed by this article on an annual basis, but is operated within the City for less than six (6) months of the year.","type":"section","prefixes":["(d)"],"prefix":"(d)","entire_prefix":"(d)","prefix_anchor":"(d)","level":1}},"ancestry":{"1":{"id":"136","name":"ARTICLE B. - PRIVILEGE LICENSE TAXES [1]","identifier":"B","label":"article","url":"\/II\/2\/2\/B\/"},"2":{"id":"12","name":"CHAPTER 2. - REVENUE AND TAXATION","identifier":"2","label":"chapter","url":"\/II\/2\/2\/"},"3":{"id":"11","name":"PART 2 - FINANCE","identifier":"2","label":"part","url":"\/II\/2\/"},"4":{"id":"5","name":"Division II - Planning and Development","identifier":"II","label":"division","url":"\/II\/"}},"structure_contents":{"0":{"id":"514","structure_id":"136","section_number":"2-2011","catch_line":"DEFINITIONS.","url":"\/2-2011\/","token":"2-2011"},"1":{"id":"525","structure_id":"136","section_number":"2-2012","catch_line":"CONSTRUCTION OF ARTICLE.","url":"\/2-2012\/","token":"2-2012"},"2":{"id":"536","structure_id":"136","section_number":"2-2013","catch_line":"LICENSE TAX LEVIED.","url":"\/2-2013\/","token":"2-2013"},"3":{"id":"547","structure_id":"136","section_number":"2-2014","catch_line":"REVENUE COLLECTOR; DUTIES.","url":"\/2-2014\/","token":"2-2014"},"4":{"id":"558","structure_id":"136","section_number":"2-2015","catch_line":"LICENSE; DUE DATE.","url":"\/2-2015\/","token":"2-2015"},"5":{"id":"569","structure_id":"136","section_number":"2-2016","catch_line":"APPLICATION; FALSE STATEMENT THEREON.","url":"\/2-2016\/","token":"2-2016"},"6":{"id":"581","structure_id":"136","section_number":"2-2017","catch_line":"COMPUTATION OF TAX BASED ON GROSS RECEIPTS.","url":"\/2-2017\/","token":"2-2017"},"7":{"id":"592","structure_id":"136","section_number":"2-2018","catch_line":"PRORATION OF TAX; SEASONAL BUSINESSES.","url":"\/2-2018\/","token":"2-2018"},"8":{"id":"603","structure_id":"136","section_number":"2-2019","catch_line":"BUSINESSES WITHIN ANNEXED AREA.","url":"\/2-2019\/","token":"2-2019"},"9":{"id":"614","structure_id":"136","section_number":"2-2020","catch_line":"MULTIPLE BUSINESSES.","url":"\/2-2020\/","token":"2-2020"},"10":{"id":"625","structure_id":"136","section_number":"2-2021","catch_line":"SEPARATE PLACES OF BUSINESS.","url":"\/2-2021\/","token":"2-2021"},"11":{"id":"636","structure_id":"136","section_number":"2-2022","catch_line":"FORM AND CONTENTS OF LICENSE.","url":"\/2-2022\/","token":"2-2022"},"12":{"id":"647","structure_id":"136","section_number":"2-2023","catch_line":"DISPLAY OF LICENSE.","url":"\/2-2023\/","token":"2-2023"},"13":{"id":"658","structure_id":"136","section_number":"2-2024","catch_line":"ASSIGNMENTS.","url":"\/2-2024\/","token":"2-2024"},"14":{"id":"669","structure_id":"136","section_number":"2-2025","catch_line":"CHANGE IN PLACE OF BUSINESS.","url":"\/2-2025\/","token":"2-2025"},"15":{"id":"680","structure_id":"136","section_number":"2-2026","catch_line":"NO ABATEMENT OF TAX.","url":"\/2-2026\/","token":"2-2026"},"16":{"id":"692","structure_id":"136","section_number":"2-2027","catch_line":"EFFECT OF LICENSE.","url":"\/2-2027\/","token":"2-2027"},"17":{"id":"703","structure_id":"136","section_number":"2-2028","catch_line":"EXEMPTIONS.","url":"\/2-2028\/","token":"2-2028"},"18":{"id":"714","structure_id":"136","section_number":"2-2029","catch_line":"UNLAWFUL TO CONDUCT BUSINESS WITHOUT A LICENSE.","url":"\/2-2029\/","token":"2-2029"},"19":{"id":"725","structure_id":"136","section_number":"2-2030","catch_line":"COLLECTION OF UNPAID TAX.","url":"\/2-2030\/","token":"2-2030"},"20":{"id":"736","structure_id":"136","section_number":"2-2031","catch_line":"SCHEDULE OF LICENSE TAXES.","url":"\/2-2031\/","token":"2-2031"},"21":{"id":"747","structure_id":"136","section_number":"2-2032","catch_line":"RESERVED.","url":"\/2-2032\/","token":"2-2032"},"22":{"id":"758","structure_id":"136","section_number":"2-2033","catch_line":"REVOCATION OR SUSPENSION OF LICENSES.","url":"\/2-2033\/","token":"2-2033"},"23":{"id":"769","structure_id":"136","section_number":"2-2034","catch_line":"RESERVED.","url":"\/2-2034\/","token":"2-2034"}},"next_section":{"id":"525","structure_id":"136","section_number":"2-2012","catch_line":"CONSTRUCTION OF ARTICLE.","url":"\/2-2012\/","token":"2-2012"},"metadata":false,"references":false,"url":"\/2-2011\/","token":"2-2011","formats":{"txt":"\/2-2011.txt","json":"\/2-2011.xml"},"dublin_core":{"Title":"DEFINITIONS.","Type":"Text","Format":"text\/html","Identifier":"\u00a7 2-2011","Relation":"Code of State"},"plain_text":"                                  CODE OF STATE\n\nDEFINITIONS. (\u00a7 2-2011)\n\n(a) Business. \nThe term business means any trade, occupation, profession, business, franchise,\nor calling of any kind, subject by the provisions of this article to a license\ntax.\n\n(b) Engaged (or engaging) in business within the City. \nA person is engaged in business within the City when he engages in business\nactivity of any type, either as owner or operator of such business, (i) by\nmaintaining a business location within the City; (ii) by soliciting business\nwithin the City; or (iii) by picking up or delivering merchandise or performing\nservices within the City.\n\n(c) Person. \nThe term person includes any individual, trustee, executor, other fiduciary,\ncorporation, association, partnership, company, firm, or other legal entity or\nagent thereof.\n\n(d) Seasonal in nature. \nA business is seasonal in nature when it is taxed by this article on an annual\nbasis, but is operated within the City for less than six (6) months of the year.\n"}