{"law_id":"958","section_number":"2-2074","catch_line":"TAXICABS.","history":"","order_by":"2-2074","metadata":false,"url":"\/2-2074\/","token":"2-2074","structure":{"1":{"id":"307","name":"ARTICLE E. - MOTOR VEHICLES REGISTRATION [2]","identifier":"E","label":"article","url":"\/II\/2\/2\/E\/"},"2":{"id":"12","name":"CHAPTER 2. - REVENUE AND TAXATION","identifier":"2","label":"chapter","url":"\/II\/2\/2\/"},"3":{"id":"11","name":"PART 2 - FINANCE","identifier":"2","label":"part","url":"\/II\/2\/"},"4":{"id":"5","name":"Division II - Planning and Development","identifier":"II","label":"division","url":"\/II\/"}},"referred_to_by":false,"edition_id":"1","section_id":"958","structure_id":"307","full_text":"Every person engaged in the business of operating taxicabs and required to be licensed under part 12 of this Code shall pay an annual license fee for each vehicle so operated in the amount of fifteen dollars ($15.00) in addition to the sum required by \u00a72-2071. No license shall be issued under this section until an application for an owner&#8217;s permit has been made pursuant to part 12 of this Code and until such permit has been issued. \n(Ord. No. 1988-240, \u00a72, 9-6-88) \nCross reference: Regulations applicable to vehicles for hire, \u00a712-2021 et seq.","text":{"0":{"id":"3816","text":"Every person engaged in the business of operating taxicabs and required to be licensed under part 12 of this Code shall pay an annual license fee for each vehicle so operated in the amount of fifteen dollars ($15.00) in addition to the sum required by \u00a72-2071. No license shall be issued under this section until an application for an owner&#8217;s permit has been made pursuant to part 12 of this Code and until such permit has been issued. \n(Ord. No. 1988-240, \u00a72, 9-6-88) \nCross reference: Regulations applicable to vehicles for hire, \u00a712-2021 et seq.","type":"section","prefixes":[""],"prefix":"","entire_prefix":"","prefix_anchor":"","level":1}},"ancestry":{"1":{"id":"307","name":"ARTICLE E. - MOTOR VEHICLES REGISTRATION [2]","identifier":"E","label":"article","url":"\/II\/2\/2\/E\/"},"2":{"id":"12","name":"CHAPTER 2. - REVENUE AND TAXATION","identifier":"2","label":"chapter","url":"\/II\/2\/2\/"},"3":{"id":"11","name":"PART 2 - FINANCE","identifier":"2","label":"part","url":"\/II\/2\/"},"4":{"id":"5","name":"Division II - Planning and Development","identifier":"II","label":"division","url":"\/II\/"}},"structure_contents":{"0":{"id":"925","structure_id":"307","section_number":"2-2071","catch_line":"MOTOR VEHICLE LICENSE REQUIRED.","url":"\/2-2071\/","token":"2-2071"},"1":{"id":"936","structure_id":"307","section_number":"2-2072","catch_line":"EXEMPTIONS.","url":"\/2-2072\/","token":"2-2072"},"2":{"id":"947","structure_id":"307","section_number":"2-2073","catch_line":"PUBLIC UTILITIES.","url":"\/2-2073\/","token":"2-2073"},"3":{"id":"958","structure_id":"307","section_number":"2-2074","catch_line":"TAXICABS.","url":"\/2-2074\/","token":"2-2074"},"4":{"id":"969","structure_id":"307","section_number":"2-2075","catch_line":"RESERVED.","url":"\/2-2075\/","token":"2-2075"}},"previous_section":{"id":"947","structure_id":"307","section_number":"2-2073","catch_line":"PUBLIC UTILITIES.","url":"\/2-2073\/","token":"2-2073"},"next_section":{"id":"969","structure_id":"307","section_number":"2-2075","catch_line":"RESERVED.","url":"\/2-2075\/","token":"2-2075"},"references":false,"formats":{"txt":"\/2-2074.txt","json":"\/2-2074.xml"},"dublin_core":{"Title":"TAXICABS.","Type":"Text","Format":"text\/html","Identifier":"\u00a7 2-2074","Relation":"Code of State"},"plain_text":"                                  CODE OF STATE\n\nTAXICABS. (\u00a7 2-2074)\n\nEvery person engaged in the business of operating taxicabs and required to be\nlicensed under part 12 of this Code shall pay an annual license fee for each\nvehicle so operated in the amount of fifteen dollars ($15.00) in addition to the\nsum required by \u00a72-2071. No license shall be issued under this section until an\napplication for an owner&#8217;s permit has been made pursuant to part 12 of\nthis Code and until such permit has been issued. \n(Ord. No. 1988-240, \u00a72, 9-6-88) \nCross reference: Regulations applicable to vehicles for hire, \u00a712-2021 et seq.\n"}