{"law_id":"581","section_number":"2-2017","catch_line":"COMPUTATION OF TAX BASED ON GROSS RECEIPTS.","history":"","order_by":"2-2017","metadata":false,"url":"\/2-2017\/","token":"2-2017","structure":{"1":{"id":"136","name":"ARTICLE B. - PRIVILEGE LICENSE TAXES [1]","identifier":"B","label":"article","url":"\/II\/2\/2\/B\/"},"2":{"id":"12","name":"CHAPTER 2. - REVENUE AND TAXATION","identifier":"2","label":"chapter","url":"\/II\/2\/2\/"},"3":{"id":"11","name":"PART 2 - FINANCE","identifier":"2","label":"part","url":"\/II\/2\/"},"4":{"id":"5","name":"Division II - Planning and Development","identifier":"II","label":"division","url":"\/II\/"}},"referred_to_by":false,"edition_id":"1","section_id":"581","structure_id":"136","full_text":"(a) Whenever this article levies a privilege license tax computed on the basis of gross receipts, &#8220;gross receipts&#8221; means the amount reported as gross receipts on a business&#8217;s state income tax return, or on the Federal income tax return filed with the State income tax return if the State return does not separately state gross receipts, for the most recently completed tax year.\r\r(b) If a business has not been in operation long enough for the information required in subsection (a) of this section to be available, the Revenue Collector shall estimate gross receipts for the business, based on gross receipts of comparable businesses or any other information that the Revenue Collector considers useful.\r\r(c) On or before the June 30 immediately after each license year, each licensee for whom the tax paid in the license year just concluded was based on estimated gross receipts shall submit to the Revenue Collector a sworn final report showing the amount of gross receipts for the license year. If the amount shown is more than estimated gross receipts, the licensee shall pay the amount of additional tax that would have been due had the estimate been accurate. If the amount shown is less than estimated gross receipts, the City shall refund to the licensee the difference between the actual tax paid and the amount of tax that would have been due had the estimate been accurate.\r\r","text":{"0":{"id":"1618","text":"Whenever this article levies a privilege license tax computed on the basis of gross receipts, &#8220;gross receipts&#8221; means the amount reported as gross receipts on a business&#8217;s state income tax return, or on the Federal income tax return filed with the State income tax return if the State return does not separately state gross receipts, for the most recently completed tax year.","type":"section","prefixes":["(a)"],"prefix":"(a)","entire_prefix":"(a)","prefix_anchor":"(a)","level":1},"1":{"id":"1619","text":"If a business has not been in operation long enough for the information required in subsection (a) of this section to be available, the Revenue Collector shall estimate gross receipts for the business, based on gross receipts of comparable businesses or any other information that the Revenue Collector considers useful.","type":"section","prefixes":["(b)"],"prefix":"(b)","entire_prefix":"(b)","prefix_anchor":"(b)","level":1},"2":{"id":"1620","text":"On or before the June 30 immediately after each license year, each licensee for whom the tax paid in the license year just concluded was based on estimated gross receipts shall submit to the Revenue Collector a sworn final report showing the amount of gross receipts for the license year. If the amount shown is more than estimated gross receipts, the licensee shall pay the amount of additional tax that would have been due had the estimate been accurate. If the amount shown is less than estimated gross receipts, the City shall refund to the licensee the difference between the actual tax paid and the amount of tax that would have been due had the estimate been accurate.","type":"section","prefixes":["(c)"],"prefix":"(c)","entire_prefix":"(c)","prefix_anchor":"(c)","level":1}},"ancestry":{"1":{"id":"136","name":"ARTICLE B. - PRIVILEGE LICENSE TAXES [1]","identifier":"B","label":"article","url":"\/II\/2\/2\/B\/"},"2":{"id":"12","name":"CHAPTER 2. - REVENUE AND TAXATION","identifier":"2","label":"chapter","url":"\/II\/2\/2\/"},"3":{"id":"11","name":"PART 2 - FINANCE","identifier":"2","label":"part","url":"\/II\/2\/"},"4":{"id":"5","name":"Division II - Planning and Development","identifier":"II","label":"division","url":"\/II\/"}},"structure_contents":{"0":{"id":"514","structure_id":"136","section_number":"2-2011","catch_line":"DEFINITIONS.","url":"\/2-2011\/","token":"2-2011"},"1":{"id":"525","structure_id":"136","section_number":"2-2012","catch_line":"CONSTRUCTION OF ARTICLE.","url":"\/2-2012\/","token":"2-2012"},"2":{"id":"536","structure_id":"136","section_number":"2-2013","catch_line":"LICENSE TAX LEVIED.","url":"\/2-2013\/","token":"2-2013"},"3":{"id":"547","structure_id":"136","section_number":"2-2014","catch_line":"REVENUE COLLECTOR; DUTIES.","url":"\/2-2014\/","token":"2-2014"},"4":{"id":"558","structure_id":"136","section_number":"2-2015","catch_line":"LICENSE; DUE DATE.","url":"\/2-2015\/","token":"2-2015"},"5":{"id":"569","structure_id":"136","section_number":"2-2016","catch_line":"APPLICATION; FALSE STATEMENT THEREON.","url":"\/2-2016\/","token":"2-2016"},"6":{"id":"581","structure_id":"136","section_number":"2-2017","catch_line":"COMPUTATION OF TAX BASED ON GROSS RECEIPTS.","url":"\/2-2017\/","token":"2-2017"},"7":{"id":"592","structure_id":"136","section_number":"2-2018","catch_line":"PRORATION OF TAX; SEASONAL BUSINESSES.","url":"\/2-2018\/","token":"2-2018"},"8":{"id":"603","structure_id":"136","section_number":"2-2019","catch_line":"BUSINESSES WITHIN ANNEXED AREA.","url":"\/2-2019\/","token":"2-2019"},"9":{"id":"614","structure_id":"136","section_number":"2-2020","catch_line":"MULTIPLE BUSINESSES.","url":"\/2-2020\/","token":"2-2020"},"10":{"id":"625","structure_id":"136","section_number":"2-2021","catch_line":"SEPARATE PLACES OF BUSINESS.","url":"\/2-2021\/","token":"2-2021"},"11":{"id":"636","structure_id":"136","section_number":"2-2022","catch_line":"FORM AND CONTENTS OF LICENSE.","url":"\/2-2022\/","token":"2-2022"},"12":{"id":"647","structure_id":"136","section_number":"2-2023","catch_line":"DISPLAY OF LICENSE.","url":"\/2-2023\/","token":"2-2023"},"13":{"id":"658","structure_id":"136","section_number":"2-2024","catch_line":"ASSIGNMENTS.","url":"\/2-2024\/","token":"2-2024"},"14":{"id":"669","structure_id":"136","section_number":"2-2025","catch_line":"CHANGE IN PLACE OF BUSINESS.","url":"\/2-2025\/","token":"2-2025"},"15":{"id":"680","structure_id":"136","section_number":"2-2026","catch_line":"NO ABATEMENT OF TAX.","url":"\/2-2026\/","token":"2-2026"},"16":{"id":"692","structure_id":"136","section_number":"2-2027","catch_line":"EFFECT OF LICENSE.","url":"\/2-2027\/","token":"2-2027"},"17":{"id":"703","structure_id":"136","section_number":"2-2028","catch_line":"EXEMPTIONS.","url":"\/2-2028\/","token":"2-2028"},"18":{"id":"714","structure_id":"136","section_number":"2-2029","catch_line":"UNLAWFUL TO CONDUCT BUSINESS WITHOUT A LICENSE.","url":"\/2-2029\/","token":"2-2029"},"19":{"id":"725","structure_id":"136","section_number":"2-2030","catch_line":"COLLECTION OF UNPAID TAX.","url":"\/2-2030\/","token":"2-2030"},"20":{"id":"736","structure_id":"136","section_number":"2-2031","catch_line":"SCHEDULE OF LICENSE TAXES.","url":"\/2-2031\/","token":"2-2031"},"21":{"id":"747","structure_id":"136","section_number":"2-2032","catch_line":"RESERVED.","url":"\/2-2032\/","token":"2-2032"},"22":{"id":"758","structure_id":"136","section_number":"2-2033","catch_line":"REVOCATION OR SUSPENSION OF LICENSES.","url":"\/2-2033\/","token":"2-2033"},"23":{"id":"769","structure_id":"136","section_number":"2-2034","catch_line":"RESERVED.","url":"\/2-2034\/","token":"2-2034"}},"previous_section":{"id":"569","structure_id":"136","section_number":"2-2016","catch_line":"APPLICATION; FALSE STATEMENT THEREON.","url":"\/2-2016\/","token":"2-2016"},"next_section":{"id":"592","structure_id":"136","section_number":"2-2018","catch_line":"PRORATION OF TAX; SEASONAL BUSINESSES.","url":"\/2-2018\/","token":"2-2018"},"references":false,"formats":{"txt":"\/2-2017.txt","json":"\/2-2017.xml"},"dublin_core":{"Title":"COMPUTATION OF TAX BASED ON GROSS RECEIPTS.","Type":"Text","Format":"text\/html","Identifier":"\u00a7 2-2017","Relation":"Code of State"},"plain_text":"                                  CODE OF STATE\n\nCOMPUTATION OF TAX BASED ON GROSS RECEIPTS. (\u00a7 2-2017)\n\n(a) Whenever this article levies a privilege license tax computed on the basis\nof gross receipts, &#8220;gross receipts&#8221; means the amount reported as\ngross receipts on a business&#8217;s state income tax return, or on the Federal\nincome tax return filed with the State income tax return if the State return\ndoes not separately state gross receipts, for the most recently completed tax\nyear.\n\n(b) If a business has not been in operation long enough for the information\nrequired in subsection (a) of this section to be available, the Revenue\nCollector shall estimate gross receipts for the business, based on gross\nreceipts of comparable businesses or any other information that the Revenue\nCollector considers useful.\n\n(c) On or before the June 30 immediately after each license year, each licensee\nfor whom the tax paid in the license year just concluded was based on estimated\ngross receipts shall submit to the Revenue Collector a sworn final report\nshowing the amount of gross receipts for the license year. If the amount shown\nis more than estimated gross receipts, the licensee shall pay the amount of\nadditional tax that would have been due had the estimate been accurate. If the\namount shown is less than estimated gross receipts, the City shall refund to the\nlicensee the difference between the actual tax paid and the amount of tax that\nwould have been due had the estimate been accurate.\n"}