{"law_id":"925","edition_id":"1","section_id":"925","structure_id":"307","section_number":"2-2071","catch_line":"MOTOR VEHICLE LICENSE REQUIRED.","history":"","full_text":"Every self-propelled motor vehicle sited for ad valorem tax purposes in the City of Raleigh shall pay an annual fee of thirty dollars ($30.00) to the City of Raleigh for the privilege of operating said vehicle on the public ways. The annual payment shall be collected by the Wake County Tax Collector and the tax shall authorize the use of the vehicle for one (1) year from the date of the payment due date of the tax. \n(Ord. No. 1988-240, \u00a72, 9-6-88; Ord. No. 1991-806, \u00a71, 6-28-91; Ord. No. 1993-291, \u00a71, 12-7-93; Ord. No. 2006-81, \u00a71, 9-5-06; Ord. No. 2007-281, \u00a71, 8-7-07; Ord. No. 2010-752, \u00a71, 6-28-10; Ord. No. 2010-774, \u00a71, 9-7-10)","order_by":"2-2071","text":{"0":{"id":"2973","text":"Every self-propelled motor vehicle sited for ad valorem tax purposes in the City of Raleigh shall pay an annual fee of thirty dollars ($30.00) to the City of Raleigh for the privilege of operating said vehicle on the public ways. The annual payment shall be collected by the Wake County Tax Collector and the tax shall authorize the use of the vehicle for one (1) year from the date of the payment due date of the tax. \n(Ord. No. 1988-240, \u00a72, 9-6-88; Ord. No. 1991-806, \u00a71, 6-28-91; Ord. No. 1993-291, \u00a71, 12-7-93; Ord. No. 2006-81, \u00a71, 9-5-06; Ord. No. 2007-281, \u00a71, 8-7-07; Ord. No. 2010-752, \u00a71, 6-28-10; Ord. No. 2010-774, \u00a71, 9-7-10)","type":"section","prefixes":[""],"prefix":"","entire_prefix":"","prefix_anchor":"","level":1}},"ancestry":{"1":{"id":"307","name":"ARTICLE E. - MOTOR VEHICLES REGISTRATION [2]","identifier":"E","label":"article","url":"\/II\/2\/2\/E\/"},"2":{"id":"12","name":"CHAPTER 2. - REVENUE AND TAXATION","identifier":"2","label":"chapter","url":"\/II\/2\/2\/"},"3":{"id":"11","name":"PART 2 - FINANCE","identifier":"2","label":"part","url":"\/II\/2\/"},"4":{"id":"5","name":"Division II - Planning and Development","identifier":"II","label":"division","url":"\/II\/"}},"structure_contents":{"0":{"id":"925","structure_id":"307","section_number":"2-2071","catch_line":"MOTOR VEHICLE LICENSE REQUIRED.","url":"\/2-2071\/","token":"2-2071"},"1":{"id":"936","structure_id":"307","section_number":"2-2072","catch_line":"EXEMPTIONS.","url":"\/2-2072\/","token":"2-2072"},"2":{"id":"947","structure_id":"307","section_number":"2-2073","catch_line":"PUBLIC UTILITIES.","url":"\/2-2073\/","token":"2-2073"},"3":{"id":"958","structure_id":"307","section_number":"2-2074","catch_line":"TAXICABS.","url":"\/2-2074\/","token":"2-2074"},"4":{"id":"969","structure_id":"307","section_number":"2-2075","catch_line":"RESERVED.","url":"\/2-2075\/","token":"2-2075"}},"next_section":{"id":"936","structure_id":"307","section_number":"2-2072","catch_line":"EXEMPTIONS.","url":"\/2-2072\/","token":"2-2072"},"metadata":false,"references":{"0":{"id":"380","section_number":"11-2021","catch_line":"IN GENERAL.","url":"http:\/\/localhost:8888\/11-2021\/"},"1":{"id":"958","section_number":"2-2074","catch_line":"TAXICABS.","url":"http:\/\/localhost:8888\/2-2074\/"},"2":{"id":"969","section_number":"2-2075","catch_line":"RESERVED.","url":"http:\/\/localhost:8888\/2-2075\/"}},"url":"\/2-2071\/","token":"2-2071","formats":{"txt":"\/2-2071.txt","json":"\/2-2071.xml"},"dublin_core":{"Title":"MOTOR VEHICLE LICENSE REQUIRED.","Type":"Text","Format":"text\/html","Identifier":"\u00a7 2-2071","Relation":"Code of State"},"plain_text":"                                  CODE OF STATE\n\nMOTOR VEHICLE LICENSE REQUIRED. (\u00a7 2-2071)\n\nEvery self-propelled motor vehicle sited for ad valorem tax purposes in the City\nof Raleigh shall pay an annual fee of thirty dollars ($30.00) to the City of\nRaleigh for the privilege of operating said vehicle on the public ways. The\nannual payment shall be collected by the Wake County Tax Collector and the tax\nshall authorize the use of the vehicle for one (1) year from the date of the\npayment due date of the tax. \n(Ord. No. 1988-240, \u00a72, 9-6-88; Ord. No. 1991-806, \u00a71, 6-28-91; Ord. No.\n1993-291, \u00a71, 12-7-93; Ord. No. 2006-81, \u00a71, 9-5-06; Ord. No. 2007-281, \u00a71,\n8-7-07; Ord. No. 2010-752, \u00a71, 6-28-10; Ord. No. 2010-774, \u00a71, 9-7-10)\n"}