{"law_id":"38","section_number":"2-2094","catch_line":"STAFF.","history":"","order_by":"2-2094","metadata":false,"url":"\/2-2094\/","token":"2-2094","structure":{"1":{"id":"13","name":"ARTICLE F. - TRANSIENT OCCUPANCY TAX; CONVENTION AND VISITORS BUREAU","identifier":"F","label":"article","url":"\/II\/2\/2\/F\/"},"2":{"id":"12","name":"CHAPTER 2. - REVENUE AND TAXATION","identifier":"2","label":"chapter","url":"\/II\/2\/2\/"},"3":{"id":"11","name":"PART 2 - FINANCE","identifier":"2","label":"part","url":"\/II\/2\/"},"4":{"id":"5","name":"Division II - Planning and Development","identifier":"II","label":"division","url":"\/II\/"}},"referred_to_by":false,"edition_id":"1","section_id":"38","structure_id":"13","full_text":"The Bureau shall employ such staff as it deems necessary to carry out its duties and responsibilities and in accord with its approved budget. Employees of the Bureau shall not be considered as employees of the City for any purposes whatsoever. \n(Ord. No. 1992-904, \u00a76, 1-7-92) \n\n________________________________________\nFOOTNOTE(S):\n________________________________________\n&#8212; (3) &#8212; \nEditor&#8217;s note: Section 1 of Ord. No. 1992-904, adopted and effective Jan. 7, 1992, repealed \u00a7\u00a72-2090\u20142-2095, derived from Ord. No. 1986-825B, \u00a71, adopted July 15, 1986; and \u00a7\u00a72\u20146 added new \u00a7\u00a72-2090\u20142-2094. (Back)","text":{"0":{"id":"87","text":"The Bureau shall employ such staff as it deems necessary to carry out its duties and responsibilities and in accord with its approved budget. Employees of the Bureau shall not be considered as employees of the City for any purposes whatsoever. \n(Ord. No. 1992-904, \u00a76, 1-7-92) \n\n________________________________________\nFOOTNOTE(S):\n________________________________________\n&#8212; (3) &#8212; \nEditor&#8217;s note: Section 1 of Ord. No. 1992-904, adopted and effective Jan. 7, 1992, repealed \u00a7\u00a72-2090\u20142-2095, derived from Ord. No. 1986-825B, \u00a71, adopted July 15, 1986; and \u00a7\u00a72\u20146 added new \u00a7\u00a72-2090\u20142-2094. (Back)","type":"section","prefixes":[""],"prefix":"","entire_prefix":"","prefix_anchor":"","level":1}},"ancestry":{"1":{"id":"13","name":"ARTICLE F. - TRANSIENT OCCUPANCY TAX; CONVENTION AND VISITORS BUREAU","identifier":"F","label":"article","url":"\/II\/2\/2\/F\/"},"2":{"id":"12","name":"CHAPTER 2. - REVENUE AND TAXATION","identifier":"2","label":"chapter","url":"\/II\/2\/2\/"},"3":{"id":"11","name":"PART 2 - FINANCE","identifier":"2","label":"part","url":"\/II\/2\/"},"4":{"id":"5","name":"Division II - Planning and Development","identifier":"II","label":"division","url":"\/II\/"}},"structure_contents":{"0":{"id":"980","structure_id":"13","section_number":"2-2080","catch_line":"IMPOSITION AND LEVY OF TAX.","url":"\/2-2080\/","token":"2-2080"},"1":{"id":"991","structure_id":"13","section_number":"2-2081","catch_line":"PAYMENT OF TAX.","url":"\/2-2081\/","token":"2-2081"},"2":{"id":"998","structure_id":"13","section_number":"2-2082","catch_line":"DEDUCTIONS AND REFUNDS.","url":"\/2-2082\/","token":"2-2082"},"3":{"id":"999","structure_id":"13","section_number":"2-2083","catch_line":"PENALTY FOR FAILURE TO FILE RETURN.","url":"\/2-2083\/","token":"2-2083"},"4":{"id":"27","structure_id":"13","section_number":"2-2084","catch_line":"ADDITIONAL PENALTY FOR FAILURE TO PAY.","url":"\/2-2084\/","token":"2-2084"},"5":{"id":"28","structure_id":"13","section_number":"2-2085","catch_line":"MISDEMEANOR FOR WILLFUL VIOLATION.","url":"\/2-2085\/","token":"2-2085"},"6":{"id":"29","structure_id":"13","section_number":"2-2086","catch_line":"RETENTION OF ADMINISTRATIVE AND COLLECTION EXPENSES.","url":"\/2-2086\/","token":"2-2086"},"7":{"id":"30","structure_id":"13","section_number":"2-2087","catch_line":"ALLOCATION OF NET PROCEEDS COLLECTED.","url":"\/2-2087\/","token":"2-2087"},"8":{"id":"31","structure_id":"13","section_number":"2-2088","catch_line":"RESERVED.","url":"\/2-2088\/","token":"2-2088"},"9":{"id":"32","structure_id":"13","section_number":"2-2088","catch_line":"RESERVED. ","url":"\/2-2088\/","token":"2-2088"},"10":{"id":"33","structure_id":"13","section_number":"2-2090","catch_line":"CREATED.","url":"\/2-2090\/","token":"2-2090"},"11":{"id":"34","structure_id":"13","section_number":"2-2091","catch_line":"MEMBERSHIP.","url":"\/2-2091\/","token":"2-2091"},"12":{"id":"35","structure_id":"13","section_number":"2-2092","catch_line":"FUNDING.","url":"\/2-2092\/","token":"2-2092"},"13":{"id":"36","structure_id":"13","section_number":"2-2093","catch_line":"POWERS AND DUTIES.","url":"\/2-2093\/","token":"2-2093"},"14":{"id":"38","structure_id":"13","section_number":"2-2094","catch_line":"STAFF.","url":"\/2-2094\/","token":"2-2094"}},"previous_section":{"id":"36","structure_id":"13","section_number":"2-2093","catch_line":"POWERS AND DUTIES.","url":"\/2-2093\/","token":"2-2093"},"references":{"0":{"id":"38","section_number":"2-2094","catch_line":"STAFF.","url":"http:\/\/localhost:8888\/2-2094\/"},"1":{"id":"39","section_number":"II-2-3001","catch_line":"RATE SCHEDULES FOR UTILITY SERVICES.","url":"http:\/\/localhost:8888\/II-2-3001\/"},"2":{"id":"40","section_number":"II-2-3002","catch_line":"EACH METER THE BASIS FOR CHARGES AND RATES, ETC.","url":"http:\/\/localhost:8888\/II-2-3002\/"},"3":{"id":"41","section_number":"II-2-3003","catch_line":"UTILITY SERVICE DEPOSIT.","url":"http:\/\/localhost:8888\/II-2-3003\/"},"4":{"id":"42","section_number":"II-2-3004","catch_line":"DISCONNECTION AND RECONNECTION FEES.","url":"http:\/\/localhost:8888\/II-2-3004\/"},"5":{"id":"43","section_number":"II-2-3005","catch_line":"PAYMENT GUARANTEE AGREEMENTS WITH SOCIAL SERVICE AGENCIES.","url":"http:\/\/localhost:8888\/II-2-3005\/"},"6":{"id":"44","section_number":"II-2-3006","catch_line":"WATER METER TEST FEES.","url":"http:\/\/localhost:8888\/II-2-3006\/"},"7":{"id":"45","section_number":"II-2-4001","catch_line":"REQUISITION.","url":"http:\/\/localhost:8888\/II-2-4001\/"},"8":{"id":"46","section_number":"II-2-4002","catch_line":"PURCHASE ORDERS.","url":"http:\/\/localhost:8888\/II-2-4002\/"},"9":{"id":"47","section_number":"II-2-4003","catch_line":"CONSTRUCT AND REPAIR CONTRACTS; AUTHORIZATION TO CONTRACT.","url":"http:\/\/localhost:8888\/II-2-4003\/"},"10":{"id":"49","section_number":"II-2-4004","catch_line":"EXECUTION OF CITY CONTRACTS.","url":"http:\/\/localhost:8888\/II-2-4004\/"},"11":{"id":"50","section_number":"II-3-1001","catch_line":"DIRECTOR, OFFICERS AND EMPLOYEES.","url":"http:\/\/localhost:8888\/II-3-1001\/"},"12":{"id":"51","section_number":"II-3-1002","catch_line":"FUNCTIONS AND DUTIES OF THE DEPARTMENT.","url":"http:\/\/localhost:8888\/II-3-1002\/"},"13":{"id":"52","section_number":"II-3-2001","catch_line":"CLASSIFICATION AND SALARY SCHEDULE.","url":"http:\/\/localhost:8888\/II-3-2001\/"},"14":{"id":"53","section_number":"II-3-2002","catch_line":"ADOPTION TO BE CERTIFIED.","url":"http:\/\/localhost:8888\/II-3-2002\/"},"15":{"id":"54","section_number":"II-3-2003","catch_line":"COPY TO BE DEEMED ORIGINAL.","url":"http:\/\/localhost:8888\/II-3-2003\/"},"16":{"id":"55","section_number":"II-5-1001","catch_line":"POLICE CHIEF, OFFICERS AND EMPLOYEES.","url":"http:\/\/localhost:8888\/II-5-1001\/"},"17":{"id":"56","section_number":"II-5-1002","catch_line":"FUNCTIONS AND DUTIES OF THE DEPARTMENT.","url":"http:\/\/localhost:8888\/II-5-1002\/"},"18":{"id":"57","section_number":"II-5-1003","catch_line":"POLICE RESIDENCY REQUIREMENTS.","url":"http:\/\/localhost:8888\/II-5-1003\/"},"19":{"id":"58","section_number":"II-5-1004","catch_line":"COOPERATIVE AGREEMENTS.","url":"http:\/\/localhost:8888\/II-5-1004\/"},"20":{"id":"60","section_number":"II-5-1005","catch_line":"PRIVATE DETECTIVES.","url":"http:\/\/localhost:8888\/II-5-1005\/"}},"formats":{"txt":"\/2-2094.txt","json":"\/2-2094.xml"},"dublin_core":{"Title":"STAFF.","Type":"Text","Format":"text\/html","Identifier":"\u00a7 2-2094","Relation":"Code of State"},"plain_text":"                                  CODE OF STATE\n\nSTAFF. (\u00a7 2-2094)\n\nThe Bureau shall employ such staff as it deems necessary to carry out its duties\nand responsibilities and in accord with its approved budget. Employees of the\nBureau shall not be considered as employees of the City for any purposes\nwhatsoever. \n(Ord. No. 1992-904, \u00a76, 1-7-92) \n\n________________________________________\nFOOTNOTE(S):\n________________________________________\n&#8212; (3) &#8212; \nEditor&#8217;s note: Section 1 of Ord. No. 1992-904, adopted and effective Jan.\n7, 1992, repealed \u00a7\u00a72-2090\u20142-2095, derived from Ord. No. 1986-825B, \u00a71,\nadopted July 15, 1986; and \u00a7\u00a72\u20146 added new \u00a7\u00a72-2090\u20142-2094. (Back)\n"}