{"law_id":"481","edition_id":"1","section_id":"481","structure_id":"132","section_number":"2-2001","catch_line":"COLLECTION OF PROCESSING FEE FOR RETURNED CHECKS PRESENTED TO THE REVENUE COLLECTOR.","history":"","full_text":"The Revenue Collector shall charge a processing fee in the maximum amount allowed under applicable state law for any check made in payment to the City which is returned because of insufficient funds or because the drawer did not have an account at the bank upon which such check was drawn; however, notice of the City&#8217;s policy regarding the returned check charge must first be provided in accordance with applicable state statutes. The Revenue Collector shall not waive the processing fee. \n(Code 1959 , \u00a72-26.1; Ord. No. 1979-45, 3-20-79; Ord. No. 1991-709, \u00a71, 1-2-91) \nState law reference: Collection of processing fee for returned checks and procedural requirements, G.S. 25-3-512.","order_by":"2-2001","text":{"0":{"id":"1340","text":"The Revenue Collector shall charge a processing fee in the maximum amount allowed under applicable state law for any check made in payment to the City which is returned because of insufficient funds or because the drawer did not have an account at the bank upon which such check was drawn; however, notice of the City&#8217;s policy regarding the returned check charge must first be provided in accordance with applicable state statutes. The Revenue Collector shall not waive the processing fee. \n(Code 1959 , \u00a72-26.1; Ord. No. 1979-45, 3-20-79; Ord. No. 1991-709, \u00a71, 1-2-91) \nState law reference: Collection of processing fee for returned checks and procedural requirements, G.S. 25-3-512.","type":"section","prefixes":[""],"prefix":"","entire_prefix":"","prefix_anchor":"","level":1}},"ancestry":{"1":{"id":"132","name":"ARTICLE A. - GENERAL PROVISIONS","identifier":"A","label":"article","url":"\/II\/2\/2\/A\/"},"2":{"id":"12","name":"CHAPTER 2. - REVENUE AND TAXATION","identifier":"2","label":"chapter","url":"\/II\/2\/2\/"},"3":{"id":"11","name":"PART 2 - FINANCE","identifier":"2","label":"part","url":"\/II\/2\/"},"4":{"id":"5","name":"Division II - Planning and Development","identifier":"II","label":"division","url":"\/II\/"}},"structure_contents":{"0":{"id":"481","structure_id":"132","section_number":"2-2001","catch_line":"COLLECTION OF PROCESSING FEE FOR RETURNED CHECKS PRESENTED TO THE REVENUE COLLECTOR.","url":"\/2-2001\/","token":"2-2001"},"1":{"id":"492","structure_id":"132","section_number":"2-2002","catch_line":"RESERVED.","url":"\/2-2002\/","token":"2-2002"},"2":{"id":"503","structure_id":"132","section_number":"2-2002","catch_line":"RESERVED. ","url":"\/2-2002\/","token":"2-2002"}},"next_section":{"id":"492","structure_id":"132","section_number":"2-2002","catch_line":"RESERVED.","url":"\/2-2002\/","token":"2-2002"},"metadata":false,"references":false,"url":"\/2-2001\/","token":"2-2001","formats":{"txt":"\/2-2001.txt","json":"\/2-2001.xml"},"dublin_core":{"Title":"COLLECTION OF PROCESSING FEE FOR RETURNED CHECKS PRESENTED TO THE REVENUE COLLECTOR.","Type":"Text","Format":"text\/html","Identifier":"\u00a7 2-2001","Relation":"Code of State"},"plain_text":"                                  CODE OF STATE\n\nCOLLECTION OF PROCESSING FEE FOR RETURNED CHECKS PRESENTED TO THE REVENUE\nCOLLECTOR. (\u00a7 2-2001)\n\nThe Revenue Collector shall charge a processing fee in the maximum amount\nallowed under applicable state law for any check made in payment to the City\nwhich is returned because of insufficient funds or because the drawer did not\nhave an account at the bank upon which such check was drawn; however, notice of\nthe City&#8217;s policy regarding the returned check charge must first be\nprovided in accordance with applicable state statutes. The Revenue Collector\nshall not waive the processing fee. \n(Code 1959 , \u00a72-26.1; Ord. No. 1979-45, 3-20-79; Ord. No. 1991-709, \u00a71,\n1-2-91) \nState law reference: Collection of processing fee for returned checks and\nprocedural requirements, G.S. 25-3-512.\n"}