{"law_id":"803","section_number":"2-2043","catch_line":"TYPES OF LICENSES.","history":"","order_by":"2-2043","metadata":false,"url":"\/2-2043\/","token":"2-2043","structure":{"1":{"id":"188","name":"ARTICLE C. - BEER AND WINE","identifier":"C","label":"article","url":"\/II\/2\/2\/C\/"},"2":{"id":"12","name":"CHAPTER 2. - REVENUE AND TAXATION","identifier":"2","label":"chapter","url":"\/II\/2\/2\/"},"3":{"id":"11","name":"PART 2 - FINANCE","identifier":"2","label":"part","url":"\/II\/2\/"},"4":{"id":"5","name":"Division II - Planning and Development","identifier":"II","label":"division","url":"\/II\/"}},"referred_to_by":false,"edition_id":"1","section_id":"803","structure_id":"188","full_text":"(a) Licenses issued by the City under the authority of G.S. 105-113.77, as amended, shall be restricted to on-premises and off-premises. An off-premises license authorizes the licensee to sell at retail state permitted alcoholic beverages for consumption on the premises designated in the license and to sell at retail state permitted alcoholic beverages in the manufacturer&#8217;s original container for consumption off the premises designated on the license. \n(Code 1959 , \u00a76-3; Ord. No. 1987-21, \u00a75, 9-21-87) \nState law reference: Retail activity, G.S. 18B-1000 et seq.\r\r","text":{"0":{"id":"2368","text":"Licenses issued by the City under the authority of G.S. 105-113.77, as amended, shall be restricted to on-premises and off-premises. An off-premises license authorizes the licensee to sell at retail state permitted alcoholic beverages for consumption on the premises designated in the license and to sell at retail state permitted alcoholic beverages in the manufacturer&#8217;s original container for consumption off the premises designated on the license. \n(Code 1959 , \u00a76-3; Ord. No. 1987-21, \u00a75, 9-21-87) \nState law reference: Retail activity, G.S. 18B-1000 et seq.","type":"section","prefixes":["(a)"],"prefix":"(a)","entire_prefix":"(a)","prefix_anchor":"(a)","level":1}},"ancestry":{"1":{"id":"188","name":"ARTICLE C. - BEER AND WINE","identifier":"C","label":"article","url":"\/II\/2\/2\/C\/"},"2":{"id":"12","name":"CHAPTER 2. - REVENUE AND TAXATION","identifier":"2","label":"chapter","url":"\/II\/2\/2\/"},"3":{"id":"11","name":"PART 2 - FINANCE","identifier":"2","label":"part","url":"\/II\/2\/"},"4":{"id":"5","name":"Division II - Planning and Development","identifier":"II","label":"division","url":"\/II\/"}},"structure_contents":{"0":{"id":"780","structure_id":"188","section_number":"2-2041","catch_line":"LICENSE; REQUIRED.","url":"\/2-2041\/","token":"2-2041"},"1":{"id":"791","structure_id":"188","section_number":"2-2042","catch_line":"APPLICATION PROCEDURE; ISSUANCE.","url":"\/2-2042\/","token":"2-2042"},"2":{"id":"803","structure_id":"188","section_number":"2-2043","catch_line":"TYPES OF LICENSES.","url":"\/2-2043\/","token":"2-2043"},"3":{"id":"814","structure_id":"188","section_number":"2-2044","catch_line":"RETAIL TAX.","url":"\/2-2044\/","token":"2-2044"},"4":{"id":"825","structure_id":"188","section_number":"2-2045","catch_line":"WHOLESALE TAX.","url":"\/2-2045\/","token":"2-2045"},"5":{"id":"836","structure_id":"188","section_number":"2-2046","catch_line":"DURATION.","url":"\/2-2046\/","token":"2-2046"},"6":{"id":"847","structure_id":"188","section_number":"2-2047","catch_line":"RESERVED.","url":"\/2-2047\/","token":"2-2047"},"7":{"id":"858","structure_id":"188","section_number":"2-2049","catch_line":"RESERVED.","url":"\/2-2049\/","token":"2-2049"},"8":{"id":"869","structure_id":"188","section_number":"2-2049","catch_line":"RESERVED. ","url":"\/2-2049\/","token":"2-2049"}},"previous_section":{"id":"791","structure_id":"188","section_number":"2-2042","catch_line":"APPLICATION PROCEDURE; ISSUANCE.","url":"\/2-2042\/","token":"2-2042"},"next_section":{"id":"814","structure_id":"188","section_number":"2-2044","catch_line":"RETAIL TAX.","url":"\/2-2044\/","token":"2-2044"},"references":false,"formats":{"txt":"\/2-2043.txt","json":"\/2-2043.xml"},"dublin_core":{"Title":"TYPES OF LICENSES.","Type":"Text","Format":"text\/html","Identifier":"\u00a7 2-2043","Relation":"Code of State"},"plain_text":"                                  CODE OF STATE\n\nTYPES OF LICENSES. (\u00a7 2-2043)\n\n(a) Licenses issued by the City under the authority of G.S. 105-113.77, as\namended, shall be restricted to on-premises and off-premises. An off-premises\nlicense authorizes the licensee to sell at retail state permitted alcoholic\nbeverages for consumption on the premises designated in the license and to sell\nat retail state permitted alcoholic beverages in the manufacturer&#8217;s\noriginal container for consumption off the premises designated on the license. \n(Code 1959 , \u00a76-3; Ord. No. 1987-21, \u00a75, 9-21-87) \nState law reference: Retail activity, G.S. 18B-1000 et seq.\n"}