{"law_id":"847","section_number":"2-2047","catch_line":"RESERVED.","history":"","order_by":"2-2047","metadata":false,"url":"\/2-2047\/","token":"2-2047","structure":{"1":{"id":"188","name":"ARTICLE C. - BEER AND WINE","identifier":"C","label":"article","url":"\/II\/2\/2\/C\/"},"2":{"id":"12","name":"CHAPTER 2. - REVENUE AND TAXATION","identifier":"2","label":"chapter","url":"\/II\/2\/2\/"},"3":{"id":"11","name":"PART 2 - FINANCE","identifier":"2","label":"part","url":"\/II\/2\/"},"4":{"id":"5","name":"Division II - Planning and Development","identifier":"II","label":"division","url":"\/II\/"}},"referred_to_by":false,"edition_id":"1","section_id":"847","structure_id":"188","full_text":"Editor&#8217;s note: Ord. No. 1987-21, \u00a79, adopted July 21, 1987, repealed \u00a7\u00a72-2047 and 2-2048, relative to limitations on licenses and sale of fortified wine, as derived from Code 1959, \u00a7\u00a76-7 and 6-8.","text":{"0":{"id":"2421","text":"Editor&#8217;s note: Ord. No. 1987-21, \u00a79, adopted July 21, 1987, repealed \u00a7\u00a72-2047 and 2-2048, relative to limitations on licenses and sale of fortified wine, as derived from Code 1959, \u00a7\u00a76-7 and 6-8.","type":"section","prefixes":[""],"prefix":"","entire_prefix":"","prefix_anchor":"","level":1}},"ancestry":{"1":{"id":"188","name":"ARTICLE C. - BEER AND WINE","identifier":"C","label":"article","url":"\/II\/2\/2\/C\/"},"2":{"id":"12","name":"CHAPTER 2. - REVENUE AND TAXATION","identifier":"2","label":"chapter","url":"\/II\/2\/2\/"},"3":{"id":"11","name":"PART 2 - FINANCE","identifier":"2","label":"part","url":"\/II\/2\/"},"4":{"id":"5","name":"Division II - Planning and Development","identifier":"II","label":"division","url":"\/II\/"}},"structure_contents":{"0":{"id":"780","structure_id":"188","section_number":"2-2041","catch_line":"LICENSE; REQUIRED.","url":"\/2-2041\/","token":"2-2041"},"1":{"id":"791","structure_id":"188","section_number":"2-2042","catch_line":"APPLICATION PROCEDURE; ISSUANCE.","url":"\/2-2042\/","token":"2-2042"},"2":{"id":"803","structure_id":"188","section_number":"2-2043","catch_line":"TYPES OF LICENSES.","url":"\/2-2043\/","token":"2-2043"},"3":{"id":"814","structure_id":"188","section_number":"2-2044","catch_line":"RETAIL TAX.","url":"\/2-2044\/","token":"2-2044"},"4":{"id":"825","structure_id":"188","section_number":"2-2045","catch_line":"WHOLESALE TAX.","url":"\/2-2045\/","token":"2-2045"},"5":{"id":"836","structure_id":"188","section_number":"2-2046","catch_line":"DURATION.","url":"\/2-2046\/","token":"2-2046"},"6":{"id":"847","structure_id":"188","section_number":"2-2047","catch_line":"RESERVED.","url":"\/2-2047\/","token":"2-2047"},"7":{"id":"858","structure_id":"188","section_number":"2-2049","catch_line":"RESERVED.","url":"\/2-2049\/","token":"2-2049"},"8":{"id":"869","structure_id":"188","section_number":"2-2049","catch_line":"RESERVED. ","url":"\/2-2049\/","token":"2-2049"}},"previous_section":{"id":"836","structure_id":"188","section_number":"2-2046","catch_line":"DURATION.","url":"\/2-2046\/","token":"2-2046"},"next_section":{"id":"858","structure_id":"188","section_number":"2-2049","catch_line":"RESERVED.","url":"\/2-2049\/","token":"2-2049"},"references":{"0":{"id":"847","section_number":"2-2047","catch_line":"RESERVED.","url":"http:\/\/localhost:8888\/2-2047\/"}},"formats":{"txt":"\/2-2047.txt","json":"\/2-2047.xml"},"dublin_core":{"Title":"RESERVED.","Type":"Text","Format":"text\/html","Identifier":"\u00a7 2-2047","Relation":"Code of State"},"plain_text":"                                  CODE OF STATE\n\nRESERVED. (\u00a7 2-2047)\n\nEditor&#8217;s note: Ord. No. 1987-21, \u00a79, adopted July 21, 1987, repealed\n\u00a7\u00a72-2047 and 2-2048, relative to limitations on licenses and sale of fortified\nwine, as derived from Code 1959, \u00a7\u00a76-7 and 6-8.\n"}