{"law_id":"874","edition_id":"1","section_id":"874","structure_id":"267","section_number":"4-1001","catch_line":"DIRECTOR, OFFICERS AND EMPLOYEES.","history":"","full_text":"The Department of Community Services shall consist of a director, who shall be its administrative head, and such other officers and employees as deemed necessary by the Manager and Council and whose salaries shall be fixed by the Council. \nCharter reference: Departments enumerated, \u00a76.1 et seq.","order_by":"4-1001","text":{"0":{"id":"2448","text":"The Department of Community Services shall consist of a director, who shall be its administrative head, and such other officers and employees as deemed necessary by the Manager and Council and whose salaries shall be fixed by the Council. \nCharter reference: Departments enumerated, \u00a76.1 et seq.","type":"section","prefixes":[""],"prefix":"","entire_prefix":"","prefix_anchor":"","level":1}},"ancestry":{"1":{"id":"267","name":"ARTICLE A. - GENERAL PROVISIONS","identifier":"A","label":"article","url":"\/II\/4\/1\/A\/"},"2":{"id":"266","name":"CHAPTER 1. - THE DEPARTMENT OF COMMUNITY SERVICES","identifier":"1","label":"chapter","url":"\/II\/4\/1\/"},"3":{"id":"265","name":"PART 4 - COMMUNITY SERVICES [1]","identifier":"4","label":"part","url":"\/II\/4\/"},"4":{"id":"5","name":"Division II - Planning and Development","identifier":"II","label":"division","url":"\/II\/"}},"structure_contents":{"0":{"id":"874","structure_id":"267","section_number":"4-1001","catch_line":"DIRECTOR, OFFICERS AND EMPLOYEES.","url":"\/4-1001\/","token":"4-1001"},"1":{"id":"875","structure_id":"267","section_number":"4-1002","catch_line":"DEPARTMENTAL ORGANIZATION.","url":"\/4-1002\/","token":"4-1002"},"2":{"id":"876","structure_id":"267","section_number":"4-1003","catch_line":"FUNCTIONS AND DUTIES OF THE DEPARTMENT.","url":"\/4-1003\/","token":"4-1003"},"3":{"id":"877","structure_id":"267","section_number":"4-1004","catch_line":"POLICY OF NONDISCRIMINATION.","url":"\/4-1004\/","token":"4-1004"},"4":{"id":"878","structure_id":"267","section_number":"4-1005","catch_line":"RESERVED.","url":"\/4-1005\/","token":"4-1005"},"5":{"id":"879","structure_id":"267","section_number":"4-1005","catch_line":"RESERVED. ","url":"\/4-1005\/","token":"4-1005"}},"next_section":{"id":"875","structure_id":"267","section_number":"4-1002","catch_line":"DEPARTMENTAL ORGANIZATION.","url":"\/4-1002\/","token":"4-1002"},"metadata":false,"references":false,"url":"\/4-1001\/","token":"4-1001","formats":{"txt":"\/4-1001.txt","json":"\/4-1001.xml"},"dublin_core":{"Title":"DIRECTOR, OFFICERS AND EMPLOYEES.","Type":"Text","Format":"text\/html","Identifier":"\u00a7 4-1001","Relation":"Code of State"},"plain_text":"                                  CODE OF STATE\n\nDIRECTOR, OFFICERS AND EMPLOYEES. (\u00a7 4-1001)\n\nThe Department of Community Services shall consist of a director, who shall be\nits administrative head, and such other officers and employees as deemed\nnecessary by the Manager and Council and whose salaries shall be fixed by the\nCouncil. \nCharter reference: Departments enumerated, \u00a76.1 et seq.\n"}