{"law_id":"881","edition_id":"1","section_id":"881","structure_id":"269","section_number":"4-1011","catch_line":"PURPOSE.","history":"","full_text":"The unit of civil rights is charged with assisting the City in developing a community with unity and harmony based on justice; a community free of discriminatory practices based on race, color, creed, age, sex, national origin, and thus enabling the City to benefit from the fullest realization of its human resource. \n(Ord. No. 1977-473, 3-15-77, \u00a72)","order_by":"4-1011","text":{"0":{"id":"2470","text":"The unit of civil rights is charged with assisting the City in developing a community with unity and harmony based on justice; a community free of discriminatory practices based on race, color, creed, age, sex, national origin, and thus enabling the City to benefit from the fullest realization of its human resource. \n(Ord. No. 1977-473, 3-15-77, \u00a72)","type":"section","prefixes":[""],"prefix":"","entire_prefix":"","prefix_anchor":"","level":1}},"ancestry":{"1":{"id":"269","name":"ARTICLE B. - CIVIL RIGHTS UNIT","identifier":"B","label":"article","url":"\/II\/4\/1\/B\/"},"2":{"id":"266","name":"CHAPTER 1. - THE DEPARTMENT OF COMMUNITY SERVICES","identifier":"1","label":"chapter","url":"\/II\/4\/1\/"},"3":{"id":"265","name":"PART 4 - COMMUNITY SERVICES [1]","identifier":"4","label":"part","url":"\/II\/4\/"},"4":{"id":"5","name":"Division II - Planning and Development","identifier":"II","label":"division","url":"\/II\/"}},"structure_contents":{"0":{"id":"881","structure_id":"269","section_number":"4-1011","catch_line":"PURPOSE.","url":"\/4-1011\/","token":"4-1011"},"1":{"id":"882","structure_id":"269","section_number":"4-1012","catch_line":"STAFF.","url":"\/4-1012\/","token":"4-1012"},"2":{"id":"883","structure_id":"269","section_number":"4-1013","catch_line":"DUTIES, POWERS, AND FUNCTIONS.","url":"\/4-1013\/","token":"4-1013"}},"next_section":{"id":"882","structure_id":"269","section_number":"4-1012","catch_line":"STAFF.","url":"\/4-1012\/","token":"4-1012"},"metadata":false,"references":false,"url":"\/4-1011\/","token":"4-1011","formats":{"txt":"\/4-1011.txt","json":"\/4-1011.xml"},"dublin_core":{"Title":"PURPOSE.","Type":"Text","Format":"text\/html","Identifier":"\u00a7 4-1011","Relation":"Code of State"},"plain_text":"                                  CODE OF STATE\n\nPURPOSE. (\u00a7 4-1011)\n\nThe unit of civil rights is charged with assisting the City in developing a\ncommunity with unity and harmony based on justice; a community free of\ndiscriminatory practices based on race, color, creed, age, sex, national origin,\nand thus enabling the City to benefit from the fullest realization of its human\nresource. \n(Ord. No. 1977-473, 3-15-77, \u00a72)\n"}