{"law_id":"882","section_number":"4-1012","catch_line":"STAFF.","history":"","order_by":"4-1012","metadata":false,"url":"\/4-1012\/","token":"4-1012","structure":{"1":{"id":"269","name":"ARTICLE B. - CIVIL RIGHTS UNIT","identifier":"B","label":"article","url":"\/II\/4\/1\/B\/"},"2":{"id":"266","name":"CHAPTER 1. - THE DEPARTMENT OF COMMUNITY SERVICES","identifier":"1","label":"chapter","url":"\/II\/4\/1\/"},"3":{"id":"265","name":"PART 4 - COMMUNITY SERVICES [1]","identifier":"4","label":"part","url":"\/II\/4\/"},"4":{"id":"5","name":"Division II - Planning and Development","identifier":"II","label":"division","url":"\/II\/"}},"referred_to_by":false,"edition_id":"1","section_id":"882","structure_id":"269","full_text":"(a) The staff shall be a unit in the Community Services Department.\r\r(b) The staff shall coordinate their activities consistent with the policies and practices of the City.\r\r(c) The Office of Civil Rights is responsible to the director of Community Services Department.\n(Ord. No. 1977-473, 3-1-577, \u00a73)\r\r","text":{"0":{"id":"2471","text":"The staff shall be a unit in the Community Services Department.","type":"section","prefixes":["(a)"],"prefix":"(a)","entire_prefix":"(a)","prefix_anchor":"(a)","level":1},"1":{"id":"2472","text":"The staff shall coordinate their activities consistent with the policies and practices of the City.","type":"section","prefixes":["(b)"],"prefix":"(b)","entire_prefix":"(b)","prefix_anchor":"(b)","level":1},"2":{"id":"2473","text":"The Office of Civil Rights is responsible to the director of Community Services Department.\n(Ord. No. 1977-473, 3-1-577, \u00a73)","type":"section","prefixes":["(c)"],"prefix":"(c)","entire_prefix":"(c)","prefix_anchor":"(c)","level":1}},"ancestry":{"1":{"id":"269","name":"ARTICLE B. - CIVIL RIGHTS UNIT","identifier":"B","label":"article","url":"\/II\/4\/1\/B\/"},"2":{"id":"266","name":"CHAPTER 1. - THE DEPARTMENT OF COMMUNITY SERVICES","identifier":"1","label":"chapter","url":"\/II\/4\/1\/"},"3":{"id":"265","name":"PART 4 - COMMUNITY SERVICES [1]","identifier":"4","label":"part","url":"\/II\/4\/"},"4":{"id":"5","name":"Division II - Planning and Development","identifier":"II","label":"division","url":"\/II\/"}},"structure_contents":{"0":{"id":"881","structure_id":"269","section_number":"4-1011","catch_line":"PURPOSE.","url":"\/4-1011\/","token":"4-1011"},"1":{"id":"882","structure_id":"269","section_number":"4-1012","catch_line":"STAFF.","url":"\/4-1012\/","token":"4-1012"},"2":{"id":"883","structure_id":"269","section_number":"4-1013","catch_line":"DUTIES, POWERS, AND FUNCTIONS.","url":"\/4-1013\/","token":"4-1013"}},"previous_section":{"id":"881","structure_id":"269","section_number":"4-1011","catch_line":"PURPOSE.","url":"\/4-1011\/","token":"4-1011"},"next_section":{"id":"883","structure_id":"269","section_number":"4-1013","catch_line":"DUTIES, POWERS, AND FUNCTIONS.","url":"\/4-1013\/","token":"4-1013"},"references":false,"formats":{"txt":"\/4-1012.txt","json":"\/4-1012.xml"},"dublin_core":{"Title":"STAFF.","Type":"Text","Format":"text\/html","Identifier":"\u00a7 4-1012","Relation":"Code of State"},"plain_text":"                                  CODE OF STATE\n\nSTAFF. (\u00a7 4-1012)\n\n(a) The staff shall be a unit in the Community Services Department.\n\n(b) The staff shall coordinate their activities consistent with the policies and\npractices of the City.\n\n(c) The Office of Civil Rights is responsible to the director of Community\nServices Department.\n(Ord. No. 1977-473, 3-1-577, \u00a73)\n"}