{"law_id":"875","section_number":"4-1002","catch_line":"DEPARTMENTAL ORGANIZATION.","history":"","order_by":"4-1002","metadata":false,"url":"\/4-1002\/","token":"4-1002","structure":{"1":{"id":"267","name":"ARTICLE A. - GENERAL PROVISIONS","identifier":"A","label":"article","url":"\/II\/4\/1\/A\/"},"2":{"id":"266","name":"CHAPTER 1. - THE DEPARTMENT OF COMMUNITY SERVICES","identifier":"1","label":"chapter","url":"\/II\/4\/1\/"},"3":{"id":"265","name":"PART 4 - COMMUNITY SERVICES [1]","identifier":"4","label":"part","url":"\/II\/4\/"},"4":{"id":"5","name":"Division II - Planning and Development","identifier":"II","label":"division","url":"\/II\/"}},"referred_to_by":false,"edition_id":"1","section_id":"875","structure_id":"267","full_text":"(a) Neighborhood Services Division.\r\r(b) Volunteer\/Human Services Division.\r\r(c) Satellite Services Division.\r\r(d) Homeless Services Division.\n(Ord. No. 1998-454, \u00a77, 11-4-98)\r\r","text":{"0":{"id":"2449","text":"Neighborhood Services Division.","type":"section","prefixes":["(a)"],"prefix":"(a)","entire_prefix":"(a)","prefix_anchor":"(a)","level":1},"1":{"id":"2450","text":"Volunteer\/Human Services Division.","type":"section","prefixes":["(b)"],"prefix":"(b)","entire_prefix":"(b)","prefix_anchor":"(b)","level":1},"2":{"id":"2451","text":"Satellite Services Division.","type":"section","prefixes":["(c)"],"prefix":"(c)","entire_prefix":"(c)","prefix_anchor":"(c)","level":1},"3":{"id":"2452","text":"Homeless Services Division.\n(Ord. No. 1998-454, \u00a77, 11-4-98)","type":"section","prefixes":["(d)"],"prefix":"(d)","entire_prefix":"(d)","prefix_anchor":"(d)","level":1}},"ancestry":{"1":{"id":"267","name":"ARTICLE A. - GENERAL PROVISIONS","identifier":"A","label":"article","url":"\/II\/4\/1\/A\/"},"2":{"id":"266","name":"CHAPTER 1. - THE DEPARTMENT OF COMMUNITY SERVICES","identifier":"1","label":"chapter","url":"\/II\/4\/1\/"},"3":{"id":"265","name":"PART 4 - COMMUNITY SERVICES [1]","identifier":"4","label":"part","url":"\/II\/4\/"},"4":{"id":"5","name":"Division II - Planning and Development","identifier":"II","label":"division","url":"\/II\/"}},"structure_contents":{"0":{"id":"874","structure_id":"267","section_number":"4-1001","catch_line":"DIRECTOR, OFFICERS AND EMPLOYEES.","url":"\/4-1001\/","token":"4-1001"},"1":{"id":"875","structure_id":"267","section_number":"4-1002","catch_line":"DEPARTMENTAL ORGANIZATION.","url":"\/4-1002\/","token":"4-1002"},"2":{"id":"876","structure_id":"267","section_number":"4-1003","catch_line":"FUNCTIONS AND DUTIES OF THE DEPARTMENT.","url":"\/4-1003\/","token":"4-1003"},"3":{"id":"877","structure_id":"267","section_number":"4-1004","catch_line":"POLICY OF NONDISCRIMINATION.","url":"\/4-1004\/","token":"4-1004"},"4":{"id":"878","structure_id":"267","section_number":"4-1005","catch_line":"RESERVED.","url":"\/4-1005\/","token":"4-1005"},"5":{"id":"879","structure_id":"267","section_number":"4-1005","catch_line":"RESERVED. ","url":"\/4-1005\/","token":"4-1005"}},"previous_section":{"id":"874","structure_id":"267","section_number":"4-1001","catch_line":"DIRECTOR, OFFICERS AND EMPLOYEES.","url":"\/4-1001\/","token":"4-1001"},"next_section":{"id":"876","structure_id":"267","section_number":"4-1003","catch_line":"FUNCTIONS AND DUTIES OF THE DEPARTMENT.","url":"\/4-1003\/","token":"4-1003"},"references":false,"formats":{"txt":"\/4-1002.txt","json":"\/4-1002.xml"},"dublin_core":{"Title":"DEPARTMENTAL ORGANIZATION.","Type":"Text","Format":"text\/html","Identifier":"\u00a7 4-1002","Relation":"Code of State"},"plain_text":"                                  CODE OF STATE\n\nDEPARTMENTAL ORGANIZATION. (\u00a7 4-1002)\n\n(a) Neighborhood Services Division.\n\n(b) Volunteer\/Human Services Division.\n\n(c) Satellite Services Division.\n\n(d) Homeless Services Division.\n(Ord. No. 1998-454, \u00a77, 11-4-98)\n"}