{"law_id":"876","section_number":"4-1003","catch_line":"FUNCTIONS AND DUTIES OF THE DEPARTMENT.","history":"","order_by":"4-1003","metadata":false,"url":"\/4-1003\/","token":"4-1003","structure":{"1":{"id":"267","name":"ARTICLE A. - GENERAL PROVISIONS","identifier":"A","label":"article","url":"\/II\/4\/1\/A\/"},"2":{"id":"266","name":"CHAPTER 1. - THE DEPARTMENT OF COMMUNITY SERVICES","identifier":"1","label":"chapter","url":"\/II\/4\/1\/"},"3":{"id":"265","name":"PART 4 - COMMUNITY SERVICES [1]","identifier":"4","label":"part","url":"\/II\/4\/"},"4":{"id":"5","name":"Division II - Planning and Development","identifier":"II","label":"division","url":"\/II\/"}},"referred_to_by":false,"edition_id":"1","section_id":"876","structure_id":"267","full_text":"(a) Documenting the needs of the citizens of Raleigh in terms of human services.\r\r(b) Documenting the services and opportunities that are presently available.\r\r(c) Determining what additional services and opportunities are needed and to propose appropriate and feasible new programs for meeting these needs.\r\r(d) Identifying those individuals within the community who are most likely going to benefit from the services and opportunities that are needed.\r\r(e) Providing a means for making all persons aware of the services and opportunities that are available.\r\r(f) Identifying and recommending responsible agents, including the State, County, private agencies, the City Community Services Department, and others to implement and coordinate the programs for the provision of services.\r\r(g) Administering human service programs as designated by Council including the delivery and evaluation of services based on assessed needs and provisions for citizen participation in planning and delivery of services.\r\r(h) Performing other functions and duties as prescribed by the City Manager.\nCharter reference: Authority to engage in socio-economic programs, \u00a72.14(70). \nState law reference: Human relations programs, community action and manpower development, G.S. 160A-492.\r\r","text":{"0":{"id":"2453","text":"Documenting the needs of the citizens of Raleigh in terms of human services.","type":"section","prefixes":["(a)"],"prefix":"(a)","entire_prefix":"(a)","prefix_anchor":"(a)","level":1},"1":{"id":"2454","text":"Documenting the services and opportunities that are presently available.","type":"section","prefixes":["(b)"],"prefix":"(b)","entire_prefix":"(b)","prefix_anchor":"(b)","level":1},"2":{"id":"2455","text":"Determining what additional services and opportunities are needed and to propose appropriate and feasible new programs for meeting these needs.","type":"section","prefixes":["(c)"],"prefix":"(c)","entire_prefix":"(c)","prefix_anchor":"(c)","level":1},"3":{"id":"2456","text":"Identifying those individuals within the community who are most likely going to benefit from the services and opportunities that are needed.","type":"section","prefixes":["(d)"],"prefix":"(d)","entire_prefix":"(d)","prefix_anchor":"(d)","level":1},"4":{"id":"2457","text":"Providing a means for making all persons aware of the services and opportunities that are available.","type":"section","prefixes":["(e)"],"prefix":"(e)","entire_prefix":"(e)","prefix_anchor":"(e)","level":1},"5":{"id":"2458","text":"Identifying and recommending responsible agents, including the State, County, private agencies, the City Community Services Department, and others to implement and coordinate the programs for the provision of services.","type":"section","prefixes":["(f)"],"prefix":"(f)","entire_prefix":"(f)","prefix_anchor":"(f)","level":1},"6":{"id":"2459","text":"Administering human service programs as designated by Council including the delivery and evaluation of services based on assessed needs and provisions for citizen participation in planning and delivery of services.","type":"section","prefixes":["(g)"],"prefix":"(g)","entire_prefix":"(g)","prefix_anchor":"(g)","level":1},"7":{"id":"2460","text":"Performing other functions and duties as prescribed by the City Manager.\nCharter reference: Authority to engage in socio-economic programs, \u00a72.14(70). \nState law reference: Human relations programs, community action and manpower development, G.S. 160A-492.","type":"section","prefixes":["(h)"],"prefix":"(h)","entire_prefix":"(h)","prefix_anchor":"(h)","level":1}},"ancestry":{"1":{"id":"267","name":"ARTICLE A. - GENERAL PROVISIONS","identifier":"A","label":"article","url":"\/II\/4\/1\/A\/"},"2":{"id":"266","name":"CHAPTER 1. - THE DEPARTMENT OF COMMUNITY SERVICES","identifier":"1","label":"chapter","url":"\/II\/4\/1\/"},"3":{"id":"265","name":"PART 4 - COMMUNITY SERVICES [1]","identifier":"4","label":"part","url":"\/II\/4\/"},"4":{"id":"5","name":"Division II - Planning and Development","identifier":"II","label":"division","url":"\/II\/"}},"structure_contents":{"0":{"id":"874","structure_id":"267","section_number":"4-1001","catch_line":"DIRECTOR, OFFICERS AND EMPLOYEES.","url":"\/4-1001\/","token":"4-1001"},"1":{"id":"875","structure_id":"267","section_number":"4-1002","catch_line":"DEPARTMENTAL ORGANIZATION.","url":"\/4-1002\/","token":"4-1002"},"2":{"id":"876","structure_id":"267","section_number":"4-1003","catch_line":"FUNCTIONS AND DUTIES OF THE DEPARTMENT.","url":"\/4-1003\/","token":"4-1003"},"3":{"id":"877","structure_id":"267","section_number":"4-1004","catch_line":"POLICY OF NONDISCRIMINATION.","url":"\/4-1004\/","token":"4-1004"},"4":{"id":"878","structure_id":"267","section_number":"4-1005","catch_line":"RESERVED.","url":"\/4-1005\/","token":"4-1005"},"5":{"id":"879","structure_id":"267","section_number":"4-1005","catch_line":"RESERVED. ","url":"\/4-1005\/","token":"4-1005"}},"previous_section":{"id":"875","structure_id":"267","section_number":"4-1002","catch_line":"DEPARTMENTAL ORGANIZATION.","url":"\/4-1002\/","token":"4-1002"},"next_section":{"id":"877","structure_id":"267","section_number":"4-1004","catch_line":"POLICY OF NONDISCRIMINATION.","url":"\/4-1004\/","token":"4-1004"},"references":false,"formats":{"txt":"\/4-1003.txt","json":"\/4-1003.xml"},"dublin_core":{"Title":"FUNCTIONS AND DUTIES OF THE DEPARTMENT.","Type":"Text","Format":"text\/html","Identifier":"\u00a7 4-1003","Relation":"Code of State"},"plain_text":"                                  CODE OF STATE\n\nFUNCTIONS AND DUTIES OF THE DEPARTMENT. (\u00a7 4-1003)\n\n(a) Documenting the needs of the citizens of Raleigh in terms of human services.\n\n(b) Documenting the services and opportunities that are presently available.\n\n(c) Determining what additional services and opportunities are needed and to\npropose appropriate and feasible new programs for meeting these needs.\n\n(d) Identifying those individuals within the community who are most likely going\nto benefit from the services and opportunities that are needed.\n\n(e) Providing a means for making all persons aware of the services and\nopportunities that are available.\n\n(f) Identifying and recommending responsible agents, including the State,\nCounty, private agencies, the City Community Services Department, and others to\nimplement and coordinate the programs for the provision of services.\n\n(g) Administering human service programs as designated by Council including the\ndelivery and evaluation of services based on assessed needs and provisions for\ncitizen participation in planning and delivery of services.\n\n(h) Performing other functions and duties as prescribed by the City Manager.\nCharter reference: Authority to engage in socio-economic programs, \u00a72.14(70). \nState law reference: Human relations programs, community action and manpower\ndevelopment, G.S. 160A-492.\n"}