{"law_id":"883","section_number":"4-1013","catch_line":"DUTIES, POWERS, AND FUNCTIONS.","history":"","order_by":"4-1013","metadata":false,"url":"\/4-1013\/","token":"4-1013","structure":{"1":{"id":"269","name":"ARTICLE B. - CIVIL RIGHTS UNIT","identifier":"B","label":"article","url":"\/II\/4\/1\/B\/"},"2":{"id":"266","name":"CHAPTER 1. - THE DEPARTMENT OF COMMUNITY SERVICES","identifier":"1","label":"chapter","url":"\/II\/4\/1\/"},"3":{"id":"265","name":"PART 4 - COMMUNITY SERVICES [1]","identifier":"4","label":"part","url":"\/II\/4\/"},"4":{"id":"5","name":"Division II - Planning and Development","identifier":"II","label":"division","url":"\/II\/"}},"referred_to_by":false,"edition_id":"1","section_id":"883","structure_id":"269","full_text":"(a) It is the intent of the Council that the unit of civil rights in its work will adopt the role of advocate rather than that of adversary.\r\r","text":{"0":{"id":"2474","text":"It is the intent of the Council that the unit of civil rights in its work will adopt the role of advocate rather than that of adversary.","type":"section","prefixes":["(a)"],"prefix":"(a)","entire_prefix":"(a)","prefix_anchor":"(a)","level":1},"1":{"id":"2475","text":"","type":"section","prefixes":["(b)"],"prefix":"(b)","entire_prefix":"(b)","prefix_anchor":"(b)","level":1},"2":{"id":"2476","text":"\tTo hear, investigate, conciliate and if necessary refer to appropriate enforcement agencies complaints of discrimination based on race, color, creed, sex, religion, national origin or age. \n","type":"section","prefixes":["(b)","(1)"],"prefix":"(1)","entire_prefix":"(b)(1)","prefix_anchor":"(b)(1)","level":2},"3":{"id":"2477","text":"\tTo recommend to the department such ordinances, resolutions and statements as will aid in carrying out the purposes of this unit. \n","type":"section","prefixes":["(b)","(2)"],"prefix":"(2)","entire_prefix":"(b)(2)","prefix_anchor":"(b)(2)","level":2},"4":{"id":"2478","text":"\tTo assist the Council and City Manager in implementing CityOrdinance No. (1969) &#8211; 889 as amended titled &#8220;An Ordinance Authorizing and Directing That All Resources of the City of Raleigh Be Utilized To Eradicate and [Prevent] Racial Discrimination.&#8221; \n","type":"section","prefixes":["(b)","(3)"],"prefix":"(3)","entire_prefix":"(b)(3)","prefix_anchor":"(b)(3)","level":2},"5":{"id":"2479","text":"\tTo inquire into the manner and extent of the observance of the non-discriminatory contract clause of Ordinance No. (1969)-889 as amended. \n","type":"section","prefixes":["(b)","(4)"],"prefix":"(4)","entire_prefix":"(b)(4)","prefix_anchor":"(b)(4)","level":2},"6":{"id":"2480","text":"\tTo be responsible for such other appropriate duties, responsibilities and powers as may be deemed necessary by the City Manager or Council. \n","type":"section","prefixes":["(b)","(5)"],"prefix":"(5)","entire_prefix":"(b)(5)","prefix_anchor":"(b)(5)","level":2},"7":{"id":"2481","text":"\tTo seek to discourage, prevent and stop discriminatory practices against any individual or group because of race, color, creed, sex, religion, national origin or age and to seek fair and just solutions to other controversies involving human relations. \n","type":"section","prefixes":["(b)","(6)"],"prefix":"(6)","entire_prefix":"(b)(6)","prefix_anchor":"(b)(6)","level":2},"8":{"id":"2482","text":"\tTo define, plan and implement community educational programs in the field of human relations and human rights with the intent of fostering mutual understanding and respect, acceptance, and equality of opportunity and treatment among various economic, social, age, religious, ethnic and racial groups within the City toward the end of preventing intergroup conflict, discrimination, alienation or unjust practices. \n(Ord. No. 1977-473, 3\/15\/77, Sec. 4)  \n","type":"section","prefixes":["(b)","(7)"],"prefix":"(7)","entire_prefix":"(b)(7)","prefix_anchor":"(b)(7)","level":2}},"ancestry":{"1":{"id":"269","name":"ARTICLE B. - CIVIL RIGHTS UNIT","identifier":"B","label":"article","url":"\/II\/4\/1\/B\/"},"2":{"id":"266","name":"CHAPTER 1. - THE DEPARTMENT OF COMMUNITY SERVICES","identifier":"1","label":"chapter","url":"\/II\/4\/1\/"},"3":{"id":"265","name":"PART 4 - COMMUNITY SERVICES [1]","identifier":"4","label":"part","url":"\/II\/4\/"},"4":{"id":"5","name":"Division II - Planning and Development","identifier":"II","label":"division","url":"\/II\/"}},"structure_contents":{"0":{"id":"881","structure_id":"269","section_number":"4-1011","catch_line":"PURPOSE.","url":"\/4-1011\/","token":"4-1011"},"1":{"id":"882","structure_id":"269","section_number":"4-1012","catch_line":"STAFF.","url":"\/4-1012\/","token":"4-1012"},"2":{"id":"883","structure_id":"269","section_number":"4-1013","catch_line":"DUTIES, POWERS, AND FUNCTIONS.","url":"\/4-1013\/","token":"4-1013"}},"previous_section":{"id":"882","structure_id":"269","section_number":"4-1012","catch_line":"STAFF.","url":"\/4-1012\/","token":"4-1012"},"references":false,"formats":{"txt":"\/4-1013.txt","json":"\/4-1013.xml"},"dublin_core":{"Title":"DUTIES, POWERS, AND FUNCTIONS.","Type":"Text","Format":"text\/html","Identifier":"\u00a7 4-1013","Relation":"Code of State"},"plain_text":"                                  CODE OF STATE\n\nDUTIES, POWERS, AND FUNCTIONS. (\u00a7 4-1013)\n\n(a) It is the intent of the Council that the unit of civil rights in its work\nwill adopt the role of advocate rather than that of adversary.\n\n(b) \n\n   (1) \tTo hear, investigate, conciliate and if necessary refer to appropriate\n   enforcement agencies complaints of discrimination based on race, color, creed,\n   sex, religion, national origin or age. \n   \n\n   (2) \tTo recommend to the department such ordinances, resolutions and\n   statements as will aid in carrying out the purposes of this unit. \n   \n\n   (3) \tTo assist the Council and City Manager in implementing CityOrdinance No.\n   (1969) &#8211; 889 as amended titled &#8220;An Ordinance Authorizing and\n   Directing That All Resources of the City of Raleigh Be Utilized To Eradicate\n   and [Prevent] Racial Discrimination.&#8221; \n   \n\n   (4) \tTo inquire into the manner and extent of the observance of the\n   non-discriminatory contract clause of Ordinance No. (1969)-889 as amended. \n   \n\n   (5) \tTo be responsible for such other appropriate duties, responsibilities and\n   powers as may be deemed necessary by the City Manager or Council. \n   \n\n   (6) \tTo seek to discourage, prevent and stop discriminatory practices against\n   any individual or group because of race, color, creed, sex, religion, national\n   origin or age and to seek fair and just solutions to other controversies\n   involving human relations. \n   \n\n   (7) \tTo define, plan and implement community educational programs in the field\n   of human relations and human rights with the intent of fostering mutual\n   understanding and respect, acceptance, and equality of opportunity and\n   treatment among various economic, social, age, religious, ethnic and racial\n   groups within the City toward the end of preventing intergroup conflict,\n   discrimination, alienation or unjust practices. \n   (Ord. No. 1977-473, 3\/15\/77, Sec. 4)\n"}