{"law_id":"93","section_number":"5-2045","catch_line":"SMOKE DETECTORS REQUIRED.","history":"","order_by":"5-2045","metadata":false,"url":"\/5-2045\/","token":"5-2045","structure":{"1":{"id":"43","name":"ARTICLE B. - FIRE PREVENTION [1]","identifier":"B","label":"article","url":"\/II\/5\/2\/B\/"},"2":{"id":"41","name":"CHAPTER 2. - FIRE PROTECTION AND PREVENTION","identifier":"2","label":"chapter","url":"\/II\/5\/2\/"},"3":{"id":"34","name":"PART 5 - PUBLIC SAFETY","identifier":"5","label":"part","url":"\/II\/5\/"},"4":{"id":"5","name":"Division II - Planning and Development","identifier":"II","label":"division","url":"\/II\/"}},"referred_to_by":false,"edition_id":"1","section_id":"93","structure_id":"43","full_text":"(a) Smoke Detectors Required. \nEvery owner of a rental residential dwelling unit lawfully constructed without smoke detectors shall install a smoke detector mounted on the ceiling or wall on every level, at a point centrally located in the corridor or area giving access to each group of rooms used for sleeping purposes and in common stairwells in each dwelling unit. Installation must be complete and smoke detectors fully operable within one hundred eighty (180) days after the application of this section.\r\r(c) Maintenance. \nThe owner of every rental residential unit where a smoke detector is installed pursuant to this section shall maintain and ensure that the smoke detector is kept in good working order at all times. If a battery-operated smoke detector is used, the batteries shall be replaced at least once per year. \n(Ord. No. 2011-873-TC-344, \u00a71, TC-6-11, 5-3-11) \nState law reference: 1991 Session Laws Chapter 312 \u00a72.\r\r","text":{"0":{"id":"186","text":"Smoke Detectors Required. \nEvery owner of a rental residential dwelling unit lawfully constructed without smoke detectors shall install a smoke detector mounted on the ceiling or wall on every level, at a point centrally located in the corridor or area giving access to each group of rooms used for sleeping purposes and in common stairwells in each dwelling unit. Installation must be complete and smoke detectors fully operable within one hundred eighty (180) days after the application of this section.","type":"section","prefixes":["(a)"],"prefix":"(a)","entire_prefix":"(a)","prefix_anchor":"(a)","level":1},"1":{"id":"187","text":"","type":"section","prefixes":["(b)"],"prefix":"(b)","entire_prefix":"(b)","prefix_anchor":"(b)","level":1},"2":{"id":"188","text":"\tBe listed by an agency approved by the N.C. State Building Code Council; and \n","type":"section","prefixes":["(b)","(1)"],"prefix":"(1)","entire_prefix":"(b)(1)","prefix_anchor":"(b)(1)","level":2},"3":{"id":"189","text":"\tBe powered by batteries or by a non-switchable AC source (attached to the building&#8217;s electrical current and not contain a switch outside the main panel box); and \n","type":"section","prefixes":["(b)","(2)"],"prefix":"(2)","entire_prefix":"(b)(2)","prefix_anchor":"(b)(2)","level":2},"4":{"id":"190","text":"\tBe installed in accordance with the manufacturer&#8217;s instructions; and\n","type":"section","prefixes":["(b)","(3)"],"prefix":"(3)","entire_prefix":"(b)(3)","prefix_anchor":"(b)(3)","level":2},"5":{"id":"191","text":"\tBe activated and provide an audible alarm.\n","type":"section","prefixes":["(b)","(4)"],"prefix":"(4)","entire_prefix":"(b)(4)","prefix_anchor":"(b)(4)","level":2},"6":{"id":"192","text":"Maintenance. \nThe owner of every rental residential unit where a smoke detector is installed pursuant to this section shall maintain and ensure that the smoke detector is kept in good working order at all times. If a battery-operated smoke detector is used, the batteries shall be replaced at least once per year. \n(Ord. No. 2011-873-TC-344, \u00a71, TC-6-11, 5-3-11) \nState law reference: 1991 Session Laws Chapter 312 \u00a72.","type":"section","prefixes":["(c)"],"prefix":"(c)","entire_prefix":"(c)","prefix_anchor":"(c)","level":1}},"ancestry":{"1":{"id":"43","name":"ARTICLE B. - FIRE PREVENTION [1]","identifier":"B","label":"article","url":"\/II\/5\/2\/B\/"},"2":{"id":"41","name":"CHAPTER 2. - FIRE PROTECTION AND PREVENTION","identifier":"2","label":"chapter","url":"\/II\/5\/2\/"},"3":{"id":"34","name":"PART 5 - PUBLIC SAFETY","identifier":"5","label":"part","url":"\/II\/5\/"},"4":{"id":"5","name":"Division II - Planning and Development","identifier":"II","label":"division","url":"\/II\/"}},"structure_contents":{"0":{"id":"77","structure_id":"43","section_number":"5-2031","catch_line":"TITLE AND INTENT.","url":"\/5-2031\/","token":"5-2031"},"1":{"id":"78","structure_id":"43","section_number":"5-2032","catch_line":"FIRE PREVENTION CODE ADOPTED.","url":"\/5-2032\/","token":"5-2032"},"2":{"id":"79","structure_id":"43","section_number":"5-2033","catch_line":"JURISDICTION.","url":"\/5-2033\/","token":"5-2033"},"3":{"id":"80","structure_id":"43","section_number":"5-2034","catch_line":"RESPONSIBILITY FOR ENFORCEMENT; FIRE PREVENTION BUREAU.","url":"\/5-2034\/","token":"5-2034"},"4":{"id":"82","structure_id":"43","section_number":"5-2035","catch_line":"PRIMARY AND SECONDARY FIRE DISTRICTS.","url":"\/5-2035\/","token":"5-2035"},"5":{"id":"83","structure_id":"43","section_number":"5-2036","catch_line":"ELECTRIC SERVICE ENTRANCES IN FIRE DISTRICTS.","url":"\/5-2036\/","token":"5-2036"},"6":{"id":"84","structure_id":"43","section_number":"5-2037","catch_line":"FLAMMABLE LIQUIDS STORAGE; RESTRICTIONS ON LOCATION.","url":"\/5-2037\/","token":"5-2037"},"7":{"id":"85","structure_id":"43","section_number":"5-2038","catch_line":"REGULATION OF LIQUID PROPANE GAS TANKS.","url":"\/5-2038\/","token":"5-2038"},"8":{"id":"86","structure_id":"43","section_number":"5-2039","catch_line":"ISSUANCE OF BLASTING PERMITS; REQUIREMENTS.","url":"\/5-2039\/","token":"5-2039"},"9":{"id":"87","structure_id":"43","section_number":"5-2040","catch_line":"KEY BOX SYSTEM.","url":"\/5-2040\/","token":"5-2040"},"10":{"id":"88","structure_id":"43","section_number":"5-2041","catch_line":"INSPECTIONS FOR EXISTING BUILDINGS.","url":"\/5-2041\/","token":"5-2041"},"11":{"id":"89","structure_id":"43","section_number":"5-2042","catch_line":"OPERATIONAL PERMITS AND FEES.","url":"\/5-2042\/","token":"5-2042"},"12":{"id":"90","structure_id":"43","section_number":"5-2043","catch_line":"NEW CONSTRUCTION INSPECTION, PERMITS AND FEES.","url":"\/5-2043\/","token":"5-2043"},"13":{"id":"91","structure_id":"43","section_number":"5-2044","catch_line":"FIRE FINAL INSPECTIONS.","url":"\/5-2044\/","token":"5-2044"},"14":{"id":"93","structure_id":"43","section_number":"5-2045","catch_line":"SMOKE DETECTORS REQUIRED.","url":"\/5-2045\/","token":"5-2045"},"15":{"id":"94","structure_id":"43","section_number":"5-2046","catch_line":"NEW MATERIALS; TESTING AND APPROVAL.","url":"\/5-2046\/","token":"5-2046"},"16":{"id":"95","structure_id":"43","section_number":"5-2047","catch_line":"OVERSIGHT NOT TO LEGALIZE VIOLATION.","url":"\/5-2047\/","token":"5-2047"},"17":{"id":"96","structure_id":"43","section_number":"5-2048","catch_line":"PENALTIES FOR VIOLATIONS OF FIRE PREVENTION CODE.","url":"\/5-2048\/","token":"5-2048"}},"previous_section":{"id":"91","structure_id":"43","section_number":"5-2044","catch_line":"FIRE FINAL INSPECTIONS.","url":"\/5-2044\/","token":"5-2044"},"next_section":{"id":"94","structure_id":"43","section_number":"5-2046","catch_line":"NEW MATERIALS; TESTING AND APPROVAL.","url":"\/5-2046\/","token":"5-2046"},"references":{"0":{"id":"96","section_number":"5-2048","catch_line":"PENALTIES FOR VIOLATIONS OF FIRE PREVENTION CODE.","url":"http:\/\/localhost:8888\/5-2048\/"},"1":{"id":"97","section_number":"II-5-3001","catch_line":"DEFINITIONS.","url":"http:\/\/localhost:8888\/II-5-3001\/"},"2":{"id":"98","section_number":"II-5-3002","catch_line":"CREATION.","url":"http:\/\/localhost:8888\/II-5-3002\/"},"3":{"id":"99","section_number":"II-5-3003","catch_line":"ANNUAL APPROPRIATION.","url":"http:\/\/localhost:8888\/II-5-3003\/"},"4":{"id":"100","section_number":"II-5-3004","catch_line":"GIFTS, BEQUESTS, ETC.; AUTHORITY TO ACCEPT.","url":"http:\/\/localhost:8888\/II-5-3004\/"},"5":{"id":"101","section_number":"II-5-3005","catch_line":"REWARD OR COMPENSATION TO POLICEMEN OR FIREMEN, PAYMENT INTO FUND.","url":"http:\/\/localhost:8888\/II-5-3005\/"},"6":{"id":"102","section_number":"II-5-3006","catch_line":"TRANSFER OF FUNDS PROHIBITED.","url":"http:\/\/localhost:8888\/II-5-3006\/"},"7":{"id":"104","section_number":"II-5-3007","catch_line":"PREREQUISITES FOR BENEFITS.","url":"http:\/\/localhost:8888\/II-5-3007\/"},"8":{"id":"105","section_number":"II-5-3008","catch_line":"INJURIES NOT COVERED.","url":"http:\/\/localhost:8888\/II-5-3008\/"},"9":{"id":"106","section_number":"II-5-3009","catch_line":"RELATION TO WORKERS' COMPENSATION ACT.","url":"http:\/\/localhost:8888\/II-5-3009\/"},"10":{"id":"107","section_number":"II-5-3010","catch_line":"BENEFITS AS DELAYED COMPENSATION.","url":"http:\/\/localhost:8888\/II-5-3010\/"},"11":{"id":"108","section_number":"II-5-3011","catch_line":"ADMINISTRATIVE OFFICER.","url":"http:\/\/localhost:8888\/II-5-3011\/"},"12":{"id":"109","section_number":"II-5-3012","catch_line":"WORKERS' COMPENSATION ACT INCORPORATED BY REFERENCE.","url":"http:\/\/localhost:8888\/II-5-3012\/"},"13":{"id":"110","section_number":"II-5-4001","catch_line":"VOLUNTEER POLICE AND FIRE OFFICERS, AUTHORITY TO ORGANIZE.","url":"http:\/\/localhost:8888\/II-5-4001\/"},"14":{"id":"111","section_number":"II-5-4002","catch_line":"REGULATED THE SAME AS REGULAR POLICE AND FIRE OFFICERS.","url":"http:\/\/localhost:8888\/II-5-4002\/"},"15":{"id":"112","section_number":"II-5-4003","catch_line":"NO COMPENSATION; PAYMENT OF BOND PREMIUM.","url":"http:\/\/localhost:8888\/II-5-4003\/"},"16":{"id":"113","section_number":"II-5-4004","catch_line":"CALLING FOR DUTY OR TRAINING.","url":"http:\/\/localhost:8888\/II-5-4004\/"},"17":{"id":"115","section_number":"II-5-4005","catch_line":"WORKERS' COMPENSATION AND INSURANCE.","url":"http:\/\/localhost:8888\/II-5-4005\/"}},"formats":{"txt":"\/5-2045.txt","json":"\/5-2045.xml"},"dublin_core":{"Title":"SMOKE DETECTORS REQUIRED.","Type":"Text","Format":"text\/html","Identifier":"\u00a7 5-2045","Relation":"Code of State"},"plain_text":"                                  CODE OF STATE\n\nSMOKE DETECTORS REQUIRED. (\u00a7 5-2045)\n\n(a) Smoke Detectors Required. \nEvery owner of a rental residential dwelling unit lawfully constructed without\nsmoke detectors shall install a smoke detector mounted on the ceiling or wall on\nevery level, at a point centrally located in the corridor or area giving access\nto each group of rooms used for sleeping purposes and in common stairwells in\neach dwelling unit. Installation must be complete and smoke detectors fully\noperable within one hundred eighty (180) days after the application of this\nsection.\n\n(b) \n\n   (1) \tBe listed by an agency approved by the N.C. State Building Code Council;\n   and \n   \n\n   (2) \tBe powered by batteries or by a non-switchable AC source (attached to the\n   building&#8217;s electrical current and not contain a switch outside the main\n   panel box); and \n   \n\n   (3) \tBe installed in accordance with the manufacturer&#8217;s instructions;\n   and\n   \n\n   (4) \tBe activated and provide an audible alarm.\n   \n\n(c) Maintenance. \nThe owner of every rental residential unit where a smoke detector is installed\npursuant to this section shall maintain and ensure that the smoke detector is\nkept in good working order at all times. If a battery-operated smoke detector is\nused, the batteries shall be replaced at least once per year. \n(Ord. No. 2011-873-TC-344, \u00a71, TC-6-11, 5-3-11) \nState law reference: 1991 Session Laws Chapter 312 \u00a72.\n"}