{"law_id":"80","section_number":"5-2034","catch_line":"RESPONSIBILITY FOR ENFORCEMENT; FIRE PREVENTION BUREAU.","history":"","order_by":"5-2034","metadata":false,"url":"\/5-2034\/","token":"5-2034","structure":{"1":{"id":"43","name":"ARTICLE B. - FIRE PREVENTION [1]","identifier":"B","label":"article","url":"\/II\/5\/2\/B\/"},"2":{"id":"41","name":"CHAPTER 2. - FIRE PROTECTION AND PREVENTION","identifier":"2","label":"chapter","url":"\/II\/5\/2\/"},"3":{"id":"34","name":"PART 5 - PUBLIC SAFETY","identifier":"5","label":"part","url":"\/II\/5\/"},"4":{"id":"5","name":"Division II - Planning and Development","identifier":"II","label":"division","url":"\/II\/"}},"referred_to_by":false,"edition_id":"1","section_id":"80","structure_id":"43","full_text":"(a) The Fire Prevention Code shall be enforced by the Fire Prevention Bureau within the Fire Department of the City, which shall be operated under the supervision of the Fire Chief.\r\r(b) The Chief in charge of the Fire Prevention Bureau, also known as the Fire Marshal, shall be appointed by the Chief of the Fire Department on the basis of the merit principle, and shall serve at the pleasure of the Fire Chief.\r\r(c) The Chief of the Fire Department may detail such members of Fire Department as fire prevention inspectors as he may determine necessary. \n(Ord. No. 2011-873-TC-344, \u00a71, TC-6-11, 5-3-11)\r\r","text":{"0":{"id":"140","text":"The Fire Prevention Code shall be enforced by the Fire Prevention Bureau within the Fire Department of the City, which shall be operated under the supervision of the Fire Chief.","type":"section","prefixes":["(a)"],"prefix":"(a)","entire_prefix":"(a)","prefix_anchor":"(a)","level":1},"1":{"id":"141","text":"The Chief in charge of the Fire Prevention Bureau, also known as the Fire Marshal, shall be appointed by the Chief of the Fire Department on the basis of the merit principle, and shall serve at the pleasure of the Fire Chief.","type":"section","prefixes":["(b)"],"prefix":"(b)","entire_prefix":"(b)","prefix_anchor":"(b)","level":1},"2":{"id":"142","text":"The Chief of the Fire Department may detail such members of Fire Department as fire prevention inspectors as he may determine necessary. \n(Ord. No. 2011-873-TC-344, \u00a71, TC-6-11, 5-3-11)","type":"section","prefixes":["(c)"],"prefix":"(c)","entire_prefix":"(c)","prefix_anchor":"(c)","level":1}},"ancestry":{"1":{"id":"43","name":"ARTICLE B. - FIRE PREVENTION [1]","identifier":"B","label":"article","url":"\/II\/5\/2\/B\/"},"2":{"id":"41","name":"CHAPTER 2. - FIRE PROTECTION AND PREVENTION","identifier":"2","label":"chapter","url":"\/II\/5\/2\/"},"3":{"id":"34","name":"PART 5 - PUBLIC SAFETY","identifier":"5","label":"part","url":"\/II\/5\/"},"4":{"id":"5","name":"Division II - Planning and Development","identifier":"II","label":"division","url":"\/II\/"}},"structure_contents":{"0":{"id":"77","structure_id":"43","section_number":"5-2031","catch_line":"TITLE AND INTENT.","url":"\/5-2031\/","token":"5-2031"},"1":{"id":"78","structure_id":"43","section_number":"5-2032","catch_line":"FIRE PREVENTION CODE ADOPTED.","url":"\/5-2032\/","token":"5-2032"},"2":{"id":"79","structure_id":"43","section_number":"5-2033","catch_line":"JURISDICTION.","url":"\/5-2033\/","token":"5-2033"},"3":{"id":"80","structure_id":"43","section_number":"5-2034","catch_line":"RESPONSIBILITY FOR ENFORCEMENT; FIRE PREVENTION BUREAU.","url":"\/5-2034\/","token":"5-2034"},"4":{"id":"82","structure_id":"43","section_number":"5-2035","catch_line":"PRIMARY AND SECONDARY FIRE DISTRICTS.","url":"\/5-2035\/","token":"5-2035"},"5":{"id":"83","structure_id":"43","section_number":"5-2036","catch_line":"ELECTRIC SERVICE ENTRANCES IN FIRE DISTRICTS.","url":"\/5-2036\/","token":"5-2036"},"6":{"id":"84","structure_id":"43","section_number":"5-2037","catch_line":"FLAMMABLE LIQUIDS STORAGE; RESTRICTIONS ON LOCATION.","url":"\/5-2037\/","token":"5-2037"},"7":{"id":"85","structure_id":"43","section_number":"5-2038","catch_line":"REGULATION OF LIQUID PROPANE GAS TANKS.","url":"\/5-2038\/","token":"5-2038"},"8":{"id":"86","structure_id":"43","section_number":"5-2039","catch_line":"ISSUANCE OF BLASTING PERMITS; REQUIREMENTS.","url":"\/5-2039\/","token":"5-2039"},"9":{"id":"87","structure_id":"43","section_number":"5-2040","catch_line":"KEY BOX SYSTEM.","url":"\/5-2040\/","token":"5-2040"},"10":{"id":"88","structure_id":"43","section_number":"5-2041","catch_line":"INSPECTIONS FOR EXISTING BUILDINGS.","url":"\/5-2041\/","token":"5-2041"},"11":{"id":"89","structure_id":"43","section_number":"5-2042","catch_line":"OPERATIONAL PERMITS AND FEES.","url":"\/5-2042\/","token":"5-2042"},"12":{"id":"90","structure_id":"43","section_number":"5-2043","catch_line":"NEW CONSTRUCTION INSPECTION, PERMITS AND FEES.","url":"\/5-2043\/","token":"5-2043"},"13":{"id":"91","structure_id":"43","section_number":"5-2044","catch_line":"FIRE FINAL INSPECTIONS.","url":"\/5-2044\/","token":"5-2044"},"14":{"id":"93","structure_id":"43","section_number":"5-2045","catch_line":"SMOKE DETECTORS REQUIRED.","url":"\/5-2045\/","token":"5-2045"},"15":{"id":"94","structure_id":"43","section_number":"5-2046","catch_line":"NEW MATERIALS; TESTING AND APPROVAL.","url":"\/5-2046\/","token":"5-2046"},"16":{"id":"95","structure_id":"43","section_number":"5-2047","catch_line":"OVERSIGHT NOT TO LEGALIZE VIOLATION.","url":"\/5-2047\/","token":"5-2047"},"17":{"id":"96","structure_id":"43","section_number":"5-2048","catch_line":"PENALTIES FOR VIOLATIONS OF FIRE PREVENTION CODE.","url":"\/5-2048\/","token":"5-2048"}},"previous_section":{"id":"79","structure_id":"43","section_number":"5-2033","catch_line":"JURISDICTION.","url":"\/5-2033\/","token":"5-2033"},"next_section":{"id":"82","structure_id":"43","section_number":"5-2035","catch_line":"PRIMARY AND SECONDARY FIRE DISTRICTS.","url":"\/5-2035\/","token":"5-2035"},"references":false,"formats":{"txt":"\/5-2034.txt","json":"\/5-2034.xml"},"dublin_core":{"Title":"RESPONSIBILITY FOR ENFORCEMENT; FIRE PREVENTION BUREAU.","Type":"Text","Format":"text\/html","Identifier":"\u00a7 5-2034","Relation":"Code of State"},"plain_text":"                                  CODE OF STATE\n\nRESPONSIBILITY FOR ENFORCEMENT; FIRE PREVENTION BUREAU. (\u00a7 5-2034)\n\n(a) The Fire Prevention Code shall be enforced by the Fire Prevention Bureau\nwithin the Fire Department of the City, which shall be operated under the\nsupervision of the Fire Chief.\n\n(b) The Chief in charge of the Fire Prevention Bureau, also known as the Fire\nMarshal, shall be appointed by the Chief of the Fire Department on the basis of\nthe merit principle, and shall serve at the pleasure of the Fire Chief.\n\n(c) The Chief of the Fire Department may detail such members of Fire Department\nas fire prevention inspectors as he may determine necessary. \n(Ord. No. 2011-873-TC-344, \u00a71, TC-6-11, 5-3-11)\n"}