{"law_id":"64","section_number":"5-2004","catch_line":"COMMAND AT FIRES; DUTIES OF FIRE CHIEF.","history":"","order_by":"5-2004","metadata":false,"url":"\/5-2004\/","token":"5-2004","structure":{"1":{"id":"42","name":"ARTICLE A. - THE FIRE DEPARTMENT","identifier":"A","label":"article","url":"\/II\/5\/2\/A\/"},"2":{"id":"41","name":"CHAPTER 2. - FIRE PROTECTION AND PREVENTION","identifier":"2","label":"chapter","url":"\/II\/5\/2\/"},"3":{"id":"34","name":"PART 5 - PUBLIC SAFETY","identifier":"5","label":"part","url":"\/II\/5\/"},"4":{"id":"5","name":"Division II - Planning and Development","identifier":"II","label":"division","url":"\/II\/"}},"referred_to_by":false,"edition_id":"1","section_id":"64","structure_id":"42","full_text":"(a) The captain of the company arriving first at the fire shall command the Fire Department until the arrival of the Chief or Assistant Chief, who shall immediately take control, and their orders shall be obeyed promptly.\r\r(b) The Chief shall have control of all property of the Fire Department; and shall inspect it once in every week and see that everything is kept in a condition for efficient service.\r\r(c) The Chief shall have power to make all rules and regulations subject to the legislative control of the Council and approval by the City Manager.\r\r(d) The Chief shall make monthly and annual inspection of the apparatus of the whole department, and make a report of same and of all fires to the City Manager.\r\r(e) During fires and inspections the Chief shall control all fireplugs, maintain order among the firefighters, and do all things proper for the efficient operation of the department.\r\r(f) The Chief shall examine all fire alarm boxes as often as necessary, shall have all repairs immediately attended to and shall examine all fire hydrants at least once in six (6) months, and shall make a report thereof to the City Manager.\r\r(g) Whenever any examination or inspection of Fire Department equipment or property, fire hydrants, fire alarm boxes, or other fixtures or equipment shall be required by this article or by any other ordinance to be made by the Chief of the Fire Department, the Chief is hereby authorized to delegate these such duties to such employees of the City as he may designate and to require reports with respect thereto as he may deem proper; but it shall remain the responsibility of the Chief to enforce such delegated duties and to require the employees so designated by him to carry out these duties in a timely, efficient and proper manner. If the inspections are not paid within forty-five (45) days from the date of the inspection a fifty dollar ($50.00) late fee will be assessed in addition to the inspection fee. \n(Code 1959 , \u00a710-3; Ord. No. 2002-346, \u00a71, 12-18-02)\r\r","text":{"0":{"id":"117","text":"The captain of the company arriving first at the fire shall command the Fire Department until the arrival of the Chief or Assistant Chief, who shall immediately take control, and their orders shall be obeyed promptly.","type":"section","prefixes":["(a)"],"prefix":"(a)","entire_prefix":"(a)","prefix_anchor":"(a)","level":1},"1":{"id":"118","text":"The Chief shall have control of all property of the Fire Department; and shall inspect it once in every week and see that everything is kept in a condition for efficient service.","type":"section","prefixes":["(b)"],"prefix":"(b)","entire_prefix":"(b)","prefix_anchor":"(b)","level":1},"2":{"id":"119","text":"The Chief shall have power to make all rules and regulations subject to the legislative control of the Council and approval by the City Manager.","type":"section","prefixes":["(c)"],"prefix":"(c)","entire_prefix":"(c)","prefix_anchor":"(c)","level":1},"3":{"id":"120","text":"The Chief shall make monthly and annual inspection of the apparatus of the whole department, and make a report of same and of all fires to the City Manager.","type":"section","prefixes":["(d)"],"prefix":"(d)","entire_prefix":"(d)","prefix_anchor":"(d)","level":1},"4":{"id":"121","text":"During fires and inspections the Chief shall control all fireplugs, maintain order among the firefighters, and do all things proper for the efficient operation of the department.","type":"section","prefixes":["(e)"],"prefix":"(e)","entire_prefix":"(e)","prefix_anchor":"(e)","level":1},"5":{"id":"122","text":"The Chief shall examine all fire alarm boxes as often as necessary, shall have all repairs immediately attended to and shall examine all fire hydrants at least once in six (6) months, and shall make a report thereof to the City Manager.","type":"section","prefixes":["(f)"],"prefix":"(f)","entire_prefix":"(f)","prefix_anchor":"(f)","level":1},"6":{"id":"123","text":"Whenever any examination or inspection of Fire Department equipment or property, fire hydrants, fire alarm boxes, or other fixtures or equipment shall be required by this article or by any other ordinance to be made by the Chief of the Fire Department, the Chief is hereby authorized to delegate these such duties to such employees of the City as he may designate and to require reports with respect thereto as he may deem proper; but it shall remain the responsibility of the Chief to enforce such delegated duties and to require the employees so designated by him to carry out these duties in a timely, efficient and proper manner. If the inspections are not paid within forty-five (45) days from the date of the inspection a fifty dollar ($50.00) late fee will be assessed in addition to the inspection fee. \n(Code 1959 , \u00a710-3; Ord. No. 2002-346, \u00a71, 12-18-02)","type":"section","prefixes":["(g)"],"prefix":"(g)","entire_prefix":"(g)","prefix_anchor":"(g)","level":1}},"ancestry":{"1":{"id":"42","name":"ARTICLE A. - THE FIRE DEPARTMENT","identifier":"A","label":"article","url":"\/II\/5\/2\/A\/"},"2":{"id":"41","name":"CHAPTER 2. - FIRE PROTECTION AND PREVENTION","identifier":"2","label":"chapter","url":"\/II\/5\/2\/"},"3":{"id":"34","name":"PART 5 - PUBLIC SAFETY","identifier":"5","label":"part","url":"\/II\/5\/"},"4":{"id":"5","name":"Division II - Planning and Development","identifier":"II","label":"division","url":"\/II\/"}},"structure_contents":{"0":{"id":"61","structure_id":"42","section_number":"5-2001","catch_line":"FIRE CHIEF, OFFICERS AND EMPLOYEES.","url":"\/5-2001\/","token":"5-2001"},"1":{"id":"62","structure_id":"42","section_number":"5-2002","catch_line":"FUNCTIONS AND DUTIES OF THE DEPARTMENT.","url":"\/5-2002\/","token":"5-2002"},"2":{"id":"63","structure_id":"42","section_number":"5-2003","catch_line":"COMPOSITION OF COMPANIES; RESIDENCE OF MEMBERS.","url":"\/5-2003\/","token":"5-2003"},"3":{"id":"64","structure_id":"42","section_number":"5-2004","catch_line":"COMMAND AT FIRES; DUTIES OF FIRE CHIEF.","url":"\/5-2004\/","token":"5-2004"},"4":{"id":"65","structure_id":"42","section_number":"5-2005","catch_line":"DUTIES OF CHIEF OF POLICE AT FIRES.","url":"\/5-2005\/","token":"5-2005"},"5":{"id":"66","structure_id":"42","section_number":"5-2006","catch_line":"DRIVING VEHICLE IN STREETS WHERE DEPARTMENT ASSEMBLED.","url":"\/5-2006\/","token":"5-2006"},"6":{"id":"67","structure_id":"42","section_number":"5-2007","catch_line":"CONGREGATING IN STREETS NEAR FIRE.","url":"\/5-2007\/","token":"5-2007"},"7":{"id":"68","structure_id":"42","section_number":"5-2008","catch_line":"DUTIES OF PERSONS OR CORPORATIONS ERECTING OR MAINTAINING TELEPHONE, TELEGRAPH, OR ELECTRIC WIRES.","url":"\/5-2008\/","token":"5-2008"},"8":{"id":"69","structure_id":"42","section_number":"5-2009","catch_line":"FIRE APPARATUS LEAVING CITY.","url":"\/5-2009\/","token":"5-2009"},"9":{"id":"71","structure_id":"42","section_number":"5-2010","catch_line":"FIRE APPARATUS TO HAVE RIGHT-OF-WAY.","url":"\/5-2010\/","token":"5-2010"},"10":{"id":"72","structure_id":"42","section_number":"5-2011","catch_line":"INTERFERENCE WITH FIREFIGHTER; GETTING ON OR OFF APPARATUS; LOITERING; MEDDLING WITH APPARATUS.","url":"\/5-2011\/","token":"5-2011"},"11":{"id":"73","structure_id":"42","section_number":"5-2012","catch_line":"INTERFERENCE WITH FIRE ALARM SYSTEM.","url":"\/5-2012\/","token":"5-2012"},"12":{"id":"74","structure_id":"42","section_number":"5-2013","catch_line":"FALSE FIRE ALARMS.","url":"\/5-2013\/","token":"5-2013"},"13":{"id":"75","structure_id":"42","section_number":"5-2014","catch_line":"RESERVED.","url":"\/5-2014\/","token":"5-2014"},"14":{"id":"76","structure_id":"42","section_number":"5-2014","catch_line":"RESERVED. ","url":"\/5-2014\/","token":"5-2014"}},"previous_section":{"id":"63","structure_id":"42","section_number":"5-2003","catch_line":"COMPOSITION OF COMPANIES; RESIDENCE OF MEMBERS.","url":"\/5-2003\/","token":"5-2003"},"next_section":{"id":"65","structure_id":"42","section_number":"5-2005","catch_line":"DUTIES OF CHIEF OF POLICE AT FIRES.","url":"\/5-2005\/","token":"5-2005"},"references":false,"formats":{"txt":"\/5-2004.txt","json":"\/5-2004.xml"},"dublin_core":{"Title":"COMMAND AT FIRES; DUTIES OF FIRE CHIEF.","Type":"Text","Format":"text\/html","Identifier":"\u00a7 5-2004","Relation":"Code of State"},"plain_text":"                                  CODE OF STATE\n\nCOMMAND AT FIRES; DUTIES OF FIRE CHIEF. (\u00a7 5-2004)\n\n(a) The captain of the company arriving first at the fire shall command the Fire\nDepartment until the arrival of the Chief or Assistant Chief, who shall\nimmediately take control, and their orders shall be obeyed promptly.\n\n(b) The Chief shall have control of all property of the Fire Department; and\nshall inspect it once in every week and see that everything is kept in a\ncondition for efficient service.\n\n(c) The Chief shall have power to make all rules and regulations subject to the\nlegislative control of the Council and approval by the City Manager.\n\n(d) The Chief shall make monthly and annual inspection of the apparatus of the\nwhole department, and make a report of same and of all fires to the City\nManager.\n\n(e) During fires and inspections the Chief shall control all fireplugs, maintain\norder among the firefighters, and do all things proper for the efficient\noperation of the department.\n\n(f) The Chief shall examine all fire alarm boxes as often as necessary, shall\nhave all repairs immediately attended to and shall examine all fire hydrants at\nleast once in six (6) months, and shall make a report thereof to the City\nManager.\n\n(g) Whenever any examination or inspection of Fire Department equipment or\nproperty, fire hydrants, fire alarm boxes, or other fixtures or equipment shall\nbe required by this article or by any other ordinance to be made by the Chief of\nthe Fire Department, the Chief is hereby authorized to delegate these such\nduties to such employees of the City as he may designate and to require reports\nwith respect thereto as he may deem proper; but it shall remain the\nresponsibility of the Chief to enforce such delegated duties and to require the\nemployees so designated by him to carry out these duties in a timely, efficient\nand proper manner. If the inspections are not paid within forty-five (45) days\nfrom the date of the inspection a fifty dollar ($50.00) late fee will be\nassessed in addition to the inspection fee. \n(Code 1959 , \u00a710-3; Ord. No. 2002-346, \u00a71, 12-18-02)\n"}