{"law_id":"78","section_number":"5-2032","catch_line":"FIRE PREVENTION CODE ADOPTED.","history":"","order_by":"5-2032","metadata":false,"url":"\/5-2032\/","token":"5-2032","structure":{"1":{"id":"43","name":"ARTICLE B. - FIRE PREVENTION [1]","identifier":"B","label":"article","url":"\/II\/5\/2\/B\/"},"2":{"id":"41","name":"CHAPTER 2. - FIRE PROTECTION AND PREVENTION","identifier":"2","label":"chapter","url":"\/II\/5\/2\/"},"3":{"id":"34","name":"PART 5 - PUBLIC SAFETY","identifier":"5","label":"part","url":"\/II\/5\/"},"4":{"id":"5","name":"Division II - Planning and Development","identifier":"II","label":"division","url":"\/II\/"}},"referred_to_by":{"0":{"id":"96","section_number":"5-2048","catch_line":"PENALTIES FOR VIOLATIONS OF FIRE PREVENTION CODE.","url":"http:\/\/localhost:8888\/5-2048\/"},"1":{"id":"97","section_number":"II-5-3001","catch_line":"DEFINITIONS.","url":"http:\/\/localhost:8888\/II-5-3001\/"},"2":{"id":"98","section_number":"II-5-3002","catch_line":"CREATION.","url":"http:\/\/localhost:8888\/II-5-3002\/"},"3":{"id":"99","section_number":"II-5-3003","catch_line":"ANNUAL APPROPRIATION.","url":"http:\/\/localhost:8888\/II-5-3003\/"},"4":{"id":"100","section_number":"II-5-3004","catch_line":"GIFTS, BEQUESTS, ETC.; AUTHORITY TO ACCEPT.","url":"http:\/\/localhost:8888\/II-5-3004\/"},"5":{"id":"101","section_number":"II-5-3005","catch_line":"REWARD OR COMPENSATION TO POLICEMEN OR FIREMEN, PAYMENT INTO FUND.","url":"http:\/\/localhost:8888\/II-5-3005\/"},"6":{"id":"102","section_number":"II-5-3006","catch_line":"TRANSFER OF FUNDS PROHIBITED.","url":"http:\/\/localhost:8888\/II-5-3006\/"},"7":{"id":"104","section_number":"II-5-3007","catch_line":"PREREQUISITES FOR BENEFITS.","url":"http:\/\/localhost:8888\/II-5-3007\/"},"8":{"id":"105","section_number":"II-5-3008","catch_line":"INJURIES NOT COVERED.","url":"http:\/\/localhost:8888\/II-5-3008\/"},"9":{"id":"106","section_number":"II-5-3009","catch_line":"RELATION TO WORKERS' COMPENSATION ACT.","url":"http:\/\/localhost:8888\/II-5-3009\/"},"10":{"id":"107","section_number":"II-5-3010","catch_line":"BENEFITS AS DELAYED COMPENSATION.","url":"http:\/\/localhost:8888\/II-5-3010\/"},"11":{"id":"108","section_number":"II-5-3011","catch_line":"ADMINISTRATIVE OFFICER.","url":"http:\/\/localhost:8888\/II-5-3011\/"},"12":{"id":"109","section_number":"II-5-3012","catch_line":"WORKERS' COMPENSATION ACT INCORPORATED BY REFERENCE.","url":"http:\/\/localhost:8888\/II-5-3012\/"},"13":{"id":"110","section_number":"II-5-4001","catch_line":"VOLUNTEER POLICE AND FIRE OFFICERS, AUTHORITY TO ORGANIZE.","url":"http:\/\/localhost:8888\/II-5-4001\/"},"14":{"id":"111","section_number":"II-5-4002","catch_line":"REGULATED THE SAME AS REGULAR POLICE AND FIRE OFFICERS.","url":"http:\/\/localhost:8888\/II-5-4002\/"},"15":{"id":"112","section_number":"II-5-4003","catch_line":"NO COMPENSATION; PAYMENT OF BOND PREMIUM.","url":"http:\/\/localhost:8888\/II-5-4003\/"},"16":{"id":"113","section_number":"II-5-4004","catch_line":"CALLING FOR DUTY OR TRAINING.","url":"http:\/\/localhost:8888\/II-5-4004\/"},"17":{"id":"115","section_number":"II-5-4005","catch_line":"WORKERS' COMPENSATION AND INSURANCE.","url":"http:\/\/localhost:8888\/II-5-4005\/"}},"edition_id":"1","section_id":"78","structure_id":"43","full_text":"(a) Adoption. \nFor the purpose of prescribing regulations governing conditions hazardous to life and property from fire, explosion, or exposure to hazardous materials, the North Carolina Fire Prevention Code (latest edition) along with the North Carolina Amendments of said Code is hereby adopted by reference and is set forth herein as the Fire Prevention and Protection Ordinance for the City. Any amendments to the Fire Prevention Code which are adopted and published by the North Carolina Building Code Council, shall be effective in the jurisdiction of the City at the time such amendments are declared in effect by the North Carolina State Building Code Council. \nA copy of the fire prevention and protection ordinance, and all technical codes and standards adopted by reference shall be available for public inspection at the Office of the Fire Marshal and or the City Clerk&#8217;s office.\r\r(b) Applicability. \nThe provisions of this ordinance shall apply to all buildings and occupancies in the North Carolina Building Code, General Construction and the Fire Prevention Code (latest edition adopted by the NC Building Code Council) and any other building referenced by this ordinance. The provisions of this Code shall apply equally to existing as well as new buildings. All construction, alterations, repairs, replacement, equipment, and maintenance hereinafter made or installed to any building or structure, other than the exceptions to applicability listed in 102.10 of the Fire Prevention Code, shall conform to the provisions of the Fire Prevention Code. \nWhere the North Carolina Fire Prevention Code or its references are inapplicable to a specific occupancy of process, the appropriate NFPA (National Fire Protection Association) or other nationally recognized standard shall be used. \n(Ord. No. 2011-873-TC-344, \u00a71, TC-6-11, 5-3-11) \nState law references: Adoption of technical codes by reference, General Statute 160A-76(b); State Building Code, General Statute 143-138 et seq.\r\r","text":{"0":{"id":"137","text":"Adoption. \nFor the purpose of prescribing regulations governing conditions hazardous to life and property from fire, explosion, or exposure to hazardous materials, the North Carolina Fire Prevention Code (latest edition) along with the North Carolina Amendments of said Code is hereby adopted by reference and is set forth herein as the Fire Prevention and Protection Ordinance for the City. Any amendments to the Fire Prevention Code which are adopted and published by the North Carolina Building Code Council, shall be effective in the jurisdiction of the City at the time such amendments are declared in effect by the North Carolina State Building Code Council. \nA copy of the fire prevention and protection ordinance, and all technical codes and standards adopted by reference shall be available for public inspection at the Office of the Fire Marshal and or the City Clerk&#8217;s office.","type":"section","prefixes":["(a)"],"prefix":"(a)","entire_prefix":"(a)","prefix_anchor":"(a)","level":1},"1":{"id":"138","text":"Applicability. \nThe provisions of this ordinance shall apply to all buildings and occupancies in the North Carolina Building Code, General Construction and the Fire Prevention Code (latest edition adopted by the NC Building Code Council) and any other building referenced by this ordinance. The provisions of this Code shall apply equally to existing as well as new buildings. All construction, alterations, repairs, replacement, equipment, and maintenance hereinafter made or installed to any building or structure, other than the exceptions to applicability listed in 102.10 of the Fire Prevention Code, shall conform to the provisions of the Fire Prevention Code. \nWhere the North Carolina Fire Prevention Code or its references are inapplicable to a specific occupancy of process, the appropriate NFPA (National Fire Protection Association) or other nationally recognized standard shall be used. \n(Ord. No. 2011-873-TC-344, \u00a71, TC-6-11, 5-3-11) \nState law references: Adoption of technical codes by reference, General Statute 160A-76(b); State Building Code, General Statute 143-138 et seq.","type":"section","prefixes":["(b)"],"prefix":"(b)","entire_prefix":"(b)","prefix_anchor":"(b)","level":1}},"ancestry":{"1":{"id":"43","name":"ARTICLE B. - FIRE PREVENTION [1]","identifier":"B","label":"article","url":"\/II\/5\/2\/B\/"},"2":{"id":"41","name":"CHAPTER 2. - FIRE PROTECTION AND PREVENTION","identifier":"2","label":"chapter","url":"\/II\/5\/2\/"},"3":{"id":"34","name":"PART 5 - PUBLIC SAFETY","identifier":"5","label":"part","url":"\/II\/5\/"},"4":{"id":"5","name":"Division II - Planning and Development","identifier":"II","label":"division","url":"\/II\/"}},"structure_contents":{"0":{"id":"77","structure_id":"43","section_number":"5-2031","catch_line":"TITLE AND INTENT.","url":"\/5-2031\/","token":"5-2031"},"1":{"id":"78","structure_id":"43","section_number":"5-2032","catch_line":"FIRE PREVENTION CODE ADOPTED.","url":"\/5-2032\/","token":"5-2032"},"2":{"id":"79","structure_id":"43","section_number":"5-2033","catch_line":"JURISDICTION.","url":"\/5-2033\/","token":"5-2033"},"3":{"id":"80","structure_id":"43","section_number":"5-2034","catch_line":"RESPONSIBILITY FOR ENFORCEMENT; FIRE PREVENTION BUREAU.","url":"\/5-2034\/","token":"5-2034"},"4":{"id":"82","structure_id":"43","section_number":"5-2035","catch_line":"PRIMARY AND SECONDARY FIRE DISTRICTS.","url":"\/5-2035\/","token":"5-2035"},"5":{"id":"83","structure_id":"43","section_number":"5-2036","catch_line":"ELECTRIC SERVICE ENTRANCES IN FIRE DISTRICTS.","url":"\/5-2036\/","token":"5-2036"},"6":{"id":"84","structure_id":"43","section_number":"5-2037","catch_line":"FLAMMABLE LIQUIDS STORAGE; RESTRICTIONS ON LOCATION.","url":"\/5-2037\/","token":"5-2037"},"7":{"id":"85","structure_id":"43","section_number":"5-2038","catch_line":"REGULATION OF LIQUID PROPANE GAS TANKS.","url":"\/5-2038\/","token":"5-2038"},"8":{"id":"86","structure_id":"43","section_number":"5-2039","catch_line":"ISSUANCE OF BLASTING PERMITS; REQUIREMENTS.","url":"\/5-2039\/","token":"5-2039"},"9":{"id":"87","structure_id":"43","section_number":"5-2040","catch_line":"KEY BOX SYSTEM.","url":"\/5-2040\/","token":"5-2040"},"10":{"id":"88","structure_id":"43","section_number":"5-2041","catch_line":"INSPECTIONS FOR EXISTING BUILDINGS.","url":"\/5-2041\/","token":"5-2041"},"11":{"id":"89","structure_id":"43","section_number":"5-2042","catch_line":"OPERATIONAL PERMITS AND FEES.","url":"\/5-2042\/","token":"5-2042"},"12":{"id":"90","structure_id":"43","section_number":"5-2043","catch_line":"NEW CONSTRUCTION INSPECTION, PERMITS AND FEES.","url":"\/5-2043\/","token":"5-2043"},"13":{"id":"91","structure_id":"43","section_number":"5-2044","catch_line":"FIRE FINAL INSPECTIONS.","url":"\/5-2044\/","token":"5-2044"},"14":{"id":"93","structure_id":"43","section_number":"5-2045","catch_line":"SMOKE DETECTORS REQUIRED.","url":"\/5-2045\/","token":"5-2045"},"15":{"id":"94","structure_id":"43","section_number":"5-2046","catch_line":"NEW MATERIALS; TESTING AND APPROVAL.","url":"\/5-2046\/","token":"5-2046"},"16":{"id":"95","structure_id":"43","section_number":"5-2047","catch_line":"OVERSIGHT NOT TO LEGALIZE VIOLATION.","url":"\/5-2047\/","token":"5-2047"},"17":{"id":"96","structure_id":"43","section_number":"5-2048","catch_line":"PENALTIES FOR VIOLATIONS OF FIRE PREVENTION CODE.","url":"\/5-2048\/","token":"5-2048"}},"previous_section":{"id":"77","structure_id":"43","section_number":"5-2031","catch_line":"TITLE AND INTENT.","url":"\/5-2031\/","token":"5-2031"},"next_section":{"id":"79","structure_id":"43","section_number":"5-2033","catch_line":"JURISDICTION.","url":"\/5-2033\/","token":"5-2033"},"references":false,"formats":{"txt":"\/5-2032.txt","json":"\/5-2032.xml"},"dublin_core":{"Title":"FIRE PREVENTION CODE ADOPTED.","Type":"Text","Format":"text\/html","Identifier":"\u00a7 5-2032","Relation":"Code of State"},"plain_text":"                                  CODE OF STATE\n\nFIRE PREVENTION CODE ADOPTED. (\u00a7 5-2032)\n\n(a) Adoption. \nFor the purpose of prescribing regulations governing conditions hazardous to\nlife and property from fire, explosion, or exposure to hazardous materials, the\nNorth Carolina Fire Prevention Code (latest edition) along with the North\nCarolina Amendments of said Code is hereby adopted by reference and is set forth\nherein as the Fire Prevention and Protection Ordinance for the City. Any\namendments to the Fire Prevention Code which are adopted and published by the\nNorth Carolina Building Code Council, shall be effective in the jurisdiction of\nthe City at the time such amendments are declared in effect by the North\nCarolina State Building Code Council. \nA copy of the fire prevention and protection ordinance, and all technical codes\nand standards adopted by reference shall be available for public inspection at\nthe Office of the Fire Marshal and or the City Clerk&#8217;s office.\n\n(b) Applicability. \nThe provisions of this ordinance shall apply to all buildings and occupancies in\nthe North Carolina Building Code, General Construction and the Fire Prevention\nCode (latest edition adopted by the NC Building Code Council) and any other\nbuilding referenced by this ordinance. The provisions of this Code shall apply\nequally to existing as well as new buildings. All construction, alterations,\nrepairs, replacement, equipment, and maintenance hereinafter made or installed\nto any building or structure, other than the exceptions to applicability listed\nin 102.10 of the Fire Prevention Code, shall conform to the provisions of the\nFire Prevention Code. \nWhere the North Carolina Fire Prevention Code or its references are inapplicable\nto a specific occupancy of process, the appropriate NFPA (National Fire\nProtection Association) or other nationally recognized standard shall be used. \n(Ord. No. 2011-873-TC-344, \u00a71, TC-6-11, 5-3-11) \nState law references: Adoption of technical codes by reference, General Statute\n160A-76(b); State Building Code, General Statute 143-138 et seq.\n"}