{"law_id":"62","section_number":"5-2002","catch_line":"FUNCTIONS AND DUTIES OF THE DEPARTMENT.","history":"","order_by":"5-2002","metadata":false,"url":"\/5-2002\/","token":"5-2002","structure":{"1":{"id":"42","name":"ARTICLE A. - THE FIRE DEPARTMENT","identifier":"A","label":"article","url":"\/II\/5\/2\/A\/"},"2":{"id":"41","name":"CHAPTER 2. - FIRE PROTECTION AND PREVENTION","identifier":"2","label":"chapter","url":"\/II\/5\/2\/"},"3":{"id":"34","name":"PART 5 - PUBLIC SAFETY","identifier":"5","label":"part","url":"\/II\/5\/"},"4":{"id":"5","name":"Division II - Planning and Development","identifier":"II","label":"division","url":"\/II\/"}},"referred_to_by":false,"edition_id":"1","section_id":"62","structure_id":"42","full_text":"(a) Inspection of fire safety devices and equipment, constructions and obstructions;\r\r(b) Enforcement of fire prevention codes; instruction in the correction of violations and when necessary the correction of violations through the courts as a final action;\r\r(c) Responding to all calls, fire or rescue and the suppression of all fires as found;\r\r(d) Training the City&#8217;s firefighting force in fire suppression, rescues and in equipment apparatus and operations; and\r\r(e) Supervising the upkeep of all fire stations, engine companies, truck companies, and auxiliary vehicles, including the testing and maintenance of fire hydrants. \nCharter reference: Fire Department, \u00a76.24 \nState law reference: Fire protection, G.S. 160A, Article 14\r\r","text":{"0":{"id":"111","text":"Inspection of fire safety devices and equipment, constructions and obstructions;","type":"section","prefixes":["(a)"],"prefix":"(a)","entire_prefix":"(a)","prefix_anchor":"(a)","level":1},"1":{"id":"112","text":"Enforcement of fire prevention codes; instruction in the correction of violations and when necessary the correction of violations through the courts as a final action;","type":"section","prefixes":["(b)"],"prefix":"(b)","entire_prefix":"(b)","prefix_anchor":"(b)","level":1},"2":{"id":"113","text":"Responding to all calls, fire or rescue and the suppression of all fires as found;","type":"section","prefixes":["(c)"],"prefix":"(c)","entire_prefix":"(c)","prefix_anchor":"(c)","level":1},"3":{"id":"114","text":"Training the City&#8217;s firefighting force in fire suppression, rescues and in equipment apparatus and operations; and","type":"section","prefixes":["(d)"],"prefix":"(d)","entire_prefix":"(d)","prefix_anchor":"(d)","level":1},"4":{"id":"115","text":"Supervising the upkeep of all fire stations, engine companies, truck companies, and auxiliary vehicles, including the testing and maintenance of fire hydrants. \nCharter reference: Fire Department, \u00a76.24 \nState law reference: Fire protection, G.S. 160A, Article 14","type":"section","prefixes":["(e)"],"prefix":"(e)","entire_prefix":"(e)","prefix_anchor":"(e)","level":1}},"ancestry":{"1":{"id":"42","name":"ARTICLE A. - THE FIRE DEPARTMENT","identifier":"A","label":"article","url":"\/II\/5\/2\/A\/"},"2":{"id":"41","name":"CHAPTER 2. - FIRE PROTECTION AND PREVENTION","identifier":"2","label":"chapter","url":"\/II\/5\/2\/"},"3":{"id":"34","name":"PART 5 - PUBLIC SAFETY","identifier":"5","label":"part","url":"\/II\/5\/"},"4":{"id":"5","name":"Division II - Planning and Development","identifier":"II","label":"division","url":"\/II\/"}},"structure_contents":{"0":{"id":"61","structure_id":"42","section_number":"5-2001","catch_line":"FIRE CHIEF, OFFICERS AND EMPLOYEES.","url":"\/5-2001\/","token":"5-2001"},"1":{"id":"62","structure_id":"42","section_number":"5-2002","catch_line":"FUNCTIONS AND DUTIES OF THE DEPARTMENT.","url":"\/5-2002\/","token":"5-2002"},"2":{"id":"63","structure_id":"42","section_number":"5-2003","catch_line":"COMPOSITION OF COMPANIES; RESIDENCE OF MEMBERS.","url":"\/5-2003\/","token":"5-2003"},"3":{"id":"64","structure_id":"42","section_number":"5-2004","catch_line":"COMMAND AT FIRES; DUTIES OF FIRE CHIEF.","url":"\/5-2004\/","token":"5-2004"},"4":{"id":"65","structure_id":"42","section_number":"5-2005","catch_line":"DUTIES OF CHIEF OF POLICE AT FIRES.","url":"\/5-2005\/","token":"5-2005"},"5":{"id":"66","structure_id":"42","section_number":"5-2006","catch_line":"DRIVING VEHICLE IN STREETS WHERE DEPARTMENT ASSEMBLED.","url":"\/5-2006\/","token":"5-2006"},"6":{"id":"67","structure_id":"42","section_number":"5-2007","catch_line":"CONGREGATING IN STREETS NEAR FIRE.","url":"\/5-2007\/","token":"5-2007"},"7":{"id":"68","structure_id":"42","section_number":"5-2008","catch_line":"DUTIES OF PERSONS OR CORPORATIONS ERECTING OR MAINTAINING TELEPHONE, TELEGRAPH, OR ELECTRIC WIRES.","url":"\/5-2008\/","token":"5-2008"},"8":{"id":"69","structure_id":"42","section_number":"5-2009","catch_line":"FIRE APPARATUS LEAVING CITY.","url":"\/5-2009\/","token":"5-2009"},"9":{"id":"71","structure_id":"42","section_number":"5-2010","catch_line":"FIRE APPARATUS TO HAVE RIGHT-OF-WAY.","url":"\/5-2010\/","token":"5-2010"},"10":{"id":"72","structure_id":"42","section_number":"5-2011","catch_line":"INTERFERENCE WITH FIREFIGHTER; GETTING ON OR OFF APPARATUS; LOITERING; MEDDLING WITH APPARATUS.","url":"\/5-2011\/","token":"5-2011"},"11":{"id":"73","structure_id":"42","section_number":"5-2012","catch_line":"INTERFERENCE WITH FIRE ALARM SYSTEM.","url":"\/5-2012\/","token":"5-2012"},"12":{"id":"74","structure_id":"42","section_number":"5-2013","catch_line":"FALSE FIRE ALARMS.","url":"\/5-2013\/","token":"5-2013"},"13":{"id":"75","structure_id":"42","section_number":"5-2014","catch_line":"RESERVED.","url":"\/5-2014\/","token":"5-2014"},"14":{"id":"76","structure_id":"42","section_number":"5-2014","catch_line":"RESERVED. ","url":"\/5-2014\/","token":"5-2014"}},"previous_section":{"id":"61","structure_id":"42","section_number":"5-2001","catch_line":"FIRE CHIEF, OFFICERS AND EMPLOYEES.","url":"\/5-2001\/","token":"5-2001"},"next_section":{"id":"63","structure_id":"42","section_number":"5-2003","catch_line":"COMPOSITION OF COMPANIES; RESIDENCE OF MEMBERS.","url":"\/5-2003\/","token":"5-2003"},"references":false,"formats":{"txt":"\/5-2002.txt","json":"\/5-2002.xml"},"dublin_core":{"Title":"FUNCTIONS AND DUTIES OF THE DEPARTMENT.","Type":"Text","Format":"text\/html","Identifier":"\u00a7 5-2002","Relation":"Code of State"},"plain_text":"                                  CODE OF STATE\n\nFUNCTIONS AND DUTIES OF THE DEPARTMENT. (\u00a7 5-2002)\n\n(a) Inspection of fire safety devices and equipment, constructions and\nobstructions;\n\n(b) Enforcement of fire prevention codes; instruction in the correction of\nviolations and when necessary the correction of violations through the courts as\na final action;\n\n(c) Responding to all calls, fire or rescue and the suppression of all fires as\nfound;\n\n(d) Training the City&#8217;s firefighting force in fire suppression, rescues\nand in equipment apparatus and operations; and\n\n(e) Supervising the upkeep of all fire stations, engine companies, truck\ncompanies, and auxiliary vehicles, including the testing and maintenance of fire\nhydrants. \nCharter reference: Fire Department, \u00a76.24 \nState law reference: Fire protection, G.S. 160A, Article 14\n"}