{"law_id":"90","section_number":"5-2043","catch_line":"NEW CONSTRUCTION INSPECTION, PERMITS AND FEES.","history":"","order_by":"5-2043","metadata":false,"url":"\/5-2043\/","token":"5-2043","structure":{"1":{"id":"43","name":"ARTICLE B. - FIRE PREVENTION [1]","identifier":"B","label":"article","url":"\/II\/5\/2\/B\/"},"2":{"id":"41","name":"CHAPTER 2. - FIRE PROTECTION AND PREVENTION","identifier":"2","label":"chapter","url":"\/II\/5\/2\/"},"3":{"id":"34","name":"PART 5 - PUBLIC SAFETY","identifier":"5","label":"part","url":"\/II\/5\/"},"4":{"id":"5","name":"Division II - Planning and Development","identifier":"II","label":"division","url":"\/II\/"}},"referred_to_by":{"0":{"id":"89","section_number":"5-2042","catch_line":"OPERATIONAL PERMITS AND FEES.","url":"http:\/\/localhost:8888\/5-2042\/"}},"edition_id":"1","section_id":"90","structure_id":"43","full_text":"(a) Construction Permits. \nIn addition to any other fees and permits required by the City Code, a construction permit must be obtained from the City of Raleigh Inspections Department through the Fire Protection Division of the Office of the Fire Marshal in the following situations: \nConstruction Permits1 \nDescription\tReference #\tFee\nAutomatic Fire-Extinguishing Systems (per sq. ft. for each system) (based on gross floor area)2 \t105.7.1\t$0.015\nAlternative Fire Extinguishing Systems\t105.7.1\t$157.00\nBattery Systems with a liquid capacity in excess of 50 gallons\t105.7.2\t$157.00\nCompressed Gases (Where applicable)\t105.7.3\t$157.00\nFire Alarm and Detection Systems and Related Equipment (per sq. ft. for each system) (based on gross floor area)2 \t105.7.4\t$0.015\nFire Pumps and Related Equipment\t105.7.5\t$592.00\nFlammable and Combustible Liquids \t105.7.6\t$157.00\n\u20021.\u2002 To repair or modify a pipeline for the transportation of flammable and combustible liquids\t105.7.6(1)\t$157.00\n\u20022.\u2002 To install, construct or alter facilities where flammable and combustible liquids are produced, processed, transported, stored, dispensed or used \t105.7.6(2)\t$157.00\n\u20023.\u2002 To install, alter, remove, abandon or otherwise dispose of a flammable and combustible liquids tank (per tank)\t105.7.6(3)\t$157.00\nHazardous Materials\t105.7.7\t$157.00\nIndustrial Ovens\t105.7.8\t$157.00\nPrivate Fire Hydrants\t105.7.10\t$157.00\nSpraying and Dipping\t105.7.11\t$157.00\nStandpipe Systems without Sprinklers2 \t105.7.12\t$334.00\n\u20021.\u2002 Additional Standpipes (each)\t105.7.12(1)\t$112.00\n\u20022.\u2002 All Pressure Reducing Vales (per valve)\t105.7.12(2)\t$10.00\nMembrane Structures, tents, and air-supported structures (>180 days)\t105.7.13\t$157.00\n \n\u2003 1\u2002 For multiple buildings owned by the same owner(s), permit fees are per building as defined by the NC Building Code, Volume I. \n\u2003 2\u2002 These fees are also set forth in \u00a710-6039(d), and are repeated here for the reader&#8217;s convenience. \nAll Fees appearing in \u00a75-2043 will be adjusted annually on July 4 based on the average annual prior calendar year United States Department of Labor Consumer Price Index &#8211; All Urban Consumers.\r\r(b) Applications. \nAn application for a permit shall be filed with the Office of the Fire Marshal on a form furnished for that purpose, provided by the City and shall include the applicant&#8217;s answers in full to inquiries set forth in such forms. Applications for permits shall be accompanied by appropriate fees and such data as may be required by the Office of the Fire Marshal and\/or Development Services Team. The Office of the Fire Marshal may require details, computations, stress diagrams, professional certification and other data necessary to describe the construction or installation of a system or process.\r\r(c) Contractor&#8217;s License Required. \nWhen the North Carolina General Statutes requires that general construction, plumbing, mechanical, electrical, fire protection, or gas work be performed by the appropriately licensed individual(s), no permit for such type work shall be issued to an unlicensed person or firm.\r\r(d) Plan Review. \nNo construction permit required in this section shall be issued until a review of the plans is first conducted to determine compliance with both the North Carolina Building Code, &#8211; including the Fire Prevention Code &#8211; and the City Code, including all permits required by the City Code. No permit will be issued until all omitted required permits are acquired and all corrections are made. The charge for plan review shall be in accordance with \u00a710-6039(h). \n(Ord. No. 2011-873-TC-344, \u00a71, TC-6-11, 5-3-11; Ord. No. 2011-918, \u00a71, 6-21-11, eff. 7-4-11; Ord. No. 2012-65, \u00a71, 6-18-12, eff. 7-1-12)\r\r","text":{"0":{"id":"180","text":"Construction Permits. \nIn addition to any other fees and permits required by the City Code, a construction permit must be obtained from the City of Raleigh Inspections Department through the Fire Protection Division of the Office of the Fire Marshal in the following situations: \nConstruction Permits1 \nDescription\tReference #\tFee\nAutomatic Fire-Extinguishing Systems (per sq. ft. for each system) (based on gross floor area)2 \t105.7.1\t$0.015\nAlternative Fire Extinguishing Systems\t105.7.1\t$157.00\nBattery Systems with a liquid capacity in excess of 50 gallons\t105.7.2\t$157.00\nCompressed Gases (Where applicable)\t105.7.3\t$157.00\nFire Alarm and Detection Systems and Related Equipment (per sq. ft. for each system) (based on gross floor area)2 \t105.7.4\t$0.015\nFire Pumps and Related Equipment\t105.7.5\t$592.00\nFlammable and Combustible Liquids \t105.7.6\t$157.00\n\u20021.\u2002 To repair or modify a pipeline for the transportation of flammable and combustible liquids\t105.7.6(1)\t$157.00\n\u20022.\u2002 To install, construct or alter facilities where flammable and combustible liquids are produced, processed, transported, stored, dispensed or used \t105.7.6(2)\t$157.00\n\u20023.\u2002 To install, alter, remove, abandon or otherwise dispose of a flammable and combustible liquids tank (per tank)\t105.7.6(3)\t$157.00\nHazardous Materials\t105.7.7\t$157.00\nIndustrial Ovens\t105.7.8\t$157.00\nPrivate Fire Hydrants\t105.7.10\t$157.00\nSpraying and Dipping\t105.7.11\t$157.00\nStandpipe Systems without Sprinklers2 \t105.7.12\t$334.00\n\u20021.\u2002 Additional Standpipes (each)\t105.7.12(1)\t$112.00\n\u20022.\u2002 All Pressure Reducing Vales (per valve)\t105.7.12(2)\t$10.00\nMembrane Structures, tents, and air-supported structures (>180 days)\t105.7.13\t$157.00\n \n\u2003 1\u2002 For multiple buildings owned by the same owner(s), permit fees are per building as defined by the NC Building Code, Volume I. \n\u2003 2\u2002 These fees are also set forth in \u00a710-6039(d), and are repeated here for the reader&#8217;s convenience. \nAll Fees appearing in \u00a75-2043 will be adjusted annually on July 4 based on the average annual prior calendar year United States Department of Labor Consumer Price Index &#8211; All Urban Consumers.","type":"section","prefixes":["(a)"],"prefix":"(a)","entire_prefix":"(a)","prefix_anchor":"(a)","level":1},"1":{"id":"181","text":"Applications. \nAn application for a permit shall be filed with the Office of the Fire Marshal on a form furnished for that purpose, provided by the City and shall include the applicant&#8217;s answers in full to inquiries set forth in such forms. Applications for permits shall be accompanied by appropriate fees and such data as may be required by the Office of the Fire Marshal and\/or Development Services Team. The Office of the Fire Marshal may require details, computations, stress diagrams, professional certification and other data necessary to describe the construction or installation of a system or process.","type":"section","prefixes":["(b)"],"prefix":"(b)","entire_prefix":"(b)","prefix_anchor":"(b)","level":1},"2":{"id":"182","text":"Contractor&#8217;s License Required. \nWhen the North Carolina General Statutes requires that general construction, plumbing, mechanical, electrical, fire protection, or gas work be performed by the appropriately licensed individual(s), no permit for such type work shall be issued to an unlicensed person or firm.","type":"section","prefixes":["(c)"],"prefix":"(c)","entire_prefix":"(c)","prefix_anchor":"(c)","level":1},"3":{"id":"183","text":"Plan Review. \nNo construction permit required in this section shall be issued until a review of the plans is first conducted to determine compliance with both the North Carolina Building Code, &#8211; including the Fire Prevention Code &#8211; and the City Code, including all permits required by the City Code. No permit will be issued until all omitted required permits are acquired and all corrections are made. The charge for plan review shall be in accordance with \u00a710-6039(h). \n(Ord. No. 2011-873-TC-344, \u00a71, TC-6-11, 5-3-11; Ord. No. 2011-918, \u00a71, 6-21-11, eff. 7-4-11; Ord. No. 2012-65, \u00a71, 6-18-12, eff. 7-1-12)","type":"section","prefixes":["(d)"],"prefix":"(d)","entire_prefix":"(d)","prefix_anchor":"(d)","level":1}},"ancestry":{"1":{"id":"43","name":"ARTICLE B. - FIRE PREVENTION [1]","identifier":"B","label":"article","url":"\/II\/5\/2\/B\/"},"2":{"id":"41","name":"CHAPTER 2. - FIRE PROTECTION AND PREVENTION","identifier":"2","label":"chapter","url":"\/II\/5\/2\/"},"3":{"id":"34","name":"PART 5 - PUBLIC SAFETY","identifier":"5","label":"part","url":"\/II\/5\/"},"4":{"id":"5","name":"Division II - Planning and Development","identifier":"II","label":"division","url":"\/II\/"}},"structure_contents":{"0":{"id":"77","structure_id":"43","section_number":"5-2031","catch_line":"TITLE AND INTENT.","url":"\/5-2031\/","token":"5-2031"},"1":{"id":"78","structure_id":"43","section_number":"5-2032","catch_line":"FIRE PREVENTION CODE ADOPTED.","url":"\/5-2032\/","token":"5-2032"},"2":{"id":"79","structure_id":"43","section_number":"5-2033","catch_line":"JURISDICTION.","url":"\/5-2033\/","token":"5-2033"},"3":{"id":"80","structure_id":"43","section_number":"5-2034","catch_line":"RESPONSIBILITY FOR ENFORCEMENT; FIRE PREVENTION BUREAU.","url":"\/5-2034\/","token":"5-2034"},"4":{"id":"82","structure_id":"43","section_number":"5-2035","catch_line":"PRIMARY AND SECONDARY FIRE DISTRICTS.","url":"\/5-2035\/","token":"5-2035"},"5":{"id":"83","structure_id":"43","section_number":"5-2036","catch_line":"ELECTRIC SERVICE ENTRANCES IN FIRE DISTRICTS.","url":"\/5-2036\/","token":"5-2036"},"6":{"id":"84","structure_id":"43","section_number":"5-2037","catch_line":"FLAMMABLE LIQUIDS STORAGE; RESTRICTIONS ON LOCATION.","url":"\/5-2037\/","token":"5-2037"},"7":{"id":"85","structure_id":"43","section_number":"5-2038","catch_line":"REGULATION OF LIQUID PROPANE GAS TANKS.","url":"\/5-2038\/","token":"5-2038"},"8":{"id":"86","structure_id":"43","section_number":"5-2039","catch_line":"ISSUANCE OF BLASTING PERMITS; REQUIREMENTS.","url":"\/5-2039\/","token":"5-2039"},"9":{"id":"87","structure_id":"43","section_number":"5-2040","catch_line":"KEY BOX SYSTEM.","url":"\/5-2040\/","token":"5-2040"},"10":{"id":"88","structure_id":"43","section_number":"5-2041","catch_line":"INSPECTIONS FOR EXISTING BUILDINGS.","url":"\/5-2041\/","token":"5-2041"},"11":{"id":"89","structure_id":"43","section_number":"5-2042","catch_line":"OPERATIONAL PERMITS AND FEES.","url":"\/5-2042\/","token":"5-2042"},"12":{"id":"90","structure_id":"43","section_number":"5-2043","catch_line":"NEW CONSTRUCTION INSPECTION, PERMITS AND FEES.","url":"\/5-2043\/","token":"5-2043"},"13":{"id":"91","structure_id":"43","section_number":"5-2044","catch_line":"FIRE FINAL INSPECTIONS.","url":"\/5-2044\/","token":"5-2044"},"14":{"id":"93","structure_id":"43","section_number":"5-2045","catch_line":"SMOKE DETECTORS REQUIRED.","url":"\/5-2045\/","token":"5-2045"},"15":{"id":"94","structure_id":"43","section_number":"5-2046","catch_line":"NEW MATERIALS; TESTING AND APPROVAL.","url":"\/5-2046\/","token":"5-2046"},"16":{"id":"95","structure_id":"43","section_number":"5-2047","catch_line":"OVERSIGHT NOT TO LEGALIZE VIOLATION.","url":"\/5-2047\/","token":"5-2047"},"17":{"id":"96","structure_id":"43","section_number":"5-2048","catch_line":"PENALTIES FOR VIOLATIONS OF FIRE PREVENTION CODE.","url":"\/5-2048\/","token":"5-2048"}},"previous_section":{"id":"89","structure_id":"43","section_number":"5-2042","catch_line":"OPERATIONAL PERMITS AND FEES.","url":"\/5-2042\/","token":"5-2042"},"next_section":{"id":"91","structure_id":"43","section_number":"5-2044","catch_line":"FIRE FINAL INSPECTIONS.","url":"\/5-2044\/","token":"5-2044"},"references":{"0":{"id":"90","section_number":"5-2043","catch_line":"NEW CONSTRUCTION INSPECTION, PERMITS AND FEES.","url":"http:\/\/localhost:8888\/5-2043\/"}},"formats":{"txt":"\/5-2043.txt","json":"\/5-2043.xml"},"dublin_core":{"Title":"NEW CONSTRUCTION INSPECTION, PERMITS AND FEES.","Type":"Text","Format":"text\/html","Identifier":"\u00a7 5-2043","Relation":"Code of State"},"plain_text":"                                  CODE OF STATE\n\nNEW CONSTRUCTION INSPECTION, PERMITS AND FEES. (\u00a7 5-2043)\n\n(a) Construction Permits. \nIn addition to any other fees and permits required by the City Code, a\nconstruction permit must be obtained from the City of Raleigh Inspections\nDepartment through the Fire Protection Division of the Office of the Fire\nMarshal in the following situations: \nConstruction Permits1 \nDescription\tReference #\tFee\nAutomatic Fire-Extinguishing Systems (per sq. ft. for each system) (based on\ngross floor area)2 \t105.7.1\t$0.015\nAlternative Fire Extinguishing Systems\t105.7.1\t$157.00\nBattery Systems with a liquid capacity in excess of 50 gallons\t105.7.2\t$157.00\nCompressed Gases (Where applicable)\t105.7.3\t$157.00\nFire Alarm and Detection Systems and Related Equipment (per sq. ft. for each\nsystem) (based on gross floor area)2 \t105.7.4\t$0.015\nFire Pumps and Related Equipment\t105.7.5\t$592.00\nFlammable and Combustible Liquids \t105.7.6\t$157.00\n\u20021.\u2002 To repair or modify a pipeline for the transportation of flammable and\ncombustible liquids\t105.7.6(1)\t$157.00\n\u20022.\u2002 To install, construct or alter facilities where flammable and\ncombustible liquids are produced, processed, transported, stored, dispensed or\nused \t105.7.6(2)\t$157.00\n\u20023.\u2002 To install, alter, remove, abandon or otherwise dispose of a flammable\nand combustible liquids tank (per tank)\t105.7.6(3)\t$157.00\nHazardous Materials\t105.7.7\t$157.00\nIndustrial Ovens\t105.7.8\t$157.00\nPrivate Fire Hydrants\t105.7.10\t$157.00\nSpraying and Dipping\t105.7.11\t$157.00\nStandpipe Systems without Sprinklers2 \t105.7.12\t$334.00\n\u20021.\u2002 Additional Standpipes (each)\t105.7.12(1)\t$112.00\n\u20022.\u2002 All Pressure Reducing Vales (per valve)\t105.7.12(2)\t$10.00\nMembrane Structures, tents, and air-supported structures (>180\ndays)\t105.7.13\t$157.00\n \n\u2003 1\u2002 For multiple buildings owned by the same owner(s), permit fees are per\nbuilding as defined by the NC Building Code, Volume I. \n\u2003 2\u2002 These fees are also set forth in \u00a710-6039(d), and are repeated here\nfor the reader&#8217;s convenience. \nAll Fees appearing in \u00a75-2043 will be adjusted annually on July 4 based on the\naverage annual prior calendar year United States Department of Labor Consumer\nPrice Index &#8211; All Urban Consumers.\n\n(b) Applications. \nAn application for a permit shall be filed with the Office of the Fire Marshal\non a form furnished for that purpose, provided by the City and shall include the\napplicant&#8217;s answers in full to inquiries set forth in such forms.\nApplications for permits shall be accompanied by appropriate fees and such data\nas may be required by the Office of the Fire Marshal and\/or Development Services\nTeam. The Office of the Fire Marshal may require details, computations, stress\ndiagrams, professional certification and other data necessary to describe the\nconstruction or installation of a system or process.\n\n(c) Contractor&#8217;s License Required. \nWhen the North Carolina General Statutes requires that general construction,\nplumbing, mechanical, electrical, fire protection, or gas work be performed by\nthe appropriately licensed individual(s), no permit for such type work shall be\nissued to an unlicensed person or firm.\n\n(d) Plan Review. \nNo construction permit required in this section shall be issued until a review\nof the plans is first conducted to determine compliance with both the North\nCarolina Building Code, &#8211; including the Fire Prevention Code &#8211; and\nthe City Code, including all permits required by the City Code. No permit will\nbe issued until all omitted required permits are acquired and all corrections\nare made. The charge for plan review shall be in accordance with \u00a710-6039(h). \n(Ord. No. 2011-873-TC-344, \u00a71, TC-6-11, 5-3-11; Ord. No. 2011-918, \u00a71,\n6-21-11, eff. 7-4-11; Ord. No. 2012-65, \u00a71, 6-18-12, eff. 7-1-12)\n"}