{"law_id":"82","section_number":"5-2035","catch_line":"PRIMARY AND SECONDARY FIRE DISTRICTS.","history":"","order_by":"5-2035","metadata":false,"url":"\/5-2035\/","token":"5-2035","structure":{"1":{"id":"43","name":"ARTICLE B. - FIRE PREVENTION [1]","identifier":"B","label":"article","url":"\/II\/5\/2\/B\/"},"2":{"id":"41","name":"CHAPTER 2. - FIRE PROTECTION AND PREVENTION","identifier":"2","label":"chapter","url":"\/II\/5\/2\/"},"3":{"id":"34","name":"PART 5 - PUBLIC SAFETY","identifier":"5","label":"part","url":"\/II\/5\/"},"4":{"id":"5","name":"Division II - Planning and Development","identifier":"II","label":"division","url":"\/II\/"}},"referred_to_by":false,"edition_id":"1","section_id":"82","structure_id":"43","full_text":"(a) The Primary Fire District. \nThe primary fire district of the City is described as follows: \nBeginning at a point in the center of South Dawson Street and West Morgan Street; thence east to the center of the intersection of West Morgan Street and South McDowell Street; thence south to the intersection of South McDowell Street and West Hargett Street; thence west along the center of West Hargett Street, to the point and place of beginning.\r\r","text":{"0":{"id":"145","text":"The Primary Fire District. \nThe primary fire district of the City is described as follows: \nBeginning at a point in the center of South Dawson Street and West Morgan Street; thence east to the center of the intersection of West Morgan Street and South McDowell Street; thence south to the intersection of South McDowell Street and West Hargett Street; thence west along the center of West Hargett Street, to the point and place of beginning.","type":"section","prefixes":["(a)"],"prefix":"(a)","entire_prefix":"(a)","prefix_anchor":"(a)","level":1},"1":{"id":"146","text":"","type":"section","prefixes":["(b)"],"prefix":"(b)","entire_prefix":"(b)","prefix_anchor":"(b)","level":1},"2":{"id":"147","text":"\tThe secondary fire district of the City is described as follows: \nBeginning at a point in the center of the intersection of South Blount Street and East Morgan Street; thence south to the intersection of South Blount Street and East Cabarrus Street; thence west to the center of the intersection of East Cabarrus Street and South Wilmington Street; thence south to the center of the intersection of South Wilmington Street and East South Street; thence west to the center of South Dawson Street and the east right-of-way of the southern railroad; thence northwest along the east right-of-way of the southern railroad to the center of South Dawson Street; thence north to the center of the intersection of South Dawson Street and West Hargett Street; thence west to the center of the intersection of West Hargett Street and South Harrington Street; thence north to the center of the intersection of Hillsborough Street and South Harrington Street; thence east along the center of Hillsborough Street to the intersection of Hillsborough Street and North Salisbury Street, thence east to the point and place of beginning, excluding that area described as the Primary Fire District in \u00a75-2035. \n","type":"section","prefixes":["(b)","(1)"],"prefix":"(1)","entire_prefix":"(b)(1)","prefix_anchor":"(b)(1)","level":2},"3":{"id":"148","text":"\tWithin the secondary fire district new wood frame structures shall be permitted to be constructed or enlarged when complying with all the following: \na.\tConstructed in compliance with the N.C. Building Code, and\nb.\tBuilding shall be fully sprinkled in compliance with standards set forth in the North Carolina Building Code, and \nc.\tThat exterior cladding and exterior components (stairs, balconies excluding trim) when intended shall be constructed of non-combustible materials. \n","type":"section","prefixes":["(b)","(2)"],"prefix":"(2)","entire_prefix":"(b)(2)","prefix_anchor":"(b)(2)","level":2},"4":{"id":"149","text":"\tWithin the secondary fire district all structures existing on the date of the adoption of Ordinance No. 2003-477 (July 15, 2003), may be repaired or altered, provided that when any proposed repair or alteration exceeds twenty-five (25) percent of the value of the structure, as determined by the Inspections Director, or when the occupancy use of the building is changed to a higher hazard group, the building shall be required to have either of the following: \na.\tA fire alarm system, or\nb.\tA fully sprinkled building, or\nc.\tAll structural components provide a one-hour fire protected construction. Exception: Type IV (Heavy Timber) construction, parking structures and those surrounded on all sides by a minimum of thirty (30) feet. \n(Ord. No. 2011-873-TC-344, \u00a71, TC-6-11, 5-3-11) \nState law reference: G.S. 160A-435 through 437. \n","type":"section","prefixes":["(b)","(3)"],"prefix":"(3)","entire_prefix":"(b)(3)","prefix_anchor":"(b)(3)","level":2}},"ancestry":{"1":{"id":"43","name":"ARTICLE B. - FIRE PREVENTION [1]","identifier":"B","label":"article","url":"\/II\/5\/2\/B\/"},"2":{"id":"41","name":"CHAPTER 2. - FIRE PROTECTION AND PREVENTION","identifier":"2","label":"chapter","url":"\/II\/5\/2\/"},"3":{"id":"34","name":"PART 5 - PUBLIC SAFETY","identifier":"5","label":"part","url":"\/II\/5\/"},"4":{"id":"5","name":"Division II - Planning and Development","identifier":"II","label":"division","url":"\/II\/"}},"structure_contents":{"0":{"id":"77","structure_id":"43","section_number":"5-2031","catch_line":"TITLE AND INTENT.","url":"\/5-2031\/","token":"5-2031"},"1":{"id":"78","structure_id":"43","section_number":"5-2032","catch_line":"FIRE PREVENTION CODE ADOPTED.","url":"\/5-2032\/","token":"5-2032"},"2":{"id":"79","structure_id":"43","section_number":"5-2033","catch_line":"JURISDICTION.","url":"\/5-2033\/","token":"5-2033"},"3":{"id":"80","structure_id":"43","section_number":"5-2034","catch_line":"RESPONSIBILITY FOR ENFORCEMENT; FIRE PREVENTION BUREAU.","url":"\/5-2034\/","token":"5-2034"},"4":{"id":"82","structure_id":"43","section_number":"5-2035","catch_line":"PRIMARY AND SECONDARY FIRE DISTRICTS.","url":"\/5-2035\/","token":"5-2035"},"5":{"id":"83","structure_id":"43","section_number":"5-2036","catch_line":"ELECTRIC SERVICE ENTRANCES IN FIRE DISTRICTS.","url":"\/5-2036\/","token":"5-2036"},"6":{"id":"84","structure_id":"43","section_number":"5-2037","catch_line":"FLAMMABLE LIQUIDS STORAGE; RESTRICTIONS ON LOCATION.","url":"\/5-2037\/","token":"5-2037"},"7":{"id":"85","structure_id":"43","section_number":"5-2038","catch_line":"REGULATION OF LIQUID PROPANE GAS TANKS.","url":"\/5-2038\/","token":"5-2038"},"8":{"id":"86","structure_id":"43","section_number":"5-2039","catch_line":"ISSUANCE OF BLASTING PERMITS; REQUIREMENTS.","url":"\/5-2039\/","token":"5-2039"},"9":{"id":"87","structure_id":"43","section_number":"5-2040","catch_line":"KEY BOX SYSTEM.","url":"\/5-2040\/","token":"5-2040"},"10":{"id":"88","structure_id":"43","section_number":"5-2041","catch_line":"INSPECTIONS FOR EXISTING BUILDINGS.","url":"\/5-2041\/","token":"5-2041"},"11":{"id":"89","structure_id":"43","section_number":"5-2042","catch_line":"OPERATIONAL PERMITS AND FEES.","url":"\/5-2042\/","token":"5-2042"},"12":{"id":"90","structure_id":"43","section_number":"5-2043","catch_line":"NEW CONSTRUCTION INSPECTION, PERMITS AND FEES.","url":"\/5-2043\/","token":"5-2043"},"13":{"id":"91","structure_id":"43","section_number":"5-2044","catch_line":"FIRE FINAL INSPECTIONS.","url":"\/5-2044\/","token":"5-2044"},"14":{"id":"93","structure_id":"43","section_number":"5-2045","catch_line":"SMOKE DETECTORS REQUIRED.","url":"\/5-2045\/","token":"5-2045"},"15":{"id":"94","structure_id":"43","section_number":"5-2046","catch_line":"NEW MATERIALS; TESTING AND APPROVAL.","url":"\/5-2046\/","token":"5-2046"},"16":{"id":"95","structure_id":"43","section_number":"5-2047","catch_line":"OVERSIGHT NOT TO LEGALIZE VIOLATION.","url":"\/5-2047\/","token":"5-2047"},"17":{"id":"96","structure_id":"43","section_number":"5-2048","catch_line":"PENALTIES FOR VIOLATIONS OF FIRE PREVENTION CODE.","url":"\/5-2048\/","token":"5-2048"}},"previous_section":{"id":"80","structure_id":"43","section_number":"5-2034","catch_line":"RESPONSIBILITY FOR ENFORCEMENT; FIRE PREVENTION BUREAU.","url":"\/5-2034\/","token":"5-2034"},"next_section":{"id":"83","structure_id":"43","section_number":"5-2036","catch_line":"ELECTRIC SERVICE ENTRANCES IN FIRE DISTRICTS.","url":"\/5-2036\/","token":"5-2036"},"references":{"0":{"id":"83","section_number":"5-2036","catch_line":"ELECTRIC SERVICE ENTRANCES IN FIRE DISTRICTS.","url":"http:\/\/localhost:8888\/5-2036\/"},"1":{"id":"84","section_number":"5-2037","catch_line":"FLAMMABLE LIQUIDS STORAGE; RESTRICTIONS ON LOCATION.","url":"http:\/\/localhost:8888\/5-2037\/"}},"formats":{"txt":"\/5-2035.txt","json":"\/5-2035.xml"},"dublin_core":{"Title":"PRIMARY AND SECONDARY FIRE DISTRICTS.","Type":"Text","Format":"text\/html","Identifier":"\u00a7 5-2035","Relation":"Code of State"},"plain_text":"                                  CODE OF STATE\n\nPRIMARY AND SECONDARY FIRE DISTRICTS. (\u00a7 5-2035)\n\n(a) The Primary Fire District. \nThe primary fire district of the City is described as follows: \nBeginning at a point in the center of South Dawson Street and West Morgan\nStreet; thence east to the center of the intersection of West Morgan Street and\nSouth McDowell Street; thence south to the intersection of South McDowell Street\nand West Hargett Street; thence west along the center of West Hargett Street, to\nthe point and place of beginning.\n\n(b) \n\n   (1) \tThe secondary fire district of the City is described as follows: \n   Beginning at a point in the center of the intersection of South Blount Street\n   and East Morgan Street; thence south to the intersection of South Blount\n   Street and East Cabarrus Street; thence west to the center of the intersection\n   of East Cabarrus Street and South Wilmington Street; thence south to the\n   center of the intersection of South Wilmington Street and East South Street;\n   thence west to the center of South Dawson Street and the east right-of-way of\n   the southern railroad; thence northwest along the east right-of-way of the\n   southern railroad to the center of South Dawson Street; thence north to the\n   center of the intersection of South Dawson Street and West Hargett Street;\n   thence west to the center of the intersection of West Hargett Street and South\n   Harrington Street; thence north to the center of the intersection of\n   Hillsborough Street and South Harrington Street; thence east along the center\n   of Hillsborough Street to the intersection of Hillsborough Street and North\n   Salisbury Street, thence east to the point and place of beginning, excluding\n   that area described as the Primary Fire District in \u00a75-2035. \n   \n\n   (2) \tWithin the secondary fire district new wood frame structures shall be\n   permitted to be constructed or enlarged when complying with all the following:\n   \n   a.\tConstructed in compliance with the N.C. Building Code, and\n   b.\tBuilding shall be fully sprinkled in compliance with standards set forth in\n   the North Carolina Building Code, and \n   c.\tThat exterior cladding and exterior components (stairs, balconies excluding\n   trim) when intended shall be constructed of non-combustible materials. \n   \n\n   (3) \tWithin the secondary fire district all structures existing on the date of\n   the adoption of Ordinance No. 2003-477 (July 15, 2003), may be repaired or\n   altered, provided that when any proposed repair or alteration exceeds\n   twenty-five (25) percent of the value of the structure, as determined by the\n   Inspections Director, or when the occupancy use of the building is changed to\n   a higher hazard group, the building shall be required to have either of the\n   following: \n   a.\tA fire alarm system, or\n   b.\tA fully sprinkled building, or\n   c.\tAll structural components provide a one-hour fire protected construction.\n   Exception: Type IV (Heavy Timber) construction, parking structures and those\n   surrounded on all sides by a minimum of thirty (30) feet. \n   (Ord. No. 2011-873-TC-344, \u00a71, TC-6-11, 5-3-11) \n   State law reference: G.S. 160A-435 through 437.\n"}