{"law_id":"84","section_number":"5-2037","catch_line":"FLAMMABLE LIQUIDS STORAGE; RESTRICTIONS ON LOCATION.","history":"","order_by":"5-2037","metadata":false,"url":"\/5-2037\/","token":"5-2037","structure":{"1":{"id":"43","name":"ARTICLE B. - FIRE PREVENTION [1]","identifier":"B","label":"article","url":"\/II\/5\/2\/B\/"},"2":{"id":"41","name":"CHAPTER 2. - FIRE PROTECTION AND PREVENTION","identifier":"2","label":"chapter","url":"\/II\/5\/2\/"},"3":{"id":"34","name":"PART 5 - PUBLIC SAFETY","identifier":"5","label":"part","url":"\/II\/5\/"},"4":{"id":"5","name":"Division II - Planning and Development","identifier":"II","label":"division","url":"\/II\/"}},"referred_to_by":false,"edition_id":"1","section_id":"84","structure_id":"43","full_text":"(a) Storage of Flammable Liquids in Outside, Aboveground Tanks. \nThe limits on location referenced in the Fire Prevention Code, in which storage of flammable liquids in outside, aboveground tanks is prohibited, are established as follows: all residential zoning districts of the City and the primary and secondary fire districts as described in \u00a75-2035.\r\r(b) New Bulk Plants for Flammable Liquids. \nThe limits on location referred to in the Fire Prevention Code, in which new bulk plants for flammable liquids are prohibited, are hereby established as follows: all areas zoned for any use other than industrial.\r\r(c) Bulk Storage of Liquid Petroleum Gas. \nThe limits on location referred to in the Fire Prevention Code, in which bulk storage of liquid petroleum gas is restricted are hereby established as follows: all areas of the City zoned for any use other than industrial.\r\r(d) Self-service Stations. \nFollowing the issuance of a permit, unattended self-service stations shall be permitted solely for the dispensing of motor vehicle fuels into commercial or fleet vehicles. The dispensing of motor vehicle fuels shall comply with all of the provisions of North Carolina State Building Code, Fire Prevention Code and National Fire Protection Association Standard 30A for unattended self-service station vendors. Prior to commencing operations, the self-service station vendor shall make application at the Office of the Fire Marshal and shall obtain a permit to operate an unattended self-service station. So long as the conditions and limitations of the permit and the Fire Prevention Code are observed, such permit shall be valid for a time period of twelve (12) months, and it shall be renewable on a recurring basis. Failure by the self-service station vendor or operator to comply with the provisions of this section shall be cause for revocation of the permit. \n(Ord. No. 2011-873-TC-344, \u00a71, TC-6-11, 5-3-11) \nCross reference: Location of gasoline and fuel pumps from street rights-of-way, \u00a710-6036\r\r","text":{"0":{"id":"151","text":"Storage of Flammable Liquids in Outside, Aboveground Tanks. \nThe limits on location referenced in the Fire Prevention Code, in which storage of flammable liquids in outside, aboveground tanks is prohibited, are established as follows: all residential zoning districts of the City and the primary and secondary fire districts as described in \u00a75-2035.","type":"section","prefixes":["(a)"],"prefix":"(a)","entire_prefix":"(a)","prefix_anchor":"(a)","level":1},"1":{"id":"152","text":"New Bulk Plants for Flammable Liquids. \nThe limits on location referred to in the Fire Prevention Code, in which new bulk plants for flammable liquids are prohibited, are hereby established as follows: all areas zoned for any use other than industrial.","type":"section","prefixes":["(b)"],"prefix":"(b)","entire_prefix":"(b)","prefix_anchor":"(b)","level":1},"2":{"id":"153","text":"Bulk Storage of Liquid Petroleum Gas. \nThe limits on location referred to in the Fire Prevention Code, in which bulk storage of liquid petroleum gas is restricted are hereby established as follows: all areas of the City zoned for any use other than industrial.","type":"section","prefixes":["(c)"],"prefix":"(c)","entire_prefix":"(c)","prefix_anchor":"(c)","level":1},"3":{"id":"154","text":"Self-service Stations. \nFollowing the issuance of a permit, unattended self-service stations shall be permitted solely for the dispensing of motor vehicle fuels into commercial or fleet vehicles. The dispensing of motor vehicle fuels shall comply with all of the provisions of North Carolina State Building Code, Fire Prevention Code and National Fire Protection Association Standard 30A for unattended self-service station vendors. Prior to commencing operations, the self-service station vendor shall make application at the Office of the Fire Marshal and shall obtain a permit to operate an unattended self-service station. So long as the conditions and limitations of the permit and the Fire Prevention Code are observed, such permit shall be valid for a time period of twelve (12) months, and it shall be renewable on a recurring basis. Failure by the self-service station vendor or operator to comply with the provisions of this section shall be cause for revocation of the permit. \n(Ord. No. 2011-873-TC-344, \u00a71, TC-6-11, 5-3-11) \nCross reference: Location of gasoline and fuel pumps from street rights-of-way, \u00a710-6036","type":"section","prefixes":["(d)"],"prefix":"(d)","entire_prefix":"(d)","prefix_anchor":"(d)","level":1}},"ancestry":{"1":{"id":"43","name":"ARTICLE B. - FIRE PREVENTION [1]","identifier":"B","label":"article","url":"\/II\/5\/2\/B\/"},"2":{"id":"41","name":"CHAPTER 2. - FIRE PROTECTION AND PREVENTION","identifier":"2","label":"chapter","url":"\/II\/5\/2\/"},"3":{"id":"34","name":"PART 5 - PUBLIC SAFETY","identifier":"5","label":"part","url":"\/II\/5\/"},"4":{"id":"5","name":"Division II - Planning and Development","identifier":"II","label":"division","url":"\/II\/"}},"structure_contents":{"0":{"id":"77","structure_id":"43","section_number":"5-2031","catch_line":"TITLE AND INTENT.","url":"\/5-2031\/","token":"5-2031"},"1":{"id":"78","structure_id":"43","section_number":"5-2032","catch_line":"FIRE PREVENTION CODE ADOPTED.","url":"\/5-2032\/","token":"5-2032"},"2":{"id":"79","structure_id":"43","section_number":"5-2033","catch_line":"JURISDICTION.","url":"\/5-2033\/","token":"5-2033"},"3":{"id":"80","structure_id":"43","section_number":"5-2034","catch_line":"RESPONSIBILITY FOR ENFORCEMENT; FIRE PREVENTION BUREAU.","url":"\/5-2034\/","token":"5-2034"},"4":{"id":"82","structure_id":"43","section_number":"5-2035","catch_line":"PRIMARY AND SECONDARY FIRE DISTRICTS.","url":"\/5-2035\/","token":"5-2035"},"5":{"id":"83","structure_id":"43","section_number":"5-2036","catch_line":"ELECTRIC SERVICE ENTRANCES IN FIRE DISTRICTS.","url":"\/5-2036\/","token":"5-2036"},"6":{"id":"84","structure_id":"43","section_number":"5-2037","catch_line":"FLAMMABLE LIQUIDS STORAGE; RESTRICTIONS ON LOCATION.","url":"\/5-2037\/","token":"5-2037"},"7":{"id":"85","structure_id":"43","section_number":"5-2038","catch_line":"REGULATION OF LIQUID PROPANE GAS TANKS.","url":"\/5-2038\/","token":"5-2038"},"8":{"id":"86","structure_id":"43","section_number":"5-2039","catch_line":"ISSUANCE OF BLASTING PERMITS; REQUIREMENTS.","url":"\/5-2039\/","token":"5-2039"},"9":{"id":"87","structure_id":"43","section_number":"5-2040","catch_line":"KEY BOX SYSTEM.","url":"\/5-2040\/","token":"5-2040"},"10":{"id":"88","structure_id":"43","section_number":"5-2041","catch_line":"INSPECTIONS FOR EXISTING BUILDINGS.","url":"\/5-2041\/","token":"5-2041"},"11":{"id":"89","structure_id":"43","section_number":"5-2042","catch_line":"OPERATIONAL PERMITS AND FEES.","url":"\/5-2042\/","token":"5-2042"},"12":{"id":"90","structure_id":"43","section_number":"5-2043","catch_line":"NEW CONSTRUCTION INSPECTION, PERMITS AND FEES.","url":"\/5-2043\/","token":"5-2043"},"13":{"id":"91","structure_id":"43","section_number":"5-2044","catch_line":"FIRE FINAL INSPECTIONS.","url":"\/5-2044\/","token":"5-2044"},"14":{"id":"93","structure_id":"43","section_number":"5-2045","catch_line":"SMOKE DETECTORS REQUIRED.","url":"\/5-2045\/","token":"5-2045"},"15":{"id":"94","structure_id":"43","section_number":"5-2046","catch_line":"NEW MATERIALS; TESTING AND APPROVAL.","url":"\/5-2046\/","token":"5-2046"},"16":{"id":"95","structure_id":"43","section_number":"5-2047","catch_line":"OVERSIGHT NOT TO LEGALIZE VIOLATION.","url":"\/5-2047\/","token":"5-2047"},"17":{"id":"96","structure_id":"43","section_number":"5-2048","catch_line":"PENALTIES FOR VIOLATIONS OF FIRE PREVENTION CODE.","url":"\/5-2048\/","token":"5-2048"}},"previous_section":{"id":"83","structure_id":"43","section_number":"5-2036","catch_line":"ELECTRIC SERVICE ENTRANCES IN FIRE DISTRICTS.","url":"\/5-2036\/","token":"5-2036"},"next_section":{"id":"85","structure_id":"43","section_number":"5-2038","catch_line":"REGULATION OF LIQUID PROPANE GAS TANKS.","url":"\/5-2038\/","token":"5-2038"},"references":false,"formats":{"txt":"\/5-2037.txt","json":"\/5-2037.xml"},"dublin_core":{"Title":"FLAMMABLE LIQUIDS STORAGE; RESTRICTIONS ON LOCATION.","Type":"Text","Format":"text\/html","Identifier":"\u00a7 5-2037","Relation":"Code of State"},"plain_text":"                                  CODE OF STATE\n\nFLAMMABLE LIQUIDS STORAGE; RESTRICTIONS ON LOCATION. (\u00a7 5-2037)\n\n(a) Storage of Flammable Liquids in Outside, Aboveground Tanks. \nThe limits on location referenced in the Fire Prevention Code, in which storage\nof flammable liquids in outside, aboveground tanks is prohibited, are\nestablished as follows: all residential zoning districts of the City and the\nprimary and secondary fire districts as described in \u00a75-2035.\n\n(b) New Bulk Plants for Flammable Liquids. \nThe limits on location referred to in the Fire Prevention Code, in which new\nbulk plants for flammable liquids are prohibited, are hereby established as\nfollows: all areas zoned for any use other than industrial.\n\n(c) Bulk Storage of Liquid Petroleum Gas. \nThe limits on location referred to in the Fire Prevention Code, in which bulk\nstorage of liquid petroleum gas is restricted are hereby established as follows:\nall areas of the City zoned for any use other than industrial.\n\n(d) Self-service Stations. \nFollowing the issuance of a permit, unattended self-service stations shall be\npermitted solely for the dispensing of motor vehicle fuels into commercial or\nfleet vehicles. The dispensing of motor vehicle fuels shall comply with all of\nthe provisions of North Carolina State Building Code, Fire Prevention Code and\nNational Fire Protection Association Standard 30A for unattended self-service\nstation vendors. Prior to commencing operations, the self-service station vendor\nshall make application at the Office of the Fire Marshal and shall obtain a\npermit to operate an unattended self-service station. So long as the conditions\nand limitations of the permit and the Fire Prevention Code are observed, such\npermit shall be valid for a time period of twelve (12) months, and it shall be\nrenewable on a recurring basis. Failure by the self-service station vendor or\noperator to comply with the provisions of this section shall be cause for\nrevocation of the permit. \n(Ord. No. 2011-873-TC-344, \u00a71, TC-6-11, 5-3-11) \nCross reference: Location of gasoline and fuel pumps from street rights-of-way,\n\u00a710-6036\n"}