{"law_id":"95","section_number":"5-2047","catch_line":"OVERSIGHT NOT TO LEGALIZE VIOLATION.","history":"","order_by":"5-2047","metadata":false,"url":"\/5-2047\/","token":"5-2047","structure":{"1":{"id":"43","name":"ARTICLE B. - FIRE PREVENTION [1]","identifier":"B","label":"article","url":"\/II\/5\/2\/B\/"},"2":{"id":"41","name":"CHAPTER 2. - FIRE PROTECTION AND PREVENTION","identifier":"2","label":"chapter","url":"\/II\/5\/2\/"},"3":{"id":"34","name":"PART 5 - PUBLIC SAFETY","identifier":"5","label":"part","url":"\/II\/5\/"},"4":{"id":"5","name":"Division II - Planning and Development","identifier":"II","label":"division","url":"\/II\/"}},"referred_to_by":false,"edition_id":"1","section_id":"95","structure_id":"43","full_text":"No oversight or dereliction of duty or issuance of a permit on the part of any inspector or other official or employee of the Office of the Fire Marshal shall be deemed to legalize or waive the violation of any provisions of the Code of the City of Raleigh or the laws of the State of North Carolina. \n(Ord. No. 2011-873-TC-344, \u00a71, TC-6-11, 5-3-11)","text":{"0":{"id":"194","text":"No oversight or dereliction of duty or issuance of a permit on the part of any inspector or other official or employee of the Office of the Fire Marshal shall be deemed to legalize or waive the violation of any provisions of the Code of the City of Raleigh or the laws of the State of North Carolina. \n(Ord. No. 2011-873-TC-344, \u00a71, TC-6-11, 5-3-11)","type":"section","prefixes":[""],"prefix":"","entire_prefix":"","prefix_anchor":"","level":1}},"ancestry":{"1":{"id":"43","name":"ARTICLE B. - FIRE PREVENTION [1]","identifier":"B","label":"article","url":"\/II\/5\/2\/B\/"},"2":{"id":"41","name":"CHAPTER 2. - FIRE PROTECTION AND PREVENTION","identifier":"2","label":"chapter","url":"\/II\/5\/2\/"},"3":{"id":"34","name":"PART 5 - PUBLIC SAFETY","identifier":"5","label":"part","url":"\/II\/5\/"},"4":{"id":"5","name":"Division II - Planning and Development","identifier":"II","label":"division","url":"\/II\/"}},"structure_contents":{"0":{"id":"77","structure_id":"43","section_number":"5-2031","catch_line":"TITLE AND INTENT.","url":"\/5-2031\/","token":"5-2031"},"1":{"id":"78","structure_id":"43","section_number":"5-2032","catch_line":"FIRE PREVENTION CODE ADOPTED.","url":"\/5-2032\/","token":"5-2032"},"2":{"id":"79","structure_id":"43","section_number":"5-2033","catch_line":"JURISDICTION.","url":"\/5-2033\/","token":"5-2033"},"3":{"id":"80","structure_id":"43","section_number":"5-2034","catch_line":"RESPONSIBILITY FOR ENFORCEMENT; FIRE PREVENTION BUREAU.","url":"\/5-2034\/","token":"5-2034"},"4":{"id":"82","structure_id":"43","section_number":"5-2035","catch_line":"PRIMARY AND SECONDARY FIRE DISTRICTS.","url":"\/5-2035\/","token":"5-2035"},"5":{"id":"83","structure_id":"43","section_number":"5-2036","catch_line":"ELECTRIC SERVICE ENTRANCES IN FIRE DISTRICTS.","url":"\/5-2036\/","token":"5-2036"},"6":{"id":"84","structure_id":"43","section_number":"5-2037","catch_line":"FLAMMABLE LIQUIDS STORAGE; RESTRICTIONS ON LOCATION.","url":"\/5-2037\/","token":"5-2037"},"7":{"id":"85","structure_id":"43","section_number":"5-2038","catch_line":"REGULATION OF LIQUID PROPANE GAS TANKS.","url":"\/5-2038\/","token":"5-2038"},"8":{"id":"86","structure_id":"43","section_number":"5-2039","catch_line":"ISSUANCE OF BLASTING PERMITS; REQUIREMENTS.","url":"\/5-2039\/","token":"5-2039"},"9":{"id":"87","structure_id":"43","section_number":"5-2040","catch_line":"KEY BOX SYSTEM.","url":"\/5-2040\/","token":"5-2040"},"10":{"id":"88","structure_id":"43","section_number":"5-2041","catch_line":"INSPECTIONS FOR EXISTING BUILDINGS.","url":"\/5-2041\/","token":"5-2041"},"11":{"id":"89","structure_id":"43","section_number":"5-2042","catch_line":"OPERATIONAL PERMITS AND FEES.","url":"\/5-2042\/","token":"5-2042"},"12":{"id":"90","structure_id":"43","section_number":"5-2043","catch_line":"NEW CONSTRUCTION INSPECTION, PERMITS AND FEES.","url":"\/5-2043\/","token":"5-2043"},"13":{"id":"91","structure_id":"43","section_number":"5-2044","catch_line":"FIRE FINAL INSPECTIONS.","url":"\/5-2044\/","token":"5-2044"},"14":{"id":"93","structure_id":"43","section_number":"5-2045","catch_line":"SMOKE DETECTORS REQUIRED.","url":"\/5-2045\/","token":"5-2045"},"15":{"id":"94","structure_id":"43","section_number":"5-2046","catch_line":"NEW MATERIALS; TESTING AND APPROVAL.","url":"\/5-2046\/","token":"5-2046"},"16":{"id":"95","structure_id":"43","section_number":"5-2047","catch_line":"OVERSIGHT NOT TO LEGALIZE VIOLATION.","url":"\/5-2047\/","token":"5-2047"},"17":{"id":"96","structure_id":"43","section_number":"5-2048","catch_line":"PENALTIES FOR VIOLATIONS OF FIRE PREVENTION CODE.","url":"\/5-2048\/","token":"5-2048"}},"previous_section":{"id":"94","structure_id":"43","section_number":"5-2046","catch_line":"NEW MATERIALS; TESTING AND APPROVAL.","url":"\/5-2046\/","token":"5-2046"},"next_section":{"id":"96","structure_id":"43","section_number":"5-2048","catch_line":"PENALTIES FOR VIOLATIONS OF FIRE PREVENTION CODE.","url":"\/5-2048\/","token":"5-2048"},"references":false,"formats":{"txt":"\/5-2047.txt","json":"\/5-2047.xml"},"dublin_core":{"Title":"OVERSIGHT NOT TO LEGALIZE VIOLATION.","Type":"Text","Format":"text\/html","Identifier":"\u00a7 5-2047","Relation":"Code of State"},"plain_text":"                                  CODE OF STATE\n\nOVERSIGHT NOT TO LEGALIZE VIOLATION. (\u00a7 5-2047)\n\nNo oversight or dereliction of duty or issuance of a permit on the part of any\ninspector or other official or employee of the Office of the Fire Marshal shall\nbe deemed to legalize or waive the violation of any provisions of the Code of\nthe City of Raleigh or the laws of the State of North Carolina. \n(Ord. No. 2011-873-TC-344, \u00a71, TC-6-11, 5-3-11)\n"}