{"law_id":"85","section_number":"5-2038","catch_line":"REGULATION OF LIQUID PROPANE GAS TANKS.","history":"","order_by":"5-2038","metadata":false,"url":"\/5-2038\/","token":"5-2038","structure":{"1":{"id":"43","name":"ARTICLE B. - FIRE PREVENTION [1]","identifier":"B","label":"article","url":"\/II\/5\/2\/B\/"},"2":{"id":"41","name":"CHAPTER 2. - FIRE PROTECTION AND PREVENTION","identifier":"2","label":"chapter","url":"\/II\/5\/2\/"},"3":{"id":"34","name":"PART 5 - PUBLIC SAFETY","identifier":"5","label":"part","url":"\/II\/5\/"},"4":{"id":"5","name":"Division II - Planning and Development","identifier":"II","label":"division","url":"\/II\/"}},"referred_to_by":false,"edition_id":"1","section_id":"85","structure_id":"43","full_text":"","text":{"0":{"id":"155","text":"","type":"section","prefixes":["(a)"],"prefix":"(a)","entire_prefix":"(a)","prefix_anchor":"(a)","level":1},"1":{"id":"156","text":"\tL.P. (liquefied petroleum) gas shall mean and include any materials having a vapor pressure not exceeding that allowed for commercial propane composed predominantly of the following hydrocarbons, either by themselves or as mixtures: propane, propylene, butane (normal butane or isobutane) and butylene (including isomers). \n","type":"section","prefixes":["(a)","(1)"],"prefix":"(1)","entire_prefix":"(a)(1)","prefix_anchor":"(a)(1)","level":2},"2":{"id":"157","text":"\tL.P. tank shall mean container; any tank or container ranging from forty (40) pounds normal L.P. gas capacity to two thousand (2,000) gallons used for the storage or handling of L.P. gas. \n","type":"section","prefixes":["(a)","(2)"],"prefix":"(2)","entire_prefix":"(a)(2)","prefix_anchor":"(a)(2)","level":2},"3":{"id":"158","text":"\tPermit shall mean a fire prevention permit issued by the Fire Prevention Bureau. \n","type":"section","prefixes":["(a)","(3)"],"prefix":"(3)","entire_prefix":"(a)(3)","prefix_anchor":"(a)(3)","level":2},"4":{"id":"159","text":"\tN.F.P.A. 58 shall mean the current edition of Pamphlet No. 58 as written by the National Fire Protection Association. \n","type":"section","prefixes":["(a)","(4)"],"prefix":"(4)","entire_prefix":"(a)(4)","prefix_anchor":"(a)(4)","level":2},"5":{"id":"160","text":"\tStandard or Code shall mean the current edition of N.F.P.A. No. 58 &#8220;Storage and Handling of Liquefied Petroleum Gases&#8221;. \n","type":"section","prefixes":["(a)","(5)"],"prefix":"(5)","entire_prefix":"(a)(5)","prefix_anchor":"(a)(5)","level":2},"6":{"id":"161","text":"","type":"section","prefixes":["(b)"],"prefix":"(b)","entire_prefix":"(b)","prefix_anchor":"(b)","level":1},"7":{"id":"162","text":"\tN.C. Administration Code, Title 2, Chapter 38, Section .0700, paragraph or rule .0701(1) as it pertains to installation and maintenance of L.P. gas containers from one (1) pound nominal L.P. gas capacity to two thousand (2,000) gallons L.P. gas capacity. \n","type":"section","prefixes":["(b)","(1)"],"prefix":"(1)","entire_prefix":"(b)(1)","prefix_anchor":"(b)(1)","level":2},"8":{"id":"163","text":"\tNational Fire Protection Association, Pamphlet No. 58, current edition of &#8220;Storage and Handling of Liquefied Petroleum Gases,&#8221; with the following exceptions: \na.\tWhen two (2) or more containers are manifold to a single service, each container shall be considered independent of the other and all ruler and regulations relating to a single container shall apply. \nb.\tAll cutoff valves and regulating equipment exposed to rain, sleet, or snow shall be protected against such elements either by design or by a hood. \n(Ord. No. 2011-873-TC-344, \u00a71, TC-6-11, 5-3-11) \n","type":"section","prefixes":["(b)","(2)"],"prefix":"(2)","entire_prefix":"(b)(2)","prefix_anchor":"(b)(2)","level":2}},"ancestry":{"1":{"id":"43","name":"ARTICLE B. - FIRE PREVENTION [1]","identifier":"B","label":"article","url":"\/II\/5\/2\/B\/"},"2":{"id":"41","name":"CHAPTER 2. - FIRE PROTECTION AND PREVENTION","identifier":"2","label":"chapter","url":"\/II\/5\/2\/"},"3":{"id":"34","name":"PART 5 - PUBLIC SAFETY","identifier":"5","label":"part","url":"\/II\/5\/"},"4":{"id":"5","name":"Division II - Planning and Development","identifier":"II","label":"division","url":"\/II\/"}},"structure_contents":{"0":{"id":"77","structure_id":"43","section_number":"5-2031","catch_line":"TITLE AND INTENT.","url":"\/5-2031\/","token":"5-2031"},"1":{"id":"78","structure_id":"43","section_number":"5-2032","catch_line":"FIRE PREVENTION CODE ADOPTED.","url":"\/5-2032\/","token":"5-2032"},"2":{"id":"79","structure_id":"43","section_number":"5-2033","catch_line":"JURISDICTION.","url":"\/5-2033\/","token":"5-2033"},"3":{"id":"80","structure_id":"43","section_number":"5-2034","catch_line":"RESPONSIBILITY FOR ENFORCEMENT; FIRE PREVENTION BUREAU.","url":"\/5-2034\/","token":"5-2034"},"4":{"id":"82","structure_id":"43","section_number":"5-2035","catch_line":"PRIMARY AND SECONDARY FIRE DISTRICTS.","url":"\/5-2035\/","token":"5-2035"},"5":{"id":"83","structure_id":"43","section_number":"5-2036","catch_line":"ELECTRIC SERVICE ENTRANCES IN FIRE DISTRICTS.","url":"\/5-2036\/","token":"5-2036"},"6":{"id":"84","structure_id":"43","section_number":"5-2037","catch_line":"FLAMMABLE LIQUIDS STORAGE; RESTRICTIONS ON LOCATION.","url":"\/5-2037\/","token":"5-2037"},"7":{"id":"85","structure_id":"43","section_number":"5-2038","catch_line":"REGULATION OF LIQUID PROPANE GAS TANKS.","url":"\/5-2038\/","token":"5-2038"},"8":{"id":"86","structure_id":"43","section_number":"5-2039","catch_line":"ISSUANCE OF BLASTING PERMITS; REQUIREMENTS.","url":"\/5-2039\/","token":"5-2039"},"9":{"id":"87","structure_id":"43","section_number":"5-2040","catch_line":"KEY BOX SYSTEM.","url":"\/5-2040\/","token":"5-2040"},"10":{"id":"88","structure_id":"43","section_number":"5-2041","catch_line":"INSPECTIONS FOR EXISTING BUILDINGS.","url":"\/5-2041\/","token":"5-2041"},"11":{"id":"89","structure_id":"43","section_number":"5-2042","catch_line":"OPERATIONAL PERMITS AND FEES.","url":"\/5-2042\/","token":"5-2042"},"12":{"id":"90","structure_id":"43","section_number":"5-2043","catch_line":"NEW CONSTRUCTION INSPECTION, PERMITS AND FEES.","url":"\/5-2043\/","token":"5-2043"},"13":{"id":"91","structure_id":"43","section_number":"5-2044","catch_line":"FIRE FINAL INSPECTIONS.","url":"\/5-2044\/","token":"5-2044"},"14":{"id":"93","structure_id":"43","section_number":"5-2045","catch_line":"SMOKE DETECTORS REQUIRED.","url":"\/5-2045\/","token":"5-2045"},"15":{"id":"94","structure_id":"43","section_number":"5-2046","catch_line":"NEW MATERIALS; TESTING AND APPROVAL.","url":"\/5-2046\/","token":"5-2046"},"16":{"id":"95","structure_id":"43","section_number":"5-2047","catch_line":"OVERSIGHT NOT TO LEGALIZE VIOLATION.","url":"\/5-2047\/","token":"5-2047"},"17":{"id":"96","structure_id":"43","section_number":"5-2048","catch_line":"PENALTIES FOR VIOLATIONS OF FIRE PREVENTION CODE.","url":"\/5-2048\/","token":"5-2048"}},"previous_section":{"id":"84","structure_id":"43","section_number":"5-2037","catch_line":"FLAMMABLE LIQUIDS STORAGE; RESTRICTIONS ON LOCATION.","url":"\/5-2037\/","token":"5-2037"},"next_section":{"id":"86","structure_id":"43","section_number":"5-2039","catch_line":"ISSUANCE OF BLASTING PERMITS; REQUIREMENTS.","url":"\/5-2039\/","token":"5-2039"},"references":false,"formats":{"txt":"\/5-2038.txt","json":"\/5-2038.xml"},"dublin_core":{"Title":"REGULATION OF LIQUID PROPANE GAS TANKS.","Type":"Text","Format":"text\/html","Identifier":"\u00a7 5-2038","Relation":"Code of State"},"plain_text":"                                  CODE OF STATE\n\nREGULATION OF LIQUID PROPANE GAS TANKS. (\u00a7 5-2038)\n\n(a) \n\n   (1) \tL.P. (liquefied petroleum) gas shall mean and include any materials\n   having a vapor pressure not exceeding that allowed for commercial propane\n   composed predominantly of the following hydrocarbons, either by themselves or\n   as mixtures: propane, propylene, butane (normal butane or isobutane) and\n   butylene (including isomers). \n   \n\n   (2) \tL.P. tank shall mean container; any tank or container ranging from forty\n   (40) pounds normal L.P. gas capacity to two thousand (2,000) gallons used for\n   the storage or handling of L.P. gas. \n   \n\n   (3) \tPermit shall mean a fire prevention permit issued by the Fire Prevention\n   Bureau. \n   \n\n   (4) \tN.F.P.A. 58 shall mean the current edition of Pamphlet No. 58 as written\n   by the National Fire Protection Association. \n   \n\n   (5) \tStandard or Code shall mean the current edition of N.F.P.A. No. 58\n   &#8220;Storage and Handling of Liquefied Petroleum Gases&#8221;. \n   \n\n(b) \n\n   (1) \tN.C. Administration Code, Title 2, Chapter 38, Section .0700, paragraph\n   or rule .0701(1) as it pertains to installation and maintenance of L.P. gas\n   containers from one (1) pound nominal L.P. gas capacity to two thousand\n   (2,000) gallons L.P. gas capacity. \n   \n\n   (2) \tNational Fire Protection Association, Pamphlet No. 58, current edition of\n   &#8220;Storage and Handling of Liquefied Petroleum Gases,&#8221; with the\n   following exceptions: \n   a.\tWhen two (2) or more containers are manifold to a single service, each\n   container shall be considered independent of the other and all ruler and\n   regulations relating to a single container shall apply. \n   b.\tAll cutoff valves and regulating equipment exposed to rain, sleet, or snow\n   shall be protected against such elements either by design or by a hood. \n   (Ord. No. 2011-873-TC-344, \u00a71, TC-6-11, 5-3-11)\n"}