{"law_id":"88","section_number":"5-2041","catch_line":"INSPECTIONS FOR EXISTING BUILDINGS.","history":"","order_by":"5-2041","metadata":false,"url":"\/5-2041\/","token":"5-2041","structure":{"1":{"id":"43","name":"ARTICLE B. - FIRE PREVENTION [1]","identifier":"B","label":"article","url":"\/II\/5\/2\/B\/"},"2":{"id":"41","name":"CHAPTER 2. - FIRE PROTECTION AND PREVENTION","identifier":"2","label":"chapter","url":"\/II\/5\/2\/"},"3":{"id":"34","name":"PART 5 - PUBLIC SAFETY","identifier":"5","label":"part","url":"\/II\/5\/"},"4":{"id":"5","name":"Division II - Planning and Development","identifier":"II","label":"division","url":"\/II\/"}},"referred_to_by":false,"edition_id":"1","section_id":"88","structure_id":"43","full_text":"(a) Frequency of Inspections for Existing Buildings. \nIn order to preserve and to protect health and safety, and to satisfy the requirements of General Statute 160A-424, political subdivisions assuming inspection duties, as set out in General Statute 160A-411, shall have a periodic inspection schedule for the purpose of identifying activities and conditions in buildings, structures and premises that pose dangers of fire, explosion or related hazards. Inspection schedules of existing buildings shall be conducted no less frequently than described in the schedule below: \nOccupancy\nClassification\tInspection Frequency\nHazardous\tEvery Year\nInstitutional\tEvery Year\nHigh Rise\tEvery Year\nAssembly (>100 Occupant Load)\tEvery Year\nResidential\tEvery Year\nGroup Home1 \tEvery Year\nLicensed Day Care1 \tEvery Year\nIndustrial\tEvery Two Years\nEducational (Except Public Schools1) \tEvery Two Years\nBusiness\tEvery Three Years\nMercantile\tEvery Three Years\nStorage\tEvery Three Years\nChurches and Synagogues\tEvery Three Years\nAssembly Occupancies with occupant load less than 100\tEvery Three Years\n \n\u2003 1\u2002 Frequency rates for inspections of an occupancy mandated by the N.C. General Statutes shall supersede this schedule.\r\r(b) Building Inspection Fees of Existing Buildings. \nThe following fees for fire prevention inspections and permits are hereby established. An official schedule of such fees shall be maintained in the Office of the Fire Marshal and the City Clerk&#8217;s Office. \nExisting Square Footage Fire Inspection Fees1, 2, 3 \n1. Up to 999 sq. ft.\t$26.00\n2. 1,000\u20142,499 sq. ft.\t$52.00\n3. 2,500\u20149,999 sq. ft.\t$105.00\n4. 10,000\u201449,999 sq. ft.\t$189.00\n5. 50,000\u2014149,999 sq. ft.\t$315.00\n6. 150,000\u2014399,999 sq. ft.\t$524.00\n7. 400,000\u2014and Greater\t$734.00\n \n\u2003 1\u2002 For a multi-tenant building, the fees are applied for each tenant; except a high-rise building the inspection fees are applied to the entire structure. \n\u2003 2\u2002 For multiple building owned by the same owner(s), inspection fees are per building as defined by the N.C. Building Code, Volume 1. \n\u2003 3\u2002 Inspection fees are applicable for each State mandated fire inspection. \nFollowing the completion of the initial inspection, the fee for an inspection of an existing building shall be assessed and an invoice will be supplied to the owner, occupant, or designee. Subjects will have thirty (30) days to remit payment. After thirty (30) days, the bill will be placed in a past due status and a second invoice will be sent to the subject. After a period of sixty (60) days of non-payment, the account will be subject to a ten (10) per cent late fee and the account will be placed on hold and no additional inspections or permits will be issued, civil action will be taken through the court system after a period of ninety (90) days.\r\r(c) Re-inspection Fees. \nWhen it has been determined that fire hazards or violations of the Fire Prevention Code exists in or upon any property, structure, vehicle, system or process, and written notice of violation and a time period to correct has been given and the period of time given to correct the fire hazard or violation has expired, the Fire Marshal or authorized representative may conduct a re-inspection. A re-inspection fee of sixty-seven dollars ($67.00) may be charged for all visits after sixty (60) days. \nPayment of fees or fines assessed under the City Code does not permit or excuse the continuation of a violation or the fire hazard.\r\r(d) Indexing of Fees. \nAll fees appearing in subsections (b) and (c) will be adjusted annually on July 4 based on the average annual prior calendar year United States Department of Labor Consumer Price Index &#8211; All Urban Consumers. \n(Ord. No. 2011-873-TC-344, \u00a71, TC-6-11, 5-3-11; Ord. No. 2011-918, \u00a71, 6-21-11, eff. 7-4-11; Ord. No. 2012-65, \u00a71, 6-18-12, eff. 7-1-12) \nCross reference: Construction inspections for new buildings \u00a75-2039\r\r","text":{"0":{"id":"173","text":"Frequency of Inspections for Existing Buildings. \nIn order to preserve and to protect health and safety, and to satisfy the requirements of General Statute 160A-424, political subdivisions assuming inspection duties, as set out in General Statute 160A-411, shall have a periodic inspection schedule for the purpose of identifying activities and conditions in buildings, structures and premises that pose dangers of fire, explosion or related hazards. Inspection schedules of existing buildings shall be conducted no less frequently than described in the schedule below: \nOccupancy\nClassification\tInspection Frequency\nHazardous\tEvery Year\nInstitutional\tEvery Year\nHigh Rise\tEvery Year\nAssembly (>100 Occupant Load)\tEvery Year\nResidential\tEvery Year\nGroup Home1 \tEvery Year\nLicensed Day Care1 \tEvery Year\nIndustrial\tEvery Two Years\nEducational (Except Public Schools1) \tEvery Two Years\nBusiness\tEvery Three Years\nMercantile\tEvery Three Years\nStorage\tEvery Three Years\nChurches and Synagogues\tEvery Three Years\nAssembly Occupancies with occupant load less than 100\tEvery Three Years\n \n\u2003 1\u2002 Frequency rates for inspections of an occupancy mandated by the N.C. General Statutes shall supersede this schedule.","type":"section","prefixes":["(a)"],"prefix":"(a)","entire_prefix":"(a)","prefix_anchor":"(a)","level":1},"1":{"id":"174","text":"Building Inspection Fees of Existing Buildings. \nThe following fees for fire prevention inspections and permits are hereby established. An official schedule of such fees shall be maintained in the Office of the Fire Marshal and the City Clerk&#8217;s Office. \nExisting Square Footage Fire Inspection Fees1, 2, 3 \n1. Up to 999 sq. ft.\t$26.00\n2. 1,000\u20142,499 sq. ft.\t$52.00\n3. 2,500\u20149,999 sq. ft.\t$105.00\n4. 10,000\u201449,999 sq. ft.\t$189.00\n5. 50,000\u2014149,999 sq. ft.\t$315.00\n6. 150,000\u2014399,999 sq. ft.\t$524.00\n7. 400,000\u2014and Greater\t$734.00\n \n\u2003 1\u2002 For a multi-tenant building, the fees are applied for each tenant; except a high-rise building the inspection fees are applied to the entire structure. \n\u2003 2\u2002 For multiple building owned by the same owner(s), inspection fees are per building as defined by the N.C. Building Code, Volume 1. \n\u2003 3\u2002 Inspection fees are applicable for each State mandated fire inspection. \nFollowing the completion of the initial inspection, the fee for an inspection of an existing building shall be assessed and an invoice will be supplied to the owner, occupant, or designee. Subjects will have thirty (30) days to remit payment. After thirty (30) days, the bill will be placed in a past due status and a second invoice will be sent to the subject. After a period of sixty (60) days of non-payment, the account will be subject to a ten (10) per cent late fee and the account will be placed on hold and no additional inspections or permits will be issued, civil action will be taken through the court system after a period of ninety (90) days.","type":"section","prefixes":["(b)"],"prefix":"(b)","entire_prefix":"(b)","prefix_anchor":"(b)","level":1},"2":{"id":"175","text":"Re-inspection Fees. \nWhen it has been determined that fire hazards or violations of the Fire Prevention Code exists in or upon any property, structure, vehicle, system or process, and written notice of violation and a time period to correct has been given and the period of time given to correct the fire hazard or violation has expired, the Fire Marshal or authorized representative may conduct a re-inspection. A re-inspection fee of sixty-seven dollars ($67.00) may be charged for all visits after sixty (60) days. \nPayment of fees or fines assessed under the City Code does not permit or excuse the continuation of a violation or the fire hazard.","type":"section","prefixes":["(c)"],"prefix":"(c)","entire_prefix":"(c)","prefix_anchor":"(c)","level":1},"3":{"id":"176","text":"Indexing of Fees. \nAll fees appearing in subsections (b) and (c) will be adjusted annually on July 4 based on the average annual prior calendar year United States Department of Labor Consumer Price Index &#8211; All Urban Consumers. \n(Ord. No. 2011-873-TC-344, \u00a71, TC-6-11, 5-3-11; Ord. No. 2011-918, \u00a71, 6-21-11, eff. 7-4-11; Ord. No. 2012-65, \u00a71, 6-18-12, eff. 7-1-12) \nCross reference: Construction inspections for new buildings \u00a75-2039","type":"section","prefixes":["(d)"],"prefix":"(d)","entire_prefix":"(d)","prefix_anchor":"(d)","level":1}},"ancestry":{"1":{"id":"43","name":"ARTICLE B. - FIRE PREVENTION [1]","identifier":"B","label":"article","url":"\/II\/5\/2\/B\/"},"2":{"id":"41","name":"CHAPTER 2. - FIRE PROTECTION AND PREVENTION","identifier":"2","label":"chapter","url":"\/II\/5\/2\/"},"3":{"id":"34","name":"PART 5 - PUBLIC SAFETY","identifier":"5","label":"part","url":"\/II\/5\/"},"4":{"id":"5","name":"Division II - Planning and Development","identifier":"II","label":"division","url":"\/II\/"}},"structure_contents":{"0":{"id":"77","structure_id":"43","section_number":"5-2031","catch_line":"TITLE AND INTENT.","url":"\/5-2031\/","token":"5-2031"},"1":{"id":"78","structure_id":"43","section_number":"5-2032","catch_line":"FIRE PREVENTION CODE ADOPTED.","url":"\/5-2032\/","token":"5-2032"},"2":{"id":"79","structure_id":"43","section_number":"5-2033","catch_line":"JURISDICTION.","url":"\/5-2033\/","token":"5-2033"},"3":{"id":"80","structure_id":"43","section_number":"5-2034","catch_line":"RESPONSIBILITY FOR ENFORCEMENT; FIRE PREVENTION BUREAU.","url":"\/5-2034\/","token":"5-2034"},"4":{"id":"82","structure_id":"43","section_number":"5-2035","catch_line":"PRIMARY AND SECONDARY FIRE DISTRICTS.","url":"\/5-2035\/","token":"5-2035"},"5":{"id":"83","structure_id":"43","section_number":"5-2036","catch_line":"ELECTRIC SERVICE ENTRANCES IN FIRE DISTRICTS.","url":"\/5-2036\/","token":"5-2036"},"6":{"id":"84","structure_id":"43","section_number":"5-2037","catch_line":"FLAMMABLE LIQUIDS STORAGE; RESTRICTIONS ON LOCATION.","url":"\/5-2037\/","token":"5-2037"},"7":{"id":"85","structure_id":"43","section_number":"5-2038","catch_line":"REGULATION OF LIQUID PROPANE GAS TANKS.","url":"\/5-2038\/","token":"5-2038"},"8":{"id":"86","structure_id":"43","section_number":"5-2039","catch_line":"ISSUANCE OF BLASTING PERMITS; REQUIREMENTS.","url":"\/5-2039\/","token":"5-2039"},"9":{"id":"87","structure_id":"43","section_number":"5-2040","catch_line":"KEY BOX SYSTEM.","url":"\/5-2040\/","token":"5-2040"},"10":{"id":"88","structure_id":"43","section_number":"5-2041","catch_line":"INSPECTIONS FOR EXISTING BUILDINGS.","url":"\/5-2041\/","token":"5-2041"},"11":{"id":"89","structure_id":"43","section_number":"5-2042","catch_line":"OPERATIONAL PERMITS AND FEES.","url":"\/5-2042\/","token":"5-2042"},"12":{"id":"90","structure_id":"43","section_number":"5-2043","catch_line":"NEW CONSTRUCTION INSPECTION, PERMITS AND FEES.","url":"\/5-2043\/","token":"5-2043"},"13":{"id":"91","structure_id":"43","section_number":"5-2044","catch_line":"FIRE FINAL INSPECTIONS.","url":"\/5-2044\/","token":"5-2044"},"14":{"id":"93","structure_id":"43","section_number":"5-2045","catch_line":"SMOKE DETECTORS REQUIRED.","url":"\/5-2045\/","token":"5-2045"},"15":{"id":"94","structure_id":"43","section_number":"5-2046","catch_line":"NEW MATERIALS; TESTING AND APPROVAL.","url":"\/5-2046\/","token":"5-2046"},"16":{"id":"95","structure_id":"43","section_number":"5-2047","catch_line":"OVERSIGHT NOT TO LEGALIZE VIOLATION.","url":"\/5-2047\/","token":"5-2047"},"17":{"id":"96","structure_id":"43","section_number":"5-2048","catch_line":"PENALTIES FOR VIOLATIONS OF FIRE PREVENTION CODE.","url":"\/5-2048\/","token":"5-2048"}},"previous_section":{"id":"87","structure_id":"43","section_number":"5-2040","catch_line":"KEY BOX SYSTEM.","url":"\/5-2040\/","token":"5-2040"},"next_section":{"id":"89","structure_id":"43","section_number":"5-2042","catch_line":"OPERATIONAL PERMITS AND FEES.","url":"\/5-2042\/","token":"5-2042"},"references":{"0":{"id":"89","section_number":"5-2042","catch_line":"OPERATIONAL PERMITS AND FEES.","url":"http:\/\/localhost:8888\/5-2042\/"},"1":{"id":"91","section_number":"5-2044","catch_line":"FIRE FINAL INSPECTIONS.","url":"http:\/\/localhost:8888\/5-2044\/"}},"formats":{"txt":"\/5-2041.txt","json":"\/5-2041.xml"},"dublin_core":{"Title":"INSPECTIONS FOR EXISTING BUILDINGS.","Type":"Text","Format":"text\/html","Identifier":"\u00a7 5-2041","Relation":"Code of State"},"plain_text":"                                  CODE OF STATE\n\nINSPECTIONS FOR EXISTING BUILDINGS. (\u00a7 5-2041)\n\n(a) Frequency of Inspections for Existing Buildings. \nIn order to preserve and to protect health and safety, and to satisfy the\nrequirements of General Statute 160A-424, political subdivisions assuming\ninspection duties, as set out in General Statute 160A-411, shall have a periodic\ninspection schedule for the purpose of identifying activities and conditions in\nbuildings, structures and premises that pose dangers of fire, explosion or\nrelated hazards. Inspection schedules of existing buildings shall be conducted\nno less frequently than described in the schedule below: \nOccupancy\nClassification\tInspection Frequency\nHazardous\tEvery Year\nInstitutional\tEvery Year\nHigh Rise\tEvery Year\nAssembly (>100 Occupant Load)\tEvery Year\nResidential\tEvery Year\nGroup Home1 \tEvery Year\nLicensed Day Care1 \tEvery Year\nIndustrial\tEvery Two Years\nEducational (Except Public Schools1) \tEvery Two Years\nBusiness\tEvery Three Years\nMercantile\tEvery Three Years\nStorage\tEvery Three Years\nChurches and Synagogues\tEvery Three Years\nAssembly Occupancies with occupant load less than 100\tEvery Three Years\n \n\u2003 1\u2002 Frequency rates for inspections of an occupancy mandated by the N.C.\nGeneral Statutes shall supersede this schedule.\n\n(b) Building Inspection Fees of Existing Buildings. \nThe following fees for fire prevention inspections and permits are hereby\nestablished. An official schedule of such fees shall be maintained in the Office\nof the Fire Marshal and the City Clerk&#8217;s Office. \nExisting Square Footage Fire Inspection Fees1, 2, 3 \n1. Up to 999 sq. ft.\t$26.00\n2. 1,000\u20142,499 sq. ft.\t$52.00\n3. 2,500\u20149,999 sq. ft.\t$105.00\n4. 10,000\u201449,999 sq. ft.\t$189.00\n5. 50,000\u2014149,999 sq. ft.\t$315.00\n6. 150,000\u2014399,999 sq. ft.\t$524.00\n7. 400,000\u2014and Greater\t$734.00\n \n\u2003 1\u2002 For a multi-tenant building, the fees are applied for each tenant;\nexcept a high-rise building the inspection fees are applied to the entire\nstructure. \n\u2003 2\u2002 For multiple building owned by the same owner(s), inspection fees are\nper building as defined by the N.C. Building Code, Volume 1. \n\u2003 3\u2002 Inspection fees are applicable for each State mandated fire inspection.\n\nFollowing the completion of the initial inspection, the fee for an inspection of\nan existing building shall be assessed and an invoice will be supplied to the\nowner, occupant, or designee. Subjects will have thirty (30) days to remit\npayment. After thirty (30) days, the bill will be placed in a past due status\nand a second invoice will be sent to the subject. After a period of sixty (60)\ndays of non-payment, the account will be subject to a ten (10) per cent late fee\nand the account will be placed on hold and no additional inspections or permits\nwill be issued, civil action will be taken through the court system after a\nperiod of ninety (90) days.\n\n(c) Re-inspection Fees. \nWhen it has been determined that fire hazards or violations of the Fire\nPrevention Code exists in or upon any property, structure, vehicle, system or\nprocess, and written notice of violation and a time period to correct has been\ngiven and the period of time given to correct the fire hazard or violation has\nexpired, the Fire Marshal or authorized representative may conduct a\nre-inspection. A re-inspection fee of sixty-seven dollars ($67.00) may be\ncharged for all visits after sixty (60) days. \nPayment of fees or fines assessed under the City Code does not permit or excuse\nthe continuation of a violation or the fire hazard.\n\n(d) Indexing of Fees. \nAll fees appearing in subsections (b) and (c) will be adjusted annually on July\n4 based on the average annual prior calendar year United States Department of\nLabor Consumer Price Index &#8211; All Urban Consumers. \n(Ord. No. 2011-873-TC-344, \u00a71, TC-6-11, 5-3-11; Ord. No. 2011-918, \u00a71,\n6-21-11, eff. 7-4-11; Ord. No. 2012-65, \u00a71, 6-18-12, eff. 7-1-12) \nCross reference: Construction inspections for new buildings \u00a75-2039\n"}