{"law_id":"117","section_number":"6-1002","catch_line":"FUNCTIONS AND DUTIES OF THE DEPARTMENT.","history":"","order_by":"6-1002","metadata":false,"url":"\/6-1002\/","token":"6-1002","structure":{"1":{"id":"65","name":"ARTICLE A. - DEPARTMENT OF CENTRAL ENGINEERING","identifier":"A","label":"article","url":"\/II\/6\/1\/A\/"},"2":{"id":"64","name":"CHAPTER 1. - THE DEPARTMENT OF CENTRAL ENGINEERING","identifier":"1","label":"chapter","url":"\/II\/6\/1\/"},"3":{"id":"63","name":"PART 6 - CENTRAL ENGINEERING","identifier":"6","label":"part","url":"\/II\/6\/"},"4":{"id":"5","name":"Division II - Planning and Development","identifier":"II","label":"division","url":"\/II\/"}},"referred_to_by":false,"edition_id":"1","section_id":"117","structure_id":"65","full_text":"(a) Performing field surveys and engineering design services as required for the expansion and improvement of the City water and sanitary sewer systems, streets, storm sewers, parks and other facilities of the City.\r\r(c) Interpreting floodprone area boundaries interpretations.\r\r(d) Assisting in the review of proposed engineering surveys and engineering works used in the planning, evaluation, and design of soil erosion and sedimentation control measures. \n(Ord. No. 1995-760-TC-122, \u00a72, TC-20C-95, 11-21-95; Ord. No. 1998-454, \u00a78, 11-4-98; Ord. No. 2003-537, \u00a71, 11-5-03) \nEditor&#8217;s note: The Central Engineering Department is responsible for inspections with regard to sidewalk and driveway construction to ensure compliance with construction specifications. This includes inspections of construction materials and methods, including the location and number of driveways and width of driveways. \nCross references: Paving policies of the City, including assessments, see Resolution No. 280, adopted 8-20-56, as amended; floodprone area regulations, Part 10, Ch. 4; soil erosion and sedimentation control, Part 10, Ch. 5; sidewalk and driveway provisions, Part 10, Ch. 7; use of streets and sidewalks, Part 12, Ch. 1.\r\r","text":{"0":{"id":"342","text":"Performing field surveys and engineering design services as required for the expansion and improvement of the City water and sanitary sewer systems, streets, storm sewers, parks and other facilities of the City.","type":"section","prefixes":["(a)"],"prefix":"(a)","entire_prefix":"(a)","prefix_anchor":"(a)","level":1},"1":{"id":"343","text":"","type":"section","prefixes":["(b)"],"prefix":"(b)","entire_prefix":"(b)","prefix_anchor":"(b)","level":1},"2":{"id":"344","text":"\tStreet construction (annual paving program and topics program.) \n","type":"section","prefixes":["(b)","(1)"],"prefix":"(1)","entire_prefix":"(b)(1)","prefix_anchor":"(b)(1)","level":2},"3":{"id":"345","text":"\tWater main installations.\n","type":"section","prefixes":["(b)","(2)"],"prefix":"(2)","entire_prefix":"(b)(2)","prefix_anchor":"(b)(2)","level":2},"4":{"id":"346","text":"\tSanitary sewer main installations.\n","type":"section","prefixes":["(b)","(3)"],"prefix":"(3)","entire_prefix":"(b)(3)","prefix_anchor":"(b)(3)","level":2},"5":{"id":"347","text":"\tNew sidewalk construction.\n","type":"section","prefixes":["(b)","(4)"],"prefix":"(4)","entire_prefix":"(b)(4)","prefix_anchor":"(b)(4)","level":2},"6":{"id":"348","text":"\tConstruction of stormwater management system.\n","type":"section","prefixes":["(b)","(5)"],"prefix":"(5)","entire_prefix":"(b)(5)","prefix_anchor":"(b)(5)","level":2},"7":{"id":"349","text":"\tManage the stormwater services of the City. \n","type":"section","prefixes":["(b)","(6)"],"prefix":"(6)","entire_prefix":"(b)(6)","prefix_anchor":"(b)(6)","level":2},"8":{"id":"350","text":"\tReview and approve construction plans for subdivisions and site plans.\n","type":"section","prefixes":["(b)","(7)"],"prefix":"(7)","entire_prefix":"(b)(7)","prefix_anchor":"(b)(7)","level":2},"9":{"id":"351","text":"\tInspect construction work in all subdivisions and site plans including streets, utilities, sidewalks, driveways and storm drainage system, and the construction, reconstruction, extending and otherwise building or improving storm sewer and drainage systems. \n","type":"section","prefixes":["(b)","(8)"],"prefix":"(8)","entire_prefix":"(b)(8)","prefix_anchor":"(b)(8)","level":2},"10":{"id":"352","text":"\tInspect all construction work done by City contract including streets, utilities, new sidewalks, sidewalk repairs and construction of park facilities. \n(10)\tCompute and prepare assessment rolls containing the cost to be assessed against properties benefitted by the construction of new streets, utilities, new sidewalks and sidewalk repairs. \n","type":"section","prefixes":["(b)","(9)"],"prefix":"(9)","entire_prefix":"(b)(9)","prefix_anchor":"(b)(9)","level":2},"11":{"id":"353","text":"\tEnforce the following: soil erosion and sedimentation control (Part 10 Chapter 5), floodprone area regulations (Part 10 Chapter 4), sidewalks, and driveways (Part 10 Chapter 7) and stormwater control and watercourse buffer regulations (Part 10 Chapter 9). \n","type":"section","prefixes":["(b)","(11"],"prefix":"(11","entire_prefix":"(b)(11","prefix_anchor":"(b)(11","level":2},"12":{"id":"354","text":"\tCompute and prepare monthly estimates and final estimates for paving contracts, resurfacing contracts, sidewalk contracts and water and sanitary sewer contracts. \n","type":"section","prefixes":["(b)","(12"],"prefix":"(12","entire_prefix":"(b)(12","prefix_anchor":"(b)(12","level":2},"13":{"id":"355","text":"\tCompute fee in lieu payments and project cost reimbursements for site plan and subdivisions.\n","type":"section","prefixes":["(b)","(13"],"prefix":"(13","entire_prefix":"(b)(13","prefix_anchor":"(b)(13","level":2},"14":{"id":"356","text":"Interpreting floodprone area boundaries interpretations.","type":"section","prefixes":["(c)"],"prefix":"(c)","entire_prefix":"(c)","prefix_anchor":"(c)","level":1},"15":{"id":"357","text":"Assisting in the review of proposed engineering surveys and engineering works used in the planning, evaluation, and design of soil erosion and sedimentation control measures. \n(Ord. No. 1995-760-TC-122, \u00a72, TC-20C-95, 11-21-95; Ord. No. 1998-454, \u00a78, 11-4-98; Ord. No. 2003-537, \u00a71, 11-5-03) \nEditor&#8217;s note: The Central Engineering Department is responsible for inspections with regard to sidewalk and driveway construction to ensure compliance with construction specifications. This includes inspections of construction materials and methods, including the location and number of driveways and width of driveways. \nCross references: Paving policies of the City, including assessments, see Resolution No. 280, adopted 8-20-56, as amended; floodprone area regulations, Part 10, Ch. 4; soil erosion and sedimentation control, Part 10, Ch. 5; sidewalk and driveway provisions, Part 10, Ch. 7; use of streets and sidewalks, Part 12, Ch. 1.","type":"section","prefixes":["(d)"],"prefix":"(d)","entire_prefix":"(d)","prefix_anchor":"(d)","level":1}},"ancestry":{"1":{"id":"65","name":"ARTICLE A. - DEPARTMENT OF CENTRAL ENGINEERING","identifier":"A","label":"article","url":"\/II\/6\/1\/A\/"},"2":{"id":"64","name":"CHAPTER 1. - THE DEPARTMENT OF CENTRAL ENGINEERING","identifier":"1","label":"chapter","url":"\/II\/6\/1\/"},"3":{"id":"63","name":"PART 6 - CENTRAL ENGINEERING","identifier":"6","label":"part","url":"\/II\/6\/"},"4":{"id":"5","name":"Division II - Planning and Development","identifier":"II","label":"division","url":"\/II\/"}},"structure_contents":{"0":{"id":"116","structure_id":"65","section_number":"6-1001","catch_line":"CHIEF ENGINEER, OFFICERS AND EMPLOYEES.","url":"\/6-1001\/","token":"6-1001"},"1":{"id":"117","structure_id":"65","section_number":"6-1002","catch_line":"FUNCTIONS AND DUTIES OF THE DEPARTMENT.","url":"\/6-1002\/","token":"6-1002"},"2":{"id":"118","structure_id":"65","section_number":"6-1003","catch_line":"RESERVED.","url":"\/6-1003\/","token":"6-1003"},"3":{"id":"119","structure_id":"65","section_number":"6-1003","catch_line":"RESERVED. ","url":"\/6-1003\/","token":"6-1003"}},"previous_section":{"id":"116","structure_id":"65","section_number":"6-1001","catch_line":"CHIEF ENGINEER, OFFICERS AND EMPLOYEES.","url":"\/6-1001\/","token":"6-1001"},"next_section":{"id":"118","structure_id":"65","section_number":"6-1003","catch_line":"RESERVED.","url":"\/6-1003\/","token":"6-1003"},"references":{"0":{"id":"205","section_number":"8-2069","catch_line":"INSPECTION AND APPROVAL BEFORE CONNECTING.","url":"http:\/\/localhost:8888\/8-2069\/"}},"formats":{"txt":"\/6-1002.txt","json":"\/6-1002.xml"},"dublin_core":{"Title":"FUNCTIONS AND DUTIES OF THE DEPARTMENT.","Type":"Text","Format":"text\/html","Identifier":"\u00a7 6-1002","Relation":"Code of State"},"plain_text":"                                  CODE OF STATE\n\nFUNCTIONS AND DUTIES OF THE DEPARTMENT. (\u00a7 6-1002)\n\n(a) Performing field surveys and engineering design services as required for the\nexpansion and improvement of the City water and sanitary sewer systems, streets,\nstorm sewers, parks and other facilities of the City.\n\n(b) \n\n   (1) \tStreet construction (annual paving program and topics program.) \n   \n\n   (2) \tWater main installations.\n   \n\n   (3) \tSanitary sewer main installations.\n   \n\n   (4) \tNew sidewalk construction.\n   \n\n   (5) \tConstruction of stormwater management system.\n   \n\n   (6) \tManage the stormwater services of the City. \n   \n\n   (7) \tReview and approve construction plans for subdivisions and site plans.\n   \n\n   (8) \tInspect construction work in all subdivisions and site plans including\n   streets, utilities, sidewalks, driveways and storm drainage system, and the\n   construction, reconstruction, extending and otherwise building or improving\n   storm sewer and drainage systems. \n   \n\n   (9) \tInspect all construction work done by City contract including streets,\n   utilities, new sidewalks, sidewalk repairs and construction of park\n   facilities. \n   (10)\tCompute and prepare assessment rolls containing the cost to be assessed\n   against properties benefitted by the construction of new streets, utilities,\n   new sidewalks and sidewalk repairs. \n   \n\n   (11. \tEnforce the following: soil erosion and sedimentation control (Part 10\n   Chapter 5), floodprone area regulations (Part 10 Chapter 4), sidewalks, and\n   driveways (Part 10 Chapter 7) and stormwater control and watercourse buffer\n   regulations (Part 10 Chapter 9). \n   \n\n   (12. \tCompute and prepare monthly estimates and final estimates for paving\n   contracts, resurfacing contracts, sidewalk contracts and water and sanitary\n   sewer contracts. \n   \n\n   (13. \tCompute fee in lieu payments and project cost reimbursements for site\n   plan and subdivisions.\n   \n\n(c) Interpreting floodprone area boundaries interpretations.\n\n(d) Assisting in the review of proposed engineering surveys and engineering\nworks used in the planning, evaluation, and design of soil erosion and\nsedimentation control measures. \n(Ord. No. 1995-760-TC-122, \u00a72, TC-20C-95, 11-21-95; Ord. No. 1998-454, \u00a78,\n11-4-98; Ord. No. 2003-537, \u00a71, 11-5-03) \nEditor&#8217;s note: The Central Engineering Department is responsible for\ninspections with regard to sidewalk and driveway construction to ensure\ncompliance with construction specifications. This includes inspections of\nconstruction materials and methods, including the location and number of\ndriveways and width of driveways. \nCross references: Paving policies of the City, including assessments, see\nResolution No. 280, adopted 8-20-56, as amended; floodprone area regulations,\nPart 10, Ch. 4; soil erosion and sedimentation control, Part 10, Ch. 5; sidewalk\nand driveway provisions, Part 10, Ch. 7; use of streets and sidewalks, Part 12,\nCh. 1.\n"}