{"law_id":"116","edition_id":"1","section_id":"116","structure_id":"65","section_number":"6-1001","catch_line":"CHIEF ENGINEER, OFFICERS AND EMPLOYEES.","history":"","full_text":"The Department of Central Engineering shall consist of the Chief Engineer, who shall be its administrative head, and such other officers and employees as deemed necessary by the Manager and Council and whose salaries shall be fixed by the Council.","order_by":"6-1001","text":{"0":{"id":"341","text":"The Department of Central Engineering shall consist of the Chief Engineer, who shall be its administrative head, and such other officers and employees as deemed necessary by the Manager and Council and whose salaries shall be fixed by the Council.","type":"section","prefixes":[""],"prefix":"","entire_prefix":"","prefix_anchor":"","level":1}},"ancestry":{"1":{"id":"65","name":"ARTICLE A. - DEPARTMENT OF CENTRAL ENGINEERING","identifier":"A","label":"article","url":"\/II\/6\/1\/A\/"},"2":{"id":"64","name":"CHAPTER 1. - THE DEPARTMENT OF CENTRAL ENGINEERING","identifier":"1","label":"chapter","url":"\/II\/6\/1\/"},"3":{"id":"63","name":"PART 6 - CENTRAL ENGINEERING","identifier":"6","label":"part","url":"\/II\/6\/"},"4":{"id":"5","name":"Division II - Planning and Development","identifier":"II","label":"division","url":"\/II\/"}},"structure_contents":{"0":{"id":"116","structure_id":"65","section_number":"6-1001","catch_line":"CHIEF ENGINEER, OFFICERS AND EMPLOYEES.","url":"\/6-1001\/","token":"6-1001"},"1":{"id":"117","structure_id":"65","section_number":"6-1002","catch_line":"FUNCTIONS AND DUTIES OF THE DEPARTMENT.","url":"\/6-1002\/","token":"6-1002"},"2":{"id":"118","structure_id":"65","section_number":"6-1003","catch_line":"RESERVED.","url":"\/6-1003\/","token":"6-1003"},"3":{"id":"119","structure_id":"65","section_number":"6-1003","catch_line":"RESERVED. ","url":"\/6-1003\/","token":"6-1003"}},"next_section":{"id":"117","structure_id":"65","section_number":"6-1002","catch_line":"FUNCTIONS AND DUTIES OF THE DEPARTMENT.","url":"\/6-1002\/","token":"6-1002"},"metadata":false,"references":false,"url":"\/6-1001\/","token":"6-1001","formats":{"txt":"\/6-1001.txt","json":"\/6-1001.xml"},"dublin_core":{"Title":"CHIEF ENGINEER, OFFICERS AND EMPLOYEES.","Type":"Text","Format":"text\/html","Identifier":"\u00a7 6-1001","Relation":"Code of State"},"plain_text":"                                  CODE OF STATE\n\nCHIEF ENGINEER, OFFICERS AND EMPLOYEES. (\u00a7 6-1001)\n\nThe Department of Central Engineering shall consist of the Chief Engineer, who\nshall be its administrative head, and such other officers and employees as\ndeemed necessary by the Manager and Council and whose salaries shall be fixed by\nthe Council.\n"}