{"law_id":"119","section_number":"6-1003","catch_line":"RESERVED. ","history":"","order_by":"6-1003","metadata":false,"url":"\/6-1003\/","token":"6-1003","structure":{"1":{"id":"65","name":"ARTICLE A. - DEPARTMENT OF CENTRAL ENGINEERING","identifier":"A","label":"article","url":"\/II\/6\/1\/A\/"},"2":{"id":"64","name":"CHAPTER 1. - THE DEPARTMENT OF CENTRAL ENGINEERING","identifier":"1","label":"chapter","url":"\/II\/6\/1\/"},"3":{"id":"63","name":"PART 6 - CENTRAL ENGINEERING","identifier":"6","label":"part","url":"\/II\/6\/"},"4":{"id":"5","name":"Division II - Planning and Development","identifier":"II","label":"division","url":"\/II\/"}},"referred_to_by":false,"edition_id":"1","section_id":"119","structure_id":"65","full_text":"","text":{"0":{"id":"359","text":"","type":"section","prefixes":[""],"prefix":"","entire_prefix":"","prefix_anchor":"","level":1}},"ancestry":{"1":{"id":"65","name":"ARTICLE A. - DEPARTMENT OF CENTRAL ENGINEERING","identifier":"A","label":"article","url":"\/II\/6\/1\/A\/"},"2":{"id":"64","name":"CHAPTER 1. - THE DEPARTMENT OF CENTRAL ENGINEERING","identifier":"1","label":"chapter","url":"\/II\/6\/1\/"},"3":{"id":"63","name":"PART 6 - CENTRAL ENGINEERING","identifier":"6","label":"part","url":"\/II\/6\/"},"4":{"id":"5","name":"Division II - Planning and Development","identifier":"II","label":"division","url":"\/II\/"}},"structure_contents":{"0":{"id":"116","structure_id":"65","section_number":"6-1001","catch_line":"CHIEF ENGINEER, OFFICERS AND EMPLOYEES.","url":"\/6-1001\/","token":"6-1001"},"1":{"id":"117","structure_id":"65","section_number":"6-1002","catch_line":"FUNCTIONS AND DUTIES OF THE DEPARTMENT.","url":"\/6-1002\/","token":"6-1002"},"2":{"id":"118","structure_id":"65","section_number":"6-1003","catch_line":"RESERVED.","url":"\/6-1003\/","token":"6-1003"},"3":{"id":"119","structure_id":"65","section_number":"6-1003","catch_line":"RESERVED. ","url":"\/6-1003\/","token":"6-1003"}},"previous_section":{"id":"118","structure_id":"65","section_number":"6-1003","catch_line":"RESERVED.","url":"\/6-1003\/","token":"6-1003"},"references":false,"formats":{"txt":"\/6-1003.txt","json":"\/6-1003.xml"},"dublin_core":{"Title":"RESERVED. ","Type":"Text","Format":"text\/html","Identifier":"\u00a7 6-1003","Relation":"Code of State"},"plain_text":"                                  CODE OF STATE\n\nRESERVED.  (\u00a7 6-1003)\n\n\n"}