{"law_id":"141","section_number":"6-2023","catch_line":"ASSESSMENT FOR REPAIRING, RECONSTRUCTING, AND OTHERWISE IMPROVING EXISTING SIDEWALKS, DRIVEWAYS, CURBS, GUTTERS, OR DRAINS.","history":"","order_by":"6-2023","metadata":false,"url":"\/6-2023\/","token":"6-2023","structure":{"1":{"id":"70","name":"ARTICLE C. - ASSESSMENT CHARGES","identifier":"C","label":"article","url":"\/II\/6\/2\/C\/"},"2":{"id":"67","name":"CHAPTER 2. - STREET AND SIDEWALK IMPROVEMENTS [1]","identifier":"2","label":"chapter","url":"\/II\/6\/2\/"},"3":{"id":"63","name":"PART 6 - CENTRAL ENGINEERING","identifier":"6","label":"part","url":"\/II\/6\/"},"4":{"id":"5","name":"Division II - Planning and Development","identifier":"II","label":"division","url":"\/II\/"}},"referred_to_by":false,"edition_id":"1","section_id":"141","structure_id":"70","full_text":"The Council may, without petition of abutting property owners, require the reconstruction, alteration or repair of sidewalks, driveways, curbs, gutters or drains in conformity with the provisions of \u00a76.44(a) of the Charter. If any of such improvements are required of a property owner and the property owner shall fail or refuse to make the same within thirty (30) days after notice thereof, the Council may cause such improvements to be made and assess the total cost thereof against the property abutting the improvement. In making and collecting assessments for such improvements, the procedure outlined in G.S. 160A-216 et seq. shall be followed to the extent that the same is not in conflict with \u00a76.44 of the Charter. In the event of conflict in the provisions of the General Statutes and the Charter, the provisions of the Charter shall control. The total cost of the repairing, reconstructing or altering of driveways, curbs, gutters, drains, or sidewalks, including the cost of grading and the construction of retaining walls necessary to provide lateral support for abutting property, shall be assessed against the property abutting the improvement. The cost of relocation and construction of driveways, steps, or other means of access to his property from the street as he may deem necessary, shall be borne by the property owner. \n(Code 1959 , \u00a719-27; Ord. No. 1983-245-TC-205, \u00a76, 12-6-83; Ord. No. 1985-613, \u00a74, 7-16-85) \nCharter references: Authority for exemptions from special assessments, \u00a72.14(71); street improvements without petition, \u00a76.44(a). \nCross reference: Responsibility for sidewalk and curb repair, maintenance, and replacement, \u00a7\u00a77-2008, 10-7002(f)(2), 12-1037.1 \nState law reference: Authority and procedures for special assessments, G.S. 160A-216 et seq.","text":{"0":{"id":"469","text":"The Council may, without petition of abutting property owners, require the reconstruction, alteration or repair of sidewalks, driveways, curbs, gutters or drains in conformity with the provisions of \u00a76.44(a) of the Charter. If any of such improvements are required of a property owner and the property owner shall fail or refuse to make the same within thirty (30) days after notice thereof, the Council may cause such improvements to be made and assess the total cost thereof against the property abutting the improvement. In making and collecting assessments for such improvements, the procedure outlined in G.S. 160A-216 et seq. shall be followed to the extent that the same is not in conflict with \u00a76.44 of the Charter. In the event of conflict in the provisions of the General Statutes and the Charter, the provisions of the Charter shall control. The total cost of the repairing, reconstructing or altering of driveways, curbs, gutters, drains, or sidewalks, including the cost of grading and the construction of retaining walls necessary to provide lateral support for abutting property, shall be assessed against the property abutting the improvement. The cost of relocation and construction of driveways, steps, or other means of access to his property from the street as he may deem necessary, shall be borne by the property owner. \n(Code 1959 , \u00a719-27; Ord. No. 1983-245-TC-205, \u00a76, 12-6-83; Ord. No. 1985-613, \u00a74, 7-16-85) \nCharter references: Authority for exemptions from special assessments, \u00a72.14(71); street improvements without petition, \u00a76.44(a). \nCross reference: Responsibility for sidewalk and curb repair, maintenance, and replacement, \u00a7\u00a77-2008, 10-7002(f)(2), 12-1037.1 \nState law reference: Authority and procedures for special assessments, G.S. 160A-216 et seq.","type":"section","prefixes":[""],"prefix":"","entire_prefix":"","prefix_anchor":"","level":1}},"ancestry":{"1":{"id":"70","name":"ARTICLE C. - ASSESSMENT CHARGES","identifier":"C","label":"article","url":"\/II\/6\/2\/C\/"},"2":{"id":"67","name":"CHAPTER 2. - STREET AND SIDEWALK IMPROVEMENTS [1]","identifier":"2","label":"chapter","url":"\/II\/6\/2\/"},"3":{"id":"63","name":"PART 6 - CENTRAL ENGINEERING","identifier":"6","label":"part","url":"\/II\/6\/"},"4":{"id":"5","name":"Division II - Planning and Development","identifier":"II","label":"division","url":"\/II\/"}},"structure_contents":{"0":{"id":"139","structure_id":"70","section_number":"6-2021","catch_line":"STREET ASSESSMENT CHARGES.","url":"\/6-2021\/","token":"6-2021"},"1":{"id":"140","structure_id":"70","section_number":"6-2022","catch_line":"SIDEWALK ASSESSMENTS FOR CONSTRUCTING OR EXTENDING NEW SIDEWALKS.","url":"\/6-2022\/","token":"6-2022"},"2":{"id":"141","structure_id":"70","section_number":"6-2023","catch_line":"ASSESSMENT FOR REPAIRING, RECONSTRUCTING, AND OTHERWISE IMPROVING EXISTING SIDEWALKS, DRIVEWAYS, CURBS, GUTTERS, OR DRAINS.","url":"\/6-2023\/","token":"6-2023"},"3":{"id":"142","structure_id":"70","section_number":"6-2024","catch_line":"ASSESSMENT FOR RESURFACING EXISTING PAVED STREETS.","url":"\/6-2024\/","token":"6-2024"},"4":{"id":"143","structure_id":"70","section_number":"6-2025","catch_line":"PAYMENT OF ASSESSMENTS.","url":"\/6-2025\/","token":"6-2025"},"5":{"id":"144","structure_id":"70","section_number":"6-2026","catch_line":"RESERVED.","url":"\/6-2026\/","token":"6-2026"},"6":{"id":"145","structure_id":"70","section_number":"6-2026","catch_line":"RESERVED. ","url":"\/6-2026\/","token":"6-2026"}},"previous_section":{"id":"140","structure_id":"70","section_number":"6-2022","catch_line":"SIDEWALK ASSESSMENTS FOR CONSTRUCTING OR EXTENDING NEW SIDEWALKS.","url":"\/6-2022\/","token":"6-2022"},"next_section":{"id":"142","structure_id":"70","section_number":"6-2024","catch_line":"ASSESSMENT FOR RESURFACING EXISTING PAVED STREETS.","url":"\/6-2024\/","token":"6-2024"},"references":false,"formats":{"txt":"\/6-2023.txt","json":"\/6-2023.xml"},"dublin_core":{"Title":"ASSESSMENT FOR REPAIRING, RECONSTRUCTING, AND OTHERWISE IMPROVING EXISTING SIDEWALKS, DRIVEWAYS, CURBS, GUTTERS, OR DRAINS.","Type":"Text","Format":"text\/html","Identifier":"\u00a7 6-2023","Relation":"Code of State"},"plain_text":"                                  CODE OF STATE\n\nASSESSMENT FOR REPAIRING, RECONSTRUCTING, AND OTHERWISE IMPROVING EXISTING\nSIDEWALKS, DRIVEWAYS, CURBS, GUTTERS, OR DRAINS. (\u00a7 6-2023)\n\nThe Council may, without petition of abutting property owners, require the\nreconstruction, alteration or repair of sidewalks, driveways, curbs, gutters or\ndrains in conformity with the provisions of \u00a76.44(a) of the Charter. If any of\nsuch improvements are required of a property owner and the property owner shall\nfail or refuse to make the same within thirty (30) days after notice thereof,\nthe Council may cause such improvements to be made and assess the total cost\nthereof against the property abutting the improvement. In making and collecting\nassessments for such improvements, the procedure outlined in G.S. 160A-216 et\nseq. shall be followed to the extent that the same is not in conflict with\n\u00a76.44 of the Charter. In the event of conflict in the provisions of the General\nStatutes and the Charter, the provisions of the Charter shall control. The total\ncost of the repairing, reconstructing or altering of driveways, curbs, gutters,\ndrains, or sidewalks, including the cost of grading and the construction of\nretaining walls necessary to provide lateral support for abutting property,\nshall be assessed against the property abutting the improvement. The cost of\nrelocation and construction of driveways, steps, or other means of access to his\nproperty from the street as he may deem necessary, shall be borne by the\nproperty owner. \n(Code 1959 , \u00a719-27; Ord. No. 1983-245-TC-205, \u00a76, 12-6-83; Ord. No. 1985-613,\n\u00a74, 7-16-85) \nCharter references: Authority for exemptions from special assessments,\n\u00a72.14(71); street improvements without petition, \u00a76.44(a). \nCross reference: Responsibility for sidewalk and curb repair, maintenance, and\nreplacement, \u00a7\u00a77-2008, 10-7002(f)(2), 12-1037.1 \nState law reference: Authority and procedures for special assessments, G.S.\n160A-216 et seq.\n"}