{"law_id":"123","section_number":"6-2003","catch_line":"PROPERTY OWNER INITIATIVE.","history":"","order_by":"6-2003","metadata":false,"url":"\/6-2003\/","token":"6-2003","structure":{"1":{"id":"68","name":"ARTICLE A. - PROCEDURE","identifier":"A","label":"article","url":"\/II\/6\/2\/A\/"},"2":{"id":"67","name":"CHAPTER 2. - STREET AND SIDEWALK IMPROVEMENTS [1]","identifier":"2","label":"chapter","url":"\/II\/6\/2\/"},"3":{"id":"63","name":"PART 6 - CENTRAL ENGINEERING","identifier":"6","label":"part","url":"\/II\/6\/"},"4":{"id":"5","name":"Division II - Planning and Development","identifier":"II","label":"division","url":"\/II\/"}},"referred_to_by":{"0":{"id":"123","section_number":"6-2003","catch_line":"PROPERTY OWNER INITIATIVE.","url":"http:\/\/localhost:8888\/6-2003\/"}},"edition_id":"1","section_id":"123","structure_id":"68","full_text":"(b) After the petition is signed by all property owners who wish to have improvements made, it is then returned to the Department of Central Engineering. The petition is then sent to the City Clerk and Treasurer to determine whether the petition conforms to the requirements of G.S. 160A-217. According to this statute, the sufficiency of the petition is determined by the number of property owners who sign the petition and the amount of lineal feet of frontage of the lands represented by the signatories, in most cases fifty (50) per cent of the owners and fifty (50) per cent of the lineal feet of frontage is required by the General Statutes; however, G.S. 160A-217 makes exception to this standard. If a valid petition is submitted, the City Clerk and Treasurer will notify the City Council that it may adopt a preliminary resolution (resolution of intent).\r\r(d) If a preliminary resolution is adopted by the City Council, then the public shall be notified and informed as provided in \u00a76-2002(b) and (c) of this chapter.\r\r(e) Notwithstanding any provisions herein, the City Council, pursuant to \u00a76-2002 may adopt a preliminary resolution of intent and assess the costs against property owners without a petition that conforms to the requirements of G.S. 160A-217.\r\r","text":{"0":{"id":"374","text":"","type":"section","prefixes":["(a)"],"prefix":"(a)","entire_prefix":"(a)","prefix_anchor":"(a)","level":1},"1":{"id":"375","text":"\tA map shall be prepared by the Department of Central Engineering showing the names of property owners, location and frontage of each parcel of land or lot abutting on both sides of the proposed street or streets to be improved, and delineation of any lots which comply with the requirements of \u00a76-2021(4)a. \n","type":"section","prefixes":["(a)","(2)"],"prefix":"(2)","entire_prefix":"(a)(2)","prefix_anchor":"(a)(2)","level":2},"2":{"id":"376","text":"After the petition is signed by all property owners who wish to have improvements made, it is then returned to the Department of Central Engineering. The petition is then sent to the City Clerk and Treasurer to determine whether the petition conforms to the requirements of G.S. 160A-217. According to this statute, the sufficiency of the petition is determined by the number of property owners who sign the petition and the amount of lineal feet of frontage of the lands represented by the signatories, in most cases fifty (50) per cent of the owners and fifty (50) per cent of the lineal feet of frontage is required by the General Statutes; however, G.S. 160A-217 makes exception to this standard. If a valid petition is submitted, the City Clerk and Treasurer will notify the City Council that it may adopt a preliminary resolution (resolution of intent).","type":"section","prefixes":["(b)"],"prefix":"(b)","entire_prefix":"(b)","prefix_anchor":"(b)","level":1},"3":{"id":"377","text":"","type":"section","prefixes":["(c)"],"prefix":"(c)","entire_prefix":"(c)","prefix_anchor":"(c)","level":1},"4":{"id":"378","text":"\tAvailability of funds;\n","type":"section","prefixes":["(c)","(1)"],"prefix":"(1)","entire_prefix":"(c)(1)","prefix_anchor":"(c)(1)","level":2},"5":{"id":"379","text":"\tClassification of street or streets proposed to be improved; \n","type":"section","prefixes":["(c)","(2)"],"prefix":"(2)","entire_prefix":"(c)(2)","prefix_anchor":"(c)(2)","level":2},"6":{"id":"380","text":"\tEstimated unit cost of the proposed improvement;\n","type":"section","prefixes":["(c)","(3)"],"prefix":"(3)","entire_prefix":"(c)(3)","prefix_anchor":"(c)(3)","level":2},"7":{"id":"381","text":"\tImpact on land use, soil erosion, water quality, and stormwater management;\n","type":"section","prefixes":["(c)","(4)"],"prefix":"(4)","entire_prefix":"(c)(4)","prefix_anchor":"(c)(4)","level":2},"8":{"id":"382","text":"\tPercentage of development of lots on street or streets proposed to be improved; \n","type":"section","prefixes":["(c)","(5)"],"prefix":"(5)","entire_prefix":"(c)(5)","prefix_anchor":"(c)(5)","level":2},"9":{"id":"383","text":"\tPercentage of owners and footage represented by the petition; \n","type":"section","prefixes":["(c)","(6)"],"prefix":"(6)","entire_prefix":"(c)(6)","prefix_anchor":"(c)(6)","level":2},"10":{"id":"384","text":"\tPriority of the need for improvement of this street relative to the need for improvement of other streets; and \n","type":"section","prefixes":["(c)","(7)"],"prefix":"(7)","entire_prefix":"(c)(7)","prefix_anchor":"(c)(7)","level":2},"11":{"id":"385","text":"\tTime of filing petition with the Department of Central Engineering.\n","type":"section","prefixes":["(c)","(8)"],"prefix":"(8)","entire_prefix":"(c)(8)","prefix_anchor":"(c)(8)","level":2},"12":{"id":"386","text":"If a preliminary resolution is adopted by the City Council, then the public shall be notified and informed as provided in \u00a76-2002(b) and (c) of this chapter.","type":"section","prefixes":["(d)"],"prefix":"(d)","entire_prefix":"(d)","prefix_anchor":"(d)","level":1},"13":{"id":"387","text":"Notwithstanding any provisions herein, the City Council, pursuant to \u00a76-2002 may adopt a preliminary resolution of intent and assess the costs against property owners without a petition that conforms to the requirements of G.S. 160A-217.","type":"section","prefixes":["(e)"],"prefix":"(e)","entire_prefix":"(e)","prefix_anchor":"(e)","level":1}},"ancestry":{"1":{"id":"68","name":"ARTICLE A. - PROCEDURE","identifier":"A","label":"article","url":"\/II\/6\/2\/A\/"},"2":{"id":"67","name":"CHAPTER 2. - STREET AND SIDEWALK IMPROVEMENTS [1]","identifier":"2","label":"chapter","url":"\/II\/6\/2\/"},"3":{"id":"63","name":"PART 6 - CENTRAL ENGINEERING","identifier":"6","label":"part","url":"\/II\/6\/"},"4":{"id":"5","name":"Division II - Planning and Development","identifier":"II","label":"division","url":"\/II\/"}},"structure_contents":{"0":{"id":"121","structure_id":"68","section_number":"6-2001","catch_line":"STATEMENT OF AUTHORITY.","url":"\/6-2001\/","token":"6-2001"},"1":{"id":"122","structure_id":"68","section_number":"6-2002","catch_line":"CITY COUNCIL INITIATIVE.","url":"\/6-2002\/","token":"6-2002"},"2":{"id":"123","structure_id":"68","section_number":"6-2003","catch_line":"PROPERTY OWNER INITIATIVE.","url":"\/6-2003\/","token":"6-2003"},"3":{"id":"124","structure_id":"68","section_number":"6-2004","catch_line":"LIMITATION OF PETITIONS.","url":"\/6-2004\/","token":"6-2004"},"4":{"id":"126","structure_id":"68","section_number":"6-2005","catch_line":"PRELIMINARY ASSESSMENT ROLL.","url":"\/6-2005\/","token":"6-2005"},"5":{"id":"127","structure_id":"68","section_number":"6-2006","catch_line":"RESERVED.","url":"\/6-2006\/","token":"6-2006"},"6":{"id":"128","structure_id":"68","section_number":"6-2006","catch_line":"RESERVED. ","url":"\/6-2006\/","token":"6-2006"}},"previous_section":{"id":"122","structure_id":"68","section_number":"6-2002","catch_line":"CITY COUNCIL INITIATIVE.","url":"\/6-2002\/","token":"6-2002"},"next_section":{"id":"124","structure_id":"68","section_number":"6-2004","catch_line":"LIMITATION OF PETITIONS.","url":"\/6-2004\/","token":"6-2004"},"references":false,"formats":{"txt":"\/6-2003.txt","json":"\/6-2003.xml"},"dublin_core":{"Title":"PROPERTY OWNER INITIATIVE.","Type":"Text","Format":"text\/html","Identifier":"\u00a7 6-2003","Relation":"Code of State"},"plain_text":"                                  CODE OF STATE\n\nPROPERTY OWNER INITIATIVE. (\u00a7 6-2003)\n\n(a) \n\n   (2) \tA map shall be prepared by the Department of Central Engineering showing\n   the names of property owners, location and frontage of each parcel of land or\n   lot abutting on both sides of the proposed street or streets to be improved,\n   and delineation of any lots which comply with the requirements of\n   \u00a76-2021(4)a. \n   \n\n(b) After the petition is signed by all property owners who wish to have\nimprovements made, it is then returned to the Department of Central Engineering.\nThe petition is then sent to the City Clerk and Treasurer to determine whether\nthe petition conforms to the requirements of G.S. 160A-217. According to this\nstatute, the sufficiency of the petition is determined by the number of property\nowners who sign the petition and the amount of lineal feet of frontage of the\nlands represented by the signatories, in most cases fifty (50) per cent of the\nowners and fifty (50) per cent of the lineal feet of frontage is required by the\nGeneral Statutes; however, G.S. 160A-217 makes exception to this standard. If a\nvalid petition is submitted, the City Clerk and Treasurer will notify the City\nCouncil that it may adopt a preliminary resolution (resolution of intent).\n\n(c) \n\n   (1) \tAvailability of funds;\n   \n\n   (2) \tClassification of street or streets proposed to be improved; \n   \n\n   (3) \tEstimated unit cost of the proposed improvement;\n   \n\n   (4) \tImpact on land use, soil erosion, water quality, and stormwater\n   management;\n   \n\n   (5) \tPercentage of development of lots on street or streets proposed to be\n   improved; \n   \n\n   (6) \tPercentage of owners and footage represented by the petition; \n   \n\n   (7) \tPriority of the need for improvement of this street relative to the need\n   for improvement of other streets; and \n   \n\n   (8) \tTime of filing petition with the Department of Central Engineering.\n   \n\n(d) If a preliminary resolution is adopted by the City Council, then the public\nshall be notified and informed as provided in \u00a76-2002(b) and (c) of this\nchapter.\n\n(e) Notwithstanding any provisions herein, the City Council, pursuant to\n\u00a76-2002 may adopt a preliminary resolution of intent and assess the costs\nagainst property owners without a petition that conforms to the requirements of\nG.S. 160A-217.\n"}