{"law_id":"131","section_number":"6-2013","catch_line":"STREET WIDTHS.","history":"","order_by":"6-2013","metadata":false,"url":"\/6-2013\/","token":"6-2013","structure":{"1":{"id":"69","name":"ARTICLE B. - STREET AND SIDEWALK STANDARDS","identifier":"B","label":"article","url":"\/II\/6\/2\/B\/"},"2":{"id":"67","name":"CHAPTER 2. - STREET AND SIDEWALK IMPROVEMENTS [1]","identifier":"2","label":"chapter","url":"\/II\/6\/2\/"},"3":{"id":"63","name":"PART 6 - CENTRAL ENGINEERING","identifier":"6","label":"part","url":"\/II\/6\/"},"4":{"id":"5","name":"Division II - Planning and Development","identifier":"II","label":"division","url":"\/II\/"}},"referred_to_by":false,"edition_id":"1","section_id":"131","structure_id":"69","full_text":"(a) Major and minor thoroughfares, fifty-three (53) feet (16.6 meters) or more;\r\r(b) Collector street, forty-one (41) feet (12.50 meters);\r\r(c) Commercial street, forty-one (41) feet (12.50 meters);\r\r(d) Residential collector street, thirty-six (36) feet (10.97 meters), but forty-one (41) feet (12.50 meters) within three hundred (300) feet of a collector street or thoroughfare system roadway intersection.\r\r(e) Residential street, thirty-one (31) feet (9.45 meters);\r\r(f) Minor residential street, twenty-six (26) feet (7.92 meters). \n(Ord. No. 1987-69, \u00a74, 10-20-87; Ord. No. 1995-760-TC-122, \u00a75, TC-20C-95, 11-21-95)\r\r","text":{"0":{"id":"405","text":"Major and minor thoroughfares, fifty-three (53) feet (16.6 meters) or more;","type":"section","prefixes":["(a)"],"prefix":"(a)","entire_prefix":"(a)","prefix_anchor":"(a)","level":1},"1":{"id":"406","text":"Collector street, forty-one (41) feet (12.50 meters);","type":"section","prefixes":["(b)"],"prefix":"(b)","entire_prefix":"(b)","prefix_anchor":"(b)","level":1},"2":{"id":"407","text":"Commercial street, forty-one (41) feet (12.50 meters);","type":"section","prefixes":["(c)"],"prefix":"(c)","entire_prefix":"(c)","prefix_anchor":"(c)","level":1},"3":{"id":"408","text":"Residential collector street, thirty-six (36) feet (10.97 meters), but forty-one (41) feet (12.50 meters) within three hundred (300) feet of a collector street or thoroughfare system roadway intersection.","type":"section","prefixes":["(d)"],"prefix":"(d)","entire_prefix":"(d)","prefix_anchor":"(d)","level":1},"4":{"id":"409","text":"Residential street, thirty-one (31) feet (9.45 meters);","type":"section","prefixes":["(e)"],"prefix":"(e)","entire_prefix":"(e)","prefix_anchor":"(e)","level":1},"5":{"id":"410","text":"Minor residential street, twenty-six (26) feet (7.92 meters). \n(Ord. No. 1987-69, \u00a74, 10-20-87; Ord. No. 1995-760-TC-122, \u00a75, TC-20C-95, 11-21-95)","type":"section","prefixes":["(f)"],"prefix":"(f)","entire_prefix":"(f)","prefix_anchor":"(f)","level":1}},"ancestry":{"1":{"id":"69","name":"ARTICLE B. - STREET AND SIDEWALK STANDARDS","identifier":"B","label":"article","url":"\/II\/6\/2\/B\/"},"2":{"id":"67","name":"CHAPTER 2. - STREET AND SIDEWALK IMPROVEMENTS [1]","identifier":"2","label":"chapter","url":"\/II\/6\/2\/"},"3":{"id":"63","name":"PART 6 - CENTRAL ENGINEERING","identifier":"6","label":"part","url":"\/II\/6\/"},"4":{"id":"5","name":"Division II - Planning and Development","identifier":"II","label":"division","url":"\/II\/"}},"structure_contents":{"0":{"id":"129","structure_id":"69","section_number":"6-2011","catch_line":"SPECIFICATIONS FOR CONSTRUCTION.","url":"\/6-2011\/","token":"6-2011"},"1":{"id":"130","structure_id":"69","section_number":"6-2012","catch_line":"CLASSIFICATION OF STREETS.","url":"\/6-2012\/","token":"6-2012"},"2":{"id":"131","structure_id":"69","section_number":"6-2013","catch_line":"STREET WIDTHS.","url":"\/6-2013\/","token":"6-2013"},"3":{"id":"132","structure_id":"69","section_number":"6-2014","catch_line":"SIDEWALKS.","url":"\/6-2014\/","token":"6-2014"},"4":{"id":"133","structure_id":"69","section_number":"6-2015","catch_line":"VARIANCES.","url":"\/6-2015\/","token":"6-2015"},"5":{"id":"134","structure_id":"69","section_number":"6-2016","catch_line":"ASPHALT SIDEWALKS.","url":"\/6-2016\/","token":"6-2016"},"6":{"id":"135","structure_id":"69","section_number":"6-2017","catch_line":"RESERVED.","url":"\/6-2017\/","token":"6-2017"},"7":{"id":"138","structure_id":"69","section_number":"6-2017","catch_line":"RESERVED. ","url":"\/6-2017\/","token":"6-2017"}},"previous_section":{"id":"130","structure_id":"69","section_number":"6-2012","catch_line":"CLASSIFICATION OF STREETS.","url":"\/6-2012\/","token":"6-2012"},"next_section":{"id":"132","structure_id":"69","section_number":"6-2014","catch_line":"SIDEWALKS.","url":"\/6-2014\/","token":"6-2014"},"references":false,"formats":{"txt":"\/6-2013.txt","json":"\/6-2013.xml"},"dublin_core":{"Title":"STREET WIDTHS.","Type":"Text","Format":"text\/html","Identifier":"\u00a7 6-2013","Relation":"Code of State"},"plain_text":"                                  CODE OF STATE\n\nSTREET WIDTHS. (\u00a7 6-2013)\n\n(a) Major and minor thoroughfares, fifty-three (53) feet (16.6 meters) or more;\n\n(b) Collector street, forty-one (41) feet (12.50 meters);\n\n(c) Commercial street, forty-one (41) feet (12.50 meters);\n\n(d) Residential collector street, thirty-six (36) feet (10.97 meters), but\nforty-one (41) feet (12.50 meters) within three hundred (300) feet of a\ncollector street or thoroughfare system roadway intersection.\n\n(e) Residential street, thirty-one (31) feet (9.45 meters);\n\n(f) Minor residential street, twenty-six (26) feet (7.92 meters). \n(Ord. No. 1987-69, \u00a74, 10-20-87; Ord. No. 1995-760-TC-122, \u00a75, TC-20C-95,\n11-21-95)\n"}