{"law_id":"121","edition_id":"1","section_id":"121","structure_id":"68","section_number":"6-2001","catch_line":"STATEMENT OF AUTHORITY.","history":"","full_text":"The procedure of improving any street or sidewalk financed by special assessments shall follow that prescribed in Article 10 of Chapter 160A of the General Statutes as amended and all applicable local acts enacted by the General Assembly. Street and sidewalk improvements may be initiated by the City Council or by a statutory petition of property owners.","order_by":"6-2001","text":{"0":{"id":"367","text":"The procedure of improving any street or sidewalk financed by special assessments shall follow that prescribed in Article 10 of Chapter 160A of the General Statutes as amended and all applicable local acts enacted by the General Assembly. Street and sidewalk improvements may be initiated by the City Council or by a statutory petition of property owners.","type":"section","prefixes":[""],"prefix":"","entire_prefix":"","prefix_anchor":"","level":1}},"ancestry":{"1":{"id":"68","name":"ARTICLE A. - PROCEDURE","identifier":"A","label":"article","url":"\/II\/6\/2\/A\/"},"2":{"id":"67","name":"CHAPTER 2. - STREET AND SIDEWALK IMPROVEMENTS [1]","identifier":"2","label":"chapter","url":"\/II\/6\/2\/"},"3":{"id":"63","name":"PART 6 - CENTRAL ENGINEERING","identifier":"6","label":"part","url":"\/II\/6\/"},"4":{"id":"5","name":"Division II - Planning and Development","identifier":"II","label":"division","url":"\/II\/"}},"structure_contents":{"0":{"id":"121","structure_id":"68","section_number":"6-2001","catch_line":"STATEMENT OF AUTHORITY.","url":"\/6-2001\/","token":"6-2001"},"1":{"id":"122","structure_id":"68","section_number":"6-2002","catch_line":"CITY COUNCIL INITIATIVE.","url":"\/6-2002\/","token":"6-2002"},"2":{"id":"123","structure_id":"68","section_number":"6-2003","catch_line":"PROPERTY OWNER INITIATIVE.","url":"\/6-2003\/","token":"6-2003"},"3":{"id":"124","structure_id":"68","section_number":"6-2004","catch_line":"LIMITATION OF PETITIONS.","url":"\/6-2004\/","token":"6-2004"},"4":{"id":"126","structure_id":"68","section_number":"6-2005","catch_line":"PRELIMINARY ASSESSMENT ROLL.","url":"\/6-2005\/","token":"6-2005"},"5":{"id":"127","structure_id":"68","section_number":"6-2006","catch_line":"RESERVED.","url":"\/6-2006\/","token":"6-2006"},"6":{"id":"128","structure_id":"68","section_number":"6-2006","catch_line":"RESERVED. ","url":"\/6-2006\/","token":"6-2006"}},"next_section":{"id":"122","structure_id":"68","section_number":"6-2002","catch_line":"CITY COUNCIL INITIATIVE.","url":"\/6-2002\/","token":"6-2002"},"metadata":false,"references":false,"url":"\/6-2001\/","token":"6-2001","formats":{"txt":"\/6-2001.txt","json":"\/6-2001.xml"},"dublin_core":{"Title":"STATEMENT OF AUTHORITY.","Type":"Text","Format":"text\/html","Identifier":"\u00a7 6-2001","Relation":"Code of State"},"plain_text":"                                  CODE OF STATE\n\nSTATEMENT OF AUTHORITY. (\u00a7 6-2001)\n\nThe procedure of improving any street or sidewalk financed by special\nassessments shall follow that prescribed in Article 10 of Chapter 160A of the\nGeneral Statutes as amended and all applicable local acts enacted by the General\nAssembly. Street and sidewalk improvements may be initiated by the City Council\nor by a statutory petition of property owners.\n"}