{"law_id":"122","section_number":"6-2002","catch_line":"CITY COUNCIL INITIATIVE.","history":"","order_by":"6-2002","metadata":false,"url":"\/6-2002\/","token":"6-2002","structure":{"1":{"id":"68","name":"ARTICLE A. - PROCEDURE","identifier":"A","label":"article","url":"\/II\/6\/2\/A\/"},"2":{"id":"67","name":"CHAPTER 2. - STREET AND SIDEWALK IMPROVEMENTS [1]","identifier":"2","label":"chapter","url":"\/II\/6\/2\/"},"3":{"id":"63","name":"PART 6 - CENTRAL ENGINEERING","identifier":"6","label":"part","url":"\/II\/6\/"},"4":{"id":"5","name":"Division II - Planning and Development","identifier":"II","label":"division","url":"\/II\/"}},"referred_to_by":false,"edition_id":"1","section_id":"122","structure_id":"68","full_text":"(a) Whenever the City Council decides to finance a proposed street and sidewalk project by special assessments, it shall first adopt a preliminary resolution (resolution of intent) pursuant to Article 10 of Chapter 160A of the General Statutes. The Council may adopt a preliminary resolution without a petition and assess the costs against the property.\r\r(c) Following these deliberations, a hearing on the preliminary resolution (assessment resolution) and a hearing on the preliminary assessment roll (confirmation hearing) will be held in accordance with Article 10 Chapter 160A of the General Statutes. \n(Ord. No. 1985-613, \u00a71, 7-16-85; Ord. No. 1987-69, \u00a71, 10-20-87) \nCharter reference: Street and sidewalk assessments without petition, \u00a76.44\r\r","text":{"0":{"id":"368","text":"Whenever the City Council decides to finance a proposed street and sidewalk project by special assessments, it shall first adopt a preliminary resolution (resolution of intent) pursuant to Article 10 of Chapter 160A of the General Statutes. The Council may adopt a preliminary resolution without a petition and assess the costs against the property.","type":"section","prefixes":["(a)"],"prefix":"(a)","entire_prefix":"(a)","prefix_anchor":"(a)","level":1},"1":{"id":"369","text":"","type":"section","prefixes":["(b)"],"prefix":"(b)","entire_prefix":"(b)","prefix_anchor":"(b)","level":1},"2":{"id":"370","text":"\tEfforts reasonably calculated to notify interested parties of the proposed public improvements and scheduled information meetings shall be made by the City. Such notice shall be made at least three (3) weeks prior to the meeting and may include, without limitation, first class mailings, citizens&#8217; advisory Council newsletters, and the posting of notice on the street. \n","type":"section","prefixes":["(b)","(2)"],"prefix":"(2)","entire_prefix":"(b)(2)","prefix_anchor":"(b)(2)","level":2},"3":{"id":"371","text":"\tFurther deliberations including review of the proposed variances to be recommended to the City Council, will be held with groups or individuals as warranted. \n","type":"section","prefixes":["(b)","(3)"],"prefix":"(3)","entire_prefix":"(b)(3)","prefix_anchor":"(b)(3)","level":2},"4":{"id":"372","text":"\tThe informational meeting, notice, and deliberations required in subdivisions (b)(1) through (3) shall not apply to repairs to resurfacing or to reconstruction of existing facilities. \n","type":"section","prefixes":["(b)","(4)"],"prefix":"(4)","entire_prefix":"(b)(4)","prefix_anchor":"(b)(4)","level":2},"5":{"id":"373","text":"Following these deliberations, a hearing on the preliminary resolution (assessment resolution) and a hearing on the preliminary assessment roll (confirmation hearing) will be held in accordance with Article 10 Chapter 160A of the General Statutes. \n(Ord. No. 1985-613, \u00a71, 7-16-85; Ord. No. 1987-69, \u00a71, 10-20-87) \nCharter reference: Street and sidewalk assessments without petition, \u00a76.44","type":"section","prefixes":["(c)"],"prefix":"(c)","entire_prefix":"(c)","prefix_anchor":"(c)","level":1}},"ancestry":{"1":{"id":"68","name":"ARTICLE A. - PROCEDURE","identifier":"A","label":"article","url":"\/II\/6\/2\/A\/"},"2":{"id":"67","name":"CHAPTER 2. - STREET AND SIDEWALK IMPROVEMENTS [1]","identifier":"2","label":"chapter","url":"\/II\/6\/2\/"},"3":{"id":"63","name":"PART 6 - CENTRAL ENGINEERING","identifier":"6","label":"part","url":"\/II\/6\/"},"4":{"id":"5","name":"Division II - Planning and Development","identifier":"II","label":"division","url":"\/II\/"}},"structure_contents":{"0":{"id":"121","structure_id":"68","section_number":"6-2001","catch_line":"STATEMENT OF AUTHORITY.","url":"\/6-2001\/","token":"6-2001"},"1":{"id":"122","structure_id":"68","section_number":"6-2002","catch_line":"CITY COUNCIL INITIATIVE.","url":"\/6-2002\/","token":"6-2002"},"2":{"id":"123","structure_id":"68","section_number":"6-2003","catch_line":"PROPERTY OWNER INITIATIVE.","url":"\/6-2003\/","token":"6-2003"},"3":{"id":"124","structure_id":"68","section_number":"6-2004","catch_line":"LIMITATION OF PETITIONS.","url":"\/6-2004\/","token":"6-2004"},"4":{"id":"126","structure_id":"68","section_number":"6-2005","catch_line":"PRELIMINARY ASSESSMENT ROLL.","url":"\/6-2005\/","token":"6-2005"},"5":{"id":"127","structure_id":"68","section_number":"6-2006","catch_line":"RESERVED.","url":"\/6-2006\/","token":"6-2006"},"6":{"id":"128","structure_id":"68","section_number":"6-2006","catch_line":"RESERVED. ","url":"\/6-2006\/","token":"6-2006"}},"previous_section":{"id":"121","structure_id":"68","section_number":"6-2001","catch_line":"STATEMENT OF AUTHORITY.","url":"\/6-2001\/","token":"6-2001"},"next_section":{"id":"123","structure_id":"68","section_number":"6-2003","catch_line":"PROPERTY OWNER INITIATIVE.","url":"\/6-2003\/","token":"6-2003"},"references":{"0":{"id":"123","section_number":"6-2003","catch_line":"PROPERTY OWNER INITIATIVE.","url":"http:\/\/localhost:8888\/6-2003\/"}},"formats":{"txt":"\/6-2002.txt","json":"\/6-2002.xml"},"dublin_core":{"Title":"CITY COUNCIL INITIATIVE.","Type":"Text","Format":"text\/html","Identifier":"\u00a7 6-2002","Relation":"Code of State"},"plain_text":"                                  CODE OF STATE\n\nCITY COUNCIL INITIATIVE. (\u00a7 6-2002)\n\n(a) Whenever the City Council decides to finance a proposed street and sidewalk\nproject by special assessments, it shall first adopt a preliminary resolution\n(resolution of intent) pursuant to Article 10 of Chapter 160A of the General\nStatutes. The Council may adopt a preliminary resolution without a petition and\nassess the costs against the property.\n\n(b) \n\n   (2) \tEfforts reasonably calculated to notify interested parties of the\n   proposed public improvements and scheduled information meetings shall be made\n   by the City. Such notice shall be made at least three (3) weeks prior to the\n   meeting and may include, without limitation, first class mailings,\n   citizens&#8217; advisory Council newsletters, and the posting of notice on the\n   street. \n   \n\n   (3) \tFurther deliberations including review of the proposed variances to be\n   recommended to the City Council, will be held with groups or individuals as\n   warranted. \n   \n\n   (4) \tThe informational meeting, notice, and deliberations required in\n   subdivisions (b)(1) through (3) shall not apply to repairs to resurfacing or\n   to reconstruction of existing facilities. \n   \n\n(c) Following these deliberations, a hearing on the preliminary resolution\n(assessment resolution) and a hearing on the preliminary assessment roll\n(confirmation hearing) will be held in accordance with Article 10 Chapter 160A\nof the General Statutes. \n(Ord. No. 1985-613, \u00a71, 7-16-85; Ord. No. 1987-69, \u00a71, 10-20-87) \nCharter reference: Street and sidewalk assessments without petition, \u00a76.44\n"}