{"law_id":"138","section_number":"6-2017","catch_line":"RESERVED. ","history":"","order_by":"6-2017","metadata":false,"url":"\/6-2017\/","token":"6-2017","structure":{"1":{"id":"69","name":"ARTICLE B. - STREET AND SIDEWALK STANDARDS","identifier":"B","label":"article","url":"\/II\/6\/2\/B\/"},"2":{"id":"67","name":"CHAPTER 2. - STREET AND SIDEWALK IMPROVEMENTS [1]","identifier":"2","label":"chapter","url":"\/II\/6\/2\/"},"3":{"id":"63","name":"PART 6 - CENTRAL ENGINEERING","identifier":"6","label":"part","url":"\/II\/6\/"},"4":{"id":"5","name":"Division II - Planning and Development","identifier":"II","label":"division","url":"\/II\/"}},"referred_to_by":false,"edition_id":"1","section_id":"138","structure_id":"69","full_text":"","text":{"0":{"id":"440","text":"","type":"section","prefixes":[""],"prefix":"","entire_prefix":"","prefix_anchor":"","level":1}},"ancestry":{"1":{"id":"69","name":"ARTICLE B. - STREET AND SIDEWALK STANDARDS","identifier":"B","label":"article","url":"\/II\/6\/2\/B\/"},"2":{"id":"67","name":"CHAPTER 2. - STREET AND SIDEWALK IMPROVEMENTS [1]","identifier":"2","label":"chapter","url":"\/II\/6\/2\/"},"3":{"id":"63","name":"PART 6 - CENTRAL ENGINEERING","identifier":"6","label":"part","url":"\/II\/6\/"},"4":{"id":"5","name":"Division II - Planning and Development","identifier":"II","label":"division","url":"\/II\/"}},"structure_contents":{"0":{"id":"129","structure_id":"69","section_number":"6-2011","catch_line":"SPECIFICATIONS FOR CONSTRUCTION.","url":"\/6-2011\/","token":"6-2011"},"1":{"id":"130","structure_id":"69","section_number":"6-2012","catch_line":"CLASSIFICATION OF STREETS.","url":"\/6-2012\/","token":"6-2012"},"2":{"id":"131","structure_id":"69","section_number":"6-2013","catch_line":"STREET WIDTHS.","url":"\/6-2013\/","token":"6-2013"},"3":{"id":"132","structure_id":"69","section_number":"6-2014","catch_line":"SIDEWALKS.","url":"\/6-2014\/","token":"6-2014"},"4":{"id":"133","structure_id":"69","section_number":"6-2015","catch_line":"VARIANCES.","url":"\/6-2015\/","token":"6-2015"},"5":{"id":"134","structure_id":"69","section_number":"6-2016","catch_line":"ASPHALT SIDEWALKS.","url":"\/6-2016\/","token":"6-2016"},"6":{"id":"135","structure_id":"69","section_number":"6-2017","catch_line":"RESERVED.","url":"\/6-2017\/","token":"6-2017"},"7":{"id":"138","structure_id":"69","section_number":"6-2017","catch_line":"RESERVED. ","url":"\/6-2017\/","token":"6-2017"}},"previous_section":{"id":"135","structure_id":"69","section_number":"6-2017","catch_line":"RESERVED.","url":"\/6-2017\/","token":"6-2017"},"references":false,"formats":{"txt":"\/6-2017.txt","json":"\/6-2017.xml"},"dublin_core":{"Title":"RESERVED. ","Type":"Text","Format":"text\/html","Identifier":"\u00a7 6-2017","Relation":"Code of State"},"plain_text":"                                  CODE OF STATE\n\nRESERVED.  (\u00a7 6-2017)\n\n\n"}