{"law_id":"130","section_number":"6-2012","catch_line":"CLASSIFICATION OF STREETS.","history":"","order_by":"6-2012","metadata":false,"url":"\/6-2012\/","token":"6-2012","structure":{"1":{"id":"69","name":"ARTICLE B. - STREET AND SIDEWALK STANDARDS","identifier":"B","label":"article","url":"\/II\/6\/2\/B\/"},"2":{"id":"67","name":"CHAPTER 2. - STREET AND SIDEWALK IMPROVEMENTS [1]","identifier":"2","label":"chapter","url":"\/II\/6\/2\/"},"3":{"id":"63","name":"PART 6 - CENTRAL ENGINEERING","identifier":"6","label":"part","url":"\/II\/6\/"},"4":{"id":"5","name":"Division II - Planning and Development","identifier":"II","label":"division","url":"\/II\/"}},"referred_to_by":false,"edition_id":"1","section_id":"130","structure_id":"69","full_text":"","text":{"0":{"id":"396","text":"","type":"section","prefixes":["(a)"],"prefix":"(a)","entire_prefix":"(a)","prefix_anchor":"(a)","level":1},"1":{"id":"397","text":"\tMajor thoroughfares. \nMajor thoroughfares are roadways with considerable City-wide continuity. These roadways are designed to accommodate large volumes of traffic from one area of the City to another. \n","type":"section","prefixes":["(a)","(1)"],"prefix":"(1)","entire_prefix":"(a)(1)","prefix_anchor":"(a)(1)","level":2},"2":{"id":"398","text":"\tMinor thoroughfares. \nMinor thoroughfares are roadways leading to or connecting to arterials and major thoroughfares. These roadways are designed to accommodate large volumes of traffic, but not of major thoroughfare importance. \n","type":"section","prefixes":["(a)","(2)"],"prefix":"(2)","entire_prefix":"(a)(2)","prefix_anchor":"(a)(2)","level":2},"3":{"id":"399","text":"\tCollector streets. \nStreets which collect traffic from three hundred and fifty-one (351) or more dwelling units, schools, libraries, art galleries or other residential institutions with similar vehicle trip generation and peak loading characteristics. Collector streets have continuity of more than one-half (\u00bd) mile in length, or they provide a connection either between thoroughfare system roads or between major traffic generators which would encourage through traffic on any street not classified as a thoroughfare system roadway. Other streets can be regarded as a collector street if the roadway is so illustrated on the City&#8217;s Comprehensive Plan. \n","type":"section","prefixes":["(a)","(3)"],"prefix":"(3)","entire_prefix":"(a)(3)","prefix_anchor":"(a)(3)","level":2},"4":{"id":"400","text":"\tCommercial streets. \nA street, the predominant use of which is to provide access for abutting commercial, industrial or other nonresidential properties. \nIn lieu of the above definitions, principal thoroughfares may also consist of collector streets as they appear on the &#8220;Thoroughfare Plan, Raleigh, Cary, Garner.&#8221; A copy of this map is on file in the office of the City Clerk and Treasurer. \n","type":"section","prefixes":["(a)","(4)"],"prefix":"(4)","entire_prefix":"(a)(4)","prefix_anchor":"(a)(4)","level":2},"5":{"id":"401","text":"","type":"section","prefixes":["(b)"],"prefix":"(b)","entire_prefix":"(b)","prefix_anchor":"(b)","level":1},"6":{"id":"402","text":"\tResidential collector streets. \nStreets which collect traffic from more than one hundred and fifty (150) dwelling units, but less than three hundred and fifty-one (351) dwelling units or from day care facilities of more than seventy (70) enrollees; or streets which collect traffic from schools, museums, libraries, art galleries, or other residential institutions that generate traffic volumes or peak loading characteristics equivalent to less than three hundred and fifty-one (351) dwelling units. Residential collector streets have continuity of more than one-half (\u00bd) mile in length, or they provide connection between either thoroughfare system roadways or major traffic generators which would encourage through traffic on any street not classified as a thoroughfare system roadway. \n","type":"section","prefixes":["(b)","(1)"],"prefix":"(1)","entire_prefix":"(b)(1)","prefix_anchor":"(b)(1)","level":2},"7":{"id":"403","text":"\tResidential streets. \nStreets that collect traffic from no more than one hundred and fifty (150) dwelling units or from day care facilities with no more than seventy (70) enrollees; or streets which collect traffic from schools, museums, libraries, art galleries or other residential institutions that generate traffic volumes or peak loading characteristics equivalent to one hundred and fifty (150) dwelling units. Residential streets are not more than one-half (\u00bd) mile in length; nor do they provide a collection between thoroughfare system roadways, nor do they provide a connection between major traffic generators which would encourage through traffic movements. \n","type":"section","prefixes":["(b)","(2)"],"prefix":"(2)","entire_prefix":"(b)(2)","prefix_anchor":"(b)(2)","level":2},"8":{"id":"404","text":"\tMinor residential streets. \nStreets that collect traffic from no more than forty (40) dwelling units. Minor residential streets have continuity of less than one-half (\u00bd) mile in length, and they do not provide a connection either between thoroughfare system roadways or between major traffic generators which would encourage through traffic on any street not classified as a thoroughfare system roadway. \n(Ord. No. 1982-971-TC-168, \u00a72, 9-7-82; Ord. No. 1982-5, \u00a71, 10-19-82; Ord. No. 1987-69, \u00a7\u00a72, 3, 10-20-87; Ord. No. 1995-760-TC-122, \u00a7\u00a73, 4, TC-20C-95, 11-21-95) \n","type":"section","prefixes":["(b)","(3)"],"prefix":"(3)","entire_prefix":"(b)(3)","prefix_anchor":"(b)(3)","level":2}},"ancestry":{"1":{"id":"69","name":"ARTICLE B. - STREET AND SIDEWALK STANDARDS","identifier":"B","label":"article","url":"\/II\/6\/2\/B\/"},"2":{"id":"67","name":"CHAPTER 2. - STREET AND SIDEWALK IMPROVEMENTS [1]","identifier":"2","label":"chapter","url":"\/II\/6\/2\/"},"3":{"id":"63","name":"PART 6 - CENTRAL ENGINEERING","identifier":"6","label":"part","url":"\/II\/6\/"},"4":{"id":"5","name":"Division II - Planning and Development","identifier":"II","label":"division","url":"\/II\/"}},"structure_contents":{"0":{"id":"129","structure_id":"69","section_number":"6-2011","catch_line":"SPECIFICATIONS FOR CONSTRUCTION.","url":"\/6-2011\/","token":"6-2011"},"1":{"id":"130","structure_id":"69","section_number":"6-2012","catch_line":"CLASSIFICATION OF STREETS.","url":"\/6-2012\/","token":"6-2012"},"2":{"id":"131","structure_id":"69","section_number":"6-2013","catch_line":"STREET WIDTHS.","url":"\/6-2013\/","token":"6-2013"},"3":{"id":"132","structure_id":"69","section_number":"6-2014","catch_line":"SIDEWALKS.","url":"\/6-2014\/","token":"6-2014"},"4":{"id":"133","structure_id":"69","section_number":"6-2015","catch_line":"VARIANCES.","url":"\/6-2015\/","token":"6-2015"},"5":{"id":"134","structure_id":"69","section_number":"6-2016","catch_line":"ASPHALT SIDEWALKS.","url":"\/6-2016\/","token":"6-2016"},"6":{"id":"135","structure_id":"69","section_number":"6-2017","catch_line":"RESERVED.","url":"\/6-2017\/","token":"6-2017"},"7":{"id":"138","structure_id":"69","section_number":"6-2017","catch_line":"RESERVED. ","url":"\/6-2017\/","token":"6-2017"}},"previous_section":{"id":"129","structure_id":"69","section_number":"6-2011","catch_line":"SPECIFICATIONS FOR CONSTRUCTION.","url":"\/6-2011\/","token":"6-2011"},"next_section":{"id":"131","structure_id":"69","section_number":"6-2013","catch_line":"STREET WIDTHS.","url":"\/6-2013\/","token":"6-2013"},"references":false,"formats":{"txt":"\/6-2012.txt","json":"\/6-2012.xml"},"dublin_core":{"Title":"CLASSIFICATION OF STREETS.","Type":"Text","Format":"text\/html","Identifier":"\u00a7 6-2012","Relation":"Code of State"},"plain_text":"                                  CODE OF STATE\n\nCLASSIFICATION OF STREETS. (\u00a7 6-2012)\n\n(a) \n\n   (1) \tMajor thoroughfares. \n   Major thoroughfares are roadways with considerable City-wide continuity. These\n   roadways are designed to accommodate large volumes of traffic from one area of\n   the City to another. \n   \n\n   (2) \tMinor thoroughfares. \n   Minor thoroughfares are roadways leading to or connecting to arterials and\n   major thoroughfares. These roadways are designed to accommodate large volumes\n   of traffic, but not of major thoroughfare importance. \n   \n\n   (3) \tCollector streets. \n   Streets which collect traffic from three hundred and fifty-one (351) or more\n   dwelling units, schools, libraries, art galleries or other residential\n   institutions with similar vehicle trip generation and peak loading\n   characteristics. Collector streets have continuity of more than one-half (\u00bd)\n   mile in length, or they provide a connection either between thoroughfare\n   system roads or between major traffic generators which would encourage through\n   traffic on any street not classified as a thoroughfare system roadway. Other\n   streets can be regarded as a collector street if the roadway is so illustrated\n   on the City&#8217;s Comprehensive Plan. \n   \n\n   (4) \tCommercial streets. \n   A street, the predominant use of which is to provide access for abutting\n   commercial, industrial or other nonresidential properties. \n   In lieu of the above definitions, principal thoroughfares may also consist of\n   collector streets as they appear on the &#8220;Thoroughfare Plan, Raleigh,\n   Cary, Garner.&#8221; A copy of this map is on file in the office of the City\n   Clerk and Treasurer. \n   \n\n(b) \n\n   (1) \tResidential collector streets. \n   Streets which collect traffic from more than one hundred and fifty (150)\n   dwelling units, but less than three hundred and fifty-one (351) dwelling units\n   or from day care facilities of more than seventy (70) enrollees; or streets\n   which collect traffic from schools, museums, libraries, art galleries, or\n   other residential institutions that generate traffic volumes or peak loading\n   characteristics equivalent to less than three hundred and fifty-one (351)\n   dwelling units. Residential collector streets have continuity of more than\n   one-half (\u00bd) mile in length, or they provide connection between either\n   thoroughfare system roadways or major traffic generators which would encourage\n   through traffic on any street not classified as a thoroughfare system roadway.\n   \n   \n\n   (2) \tResidential streets. \n   Streets that collect traffic from no more than one hundred and fifty (150)\n   dwelling units or from day care facilities with no more than seventy (70)\n   enrollees; or streets which collect traffic from schools, museums, libraries,\n   art galleries or other residential institutions that generate traffic volumes\n   or peak loading characteristics equivalent to one hundred and fifty (150)\n   dwelling units. Residential streets are not more than one-half (\u00bd) mile in\n   length; nor do they provide a collection between thoroughfare system roadways,\n   nor do they provide a connection between major traffic generators which would\n   encourage through traffic movements. \n   \n\n   (3) \tMinor residential streets. \n   Streets that collect traffic from no more than forty (40) dwelling units.\n   Minor residential streets have continuity of less than one-half (\u00bd) mile in\n   length, and they do not provide a connection either between thoroughfare\n   system roadways or between major traffic generators which would encourage\n   through traffic on any street not classified as a thoroughfare system roadway.\n   \n   (Ord. No. 1982-971-TC-168, \u00a72, 9-7-82; Ord. No. 1982-5, \u00a71, 10-19-82; Ord.\n   No. 1987-69, \u00a7\u00a72, 3, 10-20-87; Ord. No. 1995-760-TC-122, \u00a7\u00a73, 4,\n   TC-20C-95, 11-21-95)\n"}