{"law_id":"142","section_number":"6-2024","catch_line":"ASSESSMENT FOR RESURFACING EXISTING PAVED STREETS.","history":"","order_by":"6-2024","metadata":false,"url":"\/6-2024\/","token":"6-2024","structure":{"1":{"id":"70","name":"ARTICLE C. - ASSESSMENT CHARGES","identifier":"C","label":"article","url":"\/II\/6\/2\/C\/"},"2":{"id":"67","name":"CHAPTER 2. - STREET AND SIDEWALK IMPROVEMENTS [1]","identifier":"2","label":"chapter","url":"\/II\/6\/2\/"},"3":{"id":"63","name":"PART 6 - CENTRAL ENGINEERING","identifier":"6","label":"part","url":"\/II\/6\/"},"4":{"id":"5","name":"Division II - Planning and Development","identifier":"II","label":"division","url":"\/II\/"}},"referred_to_by":false,"edition_id":"1","section_id":"142","structure_id":"70","full_text":"(a) The base of the street meets or exceeds the standards of the City.\r\r(b) The stormwater does not damage properties adjoining the street or undermine the street.\r\r(c) The abutting properties are substantially developed.\r\r(d) The street must serve a predominantly single family area.\r\r(e) The street by actual count does not carry more than five thousand (5,000) vehicles per day.\r\r(f) The abutting properties have driveways and available off-street parking.\r\r","text":{"0":{"id":"470","text":"The base of the street meets or exceeds the standards of the City.","type":"section","prefixes":["(a)"],"prefix":"(a)","entire_prefix":"(a)","prefix_anchor":"(a)","level":1},"1":{"id":"471","text":"The stormwater does not damage properties adjoining the street or undermine the street.","type":"section","prefixes":["(b)"],"prefix":"(b)","entire_prefix":"(b)","prefix_anchor":"(b)","level":1},"2":{"id":"472","text":"The abutting properties are substantially developed.","type":"section","prefixes":["(c)"],"prefix":"(c)","entire_prefix":"(c)","prefix_anchor":"(c)","level":1},"3":{"id":"473","text":"The street must serve a predominantly single family area.","type":"section","prefixes":["(d)"],"prefix":"(d)","entire_prefix":"(d)","prefix_anchor":"(d)","level":1},"4":{"id":"474","text":"The street by actual count does not carry more than five thousand (5,000) vehicles per day.","type":"section","prefixes":["(e)"],"prefix":"(e)","entire_prefix":"(e)","prefix_anchor":"(e)","level":1},"5":{"id":"475","text":"The abutting properties have driveways and available off-street parking.","type":"section","prefixes":["(f)"],"prefix":"(f)","entire_prefix":"(f)","prefix_anchor":"(f)","level":1},"6":{"id":"476","text":"","type":"section","prefixes":["(g)"],"prefix":"(g)","entire_prefix":"(g)","prefix_anchor":"(g)","level":1},"7":{"id":"477","text":"\tIf resurfacing is done simultaneously to both streets on which a lot abuts, assessment of the costs of the resurfacing shall be based upon the entire frontage of one (1) street (short side) plus the frontage of the other street in excess of one hundred fifty (150) feet. \n","type":"section","prefixes":["(g)","(1)"],"prefix":"(1)","entire_prefix":"(g)(1)","prefix_anchor":"(g)(1)","level":2},"8":{"id":"478","text":"\tIf the lot is already served by a street which meets all City standards, any resurfacing to another abutting street shall be assessed against the lot owner to the extent that the frontage to be assessed exceeds one hundred fifty (150) feet in length. \n","type":"section","prefixes":["(g)","(2)"],"prefix":"(2)","entire_prefix":"(g)(2)","prefix_anchor":"(g)(2)","level":2},"9":{"id":"479","text":"\tIf the lot is already served by a street that has been previously assessed a full prevailing assessment for street resurfacing, resurfacing to another abutting street shall be assessed against the lot owner to the extent that the frontage to be assessed exceeds one hundred fifty (150) feet in length. \n","type":"section","prefixes":["(g)","(3)"],"prefix":"(3)","entire_prefix":"(g)(3)","prefix_anchor":"(g)(3)","level":2},"10":{"id":"480","text":"\tIf a lot abuts on a street or road to be resurfaced but physical or topographic restrictions prevent reasonable access thereto from the lot, then no assessment shall be made. In the event that such a lot later gains access formerly thought impossible to the street which was resurfaced, no driveway permit shall be issued until the lot owner has paid a fee equivalent to the amount the lot would have been previously assessed. \n","type":"section","prefixes":["(g)","(4)"],"prefix":"(4)","entire_prefix":"(g)(4)","prefix_anchor":"(g)(4)","level":2},"11":{"id":"481","text":"\tResurfacing within redevelopment areas as delineated pursuant to G.S. 160A-500 et seq. provided the cost of such work is exclusively paid from community development funds. \nStreets resurfaced under this section which are later improved, resurfaced again pursuant to the provisions of this section, rebuilt, or reconstructed to the standards of either chapter 3, part 10 or chapter 2, part 6 of this Code shall be assessed the full prevailing assessment for such subsequent improvements. \n(Ord. No. 1987-69, \u00a77, 10-20-87; Ord. No. 1996-814, \u00a72, 2-6-96; Ord. No. 1998-315, \u00a7\u00a71, 2, 4-21-98; Ord. No. 1998-377, \u00a7\u00a71\u20143, 7-21-98; Ord. No. 1998-430, \u00a71, 10-6-98; Ord. No. 2000-830, 7-5-00; Ord. No. 2008-463, \u00a71, 10-7-08) \n","type":"section","prefixes":["(g)","(5)"],"prefix":"(5)","entire_prefix":"(g)(5)","prefix_anchor":"(g)(5)","level":2}},"ancestry":{"1":{"id":"70","name":"ARTICLE C. - ASSESSMENT CHARGES","identifier":"C","label":"article","url":"\/II\/6\/2\/C\/"},"2":{"id":"67","name":"CHAPTER 2. - STREET AND SIDEWALK IMPROVEMENTS [1]","identifier":"2","label":"chapter","url":"\/II\/6\/2\/"},"3":{"id":"63","name":"PART 6 - CENTRAL ENGINEERING","identifier":"6","label":"part","url":"\/II\/6\/"},"4":{"id":"5","name":"Division II - Planning and Development","identifier":"II","label":"division","url":"\/II\/"}},"structure_contents":{"0":{"id":"139","structure_id":"70","section_number":"6-2021","catch_line":"STREET ASSESSMENT CHARGES.","url":"\/6-2021\/","token":"6-2021"},"1":{"id":"140","structure_id":"70","section_number":"6-2022","catch_line":"SIDEWALK ASSESSMENTS FOR CONSTRUCTING OR EXTENDING NEW SIDEWALKS.","url":"\/6-2022\/","token":"6-2022"},"2":{"id":"141","structure_id":"70","section_number":"6-2023","catch_line":"ASSESSMENT FOR REPAIRING, RECONSTRUCTING, AND OTHERWISE IMPROVING EXISTING SIDEWALKS, DRIVEWAYS, CURBS, GUTTERS, OR DRAINS.","url":"\/6-2023\/","token":"6-2023"},"3":{"id":"142","structure_id":"70","section_number":"6-2024","catch_line":"ASSESSMENT FOR RESURFACING EXISTING PAVED STREETS.","url":"\/6-2024\/","token":"6-2024"},"4":{"id":"143","structure_id":"70","section_number":"6-2025","catch_line":"PAYMENT OF ASSESSMENTS.","url":"\/6-2025\/","token":"6-2025"},"5":{"id":"144","structure_id":"70","section_number":"6-2026","catch_line":"RESERVED.","url":"\/6-2026\/","token":"6-2026"},"6":{"id":"145","structure_id":"70","section_number":"6-2026","catch_line":"RESERVED. ","url":"\/6-2026\/","token":"6-2026"}},"previous_section":{"id":"141","structure_id":"70","section_number":"6-2023","catch_line":"ASSESSMENT FOR REPAIRING, RECONSTRUCTING, AND OTHERWISE IMPROVING EXISTING SIDEWALKS, DRIVEWAYS, CURBS, GUTTERS, OR DRAINS.","url":"\/6-2023\/","token":"6-2023"},"next_section":{"id":"143","structure_id":"70","section_number":"6-2025","catch_line":"PAYMENT OF ASSESSMENTS.","url":"\/6-2025\/","token":"6-2025"},"references":false,"formats":{"txt":"\/6-2024.txt","json":"\/6-2024.xml"},"dublin_core":{"Title":"ASSESSMENT FOR RESURFACING EXISTING PAVED STREETS.","Type":"Text","Format":"text\/html","Identifier":"\u00a7 6-2024","Relation":"Code of State"},"plain_text":"                                  CODE OF STATE\n\nASSESSMENT FOR RESURFACING EXISTING PAVED STREETS. (\u00a7 6-2024)\n\n(a) The base of the street meets or exceeds the standards of the City.\n\n(b) The stormwater does not damage properties adjoining the street or undermine\nthe street.\n\n(c) The abutting properties are substantially developed.\n\n(d) The street must serve a predominantly single family area.\n\n(e) The street by actual count does not carry more than five thousand (5,000)\nvehicles per day.\n\n(f) The abutting properties have driveways and available off-street parking.\n\n(g) \n\n   (1) \tIf resurfacing is done simultaneously to both streets on which a lot\n   abuts, assessment of the costs of the resurfacing shall be based upon the\n   entire frontage of one (1) street (short side) plus the frontage of the other\n   street in excess of one hundred fifty (150) feet. \n   \n\n   (2) \tIf the lot is already served by a street which meets all City standards,\n   any resurfacing to another abutting street shall be assessed against the lot\n   owner to the extent that the frontage to be assessed exceeds one hundred fifty\n   (150) feet in length. \n   \n\n   (3) \tIf the lot is already served by a street that has been previously\n   assessed a full prevailing assessment for street resurfacing, resurfacing to\n   another abutting street shall be assessed against the lot owner to the extent\n   that the frontage to be assessed exceeds one hundred fifty (150) feet in\n   length. \n   \n\n   (4) \tIf a lot abuts on a street or road to be resurfaced but physical or\n   topographic restrictions prevent reasonable access thereto from the lot, then\n   no assessment shall be made. In the event that such a lot later gains access\n   formerly thought impossible to the street which was resurfaced, no driveway\n   permit shall be issued until the lot owner has paid a fee equivalent to the\n   amount the lot would have been previously assessed. \n   \n\n   (5) \tResurfacing within redevelopment areas as delineated pursuant to G.S.\n   160A-500 et seq. provided the cost of such work is exclusively paid from\n   community development funds. \n   Streets resurfaced under this section which are later improved, resurfaced\n   again pursuant to the provisions of this section, rebuilt, or reconstructed to\n   the standards of either chapter 3, part 10 or chapter 2, part 6 of this Code\n   shall be assessed the full prevailing assessment for such subsequent\n   improvements. \n   (Ord. No. 1987-69, \u00a77, 10-20-87; Ord. No. 1996-814, \u00a72, 2-6-96; Ord. No.\n   1998-315, \u00a7\u00a71, 2, 4-21-98; Ord. No. 1998-377, \u00a7\u00a71\u20143, 7-21-98; Ord. No.\n   1998-430, \u00a71, 10-6-98; Ord. No. 2000-830, 7-5-00; Ord. No. 2008-463, \u00a71,\n   10-7-08)\n"}