{"law_id":"132","section_number":"6-2014","catch_line":"SIDEWALKS.","history":"","order_by":"6-2014","metadata":false,"url":"\/6-2014\/","token":"6-2014","structure":{"1":{"id":"69","name":"ARTICLE B. - STREET AND SIDEWALK STANDARDS","identifier":"B","label":"article","url":"\/II\/6\/2\/B\/"},"2":{"id":"67","name":"CHAPTER 2. - STREET AND SIDEWALK IMPROVEMENTS [1]","identifier":"2","label":"chapter","url":"\/II\/6\/2\/"},"3":{"id":"63","name":"PART 6 - CENTRAL ENGINEERING","identifier":"6","label":"part","url":"\/II\/6\/"},"4":{"id":"5","name":"Division II - Planning and Development","identifier":"II","label":"division","url":"\/II\/"}},"referred_to_by":false,"edition_id":"1","section_id":"132","structure_id":"69","full_text":"Street improvements made pursuant to this chapter shall contain sidewalks in accordance with the provisions contained in Street, Sidewalk and Driveway Access Handbook on file with the City Clerk. The City Council may authorize the construction of sidewalks on both sides of a street improvement if pedestrian generators (churches, schools, bus routes, shopping and office areas, etc.) create public need for additional sidewalks. The Council may also vary this standard and authorize the construction of no sidewalks pursuant to \u00a76-2015 or asphalt sidewalks pursuant to \u00a76-2016. \n(Ord. No. 1987-33, \u00a71, 8-4-87; Ord. No. 1991-716, \u00a71, 1-15-91; Ord. No. 1995-760-TC-122, \u00a76, TC-20C-95, 11-21-95)","text":{"0":{"id":"411","text":"Street improvements made pursuant to this chapter shall contain sidewalks in accordance with the provisions contained in Street, Sidewalk and Driveway Access Handbook on file with the City Clerk. The City Council may authorize the construction of sidewalks on both sides of a street improvement if pedestrian generators (churches, schools, bus routes, shopping and office areas, etc.) create public need for additional sidewalks. The Council may also vary this standard and authorize the construction of no sidewalks pursuant to \u00a76-2015 or asphalt sidewalks pursuant to \u00a76-2016. \n(Ord. No. 1987-33, \u00a71, 8-4-87; Ord. No. 1991-716, \u00a71, 1-15-91; Ord. No. 1995-760-TC-122, \u00a76, TC-20C-95, 11-21-95)","type":"section","prefixes":[""],"prefix":"","entire_prefix":"","prefix_anchor":"","level":1}},"ancestry":{"1":{"id":"69","name":"ARTICLE B. - STREET AND SIDEWALK STANDARDS","identifier":"B","label":"article","url":"\/II\/6\/2\/B\/"},"2":{"id":"67","name":"CHAPTER 2. - STREET AND SIDEWALK IMPROVEMENTS [1]","identifier":"2","label":"chapter","url":"\/II\/6\/2\/"},"3":{"id":"63","name":"PART 6 - CENTRAL ENGINEERING","identifier":"6","label":"part","url":"\/II\/6\/"},"4":{"id":"5","name":"Division II - Planning and Development","identifier":"II","label":"division","url":"\/II\/"}},"structure_contents":{"0":{"id":"129","structure_id":"69","section_number":"6-2011","catch_line":"SPECIFICATIONS FOR CONSTRUCTION.","url":"\/6-2011\/","token":"6-2011"},"1":{"id":"130","structure_id":"69","section_number":"6-2012","catch_line":"CLASSIFICATION OF STREETS.","url":"\/6-2012\/","token":"6-2012"},"2":{"id":"131","structure_id":"69","section_number":"6-2013","catch_line":"STREET WIDTHS.","url":"\/6-2013\/","token":"6-2013"},"3":{"id":"132","structure_id":"69","section_number":"6-2014","catch_line":"SIDEWALKS.","url":"\/6-2014\/","token":"6-2014"},"4":{"id":"133","structure_id":"69","section_number":"6-2015","catch_line":"VARIANCES.","url":"\/6-2015\/","token":"6-2015"},"5":{"id":"134","structure_id":"69","section_number":"6-2016","catch_line":"ASPHALT SIDEWALKS.","url":"\/6-2016\/","token":"6-2016"},"6":{"id":"135","structure_id":"69","section_number":"6-2017","catch_line":"RESERVED.","url":"\/6-2017\/","token":"6-2017"},"7":{"id":"138","structure_id":"69","section_number":"6-2017","catch_line":"RESERVED. ","url":"\/6-2017\/","token":"6-2017"}},"previous_section":{"id":"131","structure_id":"69","section_number":"6-2013","catch_line":"STREET WIDTHS.","url":"\/6-2013\/","token":"6-2013"},"next_section":{"id":"133","structure_id":"69","section_number":"6-2015","catch_line":"VARIANCES.","url":"\/6-2015\/","token":"6-2015"},"references":{"0":{"id":"140","section_number":"6-2022","catch_line":"SIDEWALK ASSESSMENTS FOR CONSTRUCTING OR EXTENDING NEW SIDEWALKS.","url":"http:\/\/localhost:8888\/6-2022\/"}},"formats":{"txt":"\/6-2014.txt","json":"\/6-2014.xml"},"dublin_core":{"Title":"SIDEWALKS.","Type":"Text","Format":"text\/html","Identifier":"\u00a7 6-2014","Relation":"Code of State"},"plain_text":"                                  CODE OF STATE\n\nSIDEWALKS. (\u00a7 6-2014)\n\nStreet improvements made pursuant to this chapter shall contain sidewalks in\naccordance with the provisions contained in Street, Sidewalk and Driveway Access\nHandbook on file with the City Clerk. The City Council may authorize the\nconstruction of sidewalks on both sides of a street improvement if pedestrian\ngenerators (churches, schools, bus routes, shopping and office areas, etc.)\ncreate public need for additional sidewalks. The Council may also vary this\nstandard and authorize the construction of no sidewalks pursuant to \u00a76-2015 or\nasphalt sidewalks pursuant to \u00a76-2016. \n(Ord. No. 1987-33, \u00a71, 8-4-87; Ord. No. 1991-716, \u00a71, 1-15-91; Ord. No.\n1995-760-TC-122, \u00a76, TC-20C-95, 11-21-95)\n"}