{"law_id":"134","section_number":"6-2016","catch_line":"ASPHALT SIDEWALKS.","history":"","order_by":"6-2016","metadata":false,"url":"\/6-2016\/","token":"6-2016","structure":{"1":{"id":"69","name":"ARTICLE B. - STREET AND SIDEWALK STANDARDS","identifier":"B","label":"article","url":"\/II\/6\/2\/B\/"},"2":{"id":"67","name":"CHAPTER 2. - STREET AND SIDEWALK IMPROVEMENTS [1]","identifier":"2","label":"chapter","url":"\/II\/6\/2\/"},"3":{"id":"63","name":"PART 6 - CENTRAL ENGINEERING","identifier":"6","label":"part","url":"\/II\/6\/"},"4":{"id":"5","name":"Division II - Planning and Development","identifier":"II","label":"division","url":"\/II\/"}},"referred_to_by":{"0":{"id":"132","section_number":"6-2014","catch_line":"SIDEWALKS.","url":"http:\/\/localhost:8888\/6-2014\/"}},"edition_id":"1","section_id":"134","structure_id":"69","full_text":"","text":{"0":{"id":"427","text":"","type":"section","prefixes":["(a)"],"prefix":"(a)","entire_prefix":"(a)","prefix_anchor":"(a)","level":1},"1":{"id":"428","text":"\tNo curb or gutter exists on the street immediately parallel to the proposed sidewalk. \n","type":"section","prefixes":["(a)","(1)"],"prefix":"(1)","entire_prefix":"(a)(1)","prefix_anchor":"(a)(1)","level":2},"2":{"id":"429","text":"\tPrior to construction sufficient right-of-way, existing or dedicated, is available to place the sidewalk in a safe location.\n","type":"section","prefixes":["(a)","(2)"],"prefix":"(2)","entire_prefix":"(a)(2)","prefix_anchor":"(a)(2)","level":2},"3":{"id":"430","text":"\tThere are no existing or projected stormwater deficiencies.\n","type":"section","prefixes":["(a)","(3)"],"prefix":"(3)","entire_prefix":"(a)(3)","prefix_anchor":"(a)(3)","level":2},"4":{"id":"431","text":"\tNo part of the proposed sidewalk extends into or over a proposed street or utility improvement as shown on the amended five-year capital improvements program of any governmental authority. \n","type":"section","prefixes":["(a)","(4)"],"prefix":"(4)","entire_prefix":"(a)(4)","prefix_anchor":"(a)(4)","level":2},"5":{"id":"432","text":"\tThe proposed sidewalk is either within an area that meets the linear distances established in \u00a710-3051(a)(3) of this Code or the City Council finds that there is substantial pedestrian demand to make sidewalks beneficial. \n","type":"section","prefixes":["(a)","(5)"],"prefix":"(5)","entire_prefix":"(a)(5)","prefix_anchor":"(a)(5)","level":2},"6":{"id":"433","text":"","type":"section","prefixes":["(b)"],"prefix":"(b)","entire_prefix":"(b)","prefix_anchor":"(b)","level":1},"7":{"id":"434","text":"\tThe minimum stone base shall be four (4) inches. \n","type":"section","prefixes":["(b)","(1)"],"prefix":"(1)","entire_prefix":"(b)(1)","prefix_anchor":"(b)(1)","level":2},"8":{"id":"435","text":"\tThe asphalt shall be a minimum thickness of one and one-half ( 1\/2) inches. \n","type":"section","prefixes":["(b)","(2)"],"prefix":"(2)","entire_prefix":"(b)(2)","prefix_anchor":"(b)(2)","level":2},"9":{"id":"436","text":"\tThe asphalt sidewalk is designed and installed in accordance with the standards of the engineering department.\n(Ord. No. 1991-716, \u00a72, 1-15-91) \n","type":"section","prefixes":["(b)","(3)"],"prefix":"(3)","entire_prefix":"(b)(3)","prefix_anchor":"(b)(3)","level":2}},"ancestry":{"1":{"id":"69","name":"ARTICLE B. - STREET AND SIDEWALK STANDARDS","identifier":"B","label":"article","url":"\/II\/6\/2\/B\/"},"2":{"id":"67","name":"CHAPTER 2. - STREET AND SIDEWALK IMPROVEMENTS [1]","identifier":"2","label":"chapter","url":"\/II\/6\/2\/"},"3":{"id":"63","name":"PART 6 - CENTRAL ENGINEERING","identifier":"6","label":"part","url":"\/II\/6\/"},"4":{"id":"5","name":"Division II - Planning and Development","identifier":"II","label":"division","url":"\/II\/"}},"structure_contents":{"0":{"id":"129","structure_id":"69","section_number":"6-2011","catch_line":"SPECIFICATIONS FOR CONSTRUCTION.","url":"\/6-2011\/","token":"6-2011"},"1":{"id":"130","structure_id":"69","section_number":"6-2012","catch_line":"CLASSIFICATION OF STREETS.","url":"\/6-2012\/","token":"6-2012"},"2":{"id":"131","structure_id":"69","section_number":"6-2013","catch_line":"STREET WIDTHS.","url":"\/6-2013\/","token":"6-2013"},"3":{"id":"132","structure_id":"69","section_number":"6-2014","catch_line":"SIDEWALKS.","url":"\/6-2014\/","token":"6-2014"},"4":{"id":"133","structure_id":"69","section_number":"6-2015","catch_line":"VARIANCES.","url":"\/6-2015\/","token":"6-2015"},"5":{"id":"134","structure_id":"69","section_number":"6-2016","catch_line":"ASPHALT SIDEWALKS.","url":"\/6-2016\/","token":"6-2016"},"6":{"id":"135","structure_id":"69","section_number":"6-2017","catch_line":"RESERVED.","url":"\/6-2017\/","token":"6-2017"},"7":{"id":"138","structure_id":"69","section_number":"6-2017","catch_line":"RESERVED. ","url":"\/6-2017\/","token":"6-2017"}},"previous_section":{"id":"133","structure_id":"69","section_number":"6-2015","catch_line":"VARIANCES.","url":"\/6-2015\/","token":"6-2015"},"next_section":{"id":"135","structure_id":"69","section_number":"6-2017","catch_line":"RESERVED.","url":"\/6-2017\/","token":"6-2017"},"references":{"0":{"id":"132","section_number":"6-2014","catch_line":"SIDEWALKS.","url":"http:\/\/localhost:8888\/6-2014\/"}},"formats":{"txt":"\/6-2016.txt","json":"\/6-2016.xml"},"dublin_core":{"Title":"ASPHALT SIDEWALKS.","Type":"Text","Format":"text\/html","Identifier":"\u00a7 6-2016","Relation":"Code of State"},"plain_text":"                                  CODE OF STATE\n\nASPHALT SIDEWALKS. (\u00a7 6-2016)\n\n(a) \n\n   (1) \tNo curb or gutter exists on the street immediately parallel to the\n   proposed sidewalk. \n   \n\n   (2) \tPrior to construction sufficient right-of-way, existing or dedicated, is\n   available to place the sidewalk in a safe location.\n   \n\n   (3) \tThere are no existing or projected stormwater deficiencies.\n   \n\n   (4) \tNo part of the proposed sidewalk extends into or over a proposed street\n   or utility improvement as shown on the amended five-year capital improvements\n   program of any governmental authority. \n   \n\n   (5) \tThe proposed sidewalk is either within an area that meets the linear\n   distances established in \u00a710-3051(a)(3) of this Code or the City Council\n   finds that there is substantial pedestrian demand to make sidewalks\n   beneficial. \n   \n\n(b) \n\n   (1) \tThe minimum stone base shall be four (4) inches. \n   \n\n   (2) \tThe asphalt shall be a minimum thickness of one and one-half ( 1\/2)\n   inches. \n   \n\n   (3) \tThe asphalt sidewalk is designed and installed in accordance with the\n   standards of the engineering department.\n   (Ord. No. 1991-716, \u00a72, 1-15-91)\n"}