{"law_id":"143","section_number":"6-2025","catch_line":"PAYMENT OF ASSESSMENTS.","history":"","order_by":"6-2025","metadata":false,"url":"\/6-2025\/","token":"6-2025","structure":{"1":{"id":"70","name":"ARTICLE C. - ASSESSMENT CHARGES","identifier":"C","label":"article","url":"\/II\/6\/2\/C\/"},"2":{"id":"67","name":"CHAPTER 2. - STREET AND SIDEWALK IMPROVEMENTS [1]","identifier":"2","label":"chapter","url":"\/II\/6\/2\/"},"3":{"id":"63","name":"PART 6 - CENTRAL ENGINEERING","identifier":"6","label":"part","url":"\/II\/6\/"},"4":{"id":"5","name":"Division II - Planning and Development","identifier":"II","label":"division","url":"\/II\/"}},"referred_to_by":false,"edition_id":"1","section_id":"143","structure_id":"70","full_text":"Assessments shall be payable in cash, or, if any property owner should so elect and give notice of the fact in writing to the City, in accordance with the provisions of G.S. 160A-232, such property owner shall have the option and privilege of paying the assessment in ten (10) equal installments, such installments to bear interest at the rate of six (6) per cent per annum from the date of the confirmation of the assessment roll. \n(Ord. No. 1987-69, \u00a76, 10-20-87; Ord. No. 1996-814, \u00a73, 2-6-96)","text":{"0":{"id":"482","text":"Assessments shall be payable in cash, or, if any property owner should so elect and give notice of the fact in writing to the City, in accordance with the provisions of G.S. 160A-232, such property owner shall have the option and privilege of paying the assessment in ten (10) equal installments, such installments to bear interest at the rate of six (6) per cent per annum from the date of the confirmation of the assessment roll. \n(Ord. No. 1987-69, \u00a76, 10-20-87; Ord. No. 1996-814, \u00a73, 2-6-96)","type":"section","prefixes":[""],"prefix":"","entire_prefix":"","prefix_anchor":"","level":1}},"ancestry":{"1":{"id":"70","name":"ARTICLE C. - ASSESSMENT CHARGES","identifier":"C","label":"article","url":"\/II\/6\/2\/C\/"},"2":{"id":"67","name":"CHAPTER 2. - STREET AND SIDEWALK IMPROVEMENTS [1]","identifier":"2","label":"chapter","url":"\/II\/6\/2\/"},"3":{"id":"63","name":"PART 6 - CENTRAL ENGINEERING","identifier":"6","label":"part","url":"\/II\/6\/"},"4":{"id":"5","name":"Division II - Planning and Development","identifier":"II","label":"division","url":"\/II\/"}},"structure_contents":{"0":{"id":"139","structure_id":"70","section_number":"6-2021","catch_line":"STREET ASSESSMENT CHARGES.","url":"\/6-2021\/","token":"6-2021"},"1":{"id":"140","structure_id":"70","section_number":"6-2022","catch_line":"SIDEWALK ASSESSMENTS FOR CONSTRUCTING OR EXTENDING NEW SIDEWALKS.","url":"\/6-2022\/","token":"6-2022"},"2":{"id":"141","structure_id":"70","section_number":"6-2023","catch_line":"ASSESSMENT FOR REPAIRING, RECONSTRUCTING, AND OTHERWISE IMPROVING EXISTING SIDEWALKS, DRIVEWAYS, CURBS, GUTTERS, OR DRAINS.","url":"\/6-2023\/","token":"6-2023"},"3":{"id":"142","structure_id":"70","section_number":"6-2024","catch_line":"ASSESSMENT FOR RESURFACING EXISTING PAVED STREETS.","url":"\/6-2024\/","token":"6-2024"},"4":{"id":"143","structure_id":"70","section_number":"6-2025","catch_line":"PAYMENT OF ASSESSMENTS.","url":"\/6-2025\/","token":"6-2025"},"5":{"id":"144","structure_id":"70","section_number":"6-2026","catch_line":"RESERVED.","url":"\/6-2026\/","token":"6-2026"},"6":{"id":"145","structure_id":"70","section_number":"6-2026","catch_line":"RESERVED. ","url":"\/6-2026\/","token":"6-2026"}},"previous_section":{"id":"142","structure_id":"70","section_number":"6-2024","catch_line":"ASSESSMENT FOR RESURFACING EXISTING PAVED STREETS.","url":"\/6-2024\/","token":"6-2024"},"next_section":{"id":"144","structure_id":"70","section_number":"6-2026","catch_line":"RESERVED.","url":"\/6-2026\/","token":"6-2026"},"references":false,"formats":{"txt":"\/6-2025.txt","json":"\/6-2025.xml"},"dublin_core":{"Title":"PAYMENT OF ASSESSMENTS.","Type":"Text","Format":"text\/html","Identifier":"\u00a7 6-2025","Relation":"Code of State"},"plain_text":"                                  CODE OF STATE\n\nPAYMENT OF ASSESSMENTS. (\u00a7 6-2025)\n\nAssessments shall be payable in cash, or, if any property owner should so elect\nand give notice of the fact in writing to the City, in accordance with the\nprovisions of G.S. 160A-232, such property owner shall have the option and\nprivilege of paying the assessment in ten (10) equal installments, such\ninstallments to bear interest at the rate of six (6) per cent per annum from the\ndate of the confirmation of the assessment roll. \n(Ord. No. 1987-69, \u00a76, 10-20-87; Ord. No. 1996-814, \u00a73, 2-6-96)\n"}