{"law_id":"133","section_number":"6-2015","catch_line":"VARIANCES.","history":"","order_by":"6-2015","metadata":false,"url":"\/6-2015\/","token":"6-2015","structure":{"1":{"id":"69","name":"ARTICLE B. - STREET AND SIDEWALK STANDARDS","identifier":"B","label":"article","url":"\/II\/6\/2\/B\/"},"2":{"id":"67","name":"CHAPTER 2. - STREET AND SIDEWALK IMPROVEMENTS [1]","identifier":"2","label":"chapter","url":"\/II\/6\/2\/"},"3":{"id":"63","name":"PART 6 - CENTRAL ENGINEERING","identifier":"6","label":"part","url":"\/II\/6\/"},"4":{"id":"5","name":"Division II - Planning and Development","identifier":"II","label":"division","url":"\/II\/"}},"referred_to_by":{"0":{"id":"140","section_number":"6-2022","catch_line":"SIDEWALK ASSESSMENTS FOR CONSTRUCTING OR EXTENDING NEW SIDEWALKS.","url":"http:\/\/localhost:8888\/6-2022\/"}},"edition_id":"1","section_id":"133","structure_id":"69","full_text":"","text":{"0":{"id":"412","text":"","type":"section","prefixes":["(a)"],"prefix":"(a)","entire_prefix":"(a)","prefix_anchor":"(a)","level":1},"1":{"id":"413","text":"\tThe street must be classified as residential street; \n","type":"section","prefixes":["(a)","(1)"],"prefix":"(1)","entire_prefix":"(a)(1)","prefix_anchor":"(a)(1)","level":2},"2":{"id":"414","text":"\tThe street is existing and abutting property is substantially developed; \n","type":"section","prefixes":["(a)","(2)"],"prefix":"(2)","entire_prefix":"(a)(2)","prefix_anchor":"(a)(2)","level":2},"3":{"id":"415","text":"\tThe street must serve a predominantly single family area; and \n","type":"section","prefixes":["(a)","(3)"],"prefix":"(3)","entire_prefix":"(a)(3)","prefix_anchor":"(a)(3)","level":2},"4":{"id":"416","text":"\tThe street by actual count does not carry more than approximately fifteen hundred (1,500) vehicles per day. \n","type":"section","prefixes":["(a)","(4)"],"prefix":"(4)","entire_prefix":"(a)(4)","prefix_anchor":"(a)(4)","level":2},"5":{"id":"417","text":"","type":"section","prefixes":["(b)"],"prefix":"(b)","entire_prefix":"(b)","prefix_anchor":"(b)","level":1},"6":{"id":"418","text":"\tSafety to pedestrians, vehicular movement, and abutting properties; \n","type":"section","prefixes":["(b)","(1)"],"prefix":"(1)","entire_prefix":"(b)(1)","prefix_anchor":"(b)(1)","level":2},"7":{"id":"419","text":"\tCollection of significant amounts of water from other streets; \n","type":"section","prefixes":["(b)","(2)"],"prefix":"(2)","entire_prefix":"(b)(2)","prefix_anchor":"(b)(2)","level":2},"8":{"id":"420","text":"\tAvailability of off-street parking; and\n","type":"section","prefixes":["(b)","(3)"],"prefix":"(3)","entire_prefix":"(b)(3)","prefix_anchor":"(b)(3)","level":2},"9":{"id":"421","text":"\tPedestrian generators (schools, office and shopping areas, bus routes, churches, etc.) and the availability of pedestrian walkways outside the public rights-of-way. \nIn no event shall the travelled portion of the street be less than eighteen (18) feet (5.49 meters) in width. \n","type":"section","prefixes":["(b)","(4)"],"prefix":"(4)","entire_prefix":"(b)(4)","prefix_anchor":"(b)(4)","level":2},"10":{"id":"422","text":"","type":"section","prefixes":["(c)"],"prefix":"(c)","entire_prefix":"(c)","prefix_anchor":"(c)","level":1},"11":{"id":"423","text":"\tCurb and gutter on one side and shoulder on the other side;\n","type":"section","prefixes":["(c)","(1)"],"prefix":"(1)","entire_prefix":"(c)(1)","prefix_anchor":"(c)(1)","level":2},"12":{"id":"424","text":"\tHeader curbs;\n","type":"section","prefixes":["(c)","(2)"],"prefix":"(2)","entire_prefix":"(c)(2)","prefix_anchor":"(c)(2)","level":2},"13":{"id":"425","text":"\tShoulder and swale design; and\n","type":"section","prefixes":["(c)","(3)"],"prefix":"(3)","entire_prefix":"(c)(3)","prefix_anchor":"(c)(3)","level":2},"14":{"id":"426","text":"\tPedestrian walkways on public property outside the street right-of-way. \n(Ord. No. 1987-69, \u00a75, 10-20-87; Ord. No. 1999-619, \u00a71, 8-3-99) \n","type":"section","prefixes":["(c)","(4)"],"prefix":"(4)","entire_prefix":"(c)(4)","prefix_anchor":"(c)(4)","level":2}},"ancestry":{"1":{"id":"69","name":"ARTICLE B. - STREET AND SIDEWALK STANDARDS","identifier":"B","label":"article","url":"\/II\/6\/2\/B\/"},"2":{"id":"67","name":"CHAPTER 2. - STREET AND SIDEWALK IMPROVEMENTS [1]","identifier":"2","label":"chapter","url":"\/II\/6\/2\/"},"3":{"id":"63","name":"PART 6 - CENTRAL ENGINEERING","identifier":"6","label":"part","url":"\/II\/6\/"},"4":{"id":"5","name":"Division II - Planning and Development","identifier":"II","label":"division","url":"\/II\/"}},"structure_contents":{"0":{"id":"129","structure_id":"69","section_number":"6-2011","catch_line":"SPECIFICATIONS FOR CONSTRUCTION.","url":"\/6-2011\/","token":"6-2011"},"1":{"id":"130","structure_id":"69","section_number":"6-2012","catch_line":"CLASSIFICATION OF STREETS.","url":"\/6-2012\/","token":"6-2012"},"2":{"id":"131","structure_id":"69","section_number":"6-2013","catch_line":"STREET WIDTHS.","url":"\/6-2013\/","token":"6-2013"},"3":{"id":"132","structure_id":"69","section_number":"6-2014","catch_line":"SIDEWALKS.","url":"\/6-2014\/","token":"6-2014"},"4":{"id":"133","structure_id":"69","section_number":"6-2015","catch_line":"VARIANCES.","url":"\/6-2015\/","token":"6-2015"},"5":{"id":"134","structure_id":"69","section_number":"6-2016","catch_line":"ASPHALT SIDEWALKS.","url":"\/6-2016\/","token":"6-2016"},"6":{"id":"135","structure_id":"69","section_number":"6-2017","catch_line":"RESERVED.","url":"\/6-2017\/","token":"6-2017"},"7":{"id":"138","structure_id":"69","section_number":"6-2017","catch_line":"RESERVED. ","url":"\/6-2017\/","token":"6-2017"}},"previous_section":{"id":"132","structure_id":"69","section_number":"6-2014","catch_line":"SIDEWALKS.","url":"\/6-2014\/","token":"6-2014"},"next_section":{"id":"134","structure_id":"69","section_number":"6-2016","catch_line":"ASPHALT SIDEWALKS.","url":"\/6-2016\/","token":"6-2016"},"references":{"0":{"id":"132","section_number":"6-2014","catch_line":"SIDEWALKS.","url":"http:\/\/localhost:8888\/6-2014\/"}},"formats":{"txt":"\/6-2015.txt","json":"\/6-2015.xml"},"dublin_core":{"Title":"VARIANCES.","Type":"Text","Format":"text\/html","Identifier":"\u00a7 6-2015","Relation":"Code of State"},"plain_text":"                                  CODE OF STATE\n\nVARIANCES. (\u00a7 6-2015)\n\n(a) \n\n   (1) \tThe street must be classified as residential street; \n   \n\n   (2) \tThe street is existing and abutting property is substantially developed;\n   \n   \n\n   (3) \tThe street must serve a predominantly single family area; and \n   \n\n   (4) \tThe street by actual count does not carry more than approximately fifteen\n   hundred (1,500) vehicles per day. \n   \n\n(b) \n\n   (1) \tSafety to pedestrians, vehicular movement, and abutting properties; \n   \n\n   (2) \tCollection of significant amounts of water from other streets; \n   \n\n   (3) \tAvailability of off-street parking; and\n   \n\n   (4) \tPedestrian generators (schools, office and shopping areas, bus routes,\n   churches, etc.) and the availability of pedestrian walkways outside the public\n   rights-of-way. \n   In no event shall the travelled portion of the street be less than eighteen\n   (18) feet (5.49 meters) in width. \n   \n\n(c) \n\n   (1) \tCurb and gutter on one side and shoulder on the other side;\n   \n\n   (2) \tHeader curbs;\n   \n\n   (3) \tShoulder and swale design; and\n   \n\n   (4) \tPedestrian walkways on public property outside the street right-of-way. \n   (Ord. No. 1987-69, \u00a75, 10-20-87; Ord. No. 1999-619, \u00a71, 8-3-99)\n"}