{"law_id":"140","section_number":"6-2022","catch_line":"SIDEWALK ASSESSMENTS FOR CONSTRUCTING OR EXTENDING NEW SIDEWALKS.","history":"","order_by":"6-2022","metadata":false,"url":"\/6-2022\/","token":"6-2022","structure":{"1":{"id":"70","name":"ARTICLE C. - ASSESSMENT CHARGES","identifier":"C","label":"article","url":"\/II\/6\/2\/C\/"},"2":{"id":"67","name":"CHAPTER 2. - STREET AND SIDEWALK IMPROVEMENTS [1]","identifier":"2","label":"chapter","url":"\/II\/6\/2\/"},"3":{"id":"63","name":"PART 6 - CENTRAL ENGINEERING","identifier":"6","label":"part","url":"\/II\/6\/"},"4":{"id":"5","name":"Division II - Planning and Development","identifier":"II","label":"division","url":"\/II\/"}},"referred_to_by":{"0":{"id":"124","section_number":"6-2004","catch_line":"LIMITATION OF PETITIONS.","url":"http:\/\/localhost:8888\/6-2004\/"}},"edition_id":"1","section_id":"140","structure_id":"70","full_text":"(a) The cost of new sidewalk construction or extensions shall be assessed at six dollars ($6.00) per front foot against the property abutting on both sides of the street. If there already exists a sidewalk on the other side of the street, the total cost of which was assessed against the abutting property, the owner of the property requiring the new sidewalk shall pay an assessment of six dollars ($6.00) per front foot, the remaining cost of the sidewalk to be borne by the City. If the City Council decides pursuant to \u00a76-2014 that there is a public need for a sidewalk on both sides of the street, and no sidewalk assessment has been previously levied, the full cost of the second sidewalk shall be borne by the City.\r\r","text":{"0":{"id":"462","text":"The cost of new sidewalk construction or extensions shall be assessed at six dollars ($6.00) per front foot against the property abutting on both sides of the street. If there already exists a sidewalk on the other side of the street, the total cost of which was assessed against the abutting property, the owner of the property requiring the new sidewalk shall pay an assessment of six dollars ($6.00) per front foot, the remaining cost of the sidewalk to be borne by the City. If the City Council decides pursuant to \u00a76-2014 that there is a public need for a sidewalk on both sides of the street, and no sidewalk assessment has been previously levied, the full cost of the second sidewalk shall be borne by the City.","type":"section","prefixes":["(a)"],"prefix":"(a)","entire_prefix":"(a)","prefix_anchor":"(a)","level":1},"1":{"id":"463","text":"","type":"section","prefixes":["(b)"],"prefix":"(b)","entire_prefix":"(b)","prefix_anchor":"(b)","level":1},"2":{"id":"464","text":"\tIf sidewalk improvements are made simultaneously to both streets on which a lot abuts, assessment of the costs of the installations shall be based upon the entire frontage of one street (short side) plus the frontage of the other street in excess of one hundred fifty (150) feet. \n","type":"section","prefixes":["(b)","(1)"],"prefix":"(1)","entire_prefix":"(b)(1)","prefix_anchor":"(b)(1)","level":2},"3":{"id":"465","text":"\tIf the lot is already served by a sidewalk which meets all City standards, any improvements to another abutting sidewalk shall be assessed against the lot owner to the extent that the frontage to be assessed exceeds one hundred fifty (150) feet in length. \n","type":"section","prefixes":["(b)","(2)"],"prefix":"(2)","entire_prefix":"(b)(2)","prefix_anchor":"(b)(2)","level":2},"4":{"id":"466","text":"\tIf a lot fronts on an existing sidewalk which meets City standards and abuts at the rear on another street to be built or improved, no assessment shall be made if it shall appear that no reasonable subdivision of the lot can be made by which the new arrangement of lots will benefit from the new or improved sidewalk. \n","type":"section","prefixes":["(b)","(3)"],"prefix":"(3)","entire_prefix":"(b)(3)","prefix_anchor":"(b)(3)","level":2},"5":{"id":"467","text":"\tIf a lot abuts on a sidewalk to be built or improved but physical or topographic restrictions prevent reasonable access thereto from the lot, then no assessment shall be made. In the event that such a lot later gains access formerly though impossible to the sidewalk which was improved, no driveway permit shall be issued until the lot owner has paid a fee equivalent to the amount the lot would have been previously assessed. \n","type":"section","prefixes":["(b)","(4)"],"prefix":"(4)","entire_prefix":"(b)(4)","prefix_anchor":"(b)(4)","level":2},"6":{"id":"468","text":"\tSidewalk improvements within redevelopment areas as delineated pursuant to G.S. 160A-500 et seq., provided the cost of such work is exclusively paid from community development funds. \n(Ord. No. 1979-236, 10-2-79; Ord. No. 1985-613, \u00a72, 7-16-85; Ord. No. 1986-855, \u00a72, 9-16-86; Ord. No. 1987-54A, \u00a7\u00a71, 2, 9-15-87; Ord. No. 1992-999, \u00a73, 6-16-92; Ord. No. 1995-660, \u00a73, 6-20-95; Ord. No. 1995-760-TC-122, \u00a710, TC-20C-95, 11-21-95; Ord. No. 1996-814, \u00a71, 2-6-96; Ord. No. 2000-905, \u00a74, 12-5-00) \n","type":"section","prefixes":["(b)","(5)"],"prefix":"(5)","entire_prefix":"(b)(5)","prefix_anchor":"(b)(5)","level":2}},"ancestry":{"1":{"id":"70","name":"ARTICLE C. - ASSESSMENT CHARGES","identifier":"C","label":"article","url":"\/II\/6\/2\/C\/"},"2":{"id":"67","name":"CHAPTER 2. - STREET AND SIDEWALK IMPROVEMENTS [1]","identifier":"2","label":"chapter","url":"\/II\/6\/2\/"},"3":{"id":"63","name":"PART 6 - CENTRAL ENGINEERING","identifier":"6","label":"part","url":"\/II\/6\/"},"4":{"id":"5","name":"Division II - Planning and Development","identifier":"II","label":"division","url":"\/II\/"}},"structure_contents":{"0":{"id":"139","structure_id":"70","section_number":"6-2021","catch_line":"STREET ASSESSMENT CHARGES.","url":"\/6-2021\/","token":"6-2021"},"1":{"id":"140","structure_id":"70","section_number":"6-2022","catch_line":"SIDEWALK ASSESSMENTS FOR CONSTRUCTING OR EXTENDING NEW SIDEWALKS.","url":"\/6-2022\/","token":"6-2022"},"2":{"id":"141","structure_id":"70","section_number":"6-2023","catch_line":"ASSESSMENT FOR REPAIRING, RECONSTRUCTING, AND OTHERWISE IMPROVING EXISTING SIDEWALKS, DRIVEWAYS, CURBS, GUTTERS, OR DRAINS.","url":"\/6-2023\/","token":"6-2023"},"3":{"id":"142","structure_id":"70","section_number":"6-2024","catch_line":"ASSESSMENT FOR RESURFACING EXISTING PAVED STREETS.","url":"\/6-2024\/","token":"6-2024"},"4":{"id":"143","structure_id":"70","section_number":"6-2025","catch_line":"PAYMENT OF ASSESSMENTS.","url":"\/6-2025\/","token":"6-2025"},"5":{"id":"144","structure_id":"70","section_number":"6-2026","catch_line":"RESERVED.","url":"\/6-2026\/","token":"6-2026"},"6":{"id":"145","structure_id":"70","section_number":"6-2026","catch_line":"RESERVED. ","url":"\/6-2026\/","token":"6-2026"}},"previous_section":{"id":"139","structure_id":"70","section_number":"6-2021","catch_line":"STREET ASSESSMENT CHARGES.","url":"\/6-2021\/","token":"6-2021"},"next_section":{"id":"141","structure_id":"70","section_number":"6-2023","catch_line":"ASSESSMENT FOR REPAIRING, RECONSTRUCTING, AND OTHERWISE IMPROVING EXISTING SIDEWALKS, DRIVEWAYS, CURBS, GUTTERS, OR DRAINS.","url":"\/6-2023\/","token":"6-2023"},"references":false,"formats":{"txt":"\/6-2022.txt","json":"\/6-2022.xml"},"dublin_core":{"Title":"SIDEWALK ASSESSMENTS FOR CONSTRUCTING OR EXTENDING NEW SIDEWALKS.","Type":"Text","Format":"text\/html","Identifier":"\u00a7 6-2022","Relation":"Code of State"},"plain_text":"                                  CODE OF STATE\n\nSIDEWALK ASSESSMENTS FOR CONSTRUCTING OR EXTENDING NEW SIDEWALKS. (\u00a7 6-2022)\n\n(a) The cost of new sidewalk construction or extensions shall be assessed at six\ndollars ($6.00) per front foot against the property abutting on both sides of\nthe street. If there already exists a sidewalk on the other side of the street,\nthe total cost of which was assessed against the abutting property, the owner of\nthe property requiring the new sidewalk shall pay an assessment of six dollars\n($6.00) per front foot, the remaining cost of the sidewalk to be borne by the\nCity. If the City Council decides pursuant to \u00a76-2014 that there is a public\nneed for a sidewalk on both sides of the street, and no sidewalk assessment has\nbeen previously levied, the full cost of the second sidewalk shall be borne by\nthe City.\n\n(b) \n\n   (1) \tIf sidewalk improvements are made simultaneously to both streets on which\n   a lot abuts, assessment of the costs of the installations shall be based upon\n   the entire frontage of one street (short side) plus the frontage of the other\n   street in excess of one hundred fifty (150) feet. \n   \n\n   (2) \tIf the lot is already served by a sidewalk which meets all City\n   standards, any improvements to another abutting sidewalk shall be assessed\n   against the lot owner to the extent that the frontage to be assessed exceeds\n   one hundred fifty (150) feet in length. \n   \n\n   (3) \tIf a lot fronts on an existing sidewalk which meets City standards and\n   abuts at the rear on another street to be built or improved, no assessment\n   shall be made if it shall appear that no reasonable subdivision of the lot can\n   be made by which the new arrangement of lots will benefit from the new or\n   improved sidewalk. \n   \n\n   (4) \tIf a lot abuts on a sidewalk to be built or improved but physical or\n   topographic restrictions prevent reasonable access thereto from the lot, then\n   no assessment shall be made. In the event that such a lot later gains access\n   formerly though impossible to the sidewalk which was improved, no driveway\n   permit shall be issued until the lot owner has paid a fee equivalent to the\n   amount the lot would have been previously assessed. \n   \n\n   (5) \tSidewalk improvements within redevelopment areas as delineated pursuant\n   to G.S. 160A-500 et seq., provided the cost of such work is exclusively paid\n   from community development funds. \n   (Ord. No. 1979-236, 10-2-79; Ord. No. 1985-613, \u00a72, 7-16-85; Ord. No.\n   1986-855, \u00a72, 9-16-86; Ord. No. 1987-54A, \u00a7\u00a71, 2, 9-15-87; Ord. No.\n   1992-999, \u00a73, 6-16-92; Ord. No. 1995-660, \u00a73, 6-20-95; Ord. No.\n   1995-760-TC-122, \u00a710, TC-20C-95, 11-21-95; Ord. No. 1996-814, \u00a71, 2-6-96;\n   Ord. No. 2000-905, \u00a74, 12-5-00)\n"}