{"law_id":"126","section_number":"6-2005","catch_line":"PRELIMINARY ASSESSMENT ROLL.","history":"","order_by":"6-2005","metadata":false,"url":"\/6-2005\/","token":"6-2005","structure":{"1":{"id":"68","name":"ARTICLE A. - PROCEDURE","identifier":"A","label":"article","url":"\/II\/6\/2\/A\/"},"2":{"id":"67","name":"CHAPTER 2. - STREET AND SIDEWALK IMPROVEMENTS [1]","identifier":"2","label":"chapter","url":"\/II\/6\/2\/"},"3":{"id":"63","name":"PART 6 - CENTRAL ENGINEERING","identifier":"6","label":"part","url":"\/II\/6\/"},"4":{"id":"5","name":"Division II - Planning and Development","identifier":"II","label":"division","url":"\/II\/"}},"referred_to_by":false,"edition_id":"1","section_id":"126","structure_id":"68","full_text":"When the total cost of a project has been determined, the Department of Central Engineering shall prepare a preliminary assessment roll. The preliminary roll shall contain a brief description of each lot, parcel, or tract of land assessed, the basis for the assessment, the amount assessed against each, the terms of payment, and the names of the owner of each parcel of land as far as this can be ascertained from the County tax records. A map of the project on which is shown each parcel assessed with the basis of its assessment, the amount assessed against it, and the name of the owner, as far as this can be ascertained from the County tax records shall be a sufficient assessment roll. All completed preliminary assessment rolls shall be filed in the City Clerk and Treasurer&#8217;s office, where it shall be available for public inspection. Notice of the preliminary assessment roll shall be published by the City Clerk and Treasurer as required by state law.","text":{"0":{"id":"392","text":"When the total cost of a project has been determined, the Department of Central Engineering shall prepare a preliminary assessment roll. The preliminary roll shall contain a brief description of each lot, parcel, or tract of land assessed, the basis for the assessment, the amount assessed against each, the terms of payment, and the names of the owner of each parcel of land as far as this can be ascertained from the County tax records. A map of the project on which is shown each parcel assessed with the basis of its assessment, the amount assessed against it, and the name of the owner, as far as this can be ascertained from the County tax records shall be a sufficient assessment roll. All completed preliminary assessment rolls shall be filed in the City Clerk and Treasurer&#8217;s office, where it shall be available for public inspection. Notice of the preliminary assessment roll shall be published by the City Clerk and Treasurer as required by state law.","type":"section","prefixes":[""],"prefix":"","entire_prefix":"","prefix_anchor":"","level":1}},"ancestry":{"1":{"id":"68","name":"ARTICLE A. - PROCEDURE","identifier":"A","label":"article","url":"\/II\/6\/2\/A\/"},"2":{"id":"67","name":"CHAPTER 2. - STREET AND SIDEWALK IMPROVEMENTS [1]","identifier":"2","label":"chapter","url":"\/II\/6\/2\/"},"3":{"id":"63","name":"PART 6 - CENTRAL ENGINEERING","identifier":"6","label":"part","url":"\/II\/6\/"},"4":{"id":"5","name":"Division II - Planning and Development","identifier":"II","label":"division","url":"\/II\/"}},"structure_contents":{"0":{"id":"121","structure_id":"68","section_number":"6-2001","catch_line":"STATEMENT OF AUTHORITY.","url":"\/6-2001\/","token":"6-2001"},"1":{"id":"122","structure_id":"68","section_number":"6-2002","catch_line":"CITY COUNCIL INITIATIVE.","url":"\/6-2002\/","token":"6-2002"},"2":{"id":"123","structure_id":"68","section_number":"6-2003","catch_line":"PROPERTY OWNER INITIATIVE.","url":"\/6-2003\/","token":"6-2003"},"3":{"id":"124","structure_id":"68","section_number":"6-2004","catch_line":"LIMITATION OF PETITIONS.","url":"\/6-2004\/","token":"6-2004"},"4":{"id":"126","structure_id":"68","section_number":"6-2005","catch_line":"PRELIMINARY ASSESSMENT ROLL.","url":"\/6-2005\/","token":"6-2005"},"5":{"id":"127","structure_id":"68","section_number":"6-2006","catch_line":"RESERVED.","url":"\/6-2006\/","token":"6-2006"},"6":{"id":"128","structure_id":"68","section_number":"6-2006","catch_line":"RESERVED. ","url":"\/6-2006\/","token":"6-2006"}},"previous_section":{"id":"124","structure_id":"68","section_number":"6-2004","catch_line":"LIMITATION OF PETITIONS.","url":"\/6-2004\/","token":"6-2004"},"next_section":{"id":"127","structure_id":"68","section_number":"6-2006","catch_line":"RESERVED.","url":"\/6-2006\/","token":"6-2006"},"references":false,"formats":{"txt":"\/6-2005.txt","json":"\/6-2005.xml"},"dublin_core":{"Title":"PRELIMINARY ASSESSMENT ROLL.","Type":"Text","Format":"text\/html","Identifier":"\u00a7 6-2005","Relation":"Code of State"},"plain_text":"                                  CODE OF STATE\n\nPRELIMINARY ASSESSMENT ROLL. (\u00a7 6-2005)\n\nWhen the total cost of a project has been determined, the Department of Central\nEngineering shall prepare a preliminary assessment roll. The preliminary roll\nshall contain a brief description of each lot, parcel, or tract of land\nassessed, the basis for the assessment, the amount assessed against each, the\nterms of payment, and the names of the owner of each parcel of land as far as\nthis can be ascertained from the County tax records. A map of the project on\nwhich is shown each parcel assessed with the basis of its assessment, the amount\nassessed against it, and the name of the owner, as far as this can be\nascertained from the County tax records shall be a sufficient assessment roll.\nAll completed preliminary assessment rolls shall be filed in the City Clerk and\nTreasurer&#8217;s office, where it shall be available for public inspection.\nNotice of the preliminary assessment roll shall be published by the City Clerk\nand Treasurer as required by state law.\n"}