{"law_id":"124","section_number":"6-2004","catch_line":"LIMITATION OF PETITIONS.","history":"","order_by":"6-2004","metadata":false,"url":"\/6-2004\/","token":"6-2004","structure":{"1":{"id":"68","name":"ARTICLE A. - PROCEDURE","identifier":"A","label":"article","url":"\/II\/6\/2\/A\/"},"2":{"id":"67","name":"CHAPTER 2. - STREET AND SIDEWALK IMPROVEMENTS [1]","identifier":"2","label":"chapter","url":"\/II\/6\/2\/"},"3":{"id":"63","name":"PART 6 - CENTRAL ENGINEERING","identifier":"6","label":"part","url":"\/II\/6\/"},"4":{"id":"5","name":"Division II - Planning and Development","identifier":"II","label":"division","url":"\/II\/"}},"referred_to_by":false,"edition_id":"1","section_id":"124","structure_id":"68","full_text":"(a) The end of a dead-end street;\r\r(b) The end or beginning of existing paving or sidewalk and it is requested to complete the sidewalk or paving in that block; or\r\r(c) A street the remaining portion of which can be completed in its entirety and improved fully at City expense because the improvement complies with the standards of \u00a76-2021(d), and it is requested to complete the paving in that block.\r\r","text":{"0":{"id":"388","text":"The end of a dead-end street;","type":"section","prefixes":["(a)"],"prefix":"(a)","entire_prefix":"(a)","prefix_anchor":"(a)","level":1},"1":{"id":"389","text":"The end or beginning of existing paving or sidewalk and it is requested to complete the sidewalk or paving in that block; or","type":"section","prefixes":["(b)"],"prefix":"(b)","entire_prefix":"(b)","prefix_anchor":"(b)","level":1},"2":{"id":"390","text":"A street the remaining portion of which can be completed in its entirety and improved fully at City expense because the improvement complies with the standards of \u00a76-2021(d), and it is requested to complete the paving in that block.","type":"section","prefixes":["(c)"],"prefix":"(c)","entire_prefix":"(c)","prefix_anchor":"(c)","level":1}},"ancestry":{"1":{"id":"68","name":"ARTICLE A. - PROCEDURE","identifier":"A","label":"article","url":"\/II\/6\/2\/A\/"},"2":{"id":"67","name":"CHAPTER 2. - STREET AND SIDEWALK IMPROVEMENTS [1]","identifier":"2","label":"chapter","url":"\/II\/6\/2\/"},"3":{"id":"63","name":"PART 6 - CENTRAL ENGINEERING","identifier":"6","label":"part","url":"\/II\/6\/"},"4":{"id":"5","name":"Division II - Planning and Development","identifier":"II","label":"division","url":"\/II\/"}},"structure_contents":{"0":{"id":"121","structure_id":"68","section_number":"6-2001","catch_line":"STATEMENT OF AUTHORITY.","url":"\/6-2001\/","token":"6-2001"},"1":{"id":"122","structure_id":"68","section_number":"6-2002","catch_line":"CITY COUNCIL INITIATIVE.","url":"\/6-2002\/","token":"6-2002"},"2":{"id":"123","structure_id":"68","section_number":"6-2003","catch_line":"PROPERTY OWNER INITIATIVE.","url":"\/6-2003\/","token":"6-2003"},"3":{"id":"124","structure_id":"68","section_number":"6-2004","catch_line":"LIMITATION OF PETITIONS.","url":"\/6-2004\/","token":"6-2004"},"4":{"id":"126","structure_id":"68","section_number":"6-2005","catch_line":"PRELIMINARY ASSESSMENT ROLL.","url":"\/6-2005\/","token":"6-2005"},"5":{"id":"127","structure_id":"68","section_number":"6-2006","catch_line":"RESERVED.","url":"\/6-2006\/","token":"6-2006"},"6":{"id":"128","structure_id":"68","section_number":"6-2006","catch_line":"RESERVED. ","url":"\/6-2006\/","token":"6-2006"}},"previous_section":{"id":"123","structure_id":"68","section_number":"6-2003","catch_line":"PROPERTY OWNER INITIATIVE.","url":"\/6-2003\/","token":"6-2003"},"next_section":{"id":"126","structure_id":"68","section_number":"6-2005","catch_line":"PRELIMINARY ASSESSMENT ROLL.","url":"\/6-2005\/","token":"6-2005"},"references":false,"formats":{"txt":"\/6-2004.txt","json":"\/6-2004.xml"},"dublin_core":{"Title":"LIMITATION OF PETITIONS.","Type":"Text","Format":"text\/html","Identifier":"\u00a7 6-2004","Relation":"Code of State"},"plain_text":"                                  CODE OF STATE\n\nLIMITATION OF PETITIONS. (\u00a7 6-2004)\n\n(a) The end of a dead-end street;\n\n(b) The end or beginning of existing paving or sidewalk and it is requested to\ncomplete the sidewalk or paving in that block; or\n\n(c) A street the remaining portion of which can be completed in its entirety and\nimproved fully at City expense because the improvement complies with the\nstandards of \u00a76-2021(d), and it is requested to complete the paving in that\nblock.\n"}